can_id,log_time,fill_level,fill_rate,hours_since_empty,hour_of_day,battery_level,hours_until_full
1,2026-03-09 14:51:31.935883,36.99,3.2533,999.0,14,95.28,24.0
1,2026-03-09 15:51:31.935883,37.53,2.65,999.0,15,95.27,23.0
1,2026-03-09 16:51:31.935883,39.39,2.41,999.0,16,95.25,22.0
1,2026-03-09 17:51:31.935883,44.18,2.3967,999.0,17,95.21,21.0
1,2026-03-09 18:51:31.935883,47.56,3.3433,999.0,18,95.18,20.0
1,2026-03-09 19:51:31.935883,52.54,4.3833,999.0,19,95.15,19.0
1,2026-03-09 20:51:31.935883,53.93,3.25,999.0,20,95.14,18.0
1,2026-03-09 21:51:31.935883,55.04,2.4933,999.0,21,95.1,17.0
1,2026-03-09 22:51:31.935883,56.28,1.2467,999.0,22,95.05,16.0
1,2026-03-09 23:51:31.935883,56.96,1.01,999.0,23,95.01,15.0
1,2026-03-10 00:51:31.935883,57.09,0.6833,999.0,0,94.98,14.0
1,2026-03-10 01:51:31.935883,57.26,0.3267,999.0,1,94.96,13.0
1,2026-03-10 02:51:31.935883,57.52,0.1867,999.0,2,94.94,12.0
1,2026-03-10 03:51:31.935883,57.81,0.24,999.0,3,94.89,11.0
1,2026-03-10 04:51:31.935883,57.89,0.21,999.0,4,94.88,10.0
1,2026-03-10 05:51:31.935883,58.2,0.2267,999.0,5,94.87,9.0
1,2026-03-10 06:51:31.935883,59.24,0.4767,999.0,6,94.82,8.0
1,2026-03-10 07:51:31.935883,60.0,0.7033,999.0,7,94.77,7.0
1,2026-03-10 08:51:31.935883,63.05,1.6167,999.0,8,94.75,6.0
1,2026-03-10 09:51:31.935883,67.16,2.64,999.0,9,94.71,5.0
1,2026-03-10 10:51:31.935883,71.03,3.6767,999.0,10,94.68,4.0
1,2026-03-10 11:51:31.935883,71.72,2.89,999.0,11,94.64,3.0
1,2026-03-10 12:51:31.935883,75.06,2.6333,999.0,12,94.62,2.0
1,2026-03-10 13:51:31.935883,78.36,2.4433,999.0,13,94.59,1.0
1,2026-03-10 14:51:31.935883,82.51,3.5967,999.0,14,94.58,0.0
1,2026-03-11 07:51:31.935883,29.44,0.5767,16.0,7,94.16,24.0
1,2026-03-11 08:51:31.935883,33.87,2.0067,17.0,8,94.11,23.0
1,2026-03-11 09:51:31.935883,37.56,2.91,18.0,9,94.1,22.0
1,2026-03-11 10:51:31.935883,42.04,4.2,19.0,10,94.05,21.0
1,2026-03-11 11:51:31.935883,43.45,3.1933,20.0,11,94.01,20.0
1,2026-03-11 12:51:31.935883,48.28,3.5733,21.0,12,94.0,19.0
1,2026-03-11 13:51:31.935883,51.76,3.24,22.0,13,93.96,18.0
1,2026-03-11 14:51:31.935883,56.27,4.2733,23.0,14,93.93,17.0
1,2026-03-11 15:51:31.935883,58.15,3.29,24.0,15,93.91,16.0
1,2026-03-11 16:51:31.935883,59.45,2.5633,25.0,16,93.87,15.0
1,2026-03-11 17:51:31.935883,64.36,2.6967,26.0,17,93.83,14.0
1,2026-03-11 18:51:31.935883,68.75,3.5333,27.0,18,93.78,13.0
1,2026-03-11 19:51:31.935883,71.58,4.0433,28.0,19,93.76,12.0
1,2026-03-11 20:51:31.935883,73.29,2.9767,29.0,20,93.74,11.0
1,2026-03-11 21:51:31.935883,75.12,2.1233,30.0,21,93.72,10.0
1,2026-03-11 22:51:31.935883,75.66,1.36,31.0,22,93.68,9.0
1,2026-03-11 23:51:31.935883,77.14,1.2833,32.0,23,93.66,8.0
1,2026-03-12 00:51:31.935883,77.2,0.6933,33.0,0,93.63,7.0
1,2026-03-12 01:51:31.935883,77.33,0.5567,34.0,1,93.59,6.0
1,2026-03-12 02:51:31.935883,77.72,0.1933,35.0,2,93.54,5.0
1,2026-03-12 03:51:31.935883,77.73,0.1767,36.0,3,93.53,4.0
1,2026-03-12 04:51:31.935883,77.73,0.1333,37.0,4,93.49,3.0
1,2026-03-12 05:51:31.935883,77.74,0.0067,38.0,5,93.48,2.0
1,2026-03-12 06:51:31.935883,78.5,0.2567,39.0,6,93.45,1.0
1,2026-03-12 07:51:31.935883,80.03,0.7667,40.0,7,93.41,0.0
1,2026-03-12 18:51:31.935883,39.13,2.95,10.0,18,93.1,24.0
1,2026-03-12 19:51:31.935883,42.42,3.63,11.0,19,93.06,23.0
1,2026-03-12 20:51:31.935883,44.41,3.0533,12.0,20,93.02,22.0
1,2026-03-12 21:51:31.935883,45.98,2.2833,13.0,21,92.98,21.0
1,2026-03-12 22:51:31.935883,47.55,1.71,14.0,22,92.93,20.0
1,2026-03-12 23:51:31.935883,49.1,1.5633,15.0,23,92.91,19.0
1,2026-03-13 00:51:31.935883,49.32,1.1133,16.0,0,92.9,18.0
1,2026-03-13 01:51:31.935883,49.42,0.6233,17.0,1,92.87,17.0
1,2026-03-13 02:51:31.935883,49.82,0.24,18.0,2,92.84,16.0
1,2026-03-13 03:51:31.935883,50.31,0.33,19.0,3,92.8,15.0
1,2026-03-13 04:51:31.935883,50.81,0.4633,20.0,4,92.76,14.0
1,2026-03-13 05:51:31.935883,51.12,0.4333,21.0,5,92.75,13.0
1,2026-03-13 06:51:31.935883,52.57,0.7533,22.0,6,92.74,12.0
1,2026-03-13 07:51:31.935883,54.25,1.1467,23.0,7,92.71,11.0
1,2026-03-13 08:51:31.935883,58.77,2.55,24.0,8,92.68,10.0
1,2026-03-13 09:51:31.935883,60.77,2.7333,25.0,9,92.67,9.0
1,2026-03-13 10:51:31.935883,62.89,2.88,26.0,10,92.63,8.0
1,2026-03-13 11:51:31.935883,64.75,1.9933,27.0,11,92.59,7.0
1,2026-03-13 12:51:31.935883,67.08,2.1033,28.0,12,92.56,6.0
1,2026-03-13 13:51:31.935883,69.19,2.1,29.0,13,92.52,5.0
1,2026-03-13 14:51:31.935883,72.89,2.7133,30.0,14,92.48,4.0
1,2026-03-13 15:51:31.935883,74.86,2.5933,31.0,15,92.46,3.0
1,2026-03-13 16:51:31.935883,75.94,2.25,32.0,16,92.43,2.0
1,2026-03-13 17:51:31.935883,78.11,1.74,33.0,17,92.4,1.0
1,2026-03-13 18:51:31.935883,80.18,1.7733,34.0,18,92.35,0.0
1,2026-03-14 13:51:31.935883,35.89,2.3867,18.0,13,91.74,24.0
1,2026-03-14 14:51:31.935883,38.52,3.0333,19.0,14,91.71,23.0
1,2026-03-14 15:51:31.935883,40.07,2.2,20.0,15,91.66,22.0
1,2026-03-14 16:51:31.935883,40.64,1.5833,21.0,16,91.64,21.0
1,2026-03-14 17:51:31.935883,44.77,2.0833,22.0,17,91.6,20.0
1,2026-03-14 18:51:31.935883,47.3,2.41,23.0,18,91.58,19.0
1,2026-03-14 19:51:31.935883,51.47,3.61,24.0,19,91.55,18.0
1,2026-03-14 20:51:31.935883,52.4,2.5433,25.0,20,91.51,17.0
1,2026-03-14 21:51:31.935883,52.92,1.8733,26.0,21,91.47,16.0
1,2026-03-14 22:51:31.935883,54.87,1.1333,27.0,22,91.45,15.0
1,2026-03-14 23:51:31.935883,56.56,1.3867,28.0,23,91.43,14.0
1,2026-03-15 00:51:31.935883,56.99,1.3567,29.0,0,91.39,13.0
1,2026-03-15 01:51:31.935883,57.07,0.7333,30.0,1,91.38,12.0
1,2026-03-15 02:51:31.935883,57.13,0.19,31.0,2,91.34,11.0
1,2026-03-15 03:51:31.935883,57.44,0.15,32.0,3,91.31,10.0
1,2026-03-15 04:51:31.935883,57.82,0.25,33.0,4,91.3,9.0
1,2026-03-15 05:51:31.935883,57.97,0.28,34.0,5,91.27,8.0
1,2026-03-15 06:51:31.935883,59.25,0.6033,35.0,6,91.24,7.0
1,2026-03-15 07:51:31.935883,61.14,1.1067,36.0,7,91.22,6.0
1,2026-03-15 08:51:31.935883,64.55,2.1933,37.0,8,91.2,5.0
1,2026-03-15 09:51:31.935883,68.65,3.1333,38.0,9,91.18,4.0
1,2026-03-15 10:51:31.935883,72.25,3.7033,39.0,10,91.13,3.0
1,2026-03-15 11:51:31.935883,74.21,3.22,40.0,11,91.1,2.0
1,2026-03-15 12:51:31.935883,78.17,3.1733,41.0,12,91.08,1.0
1,2026-03-15 13:51:31.935883,81.45,3.0667,42.0,13,91.05,0.0
1,2026-03-16 08:51:31.935883,39.88,2.2,18.0,8,90.45,24.0
1,2026-03-16 09:51:31.935883,42.68,2.4833,19.0,9,90.41,23.0
1,2026-03-16 10:51:31.935883,46.4,3.4033,20.0,10,90.39,22.0
1,2026-03-16 11:51:31.935883,47.32,2.48,21.0,11,90.35,21.0
1,2026-03-16 12:51:31.935883,49.58,2.3,22.0,12,90.3,20.0
1,2026-03-16 13:51:31.935883,53.94,2.5133,23.0,13,90.28,19.0
1,2026-03-16 14:51:31.935883,58.55,3.7433,24.0,14,90.24,18.0
1,2026-03-16 15:51:31.935883,59.44,3.2867,25.0,15,90.21,17.0
1,2026-03-16 16:51:31.935883,60.13,2.0633,26.0,16,90.19,16.0
1,2026-03-16 17:51:31.935883,63.87,1.7733,27.0,17,90.14,15.0
1,2026-03-16 18:51:31.935883,68.19,2.9167,28.0,18,90.12,14.0
1,2026-03-16 19:51:31.935883,70.58,3.4833,29.0,19,90.08,13.0
1,2026-03-16 20:51:31.935883,71.86,2.6633,30.0,20,90.06,12.0
1,2026-03-16 21:51:31.935883,73.57,1.7933,31.0,21,90.03,11.0
1,2026-03-16 22:51:31.935883,74.84,1.42,32.0,22,90.0,10.0
1,2026-03-16 23:51:31.935883,76.08,1.4067,33.0,23,89.98,9.0
1,2026-03-17 00:51:31.935883,76.14,0.8567,34.0,0,89.95,8.0
1,2026-03-17 01:51:31.935883,76.41,0.5233,35.0,1,89.92,7.0
1,2026-03-17 02:51:31.935883,76.65,0.19,36.0,2,89.91,6.0
1,2026-03-17 03:51:31.935883,77.02,0.2933,37.0,3,89.86,5.0
1,2026-03-17 04:51:31.935883,77.07,0.22,38.0,4,89.84,4.0
1,2026-03-17 05:51:31.935883,77.14,0.1633,39.0,5,89.8,3.0
1,2026-03-17 06:51:31.935883,78.8,0.5933,40.0,6,89.76,2.0
1,2026-03-17 07:51:31.935883,79.42,0.7833,41.0,7,89.72,1.0
1,2026-03-17 08:51:31.935883,82.08,1.6467,42.0,8,89.69,0.0
1,2026-03-17 18:51:31.935883,37.33,3.0167,9.0,18,89.45,24.0
1,2026-03-17 19:51:31.935883,40.0,3.65,10.0,19,89.44,23.0
1,2026-03-17 20:51:31.935883,40.78,2.5233,11.0,20,89.4,22.0
1,2026-03-17 21:51:31.935883,41.42,1.3633,12.0,21,89.37,21.0
1,2026-03-17 22:51:31.935883,42.3,0.7667,13.0,22,89.32,20.0
1,2026-03-17 23:51:31.935883,43.22,0.8133,14.0,23,89.31,19.0
1,2026-03-18 00:51:31.935883,43.43,0.67,15.0,0,89.26,18.0
1,2026-03-18 01:51:31.935883,43.68,0.46,16.0,1,89.24,17.0
1,2026-03-18 02:51:31.935883,43.95,0.2433,17.0,2,89.2,16.0
1,2026-03-18 03:51:31.935883,44.17,0.2467,18.0,3,89.17,15.0
1,2026-03-18 04:51:31.935883,44.49,0.27,19.0,4,89.14,14.0
1,2026-03-18 05:51:31.935883,44.53,0.1933,20.0,5,89.13,13.0
1,2026-03-18 06:51:31.935883,46.51,0.78,21.0,6,89.11,12.0
1,2026-03-18 07:51:31.935883,48.25,1.2533,22.0,7,89.06,11.0
1,2026-03-18 08:51:31.935883,53.23,2.9,23.0,8,89.02,10.0
1,2026-03-18 09:51:31.935883,58.1,3.8633,24.0,9,89.0,9.0
1,2026-03-18 10:51:31.935883,62.25,4.6667,25.0,10,88.97,8.0
1,2026-03-18 11:51:31.935883,63.63,3.4667,26.0,11,88.96,7.0
1,2026-03-18 12:51:31.935883,66.12,2.6733,27.0,12,88.92,6.0
1,2026-03-18 13:51:31.935883,69.36,2.37,28.0,13,88.91,5.0
1,2026-03-18 14:51:31.935883,74.24,3.5367,29.0,14,88.87,4.0
1,2026-03-18 15:51:31.935883,75.92,3.2667,30.0,15,88.86,3.0
1,2026-03-18 16:51:31.935883,77.35,2.6633,31.0,16,88.81,2.0
1,2026-03-18 17:51:31.935883,79.77,1.8433,32.0,17,88.77,1.0
1,2026-03-18 18:51:31.935883,82.31,2.13,33.0,18,88.73,0.0
1,2026-03-19 14:51:31.935883,41.34,3.8733,19.0,14,88.17,24.0
1,2026-03-19 15:51:31.935883,42.13,2.7633,20.0,15,88.14,23.0
1,2026-03-19 16:51:31.935883,43.62,1.7933,21.0,16,88.11,22.0
1,2026-03-19 17:51:31.935883,45.87,1.51,22.0,17,88.07,21.0
1,2026-03-19 18:51:31.935883,48.12,1.9967,23.0,18,88.05,20.0
1,2026-03-19 19:51:31.935883,52.19,2.8567,24.0,19,88.01,19.0
1,2026-03-19 20:51:31.935883,54.01,2.7133,25.0,20,87.99,18.0
1,2026-03-19 21:51:31.935883,55.15,2.3433,26.0,21,87.97,17.0
1,2026-03-19 22:51:31.935883,55.9,1.2367,27.0,22,87.94,16.0
1,2026-03-19 23:51:31.935883,56.64,0.8767,28.0,23,87.9,15.0
1,2026-03-20 00:51:31.935883,56.94,0.5967,29.0,0,87.87,14.0
1,2026-03-20 01:51:31.935883,57.08,0.3933,30.0,1,87.85,13.0
1,2026-03-20 02:51:31.935883,57.55,0.3033,31.0,2,87.81,12.0
1,2026-03-20 03:51:31.935883,58.01,0.3567,32.0,3,87.8,11.0
1,2026-03-20 04:51:31.935883,58.05,0.3233,33.0,4,87.78,10.0
1,2026-03-20 05:51:31.935883,58.21,0.22,34.0,5,87.75,9.0
1,2026-03-20 06:51:31.935883,59.6,0.53,35.0,6,87.74,8.0
1,2026-03-20 07:51:31.935883,61.43,1.1267,36.0,7,87.72,7.0
1,2026-03-20 08:51:31.935883,63.63,1.8067,37.0,8,87.7,6.0
1,2026-03-20 09:51:31.935883,66.33,2.2433,38.0,9,87.66,5.0
1,2026-03-20 10:51:31.935883,70.2,2.9233,39.0,10,87.64,4.0
1,2026-03-20 11:51:31.935883,71.08,2.4833,40.0,11,87.63,3.0
1,2026-03-20 12:51:31.935883,73.34,2.3367,41.0,12,87.58,2.0
1,2026-03-20 13:51:31.935883,77.7,2.5,42.0,13,87.54,1.0
1,2026-03-20 14:51:31.935883,82.35,3.7567,43.0,14,87.5,0.0
1,2026-03-21 09:51:31.935883,36.75,2.79,18.0,9,86.95,24.0
1,2026-03-21 10:51:31.935883,39.78,3.3333,19.0,10,86.92,23.0
1,2026-03-21 11:51:31.935883,40.54,2.8267,20.0,11,86.89,22.0
1,2026-03-21 12:51:31.935883,43.87,2.3733,21.0,12,86.87,21.0
1,2026-03-21 13:51:31.935883,46.69,2.3033,22.0,13,86.86,20.0
1,2026-03-21 14:51:31.935883,51.22,3.56,23.0,14,86.81,19.0
1,2026-03-21 15:51:31.935883,52.28,2.8033,24.0,15,86.8,18.0
1,2026-03-21 16:51:31.935883,54.16,2.49,25.0,16,86.78,17.0
1,2026-03-21 17:51:31.935883,58.96,2.58,26.0,17,86.74,16.0
1,2026-03-21 18:51:31.935883,62.95,3.5567,27.0,18,86.69,15.0
1,2026-03-21 19:51:31.935883,65.05,3.63,28.0,19,86.65,14.0
1,2026-03-21 20:51:31.935883,66.01,2.35,29.0,20,86.61,13.0
1,2026-03-21 21:51:31.935883,67.91,1.6533,30.0,21,86.6,12.0
1,2026-03-21 22:51:31.935883,68.71,1.22,31.0,22,86.56,11.0
1,2026-03-21 23:51:31.935883,70.21,1.4,32.0,23,86.55,10.0
1,2026-03-22 00:51:31.935883,70.23,0.7733,33.0,0,86.53,9.0
1,2026-03-22 01:51:31.935883,70.42,0.57,34.0,1,86.49,8.0
1,2026-03-22 02:51:31.935883,70.67,0.1533,35.0,2,86.46,7.0
1,2026-03-22 03:51:31.935883,71.13,0.3,36.0,3,86.42,6.0
1,2026-03-22 04:51:31.935883,71.41,0.33,37.0,4,86.4,5.0
1,2026-03-22 05:51:31.935883,71.56,0.2967,38.0,5,86.35,4.0
1,2026-03-22 06:51:31.935883,73.54,0.8033,39.0,6,86.33,3.0
1,2026-03-22 07:51:31.935883,75.23,1.2733,40.0,7,86.32,2.0
1,2026-03-22 08:51:31.935883,79.98,2.8067,41.0,8,86.29,1.0
1,2026-03-22 09:51:31.935883,83.52,3.3267,42.0,9,86.26,0.0
1,2026-03-22 19:51:31.935883,34.22,3.2333,9.0,19,86.0,24.0
1,2026-03-22 20:51:31.935883,35.09,2.3833,10.0,20,85.98,23.0
1,2026-03-22 21:51:31.935883,36.16,1.5,11.0,21,85.95,22.0
1,2026-03-22 22:51:31.935883,37.57,1.1167,12.0,22,85.93,21.0
1,2026-03-22 23:51:31.935883,38.32,1.0767,13.0,23,85.91,20.0
1,2026-03-23 00:51:31.935883,38.43,0.7567,14.0,0,85.89,19.0
1,2026-03-23 01:51:31.935883,38.69,0.3733,15.0,1,85.87,18.0
1,2026-03-23 02:51:31.935883,38.93,0.2033,16.0,2,85.85,17.0
1,2026-03-23 03:51:31.935883,39.18,0.25,17.0,3,85.81,16.0
1,2026-03-23 04:51:31.935883,39.49,0.2667,18.0,4,85.79,15.0
1,2026-03-23 05:51:31.935883,39.73,0.2667,19.0,5,85.76,14.0
1,2026-03-23 06:51:31.935883,41.62,0.8133,20.0,6,85.72,13.0
1,2026-03-23 07:51:31.935883,42.48,0.9967,21.0,7,85.68,12.0
1,2026-03-23 08:51:31.935883,45.63,1.9667,22.0,8,85.64,11.0
1,2026-03-23 09:51:31.935883,50.35,2.91,23.0,9,85.62,10.0
1,2026-03-23 10:51:31.935883,55.02,4.18,24.0,10,85.6,9.0
1,2026-03-23 11:51:31.935883,56.28,3.55,25.0,11,85.57,8.0
1,2026-03-23 12:51:31.935883,60.76,3.47,26.0,12,85.54,7.0
1,2026-03-23 13:51:31.935883,65.13,3.37,27.0,13,85.52,6.0
1,2026-03-23 14:51:31.935883,69.4,4.3733,28.0,14,85.49,5.0
1,2026-03-23 15:51:31.935883,70.5,3.2467,29.0,15,85.45,4.0
1,2026-03-23 16:51:31.935883,71.71,2.1933,30.0,16,85.42,3.0
1,2026-03-23 17:51:31.935883,74.02,1.54,31.0,17,85.41,2.0
1,2026-03-23 18:51:31.935883,78.81,2.77,32.0,18,85.37,1.0
1,2026-03-23 19:51:31.935883,82.36,3.55,33.0,19,85.33,0.0
1,2026-03-24 14:51:31.935883,37.36,3.02,18.0,14,84.63,24.0
1,2026-03-24 15:51:31.935883,39.25,2.8933,19.0,15,84.59,23.0
1,2026-03-24 16:51:31.935883,40.31,1.7667,20.0,16,84.57,22.0
1,2026-03-24 17:51:31.935883,43.69,2.11,21.0,17,84.56,21.0
1,2026-03-24 18:51:31.935883,48.63,3.1267,22.0,18,84.52,20.0
1,2026-03-24 19:51:31.935883,51.55,3.7467,23.0,19,84.5,19.0
1,2026-03-24 20:51:31.935883,53.05,3.12,24.0,20,84.46,18.0
1,2026-03-24 21:51:31.935883,54.04,1.8033,25.0,21,84.43,17.0
1,2026-03-24 22:51:31.935883,54.79,1.08,26.0,22,84.42,16.0
1,2026-03-24 23:51:31.935883,55.7,0.8833,27.0,23,84.4,15.0
1,2026-03-25 00:51:31.935883,55.91,0.6233,28.0,0,84.35,14.0
1,2026-03-25 01:51:31.935883,56.19,0.4667,29.0,1,84.3,13.0
1,2026-03-25 02:51:31.935883,56.52,0.2733,30.0,2,84.29,12.0
1,2026-03-25 03:51:31.935883,56.57,0.22,31.0,3,84.27,11.0
1,2026-03-25 04:51:31.935883,56.7,0.17,32.0,4,84.22,10.0
1,2026-03-25 05:51:31.935883,56.84,0.1067,33.0,5,84.19,9.0
1,2026-03-25 06:51:31.935883,57.64,0.3567,34.0,6,84.14,8.0
1,2026-03-25 07:51:31.935883,59.12,0.8067,35.0,7,84.11,7.0
1,2026-03-25 08:51:31.935883,63.5,2.22,36.0,8,84.09,6.0
1,2026-03-25 09:51:31.935883,66.06,2.8067,37.0,9,84.06,5.0
1,2026-03-25 10:51:31.935883,69.36,3.4133,38.0,10,84.04,4.0
1,2026-03-25 11:51:31.935883,70.45,2.3167,39.0,11,83.99,3.0
1,2026-03-25 12:51:31.935883,72.6,2.18,40.0,12,83.98,2.0
1,2026-03-25 13:51:31.935883,77.5,2.7133,41.0,13,83.95,1.0
1,2026-03-25 14:51:31.935883,82.22,3.9233,42.0,14,83.91,0.0
1,2026-03-26 09:51:31.935883,36.51,2.6667,18.0,9,83.28,24.0
1,2026-03-26 10:51:31.935883,39.09,3.1467,19.0,10,83.25,23.0
1,2026-03-26 11:51:31.935883,40.81,2.3067,20.0,11,83.2,22.0
1,2026-03-26 12:51:31.935883,42.88,2.1233,21.0,12,83.17,21.0
1,2026-03-26 13:51:31.935883,46.5,2.47,22.0,13,83.14,20.0
1,2026-03-26 14:51:31.935883,50.06,3.0833,23.0,14,83.09,19.0
1,2026-03-26 15:51:31.935883,51.41,2.8433,24.0,15,83.06,18.0
1,2026-03-26 16:51:31.935883,52.9,2.1333,25.0,16,83.02,17.0
1,2026-03-26 17:51:31.935883,57.9,2.6133,26.0,17,82.97,16.0
1,2026-03-26 18:51:31.935883,61.45,3.3467,27.0,18,82.96,15.0
1,2026-03-26 19:51:31.935883,66.34,4.48,28.0,19,82.93,14.0
1,2026-03-26 20:51:31.935883,68.06,3.3867,29.0,20,82.91,13.0
1,2026-03-26 21:51:31.935883,69.42,2.6567,30.0,21,82.87,12.0
1,2026-03-26 22:51:31.935883,70.39,1.35,31.0,22,82.83,11.0
1,2026-03-26 23:51:31.935883,71.8,1.2467,32.0,23,82.79,10.0
1,2026-03-27 00:51:31.935883,71.94,0.84,33.0,0,82.78,9.0
1,2026-03-27 01:51:31.935883,72.12,0.5767,34.0,1,82.74,8.0
1,2026-03-27 02:51:31.935883,72.38,0.1933,35.0,2,82.71,7.0
1,2026-03-27 03:51:31.935883,72.59,0.2167,36.0,3,82.69,6.0
1,2026-03-27 04:51:31.935883,72.78,0.22,37.0,4,82.64,5.0
1,2026-03-27 05:51:31.935883,72.96,0.1933,38.0,5,82.6,4.0
1,2026-03-27 06:51:31.935883,73.93,0.4467,39.0,6,82.59,3.0
1,2026-03-27 07:51:31.935883,75.78,1.0,40.0,7,82.55,2.0
1,2026-03-27 08:51:31.935883,78.61,1.8833,41.0,8,82.54,1.0
1,2026-03-27 09:51:31.935883,83.61,3.2267,42.0,9,82.49,0.0
1,2026-03-27 22:51:31.935883,38.29,0.97,12.0,22,82.08,24.0
1,2026-03-27 23:51:31.935883,38.81,0.9733,13.0,23,82.07,23.0
1,2026-03-28 00:51:31.935883,39.1,0.4533,14.0,0,82.04,22.0
1,2026-03-28 01:51:31.935883,39.48,0.3967,15.0,1,82.01,21.0
1,2026-03-28 02:51:31.935883,39.77,0.32,16.0,2,81.97,20.0
1,2026-03-28 03:51:31.935883,39.86,0.2533,17.0,3,81.93,19.0
1,2026-03-28 04:51:31.935883,40.08,0.2,18.0,4,81.9,18.0
1,2026-03-28 05:51:31.935883,40.54,0.2567,19.0,5,81.87,17.0
1,2026-03-28 06:51:31.935883,41.12,0.42,20.0,6,81.86,16.0
1,2026-03-28 07:51:31.935883,42.42,0.78,21.0,7,81.83,15.0
1,2026-03-28 08:51:31.935883,46.29,1.9167,22.0,8,81.8,14.0
1,2026-03-28 09:51:31.935883,49.11,2.6633,23.0,9,81.76,13.0
1,2026-03-28 10:51:31.935883,51.13,2.9033,24.0,10,81.72,12.0
1,2026-03-28 11:51:31.935883,52.97,2.2267,25.0,11,81.7,11.0
1,2026-03-28 12:51:31.935883,56.29,2.3933,26.0,12,81.67,10.0
1,2026-03-28 13:51:31.935883,60.84,3.2367,27.0,13,81.63,9.0
1,2026-03-28 14:51:31.935883,64.37,3.8,28.0,14,81.6,8.0
1,2026-03-28 15:51:31.935883,66.22,3.31,29.0,15,81.59,7.0
1,2026-03-28 16:51:31.935883,67.0,2.0533,30.0,16,81.58,6.0
1,2026-03-28 17:51:31.935883,69.07,1.5667,31.0,17,81.54,5.0
1,2026-03-28 18:51:31.935883,72.46,2.08,32.0,18,81.51,4.0
1,2026-03-28 19:51:31.935883,77.45,3.4833,33.0,19,81.49,3.0
1,2026-03-28 20:51:31.935883,78.25,3.06,34.0,20,81.48,2.0
1,2026-03-28 21:51:31.935883,79.74,2.4267,35.0,21,81.46,1.0
1,2026-03-28 22:51:31.935883,81.27,1.2733,36.0,22,81.42,0.0
1,2026-03-29 13:51:31.935883,33.89,3.12,14.0,13,80.97,24.0
1,2026-03-29 14:51:31.935883,38.13,4.19,15.0,14,80.92,23.0
1,2026-03-29 15:51:31.935883,39.16,3.2067,16.0,15,80.87,22.0
1,2026-03-29 16:51:31.935883,40.33,2.1467,17.0,16,80.83,21.0
1,2026-03-29 17:51:31.935883,43.41,1.76,18.0,17,80.8,20.0
1,2026-03-29 18:51:31.935883,48.03,2.9567,19.0,18,80.76,19.0
1,2026-03-29 19:51:31.935883,51.58,3.75,20.0,19,80.74,18.0
1,2026-03-29 20:51:31.935883,53.36,3.3167,21.0,20,80.7,17.0
1,2026-03-29 21:51:31.935883,54.18,2.05,22.0,21,80.69,16.0
1,2026-03-29 22:51:31.935883,55.37,1.2633,23.0,22,80.65,15.0
1,2026-03-29 23:51:31.935883,57.23,1.29,24.0,23,80.62,14.0
1,2026-03-30 00:51:31.935883,57.29,1.0367,25.0,0,80.61,13.0
1,2026-03-30 01:51:31.935883,57.77,0.8,26.0,1,80.59,12.0
1,2026-03-30 02:51:31.935883,58.02,0.2633,27.0,2,80.57,11.0
1,2026-03-30 03:51:31.935883,58.32,0.3433,28.0,3,80.52,10.0
1,2026-03-30 04:51:31.935883,58.78,0.3367,29.0,4,80.5,9.0
1,2026-03-30 05:51:31.935883,58.9,0.2933,30.0,5,80.48,8.0
1,2026-03-30 06:51:31.935883,60.85,0.8433,31.0,6,80.46,7.0
1,2026-03-30 07:51:31.935883,62.1,1.1067,32.0,7,80.43,6.0
1,2026-03-30 08:51:31.935883,64.55,1.8833,33.0,8,80.41,5.0
1,2026-03-30 09:51:31.935883,68.07,2.4067,34.0,9,80.39,4.0
1,2026-03-30 10:51:31.935883,71.15,3.0167,35.0,10,80.38,3.0
1,2026-03-30 11:51:31.935883,71.88,2.4433,36.0,11,80.37,2.0
1,2026-03-30 12:51:31.935883,76.37,2.7667,37.0,12,80.32,1.0
1,2026-03-30 13:51:31.935883,80.48,3.11,38.0,13,80.3,0.0
1,2026-03-31 08:51:31.935883,39.78,1.91,18.0,8,79.76,24.0
1,2026-03-31 09:51:31.935883,44.09,2.9233,19.0,9,79.74,23.0
1,2026-03-31 10:51:31.935883,46.77,3.4933,20.0,10,79.7,22.0
1,2026-03-31 11:51:31.935883,48.76,2.9933,21.0,11,79.68,21.0
1,2026-03-31 12:51:31.935883,53.31,3.0733,22.0,12,79.67,20.0
1,2026-03-31 13:51:31.935883,55.35,2.86,23.0,13,79.64,19.0
1,2026-03-31 14:51:31.935883,57.63,2.9567,24.0,14,79.61,18.0
1,2026-03-31 15:51:31.935883,58.4,1.6967,25.0,15,79.58,17.0
1,2026-03-31 16:51:31.935883,60.36,1.67,26.0,16,79.55,16.0
1,2026-03-31 17:51:31.935883,62.77,1.7133,27.0,17,79.51,15.0
1,2026-03-31 18:51:31.935883,65.96,2.52,28.0,18,79.48,14.0
1,2026-03-31 19:51:31.935883,68.55,2.73,29.0,19,79.44,13.0
1,2026-03-31 20:51:31.935883,70.22,2.4833,30.0,20,79.4,12.0
1,2026-03-31 21:51:31.935883,71.87,1.97,31.0,21,79.36,11.0
1,2026-03-31 22:51:31.935883,73.37,1.6067,32.0,22,79.32,10.0
1,2026-03-31 23:51:31.935883,74.76,1.5133,33.0,23,79.3,9.0
1,2026-04-01 00:51:31.935883,74.98,1.0367,34.0,0,79.26,8.0
1,2026-04-01 01:51:31.935883,75.01,0.5467,35.0,1,79.24,7.0
1,2026-04-01 02:51:31.935883,75.23,0.1567,36.0,2,79.2,6.0
1,2026-04-01 03:51:31.935883,75.7,0.24,37.0,3,79.17,5.0
1,2026-04-01 04:51:31.935883,76.14,0.3767,38.0,4,79.16,4.0
1,2026-04-01 05:51:31.935883,76.14,0.3033,39.0,5,79.14,3.0
1,2026-04-01 06:51:31.935883,77.82,0.7067,40.0,6,79.11,2.0
1,2026-04-01 07:51:31.935883,79.11,0.99,41.0,7,79.07,1.0
1,2026-04-01 08:51:31.935883,82.53,2.13,42.0,8,79.03,0.0
1,2026-04-01 18:51:31.935883,36.74,2.4033,9.0,18,78.72,24.0
1,2026-04-01 19:51:31.935883,41.26,3.7367,10.0,19,78.71,23.0
1,2026-04-01 20:51:31.935883,42.37,3.3433,11.0,20,78.68,22.0
1,2026-04-01 21:51:31.935883,43.06,2.1067,12.0,21,78.66,21.0
1,2026-04-01 22:51:31.935883,44.53,1.09,13.0,22,78.62,20.0
1,2026-04-01 23:51:31.935883,45.64,1.09,14.0,23,78.58,19.0
1,2026-04-02 00:51:31.935883,46.14,1.0267,15.0,0,78.56,18.0
1,2026-04-02 01:51:31.935883,46.36,0.61,16.0,1,78.53,17.0
1,2026-04-02 02:51:31.935883,46.71,0.3567,17.0,2,78.51,16.0
1,2026-04-02 03:51:31.935883,46.76,0.2067,18.0,3,78.49,15.0
1,2026-04-02 04:51:31.935883,47.06,0.2333,19.0,4,78.47,14.0
1,2026-04-02 05:51:31.935883,47.36,0.2167,20.0,5,78.46,13.0
1,2026-04-02 06:51:31.935883,48.85,0.6967,21.0,6,78.42,12.0
1,2026-04-02 07:51:31.935883,49.84,0.9267,22.0,7,78.39,11.0
1,2026-04-02 08:51:31.935883,54.31,2.3167,23.0,8,78.37,10.0
1,2026-04-02 09:51:31.935883,56.62,2.59,24.0,9,78.35,9.0
1,2026-04-02 10:51:31.935883,58.89,3.0167,25.0,10,78.31,8.0
1,2026-04-02 11:51:31.935883,59.97,1.8867,26.0,11,78.3,7.0
1,2026-04-02 12:51:31.935883,64.33,2.57,27.0,12,78.28,6.0
1,2026-04-02 13:51:31.935883,69.09,3.4,28.0,13,78.27,5.0
1,2026-04-02 14:51:31.935883,72.35,4.1267,29.0,14,78.25,4.0
1,2026-04-02 15:51:31.935883,73.94,3.2033,30.0,15,78.21,3.0
1,2026-04-02 16:51:31.935883,74.81,1.9067,31.0,16,78.19,2.0
1,2026-04-02 17:51:31.935883,78.22,1.9567,32.0,17,78.15,1.0
1,2026-04-02 18:51:31.935883,82.9,2.9867,33.0,18,78.13,0.0
1,2026-04-03 13:51:31.935883,38.43,2.77,18.0,13,77.63,24.0
1,2026-04-03 14:51:31.935883,41.47,3.45,19.0,14,77.62,23.0
1,2026-04-03 15:51:31.935883,43.46,2.75,20.0,15,77.58,22.0
1,2026-04-03 16:51:31.935883,44.45,2.0067,21.0,16,77.55,21.0
1,2026-04-03 17:51:31.935883,49.07,2.5333,22.0,17,77.5,20.0
1,2026-04-03 18:51:31.935883,53.78,3.44,23.0,18,77.46,19.0
1,2026-04-03 19:51:31.935883,56.57,4.04,24.0,19,77.42,18.0
1,2026-04-03 20:51:31.935883,57.32,2.75,25.0,20,77.4,17.0
1,2026-04-03 21:51:31.935883,59.05,1.7567,26.0,21,77.37,16.0
1,2026-04-03 22:51:31.935883,59.78,1.07,27.0,22,77.35,15.0
1,2026-04-03 23:51:31.935883,60.4,1.0267,28.0,23,77.32,14.0
1,2026-04-04 00:51:31.935883,60.74,0.5633,29.0,0,77.28,13.0
1,2026-04-04 01:51:31.935883,61.16,0.46,30.0,1,77.26,12.0
1,2026-04-04 02:51:31.935883,61.41,0.3367,31.0,2,77.25,11.0
1,2026-04-04 03:51:31.935883,61.71,0.3233,32.0,3,77.22,10.0
1,2026-04-04 04:51:31.935883,62.07,0.3033,33.0,4,77.17,9.0
1,2026-04-04 05:51:31.935883,62.4,0.33,34.0,5,77.12,8.0
1,2026-04-04 06:51:31.935883,63.72,0.67,35.0,6,77.08,7.0
1,2026-04-04 07:51:31.935883,64.66,0.8633,36.0,7,77.06,6.0
1,2026-04-04 08:51:31.935883,67.98,1.86,37.0,8,77.04,5.0
1,2026-04-04 09:51:31.935883,71.59,2.6233,38.0,9,77.0,4.0
1,2026-04-04 10:51:31.935883,75.11,3.4833,39.0,10,76.98,3.0
1,2026-04-04 11:51:31.935883,76.99,3.0033,40.0,11,76.96,2.0
1,2026-04-04 12:51:31.935883,79.52,2.6433,41.0,12,76.93,1.0
1,2026-04-04 13:51:31.935883,82.05,2.3133,42.0,13,76.88,0.0
1,2026-04-05 07:51:31.935883,35.56,1.1167,17.0,7,76.37,24.0
1,2026-04-05 08:51:31.935883,38.9,2.1767,18.0,8,76.32,23.0
1,2026-04-05 09:51:31.935883,41.44,2.59,19.0,9,76.31,22.0
1,2026-04-05 10:51:31.935883,45.93,3.4567,20.0,10,76.27,21.0
1,2026-04-05 11:51:31.935883,46.67,2.59,21.0,11,76.22,20.0
1,2026-04-05 12:51:31.935883,51.64,3.4,22.0,12,76.18,19.0
1,2026-04-05 13:51:31.935883,55.43,3.1667,23.0,13,76.16,18.0
1,2026-04-05 14:51:31.935883,57.48,3.6033,24.0,14,76.14,17.0
1,2026-04-05 15:51:31.935883,58.96,2.44,25.0,15,76.1,16.0
1,2026-04-05 16:51:31.935883,60.63,1.7333,26.0,16,76.09,15.0
1,2026-04-05 17:51:31.935883,64.33,2.2833,27.0,17,76.06,14.0
1,2026-04-05 18:51:31.935883,67.68,2.9067,28.0,18,76.05,13.0
1,2026-04-05 19:51:31.935883,70.96,3.4433,29.0,19,76.04,12.0
1,2026-04-05 20:51:31.935883,72.17,2.6133,30.0,20,75.99,11.0
1,2026-04-05 21:51:31.935883,74.12,2.1467,31.0,21,75.97,10.0
1,2026-04-05 22:51:31.935883,75.03,1.3567,32.0,22,75.96,9.0
1,2026-04-05 23:51:31.935883,75.61,1.1467,33.0,23,75.91,8.0
1,2026-04-06 00:51:31.935883,75.86,0.58,34.0,0,75.86,7.0
1,2026-04-06 01:51:31.935883,76.18,0.3833,35.0,1,75.85,6.0
1,2026-04-06 02:51:31.935883,76.58,0.3233,36.0,2,75.8,5.0
1,2026-04-06 03:51:31.935883,77.05,0.3967,37.0,3,75.77,4.0
1,2026-04-06 04:51:31.935883,77.25,0.3567,38.0,4,75.73,3.0
1,2026-04-06 05:51:31.935883,77.54,0.32,39.0,5,75.69,2.0
1,2026-04-06 06:51:31.935883,79.37,0.7733,40.0,6,75.65,1.0
1,2026-04-06 07:51:31.935883,80.19,0.98,41.0,7,75.61,0.0
1,2026-04-06 18:51:31.935883,39.22,3.1867,10.0,18,75.32,24.0
1,2026-04-06 19:51:31.935883,41.45,3.37,11.0,19,75.29,23.0
1,2026-04-06 20:51:31.935883,43.37,2.6967,12.0,20,75.27,22.0
1,2026-04-06 21:51:31.935883,45.25,2.01,13.0,21,75.24,21.0
1,2026-04-06 22:51:31.935883,46.17,1.5733,14.0,22,75.23,20.0
1,2026-04-06 23:51:31.935883,47.81,1.48,15.0,23,75.2,19.0
1,2026-04-07 00:51:31.935883,48.03,0.9267,16.0,0,75.18,18.0
1,2026-04-07 01:51:31.935883,48.41,0.7467,17.0,1,75.17,17.0
1,2026-04-07 02:51:31.935883,48.72,0.3033,18.0,2,75.15,16.0
1,2026-04-07 03:51:31.935883,48.81,0.26,19.0,3,75.12,15.0
1,2026-04-07 04:51:31.935883,49.13,0.24,20.0,4,75.11,14.0
1,2026-04-07 05:51:31.935883,49.3,0.1933,21.0,5,75.06,13.0
1,2026-04-07 06:51:31.935883,50.17,0.4533,22.0,6,75.01,12.0
1,2026-04-07 07:51:31.935883,51.42,0.7633,23.0,7,74.96,11.0
1,2026-04-07 08:51:31.935883,53.68,1.46,24.0,8,74.92,10.0
1,2026-04-07 09:51:31.935883,57.42,2.4167,25.0,9,74.88,9.0
1,2026-04-07 10:51:31.935883,62.26,3.6133,26.0,10,74.84,8.0
1,2026-04-07 11:51:31.935883,64.0,3.44,27.0,11,74.82,7.0
1,2026-04-07 12:51:31.935883,67.24,3.2733,28.0,12,74.77,6.0
1,2026-04-07 13:51:31.935883,71.56,3.1,29.0,13,74.73,5.0
1,2026-04-07 14:51:31.935883,73.57,3.19,30.0,14,74.69,4.0
1,2026-04-07 15:51:31.935883,74.85,2.5367,31.0,15,74.66,3.0
1,2026-04-07 16:51:31.935883,76.17,1.5367,32.0,16,74.64,2.0
1,2026-04-07 17:51:31.935883,78.78,1.7367,33.0,17,74.6,1.0
1,2026-04-07 18:51:31.935883,82.62,2.59,34.0,18,74.56,0.0
1,2026-04-08 12:51:31.935883,36.64,2.0667,17.0,12,74.03,24.0
1,2026-04-08 13:51:31.935883,40.0,2.04,18.0,13,73.99,23.0
1,2026-04-08 14:51:31.935883,44.91,3.49,19.0,14,73.96,22.0
1,2026-04-08 15:51:31.935883,46.14,3.1667,20.0,15,73.95,21.0
1,2026-04-08 16:51:31.935883,47.31,2.4367,21.0,16,73.93,20.0
1,2026-04-08 17:51:31.935883,50.02,1.7033,22.0,17,73.89,19.0
1,2026-04-08 18:51:31.935883,54.8,2.8867,23.0,18,73.85,18.0
1,2026-04-08 19:51:31.935883,58.6,3.7633,24.0,19,73.82,17.0
1,2026-04-08 20:51:31.935883,59.97,3.3167,25.0,20,73.8,16.0
1,2026-04-08 21:51:31.935883,60.92,2.04,26.0,21,73.79,15.0
1,2026-04-08 22:51:31.935883,61.65,1.0167,27.0,22,73.77,14.0
1,2026-04-08 23:51:31.935883,62.32,0.7833,28.0,23,73.74,13.0
1,2026-04-09 00:51:31.935883,62.79,0.6233,29.0,0,73.72,12.0
1,2026-04-09 01:51:31.935883,62.98,0.4433,30.0,1,73.68,11.0
1,2026-04-09 02:51:31.935883,63.4,0.36,31.0,2,73.64,10.0
1,2026-04-09 03:51:31.935883,63.49,0.2333,32.0,3,73.61,9.0
1,2026-04-09 04:51:31.935883,63.7,0.24,33.0,4,73.57,8.0
1,2026-04-09 05:51:31.935883,64.04,0.2133,34.0,5,73.55,7.0
1,2026-04-09 06:51:31.935883,64.67,0.3933,35.0,6,73.5,6.0
1,2026-04-09 07:51:31.935883,66.05,0.7833,36.0,7,73.47,5.0
1,2026-04-09 08:51:31.935883,69.58,1.8467,37.0,8,73.46,4.0
1,2026-04-09 09:51:31.935883,72.89,2.74,38.0,9,73.43,3.0
1,2026-04-09 10:51:31.935883,76.0,3.3167,39.0,10,73.39,2.0
1,2026-04-09 11:51:31.935883,77.58,2.6667,40.0,11,73.34,1.0
1,2026-04-09 12:51:31.935883,81.15,2.7533,41.0,12,73.32,0.0
1,2026-04-10 06:51:31.935883,36.6,0.6767,17.0,6,72.83,24.0
1,2026-04-10 07:51:31.935883,38.56,1.2867,18.0,7,72.79,23.0
1,2026-04-10 08:51:31.935883,42.26,2.3633,19.0,8,72.75,22.0
1,2026-04-10 09:51:31.935883,47.2,3.5333,20.0,9,72.72,21.0
1,2026-04-10 10:51:31.935883,50.38,3.94,21.0,10,72.7,20.0
1,2026-04-10 11:51:31.935883,51.77,3.17,22.0,11,72.68,19.0
1,2026-04-10 12:51:31.935883,55.28,2.6933,23.0,12,72.65,18.0
1,2026-04-10 13:51:31.935883,59.41,3.01,24.0,13,72.62,17.0
1,2026-04-10 14:51:31.935883,61.82,3.35,25.0,14,72.59,16.0
1,2026-04-10 15:51:31.935883,63.29,2.67,26.0,15,72.57,15.0
1,2026-04-10 16:51:31.935883,64.64,1.7433,27.0,16,72.54,14.0
1,2026-04-10 17:51:31.935883,68.67,2.2833,28.0,17,72.5,13.0
1,2026-04-10 18:51:31.935883,71.27,2.66,29.0,18,72.48,12.0
1,2026-04-10 19:51:31.935883,74.4,3.2533,30.0,19,72.47,11.0
1,2026-04-10 20:51:31.935883,75.48,2.27,31.0,20,72.44,10.0
1,2026-04-10 21:51:31.935883,77.2,1.9767,32.0,21,72.41,9.0
1,2026-04-10 22:51:31.935883,77.76,1.12,33.0,22,72.38,8.0
1,2026-04-10 23:51:31.935883,78.82,1.1133,34.0,23,72.36,7.0
1,2026-04-11 00:51:31.935883,78.85,0.55,35.0,0,72.33,6.0
1,2026-04-11 01:51:31.935883,78.88,0.3733,36.0,1,72.29,5.0
1,2026-04-11 02:51:31.935883,78.93,0.0367,37.0,2,72.24,4.0
1,2026-04-11 03:51:31.935883,79.19,0.1133,38.0,3,72.21,3.0
1,2026-04-11 04:51:31.935883,79.37,0.1633,39.0,4,72.17,2.0
1,2026-04-11 05:51:31.935883,79.39,0.1533,40.0,5,72.15,1.0
1,2026-04-11 06:51:31.935883,80.91,0.5733,41.0,6,72.1,0.0
1,2026-04-11 18:51:31.935883,41.31,2.6633,11.0,18,71.72,24.0
1,2026-04-11 19:51:31.935883,43.79,3.2633,12.0,19,71.69,23.0
1,2026-04-11 20:51:31.935883,45.22,2.34,13.0,20,71.65,22.0
1,2026-04-11 21:51:31.935883,45.76,1.4833,14.0,21,71.61,21.0
1,2026-04-11 22:51:31.935883,46.7,0.97,15.0,22,71.59,20.0
1,2026-04-11 23:51:31.935883,48.21,0.9967,16.0,23,71.56,19.0
1,2026-04-12 00:51:31.935883,48.53,0.9233,17.0,0,71.52,18.0
1,2026-04-12 01:51:31.935883,48.81,0.7033,18.0,1,71.49,17.0
1,2026-04-12 02:51:31.935883,49.21,0.3333,19.0,2,71.48,16.0
1,2026-04-12 03:51:31.935883,49.33,0.2667,20.0,3,71.47,15.0
1,2026-04-12 04:51:31.935883,49.61,0.2667,21.0,4,71.44,14.0
1,2026-04-12 05:51:31.935883,49.67,0.1533,22.0,5,71.4,13.0
1,2026-04-12 06:51:31.935883,51.5,0.7233,23.0,6,71.39,12.0
1,2026-04-12 07:51:31.935883,53.11,1.1667,24.0,7,71.36,11.0
1,2026-04-12 08:51:31.935883,56.71,2.3467,25.0,8,71.34,10.0
1,2026-04-12 09:51:31.935883,59.38,2.6267,26.0,9,71.31,9.0
1,2026-04-12 10:51:31.935883,62.59,3.16,27.0,10,71.27,8.0
1,2026-04-12 11:51:31.935883,63.57,2.2867,28.0,11,71.24,7.0
1,2026-04-12 12:51:31.935883,68.55,3.0567,29.0,12,71.19,6.0
1,2026-04-12 13:51:31.935883,70.9,2.77,30.0,13,71.17,5.0
1,2026-04-12 14:51:31.935883,74.21,3.5467,31.0,14,71.13,4.0
1,2026-04-12 15:51:31.935883,74.95,2.1333,32.0,15,71.12,3.0
1,2026-04-12 16:51:31.935883,75.85,1.65,33.0,16,71.08,2.0
1,2026-04-12 17:51:31.935883,78.48,1.4233,34.0,17,71.07,1.0
1,2026-04-12 18:51:31.935883,81.75,2.2667,35.0,18,71.05,0.0
1,2026-04-13 13:51:31.935883,38.62,3.0833,18.0,13,70.43,24.0
1,2026-04-13 14:51:31.935883,41.92,3.97,19.0,14,70.4,23.0
1,2026-04-13 15:51:31.935883,43.72,3.0733,20.0,15,70.37,22.0
1,2026-04-13 16:51:31.935883,44.46,1.9467,21.0,16,70.35,21.0
1,2026-04-13 17:51:31.935883,47.34,1.8067,22.0,17,70.31,20.0
1,2026-04-13 18:51:31.935883,51.03,2.4367,23.0,18,70.26,19.0
1,2026-04-13 19:51:31.935883,53.62,3.0533,24.0,19,70.24,18.0
1,2026-04-13 20:51:31.935883,55.3,2.6533,25.0,20,70.22,17.0
1,2026-04-13 21:51:31.935883,56.09,1.6867,26.0,21,70.18,16.0
1,2026-04-13 22:51:31.935883,57.92,1.4333,27.0,22,70.15,15.0
1,2026-04-13 23:51:31.935883,59.89,1.53,28.0,23,70.12,14.0
1,2026-04-14 00:51:31.935883,60.2,1.37,29.0,0,70.09,13.0
1,2026-04-14 01:51:31.935883,60.26,0.78,30.0,1,70.06,12.0
1,2026-04-14 02:51:31.935883,60.28,0.13,31.0,2,70.04,11.0
1,2026-04-14 03:51:31.935883,60.59,0.13,32.0,3,70.01,10.0
1,2026-04-14 04:51:31.935883,60.87,0.2033,33.0,4,69.98,9.0
1,2026-04-14 05:51:31.935883,61.23,0.3167,34.0,5,69.96,8.0
1,2026-04-14 06:51:31.935883,62.17,0.5267,35.0,6,69.92,7.0
1,2026-04-14 07:51:31.935883,63.95,1.0267,36.0,7,69.88,6.0
1,2026-04-14 08:51:31.935883,67.24,2.0033,37.0,8,69.85,5.0
1,2026-04-14 09:51:31.935883,72.11,3.3133,38.0,9,69.82,4.0
1,2026-04-14 10:51:31.935883,74.25,3.4333,39.0,10,69.8,3.0
1,2026-04-14 11:51:31.935883,75.22,2.66,40.0,11,69.78,2.0
1,2026-04-14 12:51:31.935883,79.82,2.57,41.0,12,69.74,1.0
1,2026-04-14 13:51:31.935883,82.63,2.7933,42.0,13,69.71,0.0
1,2026-04-15 09:51:31.935883,40.34,2.8533,19.0,9,69.16,24.0
1,2026-04-15 10:51:31.935883,43.01,3.1267,20.0,10,69.11,23.0
1,2026-04-15 11:51:31.935883,43.82,2.45,21.0,11,69.09,22.0
1,2026-04-15 12:51:31.935883,46.49,2.05,22.0,12,69.08,21.0
1,2026-04-15 13:51:31.935883,49.11,2.0333,23.0,13,69.04,20.0
1,2026-04-15 14:51:31.935883,52.19,2.79,24.0,14,68.99,19.0
1,2026-04-15 15:51:31.935883,53.29,2.2667,25.0,15,68.97,18.0
1,2026-04-15 16:51:31.935883,54.59,1.8267,26.0,16,68.93,17.0
1,2026-04-15 17:51:31.935883,57.74,1.85,27.0,17,68.91,16.0
1,2026-04-15 18:51:31.935883,60.47,2.3933,28.0,18,68.88,15.0
1,2026-04-15 19:51:31.935883,64.13,3.18,29.0,19,68.85,14.0
1,2026-04-15 20:51:31.935883,65.56,2.6067,30.0,20,68.82,13.0
1,2026-04-15 21:51:31.935883,67.43,2.32,31.0,21,68.78,12.0
1,2026-04-15 22:51:31.935883,68.26,1.3767,32.0,22,68.75,11.0
1,2026-04-15 23:51:31.935883,68.93,1.1233,33.0,23,68.73,10.0
1,2026-04-16 00:51:31.935883,69.31,0.6267,34.0,0,68.68,9.0
1,2026-04-16 01:51:31.935883,69.5,0.4133,35.0,1,68.67,8.0
1,2026-04-16 02:51:31.935883,69.59,0.22,36.0,2,68.65,7.0
1,2026-04-16 03:51:31.935883,69.97,0.22,37.0,3,68.6,6.0
1,2026-04-16 04:51:31.935883,70.18,0.2267,38.0,4,68.58,5.0
1,2026-04-16 05:51:31.935883,70.31,0.24,39.0,5,68.54,4.0
1,2026-04-16 06:51:31.935883,70.89,0.3067,40.0,6,68.51,3.0
1,2026-04-16 07:51:31.935883,72.16,0.66,41.0,7,68.5,2.0
1,2026-04-16 08:51:31.935883,75.88,1.8567,42.0,8,68.48,1.0
1,2026-04-16 09:51:31.935883,80.59,3.2333,43.0,9,68.45,0.0
1,2026-04-16 18:51:31.935883,33.75,3.1433,8.0,18,68.17,24.0
1,2026-04-16 19:51:31.935883,38.45,4.1133,9.0,19,68.14,23.0
1,2026-04-16 20:51:31.935883,39.86,3.26,10.0,20,68.12,22.0
1,2026-04-16 21:51:31.935883,40.74,2.33,11.0,21,68.09,21.0
1,2026-04-16 22:51:31.935883,42.67,1.4067,12.0,22,68.04,20.0
1,2026-04-16 23:51:31.935883,43.33,1.1567,13.0,23,67.99,19.0
1,2026-04-17 00:51:31.935883,43.61,0.9567,14.0,0,67.96,18.0
1,2026-04-17 01:51:31.935883,44.02,0.45,15.0,1,67.92,17.0
1,2026-04-17 02:51:31.935883,44.41,0.36,16.0,2,67.88,16.0
1,2026-04-17 03:51:31.935883,44.75,0.38,17.0,3,67.86,15.0
1,2026-04-17 04:51:31.935883,45.11,0.3633,18.0,4,67.81,14.0
1,2026-04-17 05:51:31.935883,45.23,0.2733,19.0,5,67.79,13.0
1,2026-04-17 06:51:31.935883,46.82,0.69,20.0,6,67.75,12.0
1,2026-04-17 07:51:31.935883,48.22,1.0367,21.0,7,67.72,11.0
1,2026-04-17 08:51:31.935883,51.32,2.03,22.0,8,67.68,10.0
1,2026-04-17 09:51:31.935883,54.63,2.6033,23.0,9,67.66,9.0
1,2026-04-17 10:51:31.935883,58.74,3.5067,24.0,10,67.64,8.0
1,2026-04-17 11:51:31.935883,59.43,2.7033,25.0,11,67.62,7.0
1,2026-04-17 12:51:31.935883,61.91,2.4267,26.0,12,67.59,6.0
1,2026-04-17 13:51:31.935883,66.41,2.5567,27.0,13,67.57,5.0
1,2026-04-17 14:51:31.935883,69.77,3.4467,28.0,14,67.55,4.0
1,2026-04-17 15:51:31.935883,71.03,3.04,29.0,15,67.52,3.0
1,2026-04-17 16:51:31.935883,72.93,2.1733,30.0,16,67.49,2.0
1,2026-04-17 17:51:31.935883,77.57,2.6,31.0,17,67.47,1.0
1,2026-04-17 18:51:31.935883,81.39,3.4533,32.0,18,67.45,0.0
1,2026-04-18 10:51:31.935883,35.78,4.13,15.0,10,66.92,24.0
1,2026-04-18 11:51:31.935883,36.47,2.93,16.0,11,66.88,23.0
1,2026-04-18 12:51:31.935883,38.59,2.3233,17.0,12,66.86,22.0
1,2026-04-18 13:51:31.935883,42.31,2.1767,18.0,13,66.83,21.0
1,2026-04-18 14:51:31.935883,45.47,3.0,19.0,14,66.81,20.0
1,2026-04-18 15:51:31.935883,46.47,2.6267,20.0,15,66.8,19.0
1,2026-04-18 16:51:31.935883,47.5,1.73,21.0,16,66.78,18.0
1,2026-04-18 17:51:31.935883,50.95,1.8267,22.0,17,66.73,17.0
1,2026-04-18 18:51:31.935883,54.92,2.8167,23.0,18,66.69,16.0
1,2026-04-18 19:51:31.935883,59.73,4.0767,24.0,19,66.66,15.0
1,2026-04-18 20:51:31.935883,60.46,3.17,25.0,20,66.62,14.0
1,2026-04-18 21:51:31.935883,62.37,2.4833,26.0,21,66.61,13.0
1,2026-04-18 22:51:31.935883,64.0,1.4233,27.0,22,66.58,12.0
1,2026-04-18 23:51:31.935883,65.13,1.5567,28.0,23,66.54,11.0
1,2026-04-19 00:51:31.935883,65.48,1.0367,29.0,0,66.49,10.0
1,2026-04-19 01:51:31.935883,65.95,0.65,30.0,1,66.45,9.0
1,2026-04-19 02:51:31.935883,66.37,0.4133,31.0,2,66.43,8.0
1,2026-04-19 03:51:31.935883,66.47,0.33,32.0,3,66.4,7.0
1,2026-04-19 04:51:31.935883,66.65,0.2333,33.0,4,66.37,6.0
1,2026-04-19 05:51:31.935883,66.96,0.1967,34.0,5,66.33,5.0
1,2026-04-19 06:51:31.935883,68.86,0.7967,35.0,6,66.32,4.0
1,2026-04-19 07:51:31.935883,69.87,1.0733,36.0,7,66.3,3.0
1,2026-04-19 08:51:31.935883,73.64,2.2267,37.0,8,66.28,2.0
1,2026-04-19 09:51:31.935883,78.55,3.23,38.0,9,66.26,1.0
1,2026-04-19 10:51:31.935883,81.24,3.79,39.0,10,66.22,0.0
1,2026-04-19 23:51:31.935883,34.71,1.2633,12.0,23,65.86,24.0
1,2026-04-20 00:51:31.935883,34.83,1.03,13.0,0,65.83,23.0
1,2026-04-20 01:51:31.935883,35.22,0.8233,14.0,1,65.82,22.0
1,2026-04-20 02:51:31.935883,35.22,0.17,15.0,2,65.79,21.0
1,2026-04-20 03:51:31.935883,35.42,0.1967,16.0,3,65.74,20.0
1,2026-04-20 04:51:31.935883,35.85,0.21,17.0,4,65.72,19.0
1,2026-04-20 05:51:31.935883,35.99,0.2567,18.0,5,65.67,18.0
1,2026-04-20 06:51:31.935883,37.87,0.8167,19.0,6,65.64,17.0
1,2026-04-20 07:51:31.935883,38.76,0.97,20.0,7,65.62,16.0
1,2026-04-20 08:51:31.935883,42.34,2.1167,21.0,8,65.6,15.0
1,2026-04-20 09:51:31.935883,44.71,2.28,22.0,9,65.56,14.0
1,2026-04-20 10:51:31.935883,47.45,2.8967,23.0,10,65.51,13.0
1,2026-04-20 11:51:31.935883,48.93,2.1967,24.0,11,65.48,12.0
1,2026-04-20 12:51:31.935883,53.24,2.8433,25.0,12,65.43,11.0
1,2026-04-20 13:51:31.935883,58.14,3.5633,26.0,13,65.4,10.0
1,2026-04-20 14:51:31.935883,62.64,4.57,27.0,14,65.38,9.0
1,2026-04-20 15:51:31.935883,64.51,3.7567,28.0,15,65.35,8.0
1,2026-04-20 16:51:31.935883,66.48,2.78,29.0,16,65.33,7.0
1,2026-04-20 17:51:31.935883,69.54,2.3,30.0,17,65.3,6.0
1,2026-04-20 18:51:31.935883,71.82,2.4367,31.0,18,65.25,5.0
1,2026-04-20 19:51:31.935883,74.83,2.7833,32.0,19,65.22,4.0
1,2026-04-20 20:51:31.935883,76.34,2.2667,33.0,20,65.2,3.0
1,2026-04-20 21:51:31.935883,77.16,1.78,34.0,21,65.18,2.0
1,2026-04-20 22:51:31.935883,79.11,1.4267,35.0,22,65.14,1.0
1,2026-04-20 23:51:31.935883,80.27,1.31,36.0,23,65.11,0.0
1,2026-04-21 17:51:31.935883,37.49,2.0633,17.0,17,64.56,24.0
1,2026-04-21 18:51:31.935883,40.15,2.4,18.0,18,64.54,23.0
1,2026-04-21 19:51:31.935883,42.37,2.87,19.0,19,64.49,22.0
1,2026-04-21 20:51:31.935883,43.46,1.99,20.0,20,64.45,21.0
1,2026-04-21 21:51:31.935883,44.22,1.3567,21.0,21,64.44,20.0
1,2026-04-21 22:51:31.935883,44.73,0.7867,22.0,22,64.39,19.0
1,2026-04-21 23:51:31.935883,45.74,0.76,23.0,23,64.36,18.0
1,2026-04-22 00:51:31.935883,45.87,0.55,24.0,0,64.33,17.0
1,2026-04-22 01:51:31.935883,46.11,0.46,25.0,1,64.29,16.0
1,2026-04-22 02:51:31.935883,46.52,0.26,26.0,2,64.25,15.0
1,2026-04-22 03:51:31.935883,46.93,0.3533,27.0,3,64.23,14.0
1,2026-04-22 04:51:31.935883,47.09,0.3267,28.0,4,64.22,13.0
1,2026-04-22 05:51:31.935883,47.32,0.2667,29.0,5,64.2,12.0
1,2026-04-22 06:51:31.935883,48.24,0.4367,30.0,6,64.19,11.0
1,2026-04-22 07:51:31.935883,49.47,0.7933,31.0,7,64.18,10.0
1,2026-04-22 08:51:31.935883,54.17,2.2833,32.0,8,64.16,9.0
1,2026-04-22 09:51:31.935883,57.01,2.9233,33.0,9,64.12,8.0
1,2026-04-22 10:51:31.935883,61.29,3.94,34.0,10,64.1,7.0
1,2026-04-22 11:51:31.935883,62.11,2.6467,35.0,11,64.05,6.0
1,2026-04-22 12:51:31.935883,64.81,2.6,36.0,12,64.03,5.0
1,2026-04-22 13:51:31.935883,67.45,2.0533,37.0,13,63.99,4.0
1,2026-04-22 14:51:31.935883,72.15,3.3467,38.0,14,63.95,3.0
1,2026-04-22 15:51:31.935883,73.78,2.99,39.0,15,63.91,2.0
1,2026-04-22 16:51:31.935883,75.59,2.7133,40.0,16,63.88,1.0
1,2026-04-22 17:51:31.935883,80.33,2.7267,41.0,17,63.84,0.0
1,2026-04-23 10:51:31.935883,35.02,3.7367,16.0,10,63.37,24.0
1,2026-04-23 11:51:31.935883,36.71,3.3033,17.0,11,63.34,23.0
1,2026-04-23 12:51:31.935883,40.85,3.0833,18.0,12,63.3,22.0
1,2026-04-23 13:51:31.935883,43.97,2.9833,19.0,13,63.27,21.0
1,2026-04-23 14:51:31.935883,48.76,4.0167,20.0,14,63.25,20.0
1,2026-04-23 15:51:31.935883,49.67,2.94,21.0,15,63.22,19.0
1,2026-04-23 16:51:31.935883,51.49,2.5067,22.0,16,63.19,18.0
1,2026-04-23 17:51:31.935883,55.4,2.2133,23.0,17,63.16,17.0
1,2026-04-23 18:51:31.935883,58.98,3.1033,24.0,18,63.11,16.0
1,2026-04-23 19:51:31.935883,63.94,4.15,25.0,19,63.07,15.0
1,2026-04-23 20:51:31.935883,65.66,3.42,26.0,20,63.03,14.0
1,2026-04-23 21:51:31.935883,66.43,2.4833,27.0,21,63.01,13.0
1,2026-04-23 22:51:31.935883,67.33,1.13,28.0,22,62.97,12.0
1,2026-04-23 23:51:31.935883,68.54,0.96,29.0,23,62.96,11.0
1,2026-04-24 00:51:31.935883,68.59,0.72,30.0,0,62.92,10.0
1,2026-04-24 01:51:31.935883,69.04,0.57,31.0,1,62.89,9.0
1,2026-04-24 02:51:31.935883,69.06,0.1733,32.0,2,62.87,8.0
1,2026-04-24 03:51:31.935883,69.15,0.1867,33.0,3,62.85,7.0
1,2026-04-24 04:51:31.935883,69.28,0.08,34.0,4,62.83,6.0
1,2026-04-24 05:51:31.935883,69.48,0.14,35.0,5,62.8,5.0
1,2026-04-24 06:51:31.935883,70.69,0.5133,36.0,6,62.76,4.0
1,2026-04-24 07:51:31.935883,72.38,1.0333,37.0,7,62.75,3.0
1,2026-04-24 08:51:31.935883,77.07,2.53,38.0,8,62.73,2.0
1,2026-04-24 09:51:31.935883,79.85,3.0533,39.0,9,62.68,1.0
1,2026-04-24 10:51:31.935883,84.42,4.0133,40.0,10,62.67,0.0
1,2026-04-24 22:51:31.935883,34.45,1.3867,11.0,22,62.26,24.0
1,2026-04-24 23:51:31.935883,35.95,1.4333,12.0,23,62.23,23.0
1,2026-04-25 00:51:31.935883,36.3,1.0667,13.0,0,62.19,22.0
1,2026-04-25 01:51:31.935883,36.74,0.7633,14.0,1,62.14,21.0
1,2026-04-25 02:51:31.935883,37.14,0.3967,15.0,2,62.11,20.0
1,2026-04-25 03:51:31.935883,37.49,0.3967,16.0,3,62.08,19.0
1,2026-04-25 04:51:31.935883,37.94,0.4,17.0,4,62.06,18.0
1,2026-04-25 05:51:31.935883,38.22,0.36,18.0,5,62.03,17.0
1,2026-04-25 06:51:31.935883,39.61,0.7067,19.0,6,62.01,16.0
1,2026-04-25 07:51:31.935883,41.31,1.1233,20.0,7,61.98,15.0
1,2026-04-25 08:51:31.935883,44.85,2.21,21.0,8,61.94,14.0
1,2026-04-25 09:51:31.935883,48.21,2.8667,22.0,9,61.89,13.0
1,2026-04-25 10:51:31.935883,52.02,3.57,23.0,10,61.85,12.0
1,2026-04-25 11:51:31.935883,53.32,2.8233,24.0,11,61.83,11.0
1,2026-04-25 12:51:31.935883,55.96,2.5833,25.0,12,61.81,10.0
1,2026-04-25 13:51:31.935883,58.67,2.2167,26.0,13,61.76,9.0
1,2026-04-25 14:51:31.935883,62.03,2.9033,27.0,14,61.73,8.0
1,2026-04-25 15:51:31.935883,63.93,2.6567,28.0,15,61.71,7.0
1,2026-04-25 16:51:31.935883,64.85,2.06,29.0,16,61.67,6.0
1,2026-04-25 17:51:31.935883,69.8,2.59,30.0,17,61.63,5.0
1,2026-04-25 18:51:31.935883,72.7,2.9233,31.0,18,61.61,4.0
1,2026-04-25 19:51:31.935883,76.97,4.04,32.0,19,61.57,3.0
1,2026-04-25 20:51:31.935883,78.59,2.93,33.0,20,61.54,2.0
1,2026-04-25 21:51:31.935883,79.89,2.3967,34.0,21,61.5,1.0
1,2026-04-25 22:51:31.935883,80.86,1.2967,35.0,22,61.47,0.0
1,2026-04-26 14:51:31.935883,34.59,3.6967,15.0,14,60.98,24.0
1,2026-04-26 15:51:31.935883,35.14,3.04,16.0,15,60.96,23.0
1,2026-04-26 16:51:31.935883,35.91,1.7567,17.0,16,60.94,22.0
1,2026-04-26 17:51:31.935883,40.58,1.9967,18.0,17,60.9,21.0
1,2026-04-26 18:51:31.935883,45.44,3.4333,19.0,18,60.88,20.0
1,2026-04-26 19:51:31.935883,48.95,4.3467,20.0,19,60.87,19.0
1,2026-04-26 20:51:31.935883,50.55,3.3233,21.0,20,60.85,18.0
1,2026-04-26 21:51:31.935883,51.33,1.9633,22.0,21,60.81,17.0
1,2026-04-26 22:51:31.935883,52.74,1.2633,23.0,22,60.76,16.0
1,2026-04-26 23:51:31.935883,54.26,1.2367,24.0,23,60.73,15.0
1,2026-04-27 00:51:31.935883,54.55,1.0733,25.0,0,60.7,14.0
1,2026-04-27 01:51:31.935883,54.97,0.7433,26.0,1,60.67,13.0
1,2026-04-27 02:51:31.935883,55.34,0.36,27.0,2,60.62,12.0
1,2026-04-27 03:51:31.935883,55.79,0.4133,28.0,3,60.61,11.0
1,2026-04-27 04:51:31.935883,56.23,0.42,29.0,4,60.58,10.0
1,2026-04-27 05:51:31.935883,56.44,0.3667,30.0,5,60.54,9.0
1,2026-04-27 06:51:31.935883,57.12,0.4433,31.0,6,60.51,8.0
1,2026-04-27 07:51:31.935883,58.39,0.72,32.0,7,60.5,7.0
1,2026-04-27 08:51:31.935883,63.31,2.29,33.0,8,60.46,6.0
1,2026-04-27 09:51:31.935883,67.78,3.5533,34.0,9,60.42,5.0
1,2026-04-27 10:51:31.935883,70.26,3.9567,35.0,10,60.39,4.0
1,2026-04-27 11:51:31.935883,72.26,2.9833,36.0,11,60.34,3.0
1,2026-04-27 12:51:31.935883,74.38,2.2,37.0,12,60.33,2.0
1,2026-04-27 13:51:31.935883,77.84,2.5267,38.0,13,60.28,1.0
1,2026-04-27 14:51:31.935883,80.57,2.77,39.0,14,60.24,0.0
1,2026-04-28 11:51:31.935883,39.71,3.0133,20.0,11,59.58,24.0
1,2026-04-28 12:51:31.935883,42.5,2.7433,21.0,12,59.55,23.0
1,2026-04-28 13:51:31.935883,45.32,2.3267,22.0,13,59.53,22.0
1,2026-04-28 14:51:31.935883,49.96,3.4167,23.0,14,59.51,21.0
1,2026-04-28 15:51:31.935883,50.71,2.7367,24.0,15,59.5,20.0
1,2026-04-28 16:51:31.935883,52.4,2.36,25.0,16,59.47,19.0
1,2026-04-28 17:51:31.935883,56.03,2.0233,26.0,17,59.46,18.0
1,2026-04-28 18:51:31.935883,58.86,2.7167,27.0,18,59.43,17.0
1,2026-04-28 19:51:31.935883,60.95,2.85,28.0,19,59.41,16.0
1,2026-04-28 20:51:31.935883,61.47,1.8133,29.0,20,59.39,15.0
1,2026-04-28 21:51:31.935883,62.73,1.29,30.0,21,59.37,14.0
1,2026-04-28 22:51:31.935883,63.52,0.8567,31.0,22,59.35,13.0
1,2026-04-28 23:51:31.935883,65.22,1.25,32.0,23,59.34,12.0
1,2026-04-29 00:51:31.935883,65.23,0.8333,33.0,0,59.32,11.0
1,2026-04-29 01:51:31.935883,65.46,0.6467,34.0,1,59.29,10.0
1,2026-04-29 02:51:31.935883,65.47,0.0833,35.0,2,59.26,9.0
1,2026-04-29 03:51:31.935883,65.64,0.1367,36.0,3,59.23,8.0
1,2026-04-29 04:51:31.935883,65.75,0.0967,37.0,4,59.18,7.0
1,2026-04-29 05:51:31.935883,66.2,0.2433,38.0,5,59.14,6.0
1,2026-04-29 06:51:31.935883,67.64,0.6667,39.0,6,59.13,5.0
1,2026-04-29 07:51:31.935883,69.41,1.22,40.0,7,59.09,4.0
1,2026-04-29 08:51:31.935883,72.85,2.2167,41.0,8,59.06,3.0
1,2026-04-29 09:51:31.935883,75.0,2.4533,42.0,9,59.01,2.0
1,2026-04-29 10:51:31.935883,78.92,3.17,43.0,10,58.98,1.0
1,2026-04-29 11:51:31.935883,80.14,2.43,44.0,11,58.93,0.0
1,2026-04-30 08:51:31.935883,35.36,1.5633,20.0,8,58.32,24.0
1,2026-04-30 09:51:31.935883,39.0,2.2933,21.0,9,58.27,23.0
1,2026-04-30 10:51:31.935883,42.25,3.1267,22.0,10,58.22,22.0
1,2026-04-30 11:51:31.935883,43.74,2.7933,23.0,11,58.19,21.0
1,2026-04-30 12:51:31.935883,45.76,2.2533,24.0,12,58.17,20.0
1,2026-04-30 13:51:31.935883,49.16,2.3033,25.0,13,58.13,19.0
1,2026-04-30 14:51:31.935883,53.73,3.33,26.0,14,58.1,18.0
1,2026-04-30 15:51:31.935883,55.48,3.24,27.0,15,58.08,17.0
1,2026-04-30 16:51:31.935883,57.1,2.6467,28.0,16,58.04,16.0
1,2026-04-30 17:51:31.935883,61.82,2.6967,29.0,17,58.01,15.0
1,2026-04-30 18:51:31.935883,64.6,3.04,30.0,18,57.96,14.0
1,2026-04-30 19:51:31.935883,69.12,4.0067,31.0,19,57.91,13.0
1,2026-04-30 20:51:31.935883,70.74,2.9733,32.0,20,57.87,12.0
1,2026-04-30 21:51:31.935883,71.99,2.4633,33.0,21,57.85,11.0
1,2026-04-30 22:51:31.935883,73.44,1.44,34.0,22,57.83,10.0
1,2026-04-30 23:51:31.935883,75.18,1.48,35.0,23,57.81,9.0
1,2026-05-01 00:51:31.935883,75.57,1.1933,36.0,0,57.77,8.0
1,2026-05-01 01:51:31.935883,75.9,0.82,37.0,1,57.75,7.0
1,2026-05-01 02:51:31.935883,76.12,0.3133,38.0,2,57.72,6.0
1,2026-05-01 03:51:31.935883,76.2,0.21,39.0,3,57.7,5.0
1,2026-05-01 04:51:31.935883,76.42,0.1733,40.0,4,57.66,4.0
1,2026-05-01 05:51:31.935883,76.69,0.19,41.0,5,57.61,3.0
1,2026-05-01 06:51:31.935883,77.58,0.46,42.0,6,57.6,2.0
1,2026-05-01 07:51:31.935883,78.9,0.8267,43.0,7,57.58,1.0
1,2026-05-01 08:51:31.935883,83.45,2.2533,44.0,8,57.53,0.0
1,2026-05-01 18:51:31.935883,34.56,2.6967,9.0,18,57.21,24.0
1,2026-05-01 19:51:31.935883,38.47,3.44,10.0,19,57.17,23.0
1,2026-05-01 20:51:31.935883,39.86,3.2033,11.0,20,57.14,22.0
1,2026-05-01 21:51:31.935883,41.44,2.2933,12.0,21,57.11,21.0
1,2026-05-01 22:51:31.935883,43.35,1.6267,13.0,22,57.07,20.0
1,2026-05-01 23:51:31.935883,45.23,1.79,14.0,23,57.03,19.0
1,2026-05-02 00:51:31.935883,45.62,1.3933,15.0,0,56.99,18.0
1,2026-05-02 01:51:31.935883,45.93,0.86,16.0,1,56.96,17.0
1,2026-05-02 02:51:31.935883,45.94,0.2367,17.0,2,56.91,16.0
1,2026-05-02 03:51:31.935883,46.34,0.24,18.0,3,56.86,15.0
1,2026-05-02 04:51:31.935883,46.49,0.1867,19.0,4,56.83,14.0
1,2026-05-02 05:51:31.935883,46.52,0.1933,20.0,5,56.81,13.0
1,2026-05-02 06:51:31.935883,48.0,0.5533,21.0,6,56.77,12.0
1,2026-05-02 07:51:31.935883,49.2,0.9033,22.0,7,56.73,11.0
1,2026-05-02 08:51:31.935883,51.31,1.5967,23.0,8,56.71,10.0
1,2026-05-02 09:51:31.935883,54.22,2.0733,24.0,9,56.68,9.0
1,2026-05-02 10:51:31.935883,58.77,3.19,25.0,10,56.66,8.0
1,2026-05-02 11:51:31.935883,60.68,3.1233,26.0,11,56.63,7.0
1,2026-05-02 12:51:31.935883,65.4,3.7267,27.0,12,56.6,6.0
1,2026-05-02 13:51:31.935883,69.0,3.41,28.0,13,56.56,5.0
1,2026-05-02 14:51:31.935883,72.56,3.96,29.0,14,56.53,4.0
1,2026-05-02 15:51:31.935883,74.45,3.0167,30.0,15,56.5,3.0
1,2026-05-02 16:51:31.935883,76.28,2.4267,31.0,16,56.49,2.0
1,2026-05-02 17:51:31.935883,78.76,2.0667,32.0,17,56.44,1.0
1,2026-05-02 18:51:31.935883,81.55,2.3667,33.0,18,56.4,0.0
1,2026-05-03 13:51:31.935883,37.8,2.5267,18.0,13,55.75,24.0
1,2026-05-03 14:51:31.935883,41.71,3.3533,19.0,14,55.71,23.0
1,2026-05-03 15:51:31.935883,43.26,2.65,20.0,15,55.68,22.0
1,2026-05-03 16:51:31.935883,44.54,2.2467,21.0,16,55.65,21.0
1,2026-05-03 17:51:31.935883,47.0,1.7633,22.0,17,55.6,20.0
1,2026-05-03 18:51:31.935883,49.63,2.1233,23.0,18,55.56,19.0
1,2026-05-03 19:51:31.935883,52.79,2.75,24.0,19,55.53,18.0
1,2026-05-03 20:51:31.935883,53.53,2.1767,25.0,20,55.49,17.0
1,2026-05-03 21:51:31.935883,55.4,1.9233,26.0,21,55.46,16.0
1,2026-05-03 22:51:31.935883,56.76,1.3233,27.0,22,55.43,15.0
1,2026-05-03 23:51:31.935883,58.02,1.4967,28.0,23,55.4,14.0
1,2026-05-04 00:51:31.935883,58.34,0.98,29.0,0,55.39,13.0
1,2026-05-04 01:51:31.935883,58.49,0.5767,30.0,1,55.35,12.0
1,2026-05-04 02:51:31.935883,58.85,0.2767,31.0,2,55.3,11.0
1,2026-05-04 03:51:31.935883,59.05,0.2367,32.0,3,55.28,10.0
1,2026-05-04 04:51:31.935883,59.44,0.3167,33.0,4,55.25,9.0
1,2026-05-04 05:51:31.935883,59.54,0.23,34.0,5,55.21,8.0
1,2026-05-04 06:51:31.935883,61.09,0.68,35.0,6,55.2,7.0
1,2026-05-04 07:51:31.935883,62.97,1.1767,36.0,7,55.19,6.0
1,2026-05-04 08:51:31.935883,65.13,1.8633,37.0,8,55.17,5.0
1,2026-05-04 09:51:31.935883,69.43,2.78,38.0,9,55.13,4.0
1,2026-05-04 10:51:31.935883,73.66,3.5633,39.0,10,55.09,3.0
1,2026-05-04 11:51:31.935883,75.25,3.3733,40.0,11,55.07,2.0
1,2026-05-04 12:51:31.935883,78.02,2.8633,41.0,12,55.03,1.0
1,2026-05-04 13:51:31.935883,81.56,2.6333,42.0,13,54.99,0.0
1,2026-05-05 10:51:31.935883,36.35,2.8967,20.0,10,54.38,24.0
1,2026-05-05 11:51:31.935883,37.9,2.56,21.0,11,54.34,23.0
1,2026-05-05 12:51:31.935883,42.09,3.1,22.0,12,54.31,22.0
1,2026-05-05 13:51:31.935883,45.1,2.9167,23.0,13,54.28,21.0
1,2026-05-05 14:51:31.935883,49.82,3.9733,24.0,14,54.26,20.0
1,2026-05-05 15:51:31.935883,51.44,3.1167,25.0,15,54.22,19.0
1,2026-05-05 16:51:31.935883,51.97,2.29,26.0,16,54.19,18.0
1,2026-05-05 17:51:31.935883,55.8,1.9933,27.0,17,54.15,17.0
1,2026-05-05 18:51:31.935883,59.9,2.82,28.0,18,54.12,16.0
1,2026-05-05 19:51:31.935883,63.54,3.8567,29.0,19,54.08,15.0
1,2026-05-05 20:51:31.935883,64.94,3.0467,30.0,20,54.03,14.0
1,2026-05-05 21:51:31.935883,66.7,2.2667,31.0,21,53.99,13.0
1,2026-05-05 22:51:31.935883,68.23,1.5633,32.0,22,53.95,12.0
1,2026-05-05 23:51:31.935883,69.18,1.4133,33.0,23,53.92,11.0
1,2026-05-06 00:51:31.935883,69.27,0.8567,34.0,0,53.9,10.0
1,2026-05-06 01:51:31.935883,69.43,0.4,35.0,1,53.87,9.0
1,2026-05-06 02:51:31.935883,69.67,0.1633,36.0,2,53.83,8.0
1,2026-05-06 03:51:31.935883,70.08,0.27,37.0,3,53.79,7.0
1,2026-05-06 04:51:31.935883,70.11,0.2267,38.0,4,53.76,6.0
1,2026-05-06 05:51:31.935883,70.15,0.16,39.0,5,53.73,5.0
1,2026-05-06 06:51:31.935883,71.01,0.31,40.0,6,53.7,4.0
1,2026-05-06 07:51:31.935883,72.55,0.8133,41.0,7,53.68,3.0
1,2026-05-06 08:51:31.935883,77.21,2.3533,42.0,8,53.66,2.0
1,2026-05-06 09:51:31.935883,79.51,2.8333,43.0,9,53.61,1.0
1,2026-05-06 10:51:31.935883,84.02,3.8233,44.0,10,53.59,0.0
2,2026-03-09 13:51:31.965220,40.05,3.5133,999.0,13,95.26,24.0
2,2026-03-09 14:51:31.965220,44.41,4.36,999.0,14,95.25,23.0
2,2026-03-09 15:51:31.965220,46.3,3.61,999.0,15,95.21,22.0
2,2026-03-09 16:51:31.965220,48.14,2.6967,999.0,16,95.2,21.0
2,2026-03-09 17:51:31.965220,50.66,2.0833,999.0,17,95.15,20.0
2,2026-03-09 18:51:31.965220,55.29,2.9967,999.0,18,95.13,19.0
2,2026-03-09 19:51:31.965220,59.31,3.7233,999.0,19,95.09,18.0
2,2026-03-09 20:51:31.965220,60.59,3.31,999.0,20,95.05,17.0
2,2026-03-09 21:51:31.965220,61.1,1.9367,999.0,21,95.03,16.0
2,2026-03-09 22:51:31.965220,62.53,1.0733,999.0,22,95.0,15.0
2,2026-03-09 23:51:31.965220,63.54,0.9833,999.0,23,94.97,14.0
2,2026-03-10 00:51:31.965220,63.84,0.9133,999.0,0,94.95,13.0
2,2026-03-10 01:51:31.965220,63.91,0.46,999.0,1,94.92,12.0
2,2026-03-10 02:51:31.965220,64.22,0.2267,999.0,2,94.89,11.0
2,2026-03-10 03:51:31.965220,64.31,0.1567,999.0,3,94.87,10.0
2,2026-03-10 04:51:31.965220,64.62,0.2367,999.0,4,94.85,9.0
2,2026-03-10 05:51:31.965220,65.05,0.2767,999.0,5,94.82,8.0
2,2026-03-10 06:51:31.965220,66.27,0.6533,999.0,6,94.77,7.0
2,2026-03-10 07:51:31.965220,67.13,0.8367,999.0,7,94.74,6.0
2,2026-03-10 08:51:31.965220,71.22,2.0567,999.0,8,94.73,5.0
2,2026-03-10 09:51:31.965220,73.24,2.3233,999.0,9,94.7,4.0
2,2026-03-10 10:51:31.965220,75.78,2.8833,999.0,10,94.66,3.0
2,2026-03-10 11:51:31.965220,76.68,1.82,999.0,11,94.64,2.0
2,2026-03-10 12:51:31.965220,78.76,1.84,999.0,12,94.62,1.0
2,2026-03-10 13:51:31.965220,81.55,1.9233,999.0,13,94.6,0.0
2,2026-03-11 09:51:31.965220,41.13,2.8,19.0,9,93.97,24.0
2,2026-03-11 10:51:31.965220,43.18,3.2033,20.0,10,93.93,23.0
2,2026-03-11 11:51:31.965220,45.06,2.4367,21.0,11,93.91,22.0
2,2026-03-11 12:51:31.965220,47.07,1.98,22.0,12,93.87,21.0
2,2026-03-11 13:51:31.965220,49.25,2.0233,23.0,13,93.86,20.0
2,2026-03-11 14:51:31.965220,52.45,2.4633,24.0,14,93.84,19.0
2,2026-03-11 15:51:31.965220,52.96,1.9633,25.0,15,93.79,18.0
2,2026-03-11 16:51:31.965220,54.44,1.73,26.0,16,93.75,17.0
2,2026-03-11 17:51:31.965220,58.05,1.8667,27.0,17,93.72,16.0
2,2026-03-11 18:51:31.965220,62.93,3.3233,28.0,18,93.69,15.0
2,2026-03-11 19:51:31.965220,65.96,3.84,29.0,19,93.65,14.0
2,2026-03-11 20:51:31.965220,66.57,2.84,30.0,20,93.62,13.0
2,2026-03-11 21:51:31.965220,68.26,1.7767,31.0,21,93.58,12.0
2,2026-03-11 22:51:31.965220,69.77,1.27,32.0,22,93.57,11.0
2,2026-03-11 23:51:31.965220,71.34,1.59,33.0,23,93.53,10.0
2,2026-03-12 00:51:31.965220,71.49,1.0767,34.0,0,93.49,9.0
2,2026-03-12 01:51:31.965220,71.54,0.59,35.0,1,93.44,8.0
2,2026-03-12 02:51:31.965220,71.74,0.1333,36.0,2,93.4,7.0
2,2026-03-12 03:51:31.965220,71.77,0.0933,37.0,3,93.35,6.0
2,2026-03-12 04:51:31.965220,72.17,0.21,38.0,4,93.34,5.0
2,2026-03-12 05:51:31.965220,72.22,0.16,39.0,5,93.3,4.0
2,2026-03-12 06:51:31.965220,73.49,0.5733,40.0,6,93.27,3.0
2,2026-03-12 07:51:31.965220,74.4,0.7433,41.0,7,93.23,2.0
2,2026-03-12 08:51:31.965220,79.02,2.2667,42.0,8,93.19,1.0
2,2026-03-12 09:51:31.965220,82.91,3.14,43.0,9,93.15,0.0
2,2026-03-12 23:51:31.965220,40.13,1.0967,13.0,23,92.73,24.0
2,2026-03-13 00:51:31.965220,40.24,0.5433,14.0,0,92.69,23.0
2,2026-03-13 01:51:31.965220,40.32,0.3233,15.0,1,92.68,22.0
2,2026-03-13 02:51:31.965220,40.71,0.1933,16.0,2,92.64,21.0
2,2026-03-13 03:51:31.965220,40.84,0.2,17.0,3,92.62,20.0
2,2026-03-13 04:51:31.965220,41.21,0.2967,18.0,4,92.61,19.0
2,2026-03-13 05:51:31.965220,41.45,0.2467,19.0,5,92.58,18.0
2,2026-03-13 06:51:31.965220,42.1,0.42,20.0,6,92.56,17.0
2,2026-03-13 07:51:31.965220,42.73,0.5067,21.0,7,92.55,16.0
2,2026-03-13 08:51:31.965220,46.13,1.56,22.0,8,92.53,15.0
2,2026-03-13 09:51:31.965220,48.83,2.2433,23.0,9,92.49,14.0
2,2026-03-13 10:51:31.965220,52.63,3.3,24.0,10,92.45,13.0
2,2026-03-13 11:51:31.965220,53.32,2.3967,25.0,11,92.44,12.0
2,2026-03-13 12:51:31.965220,55.57,2.2467,26.0,12,92.41,11.0
2,2026-03-13 13:51:31.965220,57.91,1.76,27.0,13,92.39,10.0
2,2026-03-13 14:51:31.965220,60.78,2.4867,28.0,14,92.35,9.0
2,2026-03-13 15:51:31.965220,62.59,2.34,29.0,15,92.31,8.0
2,2026-03-13 16:51:31.965220,63.69,1.9267,30.0,16,92.29,7.0
2,2026-03-13 17:51:31.965220,67.36,2.1933,31.0,17,92.28,6.0
2,2026-03-13 18:51:31.965220,71.0,2.8033,32.0,18,92.24,5.0
2,2026-03-13 19:51:31.965220,75.84,4.05,33.0,19,92.2,4.0
2,2026-03-13 20:51:31.965220,77.83,3.49,34.0,20,92.16,3.0
2,2026-03-13 21:51:31.965220,79.0,2.6667,35.0,21,92.15,2.0
2,2026-03-13 22:51:31.965220,79.9,1.3533,36.0,22,92.11,1.0
2,2026-03-13 23:51:31.965220,80.43,0.8667,37.0,23,92.1,0.0
2,2026-03-14 17:51:31.965220,39.29,1.7433,17.0,17,91.58,24.0
2,2026-03-14 18:51:31.965220,43.74,2.8967,18.0,18,91.56,23.0
2,2026-03-14 19:51:31.965220,46.17,3.0833,19.0,19,91.54,22.0
2,2026-03-14 20:51:31.965220,47.45,2.72,20.0,20,91.5,21.0
2,2026-03-14 21:51:31.965220,48.47,1.5767,21.0,21,91.49,20.0
2,2026-03-14 22:51:31.965220,49.16,0.9967,22.0,22,91.44,19.0
2,2026-03-14 23:51:31.965220,49.99,0.8467,23.0,23,91.4,18.0
2,2026-03-15 00:51:31.965220,50.28,0.6033,24.0,0,91.39,17.0
2,2026-03-15 01:51:31.965220,50.73,0.5233,25.0,1,91.36,16.0
2,2026-03-15 02:51:31.965220,51.14,0.3833,26.0,2,91.35,15.0
2,2026-03-15 03:51:31.965220,51.6,0.44,27.0,3,91.3,14.0
2,2026-03-15 04:51:31.965220,51.61,0.2933,28.0,4,91.27,13.0
2,2026-03-15 05:51:31.965220,51.97,0.2767,29.0,5,91.23,12.0
2,2026-03-15 06:51:31.965220,52.84,0.4133,30.0,6,91.21,11.0
2,2026-03-15 07:51:31.965220,54.46,0.95,31.0,7,91.16,10.0
2,2026-03-15 08:51:31.965220,58.05,2.0267,32.0,8,91.13,9.0
2,2026-03-15 09:51:31.965220,62.26,3.14,33.0,9,91.12,8.0
2,2026-03-15 10:51:31.965220,64.61,3.3833,34.0,10,91.1,7.0
2,2026-03-15 11:51:31.965220,65.26,2.4033,35.0,11,91.06,6.0
2,2026-03-15 12:51:31.965220,68.14,1.96,36.0,12,91.01,5.0
2,2026-03-15 13:51:31.965220,72.28,2.5567,37.0,13,90.98,4.0
2,2026-03-15 14:51:31.965220,76.45,3.73,38.0,14,90.96,3.0
2,2026-03-15 15:51:31.965220,76.97,2.9433,39.0,15,90.95,2.0
2,2026-03-15 16:51:31.965220,77.92,1.88,40.0,16,90.93,1.0
2,2026-03-15 17:51:31.965220,81.42,1.6567,41.0,17,90.92,0.0
2,2026-03-16 15:51:31.965220,37.17,2.6,21.0,15,90.28,24.0
2,2026-03-16 16:51:31.965220,38.97,1.97,22.0,16,90.27,23.0
2,2026-03-16 17:51:31.965220,43.12,2.5867,23.0,17,90.23,22.0
2,2026-03-16 18:51:31.965220,45.93,2.92,24.0,18,90.18,21.0
2,2026-03-16 19:51:31.965220,48.46,3.1633,25.0,19,90.16,20.0
2,2026-03-16 20:51:31.965220,49.53,2.1367,26.0,20,90.11,19.0
2,2026-03-16 21:51:31.965220,50.98,1.6833,27.0,21,90.07,18.0
2,2026-03-16 22:51:31.965220,51.62,1.0533,28.0,22,90.04,17.0
2,2026-03-16 23:51:31.965220,52.83,1.1,29.0,23,90.01,16.0
2,2026-03-17 00:51:31.965220,52.93,0.65,30.0,0,89.99,15.0
2,2026-03-17 01:51:31.965220,53.36,0.58,31.0,1,89.97,14.0
2,2026-03-17 02:51:31.965220,53.59,0.2533,32.0,2,89.93,13.0
2,2026-03-17 03:51:31.965220,53.62,0.23,33.0,3,89.88,12.0
2,2026-03-17 04:51:31.965220,53.91,0.1833,34.0,4,89.87,11.0
2,2026-03-17 05:51:31.965220,53.96,0.1233,35.0,5,89.85,10.0
2,2026-03-17 06:51:31.965220,55.5,0.6267,36.0,6,89.82,9.0
2,2026-03-17 07:51:31.965220,56.82,0.97,37.0,7,89.79,8.0
2,2026-03-17 08:51:31.965220,60.6,2.2133,38.0,8,89.75,7.0
2,2026-03-17 09:51:31.965220,63.43,2.6433,39.0,9,89.72,6.0
2,2026-03-17 10:51:31.965220,66.99,3.39,40.0,10,89.69,5.0
2,2026-03-17 11:51:31.965220,68.32,2.5733,41.0,11,89.68,4.0
2,2026-03-17 12:51:31.965220,72.05,2.8733,42.0,12,89.65,3.0
2,2026-03-17 13:51:31.965220,74.27,2.4267,43.0,13,89.62,2.0
2,2026-03-17 14:51:31.965220,79.18,3.62,44.0,14,89.6,1.0
2,2026-03-17 15:51:31.965220,80.44,2.7967,45.0,15,89.59,0.0
2,2026-03-18 10:51:31.965220,40.2,3.28,18.0,10,89.03,24.0
2,2026-03-18 11:51:31.965220,40.86,2.3033,19.0,11,88.99,23.0
2,2026-03-18 12:51:31.965220,43.75,2.6,20.0,12,88.97,22.0
2,2026-03-18 13:51:31.965220,47.74,2.5133,21.0,13,88.94,21.0
2,2026-03-18 14:51:31.965220,49.91,3.0167,22.0,14,88.93,20.0
2,2026-03-18 15:51:31.965220,50.52,2.2567,23.0,15,88.89,19.0
2,2026-03-18 16:51:31.965220,52.08,1.4467,24.0,16,88.86,18.0
2,2026-03-18 17:51:31.965220,55.02,1.7033,25.0,17,88.85,17.0
2,2026-03-18 18:51:31.965220,59.79,3.09,26.0,18,88.83,16.0
2,2026-03-18 19:51:31.965220,62.04,3.32,27.0,19,88.8,15.0
2,2026-03-18 20:51:31.965220,62.86,2.6133,28.0,20,88.78,14.0
2,2026-03-18 21:51:31.965220,63.44,1.2167,29.0,21,88.76,13.0
2,2026-03-18 22:51:31.965220,65.37,1.11,30.0,22,88.72,12.0
2,2026-03-18 23:51:31.965220,66.76,1.3,31.0,23,88.7,11.0
2,2026-03-19 00:51:31.965220,67.21,1.2567,32.0,0,88.69,10.0
2,2026-03-19 01:51:31.965220,67.66,0.7633,33.0,1,88.67,9.0
2,2026-03-19 02:51:31.965220,68.13,0.4567,34.0,2,88.64,8.0
2,2026-03-19 03:51:31.965220,68.27,0.3533,35.0,3,88.61,7.0
2,2026-03-19 04:51:31.965220,68.4,0.2467,36.0,4,88.57,6.0
2,2026-03-19 05:51:31.965220,68.9,0.2567,37.0,5,88.54,5.0
2,2026-03-19 06:51:31.965220,70.06,0.5967,38.0,6,88.5,4.0
2,2026-03-19 07:51:31.965220,70.7,0.7667,39.0,7,88.49,3.0
2,2026-03-19 08:51:31.965220,75.19,2.0967,40.0,8,88.47,2.0
2,2026-03-19 09:51:31.965220,79.79,3.2433,41.0,9,88.43,1.0
2,2026-03-19 10:51:31.965220,83.57,4.29,42.0,10,88.41,0.0
2,2026-03-20 09:51:31.965220,40.59,1.7867,22.0,9,87.68,24.0
2,2026-03-20 10:51:31.965220,44.42,2.7167,23.0,10,87.64,23.0
2,2026-03-20 11:51:31.965220,45.63,2.3967,24.0,11,87.6,22.0
2,2026-03-20 12:51:31.965220,48.97,2.7933,25.0,12,87.57,21.0
2,2026-03-20 13:51:31.965220,52.69,2.7567,26.0,13,87.55,20.0
2,2026-03-20 14:51:31.965220,55.11,3.16,27.0,14,87.52,19.0
2,2026-03-20 15:51:31.965220,56.73,2.5867,28.0,15,87.5,18.0
2,2026-03-20 16:51:31.965220,57.87,1.7267,29.0,16,87.47,17.0
2,2026-03-20 17:51:31.965220,60.94,1.9433,30.0,17,87.43,16.0
2,2026-03-20 18:51:31.965220,63.44,2.2367,31.0,18,87.4,15.0
2,2026-03-20 19:51:31.965220,66.27,2.8,32.0,19,87.38,14.0
2,2026-03-20 20:51:31.965220,67.44,2.1667,33.0,20,87.33,13.0
2,2026-03-20 21:51:31.965220,67.95,1.5033,34.0,21,87.32,12.0
2,2026-03-20 22:51:31.965220,69.83,1.1867,35.0,22,87.27,11.0
2,2026-03-20 23:51:31.965220,71.05,1.2033,36.0,23,87.22,10.0
2,2026-03-21 00:51:31.965220,71.13,1.06,37.0,0,87.21,9.0
2,2026-03-21 01:51:31.965220,71.33,0.5,38.0,1,87.19,8.0
2,2026-03-21 02:51:31.965220,71.76,0.2367,39.0,2,87.16,7.0
2,2026-03-21 03:51:31.965220,71.9,0.2567,40.0,3,87.12,6.0
2,2026-03-21 04:51:31.965220,71.95,0.2067,41.0,4,87.09,5.0
2,2026-03-21 05:51:31.965220,72.36,0.2,42.0,5,87.06,4.0
2,2026-03-21 06:51:31.965220,72.88,0.3267,43.0,6,87.04,3.0
2,2026-03-21 07:51:31.965220,74.01,0.6867,44.0,7,87.01,2.0
2,2026-03-21 08:51:31.965220,78.61,2.0833,45.0,8,86.99,1.0
2,2026-03-21 09:51:31.965220,81.12,2.7467,46.0,9,86.96,0.0
2,2026-03-21 18:51:31.965220,35.68,3.3933,8.0,18,86.71,24.0
2,2026-03-21 19:51:31.965220,38.26,4.0033,9.0,19,86.66,23.0
2,2026-03-21 20:51:31.965220,38.95,2.72,10.0,20,86.63,22.0
2,2026-03-21 21:51:31.965220,40.89,1.7367,11.0,21,86.61,21.0
2,2026-03-21 22:51:31.965220,42.02,1.2533,12.0,22,86.58,20.0
2,2026-03-21 23:51:31.965220,43.55,1.5333,13.0,23,86.54,19.0
2,2026-03-22 00:51:31.965220,43.79,0.9667,14.0,0,86.53,18.0
2,2026-03-22 01:51:31.965220,44.2,0.7267,15.0,1,86.49,17.0
2,2026-03-22 02:51:31.965220,44.59,0.3467,16.0,2,86.48,16.0
2,2026-03-22 03:51:31.965220,44.73,0.3133,17.0,3,86.43,15.0
2,2026-03-22 04:51:31.965220,44.82,0.2067,18.0,4,86.41,14.0
2,2026-03-22 05:51:31.965220,44.89,0.1,19.0,5,86.39,13.0
2,2026-03-22 06:51:31.965220,45.91,0.3933,20.0,6,86.36,12.0
2,2026-03-22 07:51:31.965220,47.78,0.9867,21.0,7,86.33,11.0
2,2026-03-22 08:51:31.965220,52.58,2.5633,22.0,8,86.29,10.0
2,2026-03-22 09:51:31.965220,56.09,3.3933,23.0,9,86.26,9.0
2,2026-03-22 10:51:31.965220,59.4,3.8733,24.0,10,86.22,8.0
2,2026-03-22 11:51:31.965220,61.31,2.91,25.0,11,86.2,7.0
2,2026-03-22 12:51:31.965220,66.02,3.31,26.0,12,86.19,6.0
2,2026-03-22 13:51:31.965220,68.52,3.04,27.0,13,86.18,5.0
2,2026-03-22 14:51:31.965220,71.05,3.2467,28.0,14,86.14,4.0
2,2026-03-22 15:51:31.965220,71.84,1.94,29.0,15,86.12,3.0
2,2026-03-22 16:51:31.965220,72.47,1.3167,30.0,16,86.09,2.0
2,2026-03-22 17:51:31.965220,76.52,1.8233,31.0,17,86.07,1.0
2,2026-03-22 18:51:31.965220,80.9,3.02,32.0,18,86.04,0.0
2,2026-03-23 12:51:31.965220,34.45,3.24,17.0,12,85.55,24.0
2,2026-03-23 13:51:31.965220,39.25,3.6,18.0,13,85.52,23.0
2,2026-03-23 14:51:31.965220,41.4,3.74,19.0,14,85.5,22.0
2,2026-03-23 15:51:31.965220,42.95,2.8333,20.0,15,85.46,21.0
2,2026-03-23 16:51:31.965220,43.86,1.5367,21.0,16,85.43,20.0
2,2026-03-23 17:51:31.965220,48.43,2.3433,22.0,17,85.39,19.0
2,2026-03-23 18:51:31.965220,52.29,3.1133,23.0,18,85.38,18.0
2,2026-03-23 19:51:31.965220,57.28,4.4733,24.0,19,85.37,17.0
2,2026-03-23 20:51:31.965220,58.43,3.3333,25.0,20,85.34,16.0
2,2026-03-23 21:51:31.965220,59.14,2.2833,26.0,21,85.3,15.0
2,2026-03-23 22:51:31.965220,60.33,1.0167,27.0,22,85.28,14.0
2,2026-03-23 23:51:31.965220,61.96,1.1767,28.0,23,85.25,13.0
2,2026-03-24 00:51:31.965220,62.36,1.0733,29.0,0,85.23,12.0
2,2026-03-24 01:51:31.965220,62.75,0.8067,30.0,1,85.18,11.0
2,2026-03-24 02:51:31.965220,62.81,0.2833,31.0,2,85.15,10.0
2,2026-03-24 03:51:31.965220,62.9,0.18,32.0,3,85.11,9.0
2,2026-03-24 04:51:31.965220,63.02,0.09,33.0,4,85.08,8.0
2,2026-03-24 05:51:31.965220,63.2,0.13,34.0,5,85.05,7.0
2,2026-03-24 06:51:31.965220,63.92,0.34,35.0,6,85.01,6.0
2,2026-03-24 07:51:31.965220,65.68,0.8867,36.0,7,84.97,5.0
2,2026-03-24 08:51:31.965220,68.27,1.69,37.0,8,84.95,4.0
2,2026-03-24 09:51:31.965220,73.21,3.0967,38.0,9,84.91,3.0
2,2026-03-24 10:51:31.965220,77.83,4.05,39.0,10,84.87,2.0
2,2026-03-24 11:51:31.965220,79.11,3.6133,40.0,11,84.85,1.0
2,2026-03-24 12:51:31.965220,81.67,2.82,41.0,12,84.82,0.0
2,2026-03-25 10:51:31.965220,42.94,2.2567,21.0,10,84.14,24.0
2,2026-03-25 11:51:31.965220,44.35,2.0467,22.0,11,84.1,23.0
2,2026-03-25 12:51:31.965220,47.34,2.3633,23.0,12,84.08,22.0
2,2026-03-25 13:51:31.965220,50.0,2.3533,24.0,13,84.03,21.0
2,2026-03-25 14:51:31.965220,52.65,2.7667,25.0,14,84.01,20.0
2,2026-03-25 15:51:31.965220,54.38,2.3467,26.0,15,83.99,19.0
2,2026-03-25 16:51:31.965220,55.12,1.7067,27.0,16,83.94,18.0
2,2026-03-25 17:51:31.965220,58.83,2.06,28.0,17,83.93,17.0
2,2026-03-25 18:51:31.965220,61.03,2.2167,29.0,18,83.89,16.0
2,2026-03-25 19:51:31.965220,63.23,2.7033,30.0,19,83.85,15.0
2,2026-03-25 20:51:31.965220,64.23,1.8,31.0,20,83.81,14.0
2,2026-03-25 21:51:31.965220,64.73,1.2333,32.0,21,83.78,13.0
2,2026-03-25 22:51:31.965220,66.2,0.99,33.0,22,83.74,12.0
2,2026-03-25 23:51:31.965220,67.92,1.23,34.0,23,83.71,11.0
2,2026-03-26 00:51:31.965220,68.1,1.1233,35.0,0,83.67,10.0
2,2026-03-26 01:51:31.965220,68.29,0.6967,36.0,1,83.62,9.0
2,2026-03-26 02:51:31.965220,68.64,0.24,37.0,2,83.58,8.0
2,2026-03-26 03:51:31.965220,68.85,0.25,38.0,3,83.54,7.0
2,2026-03-26 04:51:31.965220,69.2,0.3033,39.0,4,83.5,6.0
2,2026-03-26 05:51:31.965220,69.24,0.2,40.0,5,83.49,5.0
2,2026-03-26 06:51:31.965220,70.34,0.4967,41.0,6,83.44,4.0
2,2026-03-26 07:51:31.965220,71.23,0.6767,42.0,7,83.42,3.0
2,2026-03-26 08:51:31.965220,75.79,2.1833,43.0,8,83.38,2.0
2,2026-03-26 09:51:31.965220,78.52,2.7267,44.0,9,83.37,1.0
2,2026-03-26 10:51:31.965220,81.0,3.2567,45.0,10,83.34,0.0
2,2026-03-27 03:51:31.965220,35.91,0.41,16.0,3,82.8,24.0
2,2026-03-27 04:51:31.965220,36.29,0.4233,17.0,4,82.77,23.0
2,2026-03-27 05:51:31.965220,36.46,0.3267,18.0,5,82.74,22.0
2,2026-03-27 06:51:31.965220,37.36,0.4833,19.0,6,82.72,21.0
2,2026-03-27 07:51:31.965220,38.16,0.6233,20.0,7,82.7,20.0
2,2026-03-27 08:51:31.965220,40.71,1.4167,21.0,8,82.65,19.0
2,2026-03-27 09:51:31.965220,44.98,2.54,22.0,9,82.63,18.0
2,2026-03-27 10:51:31.965220,47.68,3.1733,23.0,10,82.61,17.0
2,2026-03-27 11:51:31.965220,48.57,2.62,24.0,11,82.6,16.0
2,2026-03-27 12:51:31.965220,52.04,2.3533,25.0,12,82.58,15.0
2,2026-03-27 13:51:31.965220,56.22,2.8467,26.0,13,82.55,14.0
2,2026-03-27 14:51:31.965220,60.66,4.03,27.0,14,82.51,13.0
2,2026-03-27 15:51:31.965220,61.22,3.06,28.0,15,82.48,12.0
2,2026-03-27 16:51:31.965220,62.44,2.0733,29.0,16,82.45,11.0
2,2026-03-27 17:51:31.965220,64.76,1.3667,30.0,17,82.41,10.0
2,2026-03-27 18:51:31.965220,69.63,2.8033,31.0,18,82.36,9.0
2,2026-03-27 19:51:31.965220,73.72,3.76,32.0,19,82.34,8.0
2,2026-03-27 20:51:31.965220,75.28,3.5067,33.0,20,82.32,7.0
2,2026-03-27 21:51:31.965220,75.84,2.07,34.0,21,82.29,6.0
2,2026-03-27 22:51:31.965220,77.6,1.2933,35.0,22,82.27,5.0
2,2026-03-27 23:51:31.965220,79.38,1.3667,36.0,23,82.22,4.0
2,2026-03-28 00:51:31.965220,79.43,1.1967,37.0,0,82.19,3.0
2,2026-03-28 01:51:31.965220,79.47,0.6233,38.0,1,82.15,2.0
2,2026-03-28 02:51:31.965220,79.75,0.1233,39.0,2,82.1,1.0
2,2026-03-28 03:51:31.965220,80.22,0.2633,40.0,3,82.06,0.0
2,2026-03-28 17:51:31.965220,37.84,1.5167,13.0,17,81.67,24.0
2,2026-03-28 18:51:31.965220,40.62,2.1233,14.0,18,81.65,23.0
2,2026-03-28 19:51:31.965220,44.6,3.1967,15.0,19,81.61,22.0
2,2026-03-28 20:51:31.965220,45.97,2.71,16.0,20,81.58,21.0
2,2026-03-28 21:51:31.965220,47.12,2.1667,17.0,21,81.55,20.0
2,2026-03-28 22:51:31.965220,47.96,1.12,18.0,22,81.51,19.0
2,2026-03-28 23:51:31.965220,48.97,1.0,19.0,23,81.49,18.0
2,2026-03-29 00:51:31.965220,49.02,0.6333,20.0,0,81.45,17.0
2,2026-03-29 01:51:31.965220,49.38,0.4733,21.0,1,81.41,16.0
2,2026-03-29 02:51:31.965220,49.42,0.15,22.0,2,81.36,15.0
2,2026-03-29 03:51:31.965220,49.53,0.17,23.0,3,81.35,14.0
2,2026-03-29 04:51:31.965220,49.76,0.1267,24.0,4,81.32,13.0
2,2026-03-29 05:51:31.965220,49.83,0.1367,25.0,5,81.3,12.0
2,2026-03-29 06:51:31.965220,51.09,0.52,26.0,6,81.29,11.0
2,2026-03-29 07:51:31.965220,52.98,1.0733,27.0,7,81.25,10.0
2,2026-03-29 08:51:31.965220,55.62,1.93,28.0,8,81.23,9.0
2,2026-03-29 09:51:31.965220,58.42,2.4433,29.0,9,81.19,8.0
2,2026-03-29 10:51:31.965220,62.97,3.33,30.0,10,81.15,7.0
2,2026-03-29 11:51:31.965220,64.05,2.81,31.0,11,81.11,6.0
2,2026-03-29 12:51:31.965220,66.92,2.8333,32.0,12,81.08,5.0
2,2026-03-29 13:51:31.965220,70.68,2.57,33.0,13,81.05,4.0
2,2026-03-29 14:51:31.965220,74.65,3.5333,34.0,14,81.02,3.0
2,2026-03-29 15:51:31.965220,76.52,3.2,35.0,15,80.98,2.0
2,2026-03-29 16:51:31.965220,78.46,2.5933,36.0,16,80.94,1.0
2,2026-03-29 17:51:31.965220,81.72,2.3567,37.0,17,80.91,0.0
2,2026-03-30 12:51:31.965220,36.71,2.71,18.0,12,80.4,24.0
2,2026-03-30 13:51:31.965220,41.12,3.0433,19.0,13,80.36,23.0
2,2026-03-30 14:51:31.965220,45.32,4.1267,20.0,14,80.34,22.0
2,2026-03-30 15:51:31.965220,46.7,3.33,21.0,15,80.31,21.0
2,2026-03-30 16:51:31.965220,47.48,2.12,22.0,16,80.29,20.0
2,2026-03-30 17:51:31.965220,50.83,1.8367,23.0,17,80.26,19.0
2,2026-03-30 18:51:31.965220,53.41,2.2367,24.0,18,80.24,18.0
2,2026-03-30 19:51:31.965220,57.21,3.2433,25.0,19,80.2,17.0
2,2026-03-30 20:51:31.965220,59.18,2.7833,26.0,20,80.18,16.0
2,2026-03-30 21:51:31.965220,60.31,2.3,27.0,21,80.13,15.0
2,2026-03-30 22:51:31.965220,61.78,1.5233,28.0,22,80.11,14.0
2,2026-03-30 23:51:31.965220,63.39,1.4033,29.0,23,80.1,13.0
2,2026-03-31 00:51:31.965220,63.82,1.17,30.0,0,80.08,12.0
2,2026-03-31 01:51:31.965220,63.88,0.7,31.0,1,80.05,11.0
2,2026-03-31 02:51:31.965220,64.36,0.3233,32.0,2,80.02,10.0
2,2026-03-31 03:51:31.965220,64.45,0.21,33.0,3,79.99,9.0
2,2026-03-31 04:51:31.965220,64.49,0.2033,34.0,4,79.96,8.0
2,2026-03-31 05:51:31.965220,64.89,0.1767,35.0,5,79.93,7.0
2,2026-03-31 06:51:31.965220,66.65,0.7333,36.0,6,79.92,6.0
2,2026-03-31 07:51:31.965220,68.45,1.32,37.0,7,79.87,5.0
2,2026-03-31 08:51:31.965220,71.21,2.1067,38.0,8,79.86,4.0
2,2026-03-31 09:51:31.965220,75.7,3.0167,39.0,9,79.83,3.0
2,2026-03-31 10:51:31.965220,78.14,3.23,40.0,10,79.79,2.0
2,2026-03-31 11:51:31.965220,78.9,2.5633,41.0,11,79.76,1.0
2,2026-03-31 12:51:31.965220,82.4,2.2333,42.0,12,79.72,0.0
2,2026-04-01 01:51:31.965220,33.97,0.51,12.0,1,79.41,24.0
2,2026-04-01 02:51:31.965220,34.45,0.36,13.0,2,79.38,23.0
2,2026-04-01 03:51:31.965220,34.64,0.3,14.0,3,79.35,22.0
2,2026-04-01 04:51:31.965220,35.03,0.3533,15.0,4,79.33,21.0
2,2026-04-01 05:51:31.965220,35.1,0.2167,16.0,5,79.29,20.0
2,2026-04-01 06:51:31.965220,37.01,0.79,17.0,6,79.27,19.0
2,2026-04-01 07:51:31.965220,38.37,1.1133,18.0,7,79.22,18.0
2,2026-04-01 08:51:31.965220,41.51,2.1367,19.0,8,79.18,17.0
2,2026-04-01 09:51:31.965220,45.43,2.8067,20.0,9,79.14,16.0
2,2026-04-01 10:51:31.965220,49.19,3.6067,21.0,10,79.1,15.0
2,2026-04-01 11:51:31.965220,50.88,3.1233,22.0,11,79.08,14.0
2,2026-04-01 12:51:31.965220,53.15,2.5733,23.0,12,79.06,13.0
2,2026-04-01 13:51:31.965220,57.89,2.9,24.0,13,79.02,12.0
2,2026-04-01 14:51:31.965220,61.8,3.64,25.0,14,78.97,11.0
2,2026-04-01 15:51:31.965220,62.83,3.2267,26.0,15,78.93,10.0
2,2026-04-01 16:51:31.965220,63.38,1.83,27.0,16,78.88,9.0
2,2026-04-01 17:51:31.965220,67.3,1.8333,28.0,17,78.83,8.0
2,2026-04-01 18:51:31.965220,71.01,2.7267,29.0,18,78.81,7.0
2,2026-04-01 19:51:31.965220,75.51,4.0433,30.0,19,78.78,6.0
2,2026-04-01 20:51:31.965220,76.36,3.02,31.0,20,78.75,5.0
2,2026-04-01 21:51:31.965220,77.82,2.27,32.0,21,78.74,4.0
2,2026-04-01 22:51:31.965220,78.47,0.9867,33.0,22,78.69,3.0
2,2026-04-01 23:51:31.965220,79.38,1.0067,34.0,23,78.65,2.0
2,2026-04-02 00:51:31.965220,79.65,0.61,35.0,0,78.63,1.0
2,2026-04-02 01:51:31.965220,80.01,0.5133,36.0,1,78.6,0.0
2,2026-04-02 13:51:31.965220,33.08,3.59,11.0,13,78.27,24.0
2,2026-04-02 14:51:31.965220,37.54,4.7933,12.0,14,78.23,23.0
2,2026-04-02 15:51:31.965220,38.15,3.3533,13.0,15,78.2,22.0
2,2026-04-02 16:51:31.965220,40.06,2.3267,14.0,16,78.18,21.0
2,2026-04-02 17:51:31.965220,44.74,2.4,15.0,17,78.13,20.0
2,2026-04-02 18:51:31.965220,49.3,3.7167,16.0,18,78.09,19.0
2,2026-04-02 19:51:31.965220,51.37,3.77,17.0,19,78.05,18.0
2,2026-04-02 20:51:31.965220,52.09,2.45,18.0,20,78.02,17.0
2,2026-04-02 21:51:31.965220,53.23,1.31,19.0,21,77.97,16.0
2,2026-04-02 22:51:31.965220,54.3,0.9767,20.0,22,77.95,15.0
2,2026-04-02 23:51:31.965220,55.39,1.1,21.0,23,77.93,14.0
2,2026-04-03 00:51:31.965220,55.8,0.8567,22.0,0,77.89,13.0
2,2026-04-03 01:51:31.965220,56.05,0.5833,23.0,1,77.88,12.0
2,2026-04-03 02:51:31.965220,56.29,0.3,24.0,2,77.83,11.0
2,2026-04-03 03:51:31.965220,56.47,0.2233,25.0,3,77.8,10.0
2,2026-04-03 04:51:31.965220,56.8,0.25,26.0,4,77.76,9.0
2,2026-04-03 05:51:31.965220,56.81,0.1733,27.0,5,77.73,8.0
2,2026-04-03 06:51:31.965220,58.64,0.7233,28.0,6,77.68,7.0
2,2026-04-03 07:51:31.965220,59.5,0.9,29.0,7,77.65,6.0
2,2026-04-03 08:51:31.965220,63.66,2.2833,30.0,8,77.62,5.0
2,2026-04-03 09:51:31.965220,68.4,3.2533,31.0,9,77.59,4.0
2,2026-04-03 10:51:31.965220,70.88,3.7933,32.0,10,77.57,3.0
2,2026-04-03 11:51:31.965220,71.46,2.6,33.0,11,77.53,2.0
2,2026-04-03 12:51:31.965220,76.16,2.5867,34.0,12,77.5,1.0
2,2026-04-03 13:51:31.965220,80.66,3.26,35.0,13,77.48,0.0
2,2026-04-04 09:51:31.965220,41.74,2.3133,19.0,9,76.9,24.0
2,2026-04-04 10:51:31.965220,44.03,2.8467,20.0,10,76.85,23.0
2,2026-04-04 11:51:31.965220,44.75,1.77,21.0,11,76.82,22.0
2,2026-04-04 12:51:31.965220,48.93,2.3967,22.0,12,76.77,21.0
2,2026-04-04 13:51:31.965220,51.34,2.4367,23.0,13,76.75,20.0
2,2026-04-04 14:51:31.965220,53.4,2.8833,24.0,14,76.73,19.0
2,2026-04-04 15:51:31.965220,54.1,1.7233,25.0,15,76.68,18.0
2,2026-04-04 16:51:31.965220,55.16,1.2733,26.0,16,76.65,17.0
2,2026-04-04 17:51:31.965220,58.74,1.78,27.0,17,76.62,16.0
2,2026-04-04 18:51:31.965220,63.31,3.07,28.0,18,76.61,15.0
2,2026-04-04 19:51:31.965220,67.93,4.2567,29.0,19,76.58,14.0
2,2026-04-04 20:51:31.965220,68.95,3.4033,30.0,20,76.54,13.0
2,2026-04-04 21:51:31.965220,69.87,2.1867,31.0,21,76.52,12.0
2,2026-04-04 22:51:31.965220,71.74,1.27,32.0,22,76.5,11.0
2,2026-04-04 23:51:31.965220,72.38,1.1433,33.0,23,76.46,10.0
2,2026-04-05 00:51:31.965220,72.72,0.95,34.0,0,76.44,9.0
2,2026-04-05 01:51:31.965220,73.0,0.42,35.0,1,76.42,8.0
2,2026-04-05 02:51:31.965220,73.07,0.23,36.0,2,76.38,7.0
2,2026-04-05 03:51:31.965220,73.44,0.24,37.0,3,76.36,6.0
2,2026-04-05 04:51:31.965220,73.66,0.22,38.0,4,76.35,5.0
2,2026-04-05 05:51:31.965220,73.75,0.2267,39.0,5,76.32,4.0
2,2026-04-05 06:51:31.965220,75.39,0.65,40.0,6,76.29,3.0
2,2026-04-05 07:51:31.965220,76.27,0.87,41.0,7,76.25,2.0
2,2026-04-05 08:51:31.965220,78.73,1.66,42.0,8,76.24,1.0
2,2026-04-05 09:51:31.965220,81.87,2.16,43.0,9,76.2,0.0
2,2026-04-05 21:51:31.965220,34.03,1.9533,11.0,21,75.87,24.0
2,2026-04-05 22:51:31.965220,34.53,0.7233,12.0,22,75.82,23.0
2,2026-04-05 23:51:31.965220,36.33,1.12,13.0,23,75.81,22.0
2,2026-04-06 00:51:31.965220,36.71,0.8933,14.0,0,75.77,21.0
2,2026-04-06 01:51:31.965220,36.83,0.7667,15.0,1,75.74,20.0
2,2026-04-06 02:51:31.965220,37.08,0.25,16.0,2,75.71,19.0
2,2026-04-06 03:51:31.965220,37.49,0.26,17.0,3,75.68,18.0
2,2026-04-06 04:51:31.965220,37.79,0.32,18.0,4,75.65,17.0
2,2026-04-06 05:51:31.965220,38.14,0.3533,19.0,5,75.61,16.0
2,2026-04-06 06:51:31.965220,39.87,0.7933,20.0,6,75.57,15.0
2,2026-04-06 07:51:31.965220,41.47,1.2267,21.0,7,75.56,14.0
2,2026-04-06 08:51:31.965220,44.04,1.9667,22.0,8,75.55,13.0
2,2026-04-06 09:51:31.965220,47.89,2.6733,23.0,9,75.5,12.0
2,2026-04-06 10:51:31.965220,52.37,3.6333,24.0,10,75.46,11.0
2,2026-04-06 11:51:31.965220,53.51,3.1567,25.0,11,75.42,10.0
2,2026-04-06 12:51:31.965220,57.25,3.12,26.0,12,75.4,9.0
2,2026-04-06 13:51:31.965220,61.61,3.08,27.0,13,75.38,8.0
2,2026-04-06 14:51:31.965220,63.79,3.4267,28.0,14,75.35,7.0
2,2026-04-06 15:51:31.965220,65.4,2.7167,29.0,15,75.31,6.0
2,2026-04-06 16:51:31.965220,67.25,1.88,30.0,16,75.29,5.0
2,2026-04-06 17:51:31.965220,69.55,1.92,31.0,17,75.26,4.0
2,2026-04-06 18:51:31.965220,73.23,2.61,32.0,18,75.25,3.0
2,2026-04-06 19:51:31.965220,77.46,3.4033,33.0,19,75.22,2.0
2,2026-04-06 20:51:31.965220,78.47,2.9733,34.0,20,75.2,1.0
2,2026-04-06 21:51:31.965220,80.09,2.2867,35.0,21,75.19,0.0
2,2026-04-07 18:51:31.965220,41.74,2.43,20.0,18,74.53,24.0
2,2026-04-07 19:51:31.965220,46.57,3.8133,21.0,19,74.52,23.0
2,2026-04-07 20:51:31.965220,47.61,2.7067,22.0,20,74.48,22.0
2,2026-04-07 21:51:31.965220,49.05,2.4367,23.0,21,74.46,21.0
2,2026-04-07 22:51:31.965220,50.26,1.23,24.0,22,74.42,20.0
2,2026-04-07 23:51:31.965220,51.24,1.21,25.0,23,74.38,19.0
2,2026-04-08 00:51:31.965220,51.26,0.7367,26.0,0,74.36,18.0
2,2026-04-08 01:51:31.965220,51.66,0.4667,27.0,1,74.33,17.0
2,2026-04-08 02:51:31.965220,51.88,0.2133,28.0,2,74.29,16.0
2,2026-04-08 03:51:31.965220,51.92,0.22,29.0,3,74.28,15.0
2,2026-04-08 04:51:31.965220,52.07,0.1367,30.0,4,74.24,14.0
2,2026-04-08 05:51:31.965220,52.48,0.2,31.0,5,74.19,13.0
2,2026-04-08 06:51:31.965220,53.34,0.4733,32.0,6,74.18,12.0
2,2026-04-08 07:51:31.965220,53.9,0.61,33.0,7,74.14,11.0
2,2026-04-08 08:51:31.965220,58.31,1.9433,34.0,8,74.1,10.0
2,2026-04-08 09:51:31.965220,60.47,2.3767,35.0,9,74.07,9.0
2,2026-04-08 10:51:31.965220,64.68,3.5933,36.0,10,74.05,8.0
2,2026-04-08 11:51:31.965220,65.23,2.3067,37.0,11,74.04,7.0
2,2026-04-08 12:51:31.965220,68.31,2.6133,38.0,12,74.02,6.0
2,2026-04-08 13:51:31.965220,71.82,2.38,39.0,13,73.99,5.0
2,2026-04-08 14:51:31.965220,75.53,3.4333,40.0,14,73.94,4.0
2,2026-04-08 15:51:31.965220,76.38,2.69,41.0,15,73.92,3.0
2,2026-04-08 16:51:31.965220,77.2,1.7933,42.0,16,73.9,2.0
2,2026-04-08 17:51:31.965220,79.48,1.3167,43.0,17,73.86,1.0
2,2026-04-08 18:51:31.965220,83.05,2.2233,44.0,18,73.84,0.0
2,2026-04-09 18:51:31.965220,43.43,2.74,23.0,18,73.25,24.0
2,2026-04-09 19:51:31.965220,45.72,2.9667,24.0,19,73.24,23.0
2,2026-04-09 20:51:31.965220,46.32,2.0633,25.0,20,73.19,22.0
2,2026-04-09 21:51:31.965220,48.26,1.61,26.0,21,73.15,21.0
2,2026-04-09 22:51:31.965220,49.41,1.23,27.0,22,73.12,20.0
2,2026-04-09 23:51:31.965220,50.48,1.3867,28.0,23,73.09,19.0
2,2026-04-10 00:51:31.965220,50.54,0.76,29.0,0,73.07,18.0
2,2026-04-10 01:51:31.965220,50.71,0.4333,30.0,1,73.05,17.0
2,2026-04-10 02:51:31.965220,50.72,0.08,31.0,2,73.02,16.0
2,2026-04-10 03:51:31.965220,50.84,0.1,32.0,3,72.97,15.0
2,2026-04-10 04:51:31.965220,51.1,0.13,33.0,4,72.94,14.0
2,2026-04-10 05:51:31.965220,51.12,0.1333,34.0,5,72.92,13.0
2,2026-04-10 06:51:31.965220,52.06,0.4067,35.0,6,72.91,12.0
2,2026-04-10 07:51:31.965220,53.01,0.6367,36.0,7,72.86,11.0
2,2026-04-10 08:51:31.965220,55.62,1.5,37.0,8,72.82,10.0
2,2026-04-10 09:51:31.965220,57.81,1.9167,38.0,9,72.8,9.0
2,2026-04-10 10:51:31.965220,60.89,2.6267,39.0,10,72.76,8.0
2,2026-04-10 11:51:31.965220,62.76,2.38,40.0,11,72.74,7.0
2,2026-04-10 12:51:31.965220,65.55,2.58,41.0,12,72.7,6.0
2,2026-04-10 13:51:31.965220,68.26,2.4567,42.0,13,72.67,5.0
2,2026-04-10 14:51:31.965220,71.91,3.05,43.0,14,72.63,4.0
2,2026-04-10 15:51:31.965220,73.73,2.7267,44.0,15,72.61,3.0
2,2026-04-10 16:51:31.965220,75.39,2.3767,45.0,16,72.58,2.0
2,2026-04-10 17:51:31.965220,77.99,2.0267,46.0,17,72.55,1.0
2,2026-04-10 18:51:31.965220,80.03,2.1,47.0,18,72.51,0.0
2,2026-04-11 13:51:31.965220,38.37,2.5467,18.0,13,71.93,24.0
2,2026-04-11 14:51:31.965220,41.35,2.9167,19.0,14,71.89,23.0
2,2026-04-11 15:51:31.965220,42.52,2.62,20.0,15,71.88,22.0
2,2026-04-11 16:51:31.965220,43.43,1.6867,21.0,16,71.86,21.0
2,2026-04-11 17:51:31.965220,47.22,1.9567,22.0,17,71.82,20.0
2,2026-04-11 18:51:31.965220,51.79,3.09,23.0,18,71.77,19.0
2,2026-04-11 19:51:31.965220,55.07,3.88,24.0,19,71.73,18.0
2,2026-04-11 20:51:31.965220,55.96,2.9133,25.0,20,71.71,17.0
2,2026-04-11 21:51:31.965220,57.94,2.05,26.0,21,71.69,16.0
2,2026-04-11 22:51:31.965220,59.69,1.54,27.0,22,71.67,15.0
2,2026-04-11 23:51:31.965220,60.74,1.5933,28.0,23,71.62,14.0
2,2026-04-12 00:51:31.965220,60.86,0.9733,29.0,0,71.59,13.0
2,2026-04-12 01:51:31.965220,60.94,0.4167,30.0,1,71.56,12.0
2,2026-04-12 02:51:31.965220,61.03,0.0967,31.0,2,71.54,11.0
2,2026-04-12 03:51:31.965220,61.07,0.07,32.0,3,71.52,10.0
2,2026-04-12 04:51:31.965220,61.34,0.1333,33.0,4,71.5,9.0
2,2026-04-12 05:51:31.965220,61.38,0.1167,34.0,5,71.49,8.0
2,2026-04-12 06:51:31.965220,61.9,0.2767,35.0,6,71.47,7.0
2,2026-04-12 07:51:31.965220,62.83,0.4967,36.0,7,71.43,6.0
2,2026-04-12 08:51:31.965220,65.39,1.3367,37.0,8,71.38,5.0
2,2026-04-12 09:51:31.965220,69.5,2.5333,38.0,9,71.34,4.0
2,2026-04-12 10:51:31.965220,72.5,3.2233,39.0,10,71.32,3.0
2,2026-04-12 11:51:31.965220,73.42,2.6767,40.0,11,71.27,2.0
2,2026-04-12 12:51:31.965220,77.77,2.7567,41.0,12,71.26,1.0
2,2026-04-12 13:51:31.965220,80.83,2.7767,42.0,13,71.23,0.0
2,2026-04-13 08:51:31.965220,37.84,2.3867,18.0,8,70.65,24.0
2,2026-04-13 09:51:31.965220,40.19,2.9033,19.0,9,70.62,23.0
2,2026-04-13 10:51:31.965220,43.95,3.59,20.0,10,70.57,22.0
2,2026-04-13 11:51:31.965220,45.75,2.6367,21.0,11,70.52,21.0
2,2026-04-13 12:51:31.965220,48.91,2.9067,22.0,12,70.48,20.0
2,2026-04-13 13:51:31.965220,51.85,2.6333,23.0,13,70.44,19.0
2,2026-04-13 14:51:31.965220,55.59,3.28,24.0,14,70.41,18.0
2,2026-04-13 15:51:31.965220,56.94,2.6767,25.0,15,70.4,17.0
2,2026-04-13 16:51:31.965220,57.91,2.02,26.0,16,70.38,16.0
2,2026-04-13 17:51:31.965220,60.66,1.69,27.0,17,70.37,15.0
2,2026-04-13 18:51:31.965220,63.79,2.2833,28.0,18,70.32,14.0
2,2026-04-13 19:51:31.965220,67.72,3.27,29.0,19,70.29,13.0
2,2026-04-13 20:51:31.965220,69.31,2.8833,30.0,20,70.25,12.0
2,2026-04-13 21:51:31.965220,70.4,2.2033,31.0,21,70.23,11.0
2,2026-04-13 22:51:31.965220,71.05,1.11,32.0,22,70.22,10.0
2,2026-04-13 23:51:31.965220,72.35,1.0133,33.0,23,70.17,9.0
2,2026-04-14 00:51:31.965220,72.5,0.7,34.0,0,70.15,8.0
2,2026-04-14 01:51:31.965220,72.72,0.5567,35.0,1,70.13,7.0
2,2026-04-14 02:51:31.965220,72.78,0.1433,36.0,2,70.1,6.0
2,2026-04-14 03:51:31.965220,72.86,0.12,37.0,3,70.06,5.0
2,2026-04-14 04:51:31.965220,72.88,0.0533,38.0,4,70.03,4.0
2,2026-04-14 05:51:31.965220,73.25,0.1567,39.0,5,69.99,3.0
2,2026-04-14 06:51:31.965220,74.91,0.6833,40.0,6,69.95,2.0
2,2026-04-14 07:51:31.965220,76.9,1.34,41.0,7,69.91,1.0
2,2026-04-14 08:51:31.965220,81.0,2.5833,42.0,8,69.89,0.0
2,2026-04-14 19:51:31.965220,36.85,4.13,10.0,19,69.56,24.0
2,2026-04-14 20:51:31.965220,38.83,3.1833,11.0,20,69.52,23.0
2,2026-04-14 21:51:31.965220,39.82,2.5733,12.0,21,69.49,22.0
2,2026-04-14 22:51:31.965220,41.3,1.4833,13.0,22,69.46,21.0
2,2026-04-14 23:51:31.965220,41.81,0.9933,14.0,23,69.43,20.0
2,2026-04-15 00:51:31.965220,41.86,0.68,15.0,0,69.38,19.0
2,2026-04-15 01:51:31.965220,42.17,0.29,16.0,1,69.37,18.0
2,2026-04-15 02:51:31.965220,42.27,0.1533,17.0,2,69.35,17.0
2,2026-04-15 03:51:31.965220,42.68,0.2733,18.0,3,69.34,16.0
2,2026-04-15 04:51:31.965220,43.02,0.2833,19.0,4,69.32,15.0
2,2026-04-15 05:51:31.965220,43.1,0.2767,20.0,5,69.28,14.0
2,2026-04-15 06:51:31.965220,43.95,0.4233,21.0,6,69.24,13.0
2,2026-04-15 07:51:31.965220,45.45,0.81,22.0,7,69.21,12.0
2,2026-04-15 08:51:31.965220,49.2,2.0333,23.0,8,69.16,11.0
2,2026-04-15 09:51:31.965220,53.44,3.1633,24.0,9,69.12,10.0
2,2026-04-15 10:51:31.965220,56.48,3.6767,25.0,10,69.09,9.0
2,2026-04-15 11:51:31.965220,57.78,2.86,26.0,11,69.07,8.0
2,2026-04-15 12:51:31.965220,60.51,2.3567,27.0,12,69.04,7.0
2,2026-04-15 13:51:31.965220,62.62,2.0467,28.0,13,69.02,6.0
2,2026-04-15 14:51:31.965220,66.93,3.05,29.0,14,68.98,5.0
2,2026-04-15 15:51:31.965220,67.58,2.3567,30.0,15,68.95,4.0
2,2026-04-15 16:51:31.965220,69.52,2.3,31.0,16,68.92,3.0
2,2026-04-15 17:51:31.965220,74.39,2.4867,32.0,17,68.89,2.0
2,2026-04-15 18:51:31.965220,79.1,3.84,33.0,18,68.87,1.0
2,2026-04-15 19:51:31.965220,83.69,4.7233,34.0,19,68.85,0.0
2,2026-04-16 14:51:31.965220,35.3,2.7567,18.0,14,68.3,24.0
2,2026-04-16 15:51:31.965220,36.64,2.03,19.0,15,68.27,23.0
2,2026-04-16 16:51:31.965220,37.61,1.6767,20.0,16,68.23,22.0
2,2026-04-16 17:51:31.965220,41.23,1.9767,21.0,17,68.19,21.0
2,2026-04-16 18:51:31.965220,44.77,2.71,22.0,18,68.17,20.0
2,2026-04-16 19:51:31.965220,49.33,3.9067,23.0,19,68.13,19.0
2,2026-04-16 20:51:31.965220,51.11,3.2933,24.0,20,68.08,18.0
2,2026-04-16 21:51:31.965220,51.74,2.3233,25.0,21,68.05,17.0
2,2026-04-16 22:51:31.965220,53.57,1.4133,26.0,22,68.01,16.0
2,2026-04-16 23:51:31.965220,55.21,1.3667,27.0,23,67.97,15.0
2,2026-04-17 00:51:31.965220,55.35,1.2033,28.0,0,67.94,14.0
2,2026-04-17 01:51:31.965220,55.51,0.6467,29.0,1,67.89,13.0
2,2026-04-17 02:51:31.965220,55.62,0.1367,30.0,2,67.88,12.0
2,2026-04-17 03:51:31.965220,55.85,0.1667,31.0,3,67.86,11.0
2,2026-04-17 04:51:31.965220,55.91,0.1333,32.0,4,67.84,10.0
2,2026-04-17 05:51:31.965220,56.29,0.2233,33.0,5,67.8,9.0
2,2026-04-17 06:51:31.965220,58.19,0.78,34.0,6,67.76,8.0
2,2026-04-17 07:51:31.965220,59.68,1.2567,35.0,7,67.71,7.0
2,2026-04-17 08:51:31.965220,64.05,2.5867,36.0,8,67.67,6.0
2,2026-04-17 09:51:31.965220,68.75,3.52,37.0,9,67.65,5.0
2,2026-04-17 10:51:31.965220,72.19,4.17,38.0,10,67.63,4.0
2,2026-04-17 11:51:31.965220,73.07,3.0067,39.0,11,67.61,3.0
2,2026-04-17 12:51:31.965220,75.47,2.24,40.0,12,67.57,2.0
2,2026-04-17 13:51:31.965220,77.56,1.79,41.0,13,67.55,1.0
2,2026-04-17 14:51:31.965220,81.25,2.7267,42.0,14,67.51,0.0
2,2026-04-18 09:51:31.965220,40.02,2.5567,18.0,9,66.92,24.0
2,2026-04-18 10:51:31.965220,43.56,3.28,19.0,10,66.91,23.0
2,2026-04-18 11:51:31.965220,44.56,2.5033,20.0,11,66.87,22.0
2,2026-04-18 12:51:31.965220,47.6,2.5267,21.0,12,66.85,21.0
2,2026-04-18 13:51:31.965220,52.56,3.0,22.0,13,66.83,20.0
2,2026-04-18 14:51:31.965220,55.65,3.6967,23.0,14,66.81,19.0
2,2026-04-18 15:51:31.965220,57.06,3.1533,24.0,15,66.76,18.0
2,2026-04-18 16:51:31.965220,58.0,1.8133,25.0,16,66.73,17.0
2,2026-04-18 17:51:31.965220,60.99,1.78,26.0,17,66.7,16.0
2,2026-04-18 18:51:31.965220,65.15,2.6967,27.0,18,66.69,15.0
2,2026-04-18 19:51:31.965220,67.16,3.0533,28.0,19,66.65,14.0
2,2026-04-18 20:51:31.965220,68.37,2.46,29.0,20,66.62,13.0
2,2026-04-18 21:51:31.965220,69.85,1.5667,30.0,21,66.58,12.0
2,2026-04-18 22:51:31.965220,70.76,1.2,31.0,22,66.57,11.0
2,2026-04-18 23:51:31.965220,72.56,1.3967,32.0,23,66.55,10.0
2,2026-04-19 00:51:31.965220,72.89,1.0133,33.0,0,66.5,9.0
2,2026-04-19 01:51:31.965220,73.31,0.85,34.0,1,66.49,8.0
2,2026-04-19 02:51:31.965220,73.35,0.2633,35.0,2,66.48,7.0
2,2026-04-19 03:51:31.965220,73.51,0.2067,36.0,3,66.45,6.0
2,2026-04-19 04:51:31.965220,73.72,0.1367,37.0,4,66.41,5.0
2,2026-04-19 05:51:31.965220,73.8,0.15,38.0,5,66.36,4.0
2,2026-04-19 06:51:31.965220,74.81,0.4333,39.0,6,66.34,3.0
2,2026-04-19 07:51:31.965220,75.44,0.5733,40.0,7,66.31,2.0
2,2026-04-19 08:51:31.965220,77.82,1.34,41.0,8,66.3,1.0
2,2026-04-19 09:51:31.965220,82.32,2.5033,42.0,9,66.26,0.0
2,2026-04-19 23:51:31.965220,36.48,1.4433,13.0,23,65.83,24.0
2,2026-04-20 00:51:31.965220,36.88,0.9567,14.0,0,65.79,23.0
2,2026-04-20 01:51:31.965220,37.06,0.61,15.0,1,65.74,22.0
2,2026-04-20 02:51:31.965220,37.33,0.2833,16.0,2,65.73,21.0
2,2026-04-20 03:51:31.965220,37.76,0.2933,17.0,3,65.71,20.0
2,2026-04-20 04:51:31.965220,38.23,0.39,18.0,4,65.67,19.0
2,2026-04-20 05:51:31.965220,38.25,0.3067,19.0,5,65.66,18.0
2,2026-04-20 06:51:31.965220,39.29,0.51,20.0,6,65.62,17.0
2,2026-04-20 07:51:31.965220,41.1,0.9567,21.0,7,65.58,16.0
2,2026-04-20 08:51:31.965220,43.69,1.8133,22.0,8,65.53,15.0
2,2026-04-20 09:51:31.965220,48.53,3.08,23.0,9,65.52,14.0
2,2026-04-20 10:51:31.965220,51.46,3.4533,24.0,10,65.49,13.0
2,2026-04-20 11:51:31.965220,52.01,2.7733,25.0,11,65.48,12.0
2,2026-04-20 12:51:31.965220,56.26,2.5767,26.0,12,65.43,11.0
2,2026-04-20 13:51:31.965220,61.25,3.2633,27.0,13,65.4,10.0
2,2026-04-20 14:51:31.965220,66.21,4.7333,28.0,14,65.38,9.0
2,2026-04-20 15:51:31.965220,67.21,3.65,29.0,15,65.35,8.0
2,2026-04-20 16:51:31.965220,67.8,2.1833,30.0,16,65.34,7.0
2,2026-04-20 17:51:31.965220,70.49,1.4267,31.0,17,65.32,6.0
2,2026-04-20 18:51:31.965220,72.6,1.7967,32.0,18,65.27,5.0
2,2026-04-20 19:51:31.965220,75.37,2.5233,33.0,19,65.23,4.0
2,2026-04-20 20:51:31.965220,76.56,2.0233,34.0,20,65.21,3.0
2,2026-04-20 21:51:31.965220,77.89,1.7633,35.0,21,65.17,2.0
2,2026-04-20 22:51:31.965220,78.79,1.14,36.0,22,65.15,1.0
2,2026-04-20 23:51:31.965220,80.57,1.3367,37.0,23,65.1,0.0
2,2026-04-21 13:51:31.965220,33.38,3.3933,13.0,13,64.68,24.0
2,2026-04-21 14:51:31.965220,38.34,4.5,14.0,14,64.67,23.0
2,2026-04-21 15:51:31.965220,38.96,3.45,15.0,15,64.62,22.0
2,2026-04-21 16:51:31.965220,40.08,2.2333,16.0,16,64.6,21.0
2,2026-04-21 17:51:31.965220,43.91,1.8567,17.0,17,64.59,20.0
2,2026-04-21 18:51:31.965220,47.66,2.9,18.0,18,64.55,19.0
2,2026-04-21 19:51:31.965220,51.5,3.8067,19.0,19,64.53,18.0
2,2026-04-21 20:51:31.965220,53.44,3.1767,20.0,20,64.52,17.0
2,2026-04-21 21:51:31.965220,55.16,2.5,21.0,21,64.49,16.0
2,2026-04-21 22:51:31.965220,56.63,1.71,22.0,22,64.45,15.0
2,2026-04-21 23:51:31.965220,57.88,1.48,23.0,23,64.4,14.0
2,2026-04-22 00:51:31.965220,58.35,1.0633,24.0,0,64.36,13.0
2,2026-04-22 01:51:31.965220,58.49,0.62,25.0,1,64.32,12.0
2,2026-04-22 02:51:31.965220,58.64,0.2533,26.0,2,64.28,11.0
2,2026-04-22 03:51:31.965220,58.66,0.1033,27.0,3,64.27,10.0
2,2026-04-22 04:51:31.965220,58.73,0.08,28.0,4,64.24,9.0
2,2026-04-22 05:51:31.965220,59.06,0.14,29.0,5,64.2,8.0
2,2026-04-22 06:51:31.965220,61.04,0.7933,30.0,6,64.19,7.0
2,2026-04-22 07:51:31.965220,62.58,1.2833,31.0,7,64.16,6.0
2,2026-04-22 08:51:31.965220,66.12,2.3533,32.0,8,64.14,5.0
2,2026-04-22 09:51:31.965220,70.01,2.99,33.0,9,64.11,4.0
2,2026-04-22 10:51:31.965220,74.17,3.8633,34.0,10,64.08,3.0
2,2026-04-22 11:51:31.965220,75.11,2.9967,35.0,11,64.05,2.0
2,2026-04-22 12:51:31.965220,79.23,3.0733,36.0,12,64.01,1.0
2,2026-04-22 13:51:31.965220,83.31,3.0467,37.0,13,63.96,0.0
2,2026-04-23 10:51:31.965220,39.56,3.69,20.0,10,63.34,24.0
2,2026-04-23 11:51:31.965220,40.96,2.51,21.0,11,63.32,23.0
2,2026-04-23 12:51:31.965220,44.53,2.7067,22.0,12,63.3,22.0
2,2026-04-23 13:51:31.965220,47.58,2.6733,23.0,13,63.27,21.0
2,2026-04-23 14:51:31.965220,50.73,3.2567,24.0,14,63.25,20.0
2,2026-04-23 15:51:31.965220,51.9,2.4567,25.0,15,63.2,19.0
2,2026-04-23 16:51:31.965220,52.49,1.6367,26.0,16,63.17,18.0
2,2026-04-23 17:51:31.965220,56.02,1.7633,27.0,17,63.14,17.0
2,2026-04-23 18:51:31.965220,60.9,3.0,28.0,18,63.12,16.0
2,2026-04-23 19:51:31.965220,63.96,3.8233,29.0,19,63.09,15.0
2,2026-04-23 20:51:31.965220,65.38,3.12,30.0,20,63.07,14.0
2,2026-04-23 21:51:31.965220,67.1,2.0667,31.0,21,63.05,13.0
2,2026-04-23 22:51:31.965220,67.86,1.3,32.0,22,63.01,12.0
2,2026-04-23 23:51:31.965220,68.54,1.0533,33.0,23,62.97,11.0
2,2026-04-24 00:51:31.965220,69.0,0.6333,34.0,0,62.92,10.0
2,2026-04-24 01:51:31.965220,69.3,0.48,35.0,1,62.88,9.0
2,2026-04-24 02:51:31.965220,69.36,0.2733,36.0,2,62.83,8.0
2,2026-04-24 03:51:31.965220,69.38,0.1267,37.0,3,62.81,7.0
2,2026-04-24 04:51:31.965220,69.43,0.0433,38.0,4,62.77,6.0
2,2026-04-24 05:51:31.965220,69.75,0.13,39.0,5,62.74,5.0
2,2026-04-24 06:51:31.965220,71.47,0.6967,40.0,6,62.7,4.0
2,2026-04-24 07:51:31.965220,72.67,1.08,41.0,7,62.65,3.0
2,2026-04-24 08:51:31.965220,75.7,1.9833,42.0,8,62.63,2.0
2,2026-04-24 09:51:31.965220,79.36,2.63,43.0,9,62.6,1.0
2,2026-04-24 10:51:31.965220,83.5,3.61,44.0,10,62.55,0.0
2,2026-04-24 22:51:31.965220,29.64,1.0867,11.0,22,62.2,24.0
2,2026-04-24 23:51:31.965220,30.4,1.0333,12.0,23,62.17,23.0
2,2026-04-25 00:51:31.965220,30.49,0.6667,13.0,0,62.14,22.0
2,2026-04-25 01:51:31.965220,30.94,0.4333,14.0,1,62.1,21.0
2,2026-04-25 02:51:31.965220,31.39,0.33,15.0,2,62.08,20.0
2,2026-04-25 03:51:31.965220,31.79,0.4333,16.0,3,62.05,19.0
2,2026-04-25 04:51:31.965220,31.82,0.2933,17.0,4,62.02,18.0
2,2026-04-25 05:51:31.965220,32.01,0.2067,18.0,5,62.01,17.0
2,2026-04-25 06:51:31.965220,33.17,0.46,19.0,6,61.98,16.0
2,2026-04-25 07:51:31.965220,34.24,0.8067,20.0,7,61.94,15.0
2,2026-04-25 08:51:31.965220,37.89,1.96,21.0,8,61.9,14.0
2,2026-04-25 09:51:31.965220,42.74,3.19,22.0,9,61.86,13.0
2,2026-04-25 10:51:31.965220,46.97,4.2433,23.0,10,61.82,12.0
2,2026-04-25 11:51:31.965220,48.28,3.4633,24.0,11,61.78,11.0
2,2026-04-25 12:51:31.965220,52.21,3.1567,25.0,12,61.74,10.0
2,2026-04-25 13:51:31.965220,57.14,3.39,26.0,13,61.72,9.0
2,2026-04-25 14:51:31.965220,61.73,4.4833,27.0,14,61.68,8.0
2,2026-04-25 15:51:31.965220,62.65,3.48,28.0,15,61.65,7.0
2,2026-04-25 16:51:31.965220,63.93,2.2633,29.0,16,61.61,6.0
2,2026-04-25 17:51:31.965220,68.6,2.29,30.0,17,61.59,5.0
2,2026-04-25 18:51:31.965220,72.87,3.4067,31.0,18,61.56,4.0
2,2026-04-25 19:51:31.965220,77.07,4.38,32.0,19,61.52,3.0
2,2026-04-25 20:51:31.965220,78.41,3.27,33.0,20,61.5,2.0
2,2026-04-25 21:51:31.965220,79.69,2.2733,34.0,21,61.49,1.0
2,2026-04-25 22:51:31.965220,80.32,1.0833,35.0,22,61.46,0.0
2,2026-04-26 17:51:31.965220,39.74,1.8967,18.0,17,60.95,24.0
2,2026-04-26 18:51:31.965220,44.1,3.12,19.0,18,60.93,23.0
2,2026-04-26 19:51:31.965220,47.4,3.9167,20.0,19,60.92,22.0
2,2026-04-26 20:51:31.965220,48.36,2.8733,21.0,20,60.87,21.0
2,2026-04-26 21:51:31.965220,49.41,1.77,22.0,21,60.82,20.0
2,2026-04-26 22:51:31.965220,50.38,0.9933,23.0,22,60.78,19.0
2,2026-04-26 23:51:31.965220,51.74,1.1267,24.0,23,60.74,18.0
2,2026-04-27 00:51:31.965220,52.24,0.9433,25.0,0,60.71,17.0
2,2026-04-27 01:51:31.965220,52.66,0.76,26.0,1,60.66,16.0
2,2026-04-27 02:51:31.965220,52.79,0.35,27.0,2,60.63,15.0
2,2026-04-27 03:51:31.965220,52.85,0.2033,28.0,3,60.58,14.0
2,2026-04-27 04:51:31.965220,52.89,0.0767,29.0,4,60.55,13.0
2,2026-04-27 05:51:31.965220,53.07,0.0933,30.0,5,60.52,12.0
2,2026-04-27 06:51:31.965220,54.17,0.44,31.0,6,60.48,11.0
2,2026-04-27 07:51:31.965220,55.07,0.7267,32.0,7,60.43,10.0
2,2026-04-27 08:51:31.965220,58.22,1.7167,33.0,8,60.41,9.0
2,2026-04-27 09:51:31.965220,61.5,2.4433,34.0,9,60.4,8.0
2,2026-04-27 10:51:31.965220,65.69,3.54,35.0,10,60.38,7.0
2,2026-04-27 11:51:31.965220,67.13,2.97,36.0,11,60.35,6.0
2,2026-04-27 12:51:31.965220,71.03,3.1767,37.0,12,60.34,5.0
2,2026-04-27 13:51:31.965220,73.14,2.4833,38.0,13,60.31,4.0
2,2026-04-27 14:51:31.965220,76.97,3.28,39.0,14,60.28,3.0
2,2026-04-27 15:51:31.965220,78.48,2.4833,40.0,15,60.27,2.0
2,2026-04-27 16:51:31.965220,79.8,2.22,41.0,16,60.24,1.0
2,2026-04-27 17:51:31.965220,82.64,1.89,42.0,17,60.22,0.0
2,2026-04-28 12:51:31.965220,37.23,2.56,18.0,12,59.6,24.0
2,2026-04-28 13:51:31.965220,41.36,3.11,19.0,13,59.59,23.0
2,2026-04-28 14:51:31.965220,44.63,3.8033,20.0,14,59.56,22.0
2,2026-04-28 15:51:31.965220,45.98,2.9167,21.0,15,59.53,21.0
2,2026-04-28 16:51:31.965220,46.57,1.7367,22.0,16,59.52,20.0
2,2026-04-28 17:51:31.965220,50.83,2.0667,23.0,17,59.48,19.0
2,2026-04-28 18:51:31.965220,52.89,2.3033,24.0,18,59.47,18.0
2,2026-04-28 19:51:31.965220,56.15,3.1933,25.0,19,59.43,17.0
2,2026-04-28 20:51:31.965220,57.73,2.3,26.0,20,59.41,16.0
2,2026-04-28 21:51:31.965220,59.58,2.23,27.0,21,59.38,15.0
2,2026-04-28 22:51:31.965220,60.13,1.3267,28.0,22,59.33,14.0
2,2026-04-28 23:51:31.965220,62.1,1.4567,29.0,23,59.32,13.0
2,2026-04-29 00:51:31.965220,62.14,0.8533,30.0,0,59.28,12.0
2,2026-04-29 01:51:31.965220,62.39,0.7533,31.0,1,59.27,11.0
2,2026-04-29 02:51:31.965220,62.73,0.21,32.0,2,59.23,10.0
2,2026-04-29 03:51:31.965220,62.95,0.27,33.0,3,59.2,9.0
2,2026-04-29 04:51:31.965220,63.31,0.3067,34.0,4,59.16,8.0
2,2026-04-29 05:51:31.965220,63.54,0.27,35.0,5,59.15,7.0
2,2026-04-29 06:51:31.965220,64.74,0.5967,36.0,6,59.13,6.0
2,2026-04-29 07:51:31.965220,66.27,0.9867,37.0,7,59.1,5.0
2,2026-04-29 08:51:31.965220,70.53,2.33,38.0,8,59.08,4.0
2,2026-04-29 09:51:31.965220,73.94,3.0667,39.0,9,59.06,3.0
2,2026-04-29 10:51:31.965220,77.95,3.8933,40.0,10,59.03,2.0
2,2026-04-29 11:51:31.965220,79.54,3.0033,41.0,11,59.02,1.0
2,2026-04-29 12:51:31.965220,83.29,3.1167,42.0,12,59.01,0.0
2,2026-04-30 06:51:31.965220,34.53,0.8233,17.0,6,58.41,24.0
2,2026-04-30 07:51:31.965220,36.33,1.3133,18.0,7,58.36,23.0
2,2026-04-30 08:51:31.965220,39.2,2.1167,19.0,8,58.34,22.0
2,2026-04-30 09:51:31.965220,41.7,2.39,20.0,9,58.3,21.0
2,2026-04-30 10:51:31.965220,45.99,3.22,21.0,10,58.28,20.0
2,2026-04-30 11:51:31.965220,47.95,2.9167,22.0,11,58.26,19.0
2,2026-04-30 12:51:31.965220,52.71,3.67,23.0,12,58.22,18.0
2,2026-04-30 13:51:31.965220,57.09,3.7,24.0,13,58.2,17.0
2,2026-04-30 14:51:31.965220,60.98,4.3433,25.0,14,58.18,16.0
2,2026-04-30 15:51:31.965220,61.82,3.0367,26.0,15,58.14,15.0
2,2026-04-30 16:51:31.965220,62.61,1.84,27.0,16,58.13,14.0
2,2026-04-30 17:51:31.965220,65.45,1.49,28.0,17,58.09,13.0
2,2026-04-30 18:51:31.965220,69.32,2.5,29.0,18,58.05,12.0
2,2026-04-30 19:51:31.965220,73.91,3.7667,30.0,19,58.03,11.0
2,2026-04-30 20:51:31.965220,74.88,3.1433,31.0,20,58.02,10.0
2,2026-04-30 21:51:31.965220,76.36,2.3467,32.0,21,58.01,9.0
2,2026-04-30 22:51:31.965220,77.21,1.1,33.0,22,57.99,8.0
2,2026-04-30 23:51:31.965220,77.8,0.9733,34.0,23,57.98,7.0
2,2026-05-01 00:51:31.965220,77.88,0.5067,35.0,0,57.94,6.0
2,2026-05-01 01:51:31.965220,77.88,0.2233,36.0,1,57.93,5.0
2,2026-05-01 02:51:31.965220,78.29,0.1633,37.0,2,57.9,4.0
2,2026-05-01 03:51:31.965220,78.36,0.16,38.0,3,57.89,3.0
2,2026-05-01 04:51:31.965220,78.58,0.2333,39.0,4,57.85,2.0
2,2026-05-01 05:51:31.965220,78.68,0.13,40.0,5,57.82,1.0
2,2026-05-01 06:51:31.965220,80.67,0.77,41.0,6,57.79,0.0
2,2026-05-01 17:51:31.965220,37.0,2.1267,10.0,17,57.46,24.0
2,2026-05-01 18:51:31.965220,41.6,3.08,11.0,18,57.44,23.0
2,2026-05-01 19:51:31.965220,46.27,4.32,12.0,19,57.41,22.0
2,2026-05-01 20:51:31.965220,47.08,3.36,13.0,20,57.38,21.0
2,2026-05-01 21:51:31.965220,49.08,2.4933,14.0,21,57.37,20.0
2,2026-05-01 22:51:31.965220,51.04,1.59,15.0,22,57.34,19.0
2,2026-05-01 23:51:31.965220,52.3,1.74,16.0,23,57.31,18.0
2,2026-05-02 00:51:31.965220,52.79,1.2367,17.0,0,57.29,17.0
2,2026-05-02 01:51:31.965220,53.05,0.67,18.0,1,57.26,16.0
2,2026-05-02 02:51:31.965220,53.37,0.3567,19.0,2,57.25,15.0
2,2026-05-02 03:51:31.965220,53.63,0.28,20.0,3,57.23,14.0
2,2026-05-02 04:51:31.965220,53.64,0.1967,21.0,4,57.21,13.0
2,2026-05-02 05:51:31.965220,53.93,0.1867,22.0,5,57.17,12.0
2,2026-05-02 06:51:31.965220,55.29,0.5533,23.0,6,57.16,11.0
2,2026-05-02 07:51:31.965220,55.82,0.7267,24.0,7,57.15,10.0
2,2026-05-02 08:51:31.965220,58.59,1.5533,25.0,8,57.12,9.0
2,2026-05-02 09:51:31.965220,61.61,2.1067,26.0,9,57.09,8.0
2,2026-05-02 10:51:31.965220,64.36,2.8467,27.0,10,57.04,7.0
2,2026-05-02 11:51:31.965220,66.27,2.56,28.0,11,57.0,6.0
2,2026-05-02 12:51:31.965220,68.55,2.3133,29.0,12,56.95,5.0
2,2026-05-02 13:51:31.965220,72.81,2.8167,30.0,13,56.93,4.0
2,2026-05-02 14:51:31.965220,77.41,3.7133,31.0,14,56.89,3.0
2,2026-05-02 15:51:31.965220,79.0,3.4833,32.0,15,56.86,2.0
2,2026-05-02 16:51:31.965220,79.98,2.39,33.0,16,56.83,1.0
2,2026-05-02 17:51:31.965220,82.49,1.6933,34.0,17,56.78,0.0
2,2026-05-03 10:51:31.965220,32.81,2.8833,16.0,10,56.24,24.0
2,2026-05-03 11:51:31.965220,34.65,2.7067,17.0,11,56.21,23.0
2,2026-05-03 12:51:31.965220,39.07,3.37,18.0,12,56.17,22.0
2,2026-05-03 13:51:31.965220,43.05,3.4133,19.0,13,56.12,21.0
2,2026-05-03 14:51:31.965220,45.64,3.6633,20.0,14,56.08,20.0
2,2026-05-03 15:51:31.965220,46.41,2.4467,21.0,15,56.03,19.0
2,2026-05-03 16:51:31.965220,47.77,1.5733,22.0,16,55.99,18.0
2,2026-05-03 17:51:31.965220,52.45,2.27,23.0,17,55.96,17.0
2,2026-05-03 18:51:31.965220,57.44,3.6767,24.0,18,55.95,16.0
2,2026-05-03 19:51:31.965220,61.67,4.6333,25.0,19,55.92,15.0
2,2026-05-03 20:51:31.965220,63.59,3.7133,26.0,20,55.9,14.0
2,2026-05-03 21:51:31.965220,65.05,2.5367,27.0,21,55.88,13.0
2,2026-05-03 22:51:31.965220,66.71,1.68,28.0,22,55.83,12.0
2,2026-05-03 23:51:31.965220,67.63,1.3467,29.0,23,55.78,11.0
2,2026-05-04 00:51:31.965220,67.73,0.8933,30.0,0,55.74,10.0
2,2026-05-04 01:51:31.965220,67.92,0.4033,31.0,1,55.72,9.0
2,2026-05-04 02:51:31.965220,67.95,0.1067,32.0,2,55.67,8.0
2,2026-05-04 03:51:31.965220,68.33,0.2,33.0,3,55.66,7.0
2,2026-05-04 04:51:31.965220,68.5,0.1933,34.0,4,55.62,6.0
2,2026-05-04 05:51:31.965220,68.76,0.27,35.0,5,55.59,5.0
2,2026-05-04 06:51:31.965220,70.49,0.72,36.0,6,55.56,4.0
2,2026-05-04 07:51:31.965220,72.29,1.2633,37.0,7,55.54,3.0
2,2026-05-04 08:51:31.965220,77.04,2.76,38.0,8,55.51,2.0
2,2026-05-04 09:51:31.965220,79.37,2.96,39.0,9,55.49,1.0
2,2026-05-04 10:51:31.965220,84.13,3.9467,40.0,10,55.47,0.0
2,2026-05-05 08:51:31.965220,43.24,1.9933,21.0,8,54.77,24.0
2,2026-05-05 09:51:31.965220,46.23,2.49,22.0,9,54.74,23.0
2,2026-05-05 10:51:31.965220,48.66,2.7733,23.0,10,54.71,22.0
2,2026-05-05 11:51:31.965220,49.24,2.0,24.0,11,54.66,21.0
2,2026-05-05 12:51:31.965220,51.61,1.7933,25.0,12,54.63,20.0
2,2026-05-05 13:51:31.965220,54.4,1.9133,26.0,13,54.62,19.0
2,2026-05-05 14:51:31.965220,58.37,3.0433,27.0,14,54.6,18.0
2,2026-05-05 15:51:31.965220,60.06,2.8167,28.0,15,54.56,17.0
2,2026-05-05 16:51:31.965220,61.02,2.2067,29.0,16,54.53,16.0
2,2026-05-05 17:51:31.965220,65.42,2.35,30.0,17,54.52,15.0
2,2026-05-05 18:51:31.965220,67.87,2.6033,31.0,18,54.49,14.0
2,2026-05-05 19:51:31.965220,70.45,3.1433,32.0,19,54.44,13.0
2,2026-05-05 20:51:31.965220,71.03,1.87,33.0,20,54.4,12.0
2,2026-05-05 21:51:31.965220,72.76,1.63,34.0,21,54.38,11.0
2,2026-05-05 22:51:31.965220,73.43,0.9933,35.0,22,54.34,10.0
2,2026-05-05 23:51:31.965220,75.35,1.44,36.0,23,54.29,9.0
2,2026-05-06 00:51:31.965220,75.73,0.99,37.0,0,54.25,8.0
2,2026-05-06 01:51:31.965220,75.88,0.8167,38.0,1,54.21,7.0
2,2026-05-06 02:51:31.965220,76.28,0.31,39.0,2,54.17,6.0
2,2026-05-06 03:51:31.965220,76.69,0.32,40.0,3,54.16,5.0
2,2026-05-06 04:51:31.965220,77.13,0.4167,41.0,4,54.13,4.0
2,2026-05-06 05:51:31.965220,77.59,0.4367,42.0,5,54.1,3.0
2,2026-05-06 06:51:31.965220,78.81,0.7067,43.0,6,54.09,2.0
2,2026-05-06 07:51:31.965220,79.52,0.7967,44.0,7,54.06,1.0
2,2026-05-06 08:51:31.965220,82.31,1.5733,45.0,8,54.03,0.0
2,2026-05-06 17:51:31.965220,35.08,2.1167,8.0,17,53.78,24.0
2,2026-05-06 18:51:31.965220,39.93,3.4,9.0,18,53.76,23.0
2,2026-05-06 19:51:31.965220,44.31,4.1933,10.0,19,53.72,22.0
2,2026-05-06 20:51:31.965220,46.24,3.72,11.0,20,53.69,21.0
2,2026-05-06 21:51:31.965220,47.8,2.6233,12.0,21,53.66,20.0
2,2026-05-06 22:51:31.965220,49.11,1.6,13.0,22,53.63,19.0
2,2026-05-06 23:51:31.965220,50.73,1.4967,14.0,23,53.59,18.0
2,2026-05-07 00:51:31.965220,51.09,1.0967,15.0,0,53.56,17.0
2,2026-05-07 01:51:31.965220,51.23,0.7067,16.0,1,53.55,16.0
2,2026-05-07 02:51:31.965220,51.68,0.3167,17.0,2,53.5,15.0
2,2026-05-07 03:51:31.965220,51.84,0.25,18.0,3,53.46,14.0
2,2026-05-07 04:51:31.965220,52.1,0.29,19.0,4,53.42,13.0
2,2026-05-07 05:51:31.965220,52.23,0.1833,20.0,5,53.39,12.0
2,2026-05-07 06:51:31.965220,52.78,0.3133,21.0,6,53.37,11.0
2,2026-05-07 07:51:31.965220,53.59,0.4967,22.0,7,53.35,10.0
2,2026-05-07 08:51:31.965220,58.45,2.0733,23.0,8,53.31,9.0
2,2026-05-07 09:51:31.965220,63.44,3.5533,24.0,9,53.27,8.0
2,2026-05-07 10:51:31.965220,65.78,4.0633,25.0,10,53.24,7.0
2,2026-05-07 11:51:31.965220,66.85,2.8,26.0,11,53.2,6.0
2,2026-05-07 12:51:31.965220,69.24,1.9333,27.0,12,53.15,5.0
2,2026-05-07 13:51:31.965220,72.98,2.4,28.0,13,53.14,4.0
2,2026-05-07 14:51:31.965220,77.17,3.44,29.0,14,53.12,3.0
2,2026-05-07 15:51:31.965220,78.29,3.0167,30.0,15,53.11,2.0
2,2026-05-07 16:51:31.965220,79.26,2.0933,31.0,16,53.09,1.0
2,2026-05-07 17:51:31.965220,82.63,1.82,32.0,17,53.05,0.0
3,2026-03-09 09:51:31.987931,37.93,3.14,999.0,9,89.65,24.0
3,2026-03-09 10:51:31.987931,41.16,3.5867,999.0,10,89.63,23.0
3,2026-03-09 11:51:31.987931,41.99,2.38,999.0,11,89.62,22.0
3,2026-03-09 12:51:31.987931,46.79,2.9533,999.0,12,89.6,21.0
3,2026-03-09 13:51:31.987931,51.2,3.3467,999.0,13,89.56,20.0
3,2026-03-09 14:51:31.987931,55.05,4.3533,999.0,14,89.52,19.0
3,2026-03-09 15:51:31.987931,56.64,3.2833,999.0,15,89.48,18.0
3,2026-03-09 16:51:31.987931,57.17,1.99,999.0,16,89.46,17.0
3,2026-03-09 17:51:31.987931,59.18,1.3767,999.0,17,89.44,16.0
3,2026-03-09 18:51:31.987931,61.65,1.67,999.0,18,89.42,15.0
3,2026-03-09 19:51:31.987931,64.21,2.3467,999.0,19,89.38,14.0
3,2026-03-09 20:51:31.987931,64.82,1.88,999.0,20,89.33,13.0
3,2026-03-09 21:51:31.987931,65.44,1.2633,999.0,21,89.29,12.0
3,2026-03-09 22:51:31.987931,67.21,1.0,999.0,22,89.27,11.0
3,2026-03-09 23:51:31.987931,68.96,1.38,999.0,23,89.24,10.0
3,2026-03-10 00:51:31.987931,69.1,1.22,999.0,0,89.21,9.0
3,2026-03-10 01:51:31.987931,69.2,0.6633,999.0,1,89.19,8.0
3,2026-03-10 02:51:31.987931,69.53,0.19,999.0,2,89.15,7.0
3,2026-03-10 03:51:31.987931,70.02,0.3067,999.0,3,89.11,6.0
3,2026-03-10 04:51:31.987931,70.26,0.3533,999.0,4,89.08,5.0
3,2026-03-10 05:51:31.987931,70.45,0.3067,999.0,5,89.04,4.0
3,2026-03-10 06:51:31.987931,71.39,0.4567,999.0,6,89.02,3.0
3,2026-03-10 07:51:31.987931,72.9,0.88,999.0,7,89.0,2.0
3,2026-03-10 08:51:31.987931,77.0,2.1833,999.0,8,88.96,1.0
3,2026-03-10 09:51:31.987931,80.3,2.97,999.0,9,88.94,0.0
3,2026-03-10 19:51:31.987931,34.77,3.7933,9.0,19,88.73,24.0
3,2026-03-10 20:51:31.987931,35.63,3.2967,10.0,20,88.72,23.0
3,2026-03-10 21:51:31.987931,37.27,2.4167,11.0,21,88.69,22.0
3,2026-03-10 22:51:31.987931,37.87,1.0333,12.0,22,88.66,21.0
3,2026-03-10 23:51:31.987931,38.39,0.92,13.0,23,88.62,20.0
3,2026-03-11 00:51:31.987931,38.87,0.5333,14.0,0,88.61,19.0
3,2026-03-11 01:51:31.987931,39.27,0.4667,15.0,1,88.59,18.0
3,2026-03-11 02:51:31.987931,39.73,0.4467,16.0,2,88.56,17.0
3,2026-03-11 03:51:31.987931,40.18,0.4367,17.0,3,88.54,16.0
3,2026-03-11 04:51:31.987931,40.61,0.4467,18.0,4,88.5,15.0
3,2026-03-11 05:51:31.987931,40.82,0.3633,19.0,5,88.48,14.0
3,2026-03-11 06:51:31.987931,41.34,0.3867,20.0,6,88.43,13.0
3,2026-03-11 07:51:31.987931,43.3,0.8967,21.0,7,88.4,12.0
3,2026-03-11 08:51:31.987931,47.09,2.09,22.0,8,88.36,11.0
3,2026-03-11 09:51:31.987931,50.32,2.9933,23.0,9,88.33,10.0
3,2026-03-11 10:51:31.987931,53.05,3.25,24.0,10,88.3,9.0
3,2026-03-11 11:51:31.987931,54.87,2.5933,25.0,11,88.25,8.0
3,2026-03-11 12:51:31.987931,59.53,3.07,26.0,12,88.21,7.0
3,2026-03-11 13:51:31.987931,62.4,3.1167,27.0,13,88.17,6.0
3,2026-03-11 14:51:31.987931,67.36,4.1633,28.0,14,88.14,5.0
3,2026-03-11 15:51:31.987931,68.56,3.01,29.0,15,88.12,4.0
3,2026-03-11 16:51:31.987931,69.64,2.4133,30.0,16,88.07,3.0
3,2026-03-11 17:51:31.987931,73.63,2.09,31.0,17,88.02,2.0
3,2026-03-11 18:51:31.987931,77.72,3.0533,32.0,18,88.0,1.0
3,2026-03-11 19:51:31.987931,80.62,3.66,33.0,19,87.98,0.0
3,2026-03-12 12:51:31.987931,31.77,3.5733,16.0,12,87.49,24.0
3,2026-03-12 13:51:31.987931,36.12,3.4567,17.0,13,87.45,23.0
3,2026-03-12 14:51:31.987931,38.52,3.8467,18.0,14,87.41,22.0
3,2026-03-12 15:51:31.987931,40.44,2.89,19.0,15,87.38,21.0
3,2026-03-12 16:51:31.987931,42.39,2.09,20.0,16,87.36,20.0
3,2026-03-12 17:51:31.987931,47.13,2.87,21.0,17,87.32,19.0
3,2026-03-12 18:51:31.987931,51.76,3.7733,22.0,18,87.29,18.0
3,2026-03-12 19:51:31.987931,56.42,4.6767,23.0,19,87.26,17.0
3,2026-03-12 20:51:31.987931,57.07,3.3133,24.0,20,87.24,16.0
3,2026-03-12 21:51:31.987931,58.05,2.0967,25.0,21,87.21,15.0
3,2026-03-12 22:51:31.987931,59.21,0.93,26.0,22,87.16,14.0
3,2026-03-12 23:51:31.987931,60.46,1.13,27.0,23,87.13,13.0
3,2026-03-13 00:51:31.987931,60.75,0.9,28.0,0,87.09,12.0
3,2026-03-13 01:51:31.987931,60.87,0.5533,29.0,1,87.04,11.0
3,2026-03-13 02:51:31.987931,61.03,0.19,30.0,2,87.01,10.0
3,2026-03-13 03:51:31.987931,61.28,0.1767,31.0,3,86.97,9.0
3,2026-03-13 04:51:31.987931,61.71,0.28,32.0,4,86.94,8.0
3,2026-03-13 05:51:31.987931,61.72,0.23,33.0,5,86.89,7.0
3,2026-03-13 06:51:31.987931,63.12,0.6133,34.0,6,86.85,6.0
3,2026-03-13 07:51:31.987931,63.67,0.6533,35.0,7,86.82,5.0
3,2026-03-13 08:51:31.987931,68.14,2.14,36.0,8,86.8,4.0
3,2026-03-13 09:51:31.987931,73.03,3.3033,37.0,9,86.78,3.0
3,2026-03-13 10:51:31.987931,76.14,4.1567,38.0,10,86.75,2.0
3,2026-03-13 11:51:31.987931,77.5,3.12,39.0,11,86.73,1.0
3,2026-03-13 12:51:31.987931,82.18,3.05,40.0,12,86.71,0.0
3,2026-03-14 00:51:31.987931,34.51,1.1333,11.0,0,86.36,24.0
3,2026-03-14 01:51:31.987931,34.88,0.8167,12.0,1,86.32,23.0
3,2026-03-14 02:51:31.987931,34.94,0.1767,13.0,2,86.3,22.0
3,2026-03-14 03:51:31.987931,35.13,0.2067,14.0,3,86.29,21.0
3,2026-03-14 04:51:31.987931,35.29,0.1367,15.0,4,86.27,20.0
3,2026-03-14 05:51:31.987931,35.76,0.2733,16.0,5,86.26,19.0
3,2026-03-14 06:51:31.987931,37.71,0.86,17.0,6,86.22,18.0
3,2026-03-14 07:51:31.987931,38.31,1.0067,18.0,7,86.19,17.0
3,2026-03-14 08:51:31.987931,41.85,2.03,19.0,8,86.17,16.0
3,2026-03-14 09:51:31.987931,44.55,2.28,20.0,9,86.12,15.0
3,2026-03-14 10:51:31.987931,47.81,3.1667,21.0,10,86.08,14.0
3,2026-03-14 11:51:31.987931,48.58,2.2433,22.0,11,86.05,13.0
3,2026-03-14 12:51:31.987931,51.37,2.2733,23.0,12,86.03,12.0
3,2026-03-14 13:51:31.987931,55.19,2.46,24.0,13,86.01,11.0
3,2026-03-14 14:51:31.987931,58.98,3.4667,25.0,14,85.99,10.0
3,2026-03-14 15:51:31.987931,60.97,3.2,26.0,15,85.95,9.0
3,2026-03-14 16:51:31.987931,62.67,2.4933,27.0,16,85.93,8.0
3,2026-03-14 17:51:31.987931,65.81,2.2767,28.0,17,85.91,7.0
3,2026-03-14 18:51:31.987931,70.63,3.22,29.0,18,85.9,6.0
3,2026-03-14 19:51:31.987931,74.9,4.0767,30.0,19,85.85,5.0
3,2026-03-14 20:51:31.987931,76.61,3.6,31.0,20,85.82,4.0
3,2026-03-14 21:51:31.987931,77.75,2.3733,32.0,21,85.8,3.0
3,2026-03-14 22:51:31.987931,78.33,1.1433,33.0,22,85.79,2.0
3,2026-03-14 23:51:31.987931,79.6,0.9967,34.0,23,85.76,1.0
3,2026-03-15 00:51:31.987931,80.08,0.7767,35.0,0,85.71,0.0
3,2026-03-15 13:51:31.987931,30.29,2.0667,12.0,13,85.29,24.0
3,2026-03-15 14:51:31.987931,34.46,3.23,13.0,14,85.26,23.0
3,2026-03-15 15:51:31.987931,35.66,2.61,14.0,15,85.23,22.0
3,2026-03-15 16:51:31.987931,36.68,2.13,15.0,16,85.19,21.0
3,2026-03-15 17:51:31.987931,41.38,2.3067,16.0,17,85.16,20.0
3,2026-03-15 18:51:31.987931,45.04,3.1267,17.0,18,85.14,19.0
3,2026-03-15 19:51:31.987931,48.24,3.8533,18.0,19,85.11,18.0
3,2026-03-15 20:51:31.987931,49.94,2.8533,19.0,20,85.09,17.0
3,2026-03-15 21:51:31.987931,51.65,2.2033,20.0,21,85.05,16.0
3,2026-03-15 22:51:31.987931,52.47,1.41,21.0,22,85.01,15.0
3,2026-03-15 23:51:31.987931,54.04,1.3667,22.0,23,84.98,14.0
3,2026-03-16 00:51:31.987931,54.41,0.92,23.0,0,84.96,13.0
3,2026-03-16 01:51:31.987931,54.7,0.7433,24.0,1,84.95,12.0
3,2026-03-16 02:51:31.987931,54.88,0.28,25.0,2,84.91,11.0
3,2026-03-16 03:51:31.987931,55.28,0.29,26.0,3,84.87,10.0
3,2026-03-16 04:51:31.987931,55.67,0.3233,27.0,4,84.84,9.0
3,2026-03-16 05:51:31.987931,55.81,0.31,28.0,5,84.8,8.0
3,2026-03-16 06:51:31.987931,57.41,0.71,29.0,6,84.76,7.0
3,2026-03-16 07:51:31.987931,57.99,0.7733,30.0,7,84.73,6.0
3,2026-03-16 08:51:31.987931,61.41,1.8667,31.0,8,84.7,5.0
3,2026-03-16 09:51:31.987931,65.57,2.72,32.0,9,84.67,4.0
3,2026-03-16 10:51:31.987931,70.52,4.1767,33.0,10,84.64,3.0
3,2026-03-16 11:51:31.987931,71.86,3.4833,34.0,11,84.63,2.0
3,2026-03-16 12:51:31.987931,76.64,3.69,35.0,12,84.58,1.0
3,2026-03-16 13:51:31.987931,81.19,3.5567,36.0,13,84.56,0.0
3,2026-03-17 08:51:31.987931,37.88,1.7167,18.0,8,83.98,24.0
3,2026-03-17 09:51:31.987931,42.08,2.8767,19.0,9,83.93,23.0
3,2026-03-17 10:51:31.987931,44.91,3.4133,20.0,10,83.89,22.0
3,2026-03-17 11:51:31.987931,45.44,2.52,21.0,11,83.85,21.0
3,2026-03-17 12:51:31.987931,47.71,1.8767,22.0,12,83.81,20.0
3,2026-03-17 13:51:31.987931,51.86,2.3167,23.0,13,83.79,19.0
3,2026-03-17 14:51:31.987931,55.42,3.3267,24.0,14,83.75,18.0
3,2026-03-17 15:51:31.987931,56.19,2.8267,25.0,15,83.74,17.0
3,2026-03-17 16:51:31.987931,57.96,2.0333,26.0,16,83.69,16.0
3,2026-03-17 17:51:31.987931,62.67,2.4167,27.0,17,83.67,15.0
3,2026-03-17 18:51:31.987931,66.11,3.3067,28.0,18,83.63,14.0
3,2026-03-17 19:51:31.987931,68.94,3.66,29.0,19,83.59,13.0
3,2026-03-17 20:51:31.987931,70.41,2.58,30.0,20,83.56,12.0
3,2026-03-17 21:51:31.987931,71.44,1.7767,31.0,21,83.55,11.0
3,2026-03-17 22:51:31.987931,73.21,1.4233,32.0,22,83.52,10.0
3,2026-03-17 23:51:31.987931,74.08,1.2233,33.0,23,83.5,9.0
3,2026-03-18 00:51:31.987931,74.22,0.9267,34.0,0,83.47,8.0
3,2026-03-18 01:51:31.987931,74.23,0.34,35.0,1,83.44,7.0
3,2026-03-18 02:51:31.987931,74.52,0.1467,36.0,2,83.42,6.0
3,2026-03-18 03:51:31.987931,74.62,0.1333,37.0,3,83.38,5.0
3,2026-03-18 04:51:31.987931,75.04,0.27,38.0,4,83.33,4.0
3,2026-03-18 05:51:31.987931,75.46,0.3133,39.0,5,83.3,3.0
3,2026-03-18 06:51:31.987931,76.54,0.64,40.0,6,83.25,2.0
3,2026-03-18 07:51:31.987931,77.4,0.7867,41.0,7,83.21,1.0
3,2026-03-18 08:51:31.987931,80.44,1.66,42.0,8,83.17,0.0
3,2026-03-18 18:51:31.987931,33.44,1.7967,9.0,18,82.9,24.0
3,2026-03-18 19:51:31.987931,38.07,3.1233,10.0,19,82.86,23.0
3,2026-03-18 20:51:31.987931,40.06,2.98,11.0,20,82.83,22.0
3,2026-03-18 21:51:31.987931,40.99,2.5167,12.0,21,82.81,21.0
3,2026-03-18 22:51:31.987931,42.99,1.64,13.0,22,82.79,20.0
3,2026-03-18 23:51:31.987931,44.19,1.3767,14.0,23,82.78,19.0
3,2026-03-19 00:51:31.987931,44.38,1.13,15.0,0,82.74,18.0
3,2026-03-19 01:51:31.987931,44.84,0.6167,16.0,1,82.71,17.0
3,2026-03-19 02:51:31.987931,45.08,0.2967,17.0,2,82.67,16.0
3,2026-03-19 03:51:31.987931,45.55,0.39,18.0,3,82.64,15.0
3,2026-03-19 04:51:31.987931,45.59,0.25,19.0,4,82.61,14.0
3,2026-03-19 05:51:31.987931,45.8,0.24,20.0,5,82.56,13.0
3,2026-03-19 06:51:31.987931,46.71,0.3867,21.0,6,82.51,12.0
3,2026-03-19 07:51:31.987931,47.7,0.7033,22.0,7,82.49,11.0
3,2026-03-19 08:51:31.987931,50.23,1.4767,23.0,8,82.45,10.0
3,2026-03-19 09:51:31.987931,53.85,2.38,24.0,9,82.44,9.0
3,2026-03-19 10:51:31.987931,55.87,2.7233,25.0,10,82.43,8.0
3,2026-03-19 11:51:31.987931,57.17,2.3133,26.0,11,82.39,7.0
3,2026-03-19 12:51:31.987931,61.19,2.4467,27.0,12,82.34,6.0
3,2026-03-19 13:51:31.987931,66.13,3.42,28.0,13,82.31,5.0
3,2026-03-19 14:51:31.987931,69.53,4.12,29.0,14,82.27,4.0
3,2026-03-19 15:51:31.987931,70.24,3.0167,30.0,15,82.23,3.0
3,2026-03-19 16:51:31.987931,71.72,1.8633,31.0,16,82.19,2.0
3,2026-03-19 17:51:31.987931,75.85,2.1067,32.0,17,82.18,1.0
3,2026-03-19 18:51:31.987931,80.54,3.4333,33.0,18,82.17,0.0
3,2026-03-20 12:51:31.987931,40.86,3.9467,17.0,12,81.61,24.0
3,2026-03-20 13:51:31.987931,43.04,3.0067,18.0,13,81.57,23.0
3,2026-03-20 14:51:31.987931,46.86,3.6267,19.0,14,81.52,22.0
3,2026-03-20 15:51:31.987931,48.11,2.4167,20.0,15,81.49,21.0
3,2026-03-20 16:51:31.987931,48.7,1.8867,21.0,16,81.46,20.0
3,2026-03-20 17:51:31.987931,52.77,1.97,22.0,17,81.44,19.0
3,2026-03-20 18:51:31.987931,54.79,2.2267,23.0,18,81.4,18.0
3,2026-03-20 19:51:31.987931,57.38,2.8933,24.0,19,81.37,17.0
3,2026-03-20 20:51:31.987931,59.01,2.08,25.0,20,81.36,16.0
3,2026-03-20 21:51:31.987931,59.8,1.67,26.0,21,81.31,15.0
3,2026-03-20 22:51:31.987931,60.92,1.18,27.0,22,81.28,14.0
3,2026-03-20 23:51:31.987931,61.55,0.8467,28.0,23,81.24,13.0
3,2026-03-21 00:51:31.987931,61.98,0.7267,29.0,0,81.21,12.0
3,2026-03-21 01:51:31.987931,62.07,0.3833,30.0,1,81.19,11.0
3,2026-03-21 02:51:31.987931,62.38,0.2767,31.0,2,81.15,10.0
3,2026-03-21 03:51:31.987931,62.57,0.1967,32.0,3,81.12,9.0
3,2026-03-21 04:51:31.987931,62.83,0.2533,33.0,4,81.09,8.0
3,2026-03-21 05:51:31.987931,63.08,0.2333,34.0,5,81.07,7.0
3,2026-03-21 06:51:31.987931,65.01,0.8133,35.0,6,81.04,6.0
3,2026-03-21 07:51:31.987931,66.71,1.2933,36.0,7,81.01,5.0
3,2026-03-21 08:51:31.987931,70.78,2.5667,37.0,8,80.97,4.0
3,2026-03-21 09:51:31.987931,73.06,2.6833,38.0,9,80.93,3.0
3,2026-03-21 10:51:31.987931,76.38,3.2233,39.0,10,80.91,2.0
3,2026-03-21 11:51:31.987931,77.85,2.3567,40.0,11,80.89,1.0
3,2026-03-21 12:51:31.987931,80.71,2.55,41.0,12,80.84,0.0
3,2026-03-22 08:51:31.987931,38.82,1.65,19.0,8,80.13,24.0
3,2026-03-22 09:51:31.987931,41.15,1.9833,20.0,9,80.1,23.0
3,2026-03-22 10:51:31.987931,46.08,3.1067,21.0,10,80.08,22.0
3,2026-03-22 11:51:31.987931,46.98,2.72,22.0,11,80.04,21.0
3,2026-03-22 12:51:31.987931,50.96,3.27,23.0,12,80.01,20.0
3,2026-03-22 13:51:31.987931,53.93,2.6167,24.0,13,79.96,19.0
3,2026-03-22 14:51:31.987931,56.9,3.3067,25.0,14,79.91,18.0
3,2026-03-22 15:51:31.987931,58.6,2.5467,26.0,15,79.89,17.0
3,2026-03-22 16:51:31.987931,59.94,2.0033,27.0,16,79.85,16.0
3,2026-03-22 17:51:31.987931,64.05,2.3833,28.0,17,79.83,15.0
3,2026-03-22 18:51:31.987931,66.88,2.76,29.0,18,79.8,14.0
3,2026-03-22 19:51:31.987931,69.09,3.05,30.0,19,79.77,13.0
3,2026-03-22 20:51:31.987931,69.99,1.98,31.0,20,79.75,12.0
3,2026-03-22 21:51:31.987931,71.7,1.6067,32.0,21,79.71,11.0
3,2026-03-22 22:51:31.987931,73.2,1.37,33.0,22,79.66,10.0
3,2026-03-22 23:51:31.987931,74.34,1.45,34.0,23,79.64,9.0
3,2026-03-23 00:51:31.987931,74.6,0.9667,35.0,0,79.63,8.0
3,2026-03-23 01:51:31.987931,74.79,0.53,36.0,1,79.59,7.0
3,2026-03-23 02:51:31.987931,75.18,0.28,37.0,2,79.56,6.0
3,2026-03-23 03:51:31.987931,75.32,0.24,38.0,3,79.52,5.0
3,2026-03-23 04:51:31.987931,75.44,0.2167,39.0,4,79.51,4.0
3,2026-03-23 05:51:31.987931,75.75,0.19,40.0,5,79.47,3.0
3,2026-03-23 06:51:31.987931,76.88,0.52,41.0,6,79.43,2.0
3,2026-03-23 07:51:31.987931,77.96,0.84,42.0,7,79.4,1.0
3,2026-03-23 08:51:31.987931,80.64,1.63,43.0,8,79.36,0.0
3,2026-03-23 19:51:31.987931,43.21,4.2933,10.0,19,79.03,24.0
3,2026-03-23 20:51:31.987931,44.44,3.5067,11.0,20,79.01,23.0
3,2026-03-23 21:51:31.987931,45.86,2.3733,12.0,21,78.99,22.0
3,2026-03-23 22:51:31.987931,46.45,1.08,13.0,22,78.95,21.0
3,2026-03-23 23:51:31.987931,47.04,0.8667,14.0,23,78.92,20.0
3,2026-03-24 00:51:31.987931,47.44,0.5267,15.0,0,78.88,19.0
3,2026-03-24 01:51:31.987931,47.63,0.3933,16.0,1,78.87,18.0
3,2026-03-24 02:51:31.987931,47.91,0.29,17.0,2,78.83,17.0
3,2026-03-24 03:51:31.987931,48.13,0.23,18.0,3,78.8,16.0
3,2026-03-24 04:51:31.987931,48.44,0.27,19.0,4,78.75,15.0
3,2026-03-24 05:51:31.987931,48.86,0.3167,20.0,5,78.74,14.0
3,2026-03-24 06:51:31.987931,49.92,0.5967,21.0,6,78.7,13.0
3,2026-03-24 07:51:31.987931,51.65,1.07,22.0,7,78.69,12.0
3,2026-03-24 08:51:31.987931,54.03,1.7233,23.0,8,78.67,11.0
3,2026-03-24 09:51:31.987931,56.73,2.27,24.0,9,78.63,10.0
3,2026-03-24 10:51:31.987931,59.97,2.7733,25.0,10,78.61,9.0
3,2026-03-24 11:51:31.987931,61.63,2.5333,26.0,11,78.58,8.0
3,2026-03-24 12:51:31.987931,64.09,2.4533,27.0,12,78.53,7.0
3,2026-03-24 13:51:31.987931,66.77,2.2667,28.0,13,78.51,6.0
3,2026-03-24 14:51:31.987931,69.65,2.6733,29.0,14,78.49,5.0
3,2026-03-24 15:51:31.987931,71.25,2.3867,30.0,15,78.48,4.0
3,2026-03-24 16:51:31.987931,72.7,1.9767,31.0,16,78.47,3.0
3,2026-03-24 17:51:31.987931,75.65,2.0,32.0,17,78.44,2.0
3,2026-03-24 18:51:31.987931,79.36,2.7033,33.0,18,78.42,1.0
3,2026-03-24 19:51:31.987931,84.02,3.7733,34.0,19,78.41,0.0
3,2026-03-25 17:51:31.987931,44.97,2.1267,21.0,17,77.69,24.0
3,2026-03-25 18:51:31.987931,46.98,2.5733,22.0,18,77.65,23.0
3,2026-03-25 19:51:31.987931,49.09,2.96,23.0,19,77.61,22.0
3,2026-03-25 20:51:31.987931,49.92,1.65,24.0,20,77.58,21.0
3,2026-03-25 21:51:31.987931,51.55,1.5233,25.0,21,77.55,20.0
3,2026-03-25 22:51:31.987931,52.74,1.2167,26.0,22,77.51,19.0
3,2026-03-25 23:51:31.987931,53.24,1.1067,27.0,23,77.48,18.0
3,2026-03-26 00:51:31.987931,53.28,0.5767,28.0,0,77.43,17.0
3,2026-03-26 01:51:31.987931,53.4,0.22,29.0,1,77.4,16.0
3,2026-03-26 02:51:31.987931,53.46,0.0733,30.0,2,77.38,15.0
3,2026-03-26 03:51:31.987931,53.75,0.1567,31.0,3,77.34,14.0
3,2026-03-26 04:51:31.987931,54.01,0.2033,32.0,4,77.33,13.0
3,2026-03-26 05:51:31.987931,54.27,0.27,33.0,5,77.31,12.0
3,2026-03-26 06:51:31.987931,55.99,0.7467,34.0,6,77.26,11.0
3,2026-03-26 07:51:31.987931,57.42,1.1367,35.0,7,77.22,10.0
3,2026-03-26 08:51:31.987931,60.48,2.07,36.0,8,77.19,9.0
3,2026-03-26 09:51:31.987931,63.02,2.3433,37.0,9,77.14,8.0
3,2026-03-26 10:51:31.987931,65.85,2.81,38.0,10,77.13,7.0
3,2026-03-26 11:51:31.987931,67.02,2.18,39.0,11,77.09,6.0
3,2026-03-26 12:51:31.987931,70.09,2.3567,40.0,12,77.07,5.0
3,2026-03-26 13:51:31.987931,72.68,2.2767,41.0,13,77.03,4.0
3,2026-03-26 14:51:31.987931,76.12,3.0333,42.0,14,76.99,3.0
3,2026-03-26 15:51:31.987931,77.77,2.56,43.0,15,76.96,2.0
3,2026-03-26 16:51:31.987931,78.67,1.9967,44.0,16,76.91,1.0
3,2026-03-26 17:51:31.987931,80.98,1.62,45.0,17,76.87,0.0
3,2026-03-27 12:51:31.987931,39.51,2.5067,18.0,12,76.23,24.0
3,2026-03-27 13:51:31.987931,41.53,2.0433,19.0,13,76.2,23.0
3,2026-03-27 14:51:31.987931,46.29,3.36,20.0,14,76.16,22.0
3,2026-03-27 15:51:31.987931,47.23,2.5733,21.0,15,76.12,21.0
3,2026-03-27 16:51:31.987931,48.62,2.3633,22.0,16,76.09,20.0
3,2026-03-27 17:51:31.987931,52.53,2.08,23.0,17,76.06,19.0
3,2026-03-27 18:51:31.987931,54.98,2.5833,24.0,18,76.02,18.0
3,2026-03-27 19:51:31.987931,57.06,2.8133,25.0,19,75.99,17.0
3,2026-03-27 20:51:31.987931,58.71,2.06,26.0,20,75.95,16.0
3,2026-03-27 21:51:31.987931,59.21,1.41,27.0,21,75.92,15.0
3,2026-03-27 22:51:31.987931,60.83,1.2567,28.0,22,75.9,14.0
3,2026-03-27 23:51:31.987931,61.44,0.91,29.0,23,75.86,13.0
3,2026-03-28 00:51:31.987931,61.71,0.8333,30.0,0,75.83,12.0
3,2026-03-28 01:51:31.987931,62.06,0.41,31.0,1,75.8,11.0
3,2026-03-28 02:51:31.987931,62.18,0.2467,32.0,2,75.77,10.0
3,2026-03-28 03:51:31.987931,62.51,0.2667,33.0,3,75.75,9.0
3,2026-03-28 04:51:31.987931,62.91,0.2833,34.0,4,75.71,8.0
3,2026-03-28 05:51:31.987931,63.2,0.34,35.0,5,75.7,7.0
3,2026-03-28 06:51:31.987931,64.3,0.5967,36.0,6,75.68,6.0
3,2026-03-28 07:51:31.987931,66.07,1.0533,37.0,7,75.66,5.0
3,2026-03-28 08:51:31.987931,69.53,2.11,38.0,8,75.64,4.0
3,2026-03-28 09:51:31.987931,72.49,2.73,39.0,9,75.62,3.0
3,2026-03-28 10:51:31.987931,77.27,3.7333,40.0,10,75.59,2.0
3,2026-03-28 11:51:31.987931,78.4,2.9567,41.0,11,75.56,1.0
3,2026-03-28 12:51:31.987931,80.95,2.82,42.0,12,75.52,0.0
3,2026-03-29 08:51:31.987931,39.82,2.4867,19.0,8,74.88,24.0
3,2026-03-29 09:51:31.987931,42.37,2.73,20.0,9,74.84,23.0
3,2026-03-29 10:51:31.987931,46.04,3.6467,21.0,10,74.8,22.0
3,2026-03-29 11:51:31.987931,46.85,2.3433,22.0,11,74.78,21.0
3,2026-03-29 12:51:31.987931,49.19,2.2733,23.0,12,74.75,20.0
3,2026-03-29 13:51:31.987931,53.85,2.6033,24.0,13,74.73,19.0
3,2026-03-29 14:51:31.987931,58.66,3.9367,25.0,14,74.69,18.0
3,2026-03-29 15:51:31.987931,59.41,3.4067,26.0,15,74.67,17.0
3,2026-03-29 16:51:31.987931,60.56,2.2367,27.0,16,74.64,16.0
3,2026-03-29 17:51:31.987931,63.77,1.7033,28.0,17,74.62,15.0
3,2026-03-29 18:51:31.987931,67.63,2.74,29.0,18,74.6,14.0
3,2026-03-29 19:51:31.987931,70.15,3.1967,30.0,19,74.57,13.0
3,2026-03-29 20:51:31.987931,71.79,2.6733,31.0,20,74.56,12.0
3,2026-03-29 21:51:31.987931,72.62,1.6633,32.0,21,74.54,11.0
3,2026-03-29 22:51:31.987931,73.89,1.2467,33.0,22,74.5,10.0
3,2026-03-29 23:51:31.987931,75.85,1.3533,34.0,23,74.48,9.0
3,2026-03-30 00:51:31.987931,76.2,1.1933,35.0,0,74.45,8.0
3,2026-03-30 01:51:31.987931,76.22,0.7767,36.0,1,74.41,7.0
3,2026-03-30 02:51:31.987931,76.36,0.17,37.0,2,74.36,6.0
3,2026-03-30 03:51:31.987931,76.44,0.08,38.0,3,74.31,5.0
3,2026-03-30 04:51:31.987931,76.65,0.1433,39.0,4,74.28,4.0
3,2026-03-30 05:51:31.987931,77.13,0.2567,40.0,5,74.25,3.0
3,2026-03-30 06:51:31.987931,78.2,0.5867,41.0,6,74.21,2.0
3,2026-03-30 07:51:31.987931,79.73,1.0267,42.0,7,74.16,1.0
3,2026-03-30 08:51:31.987931,83.31,2.06,43.0,8,74.14,0.0
3,2026-03-30 17:51:31.987931,35.03,2.5367,8.0,17,73.93,24.0
3,2026-03-30 18:51:31.987931,38.02,3.0633,9.0,18,73.9,23.0
3,2026-03-30 19:51:31.987931,40.25,3.35,10.0,19,73.87,22.0
3,2026-03-30 20:51:31.987931,42.01,2.3267,11.0,20,73.84,21.0
3,2026-03-30 21:51:31.987931,42.91,1.63,12.0,21,73.81,20.0
3,2026-03-30 22:51:31.987931,43.5,1.0833,13.0,22,73.78,19.0
3,2026-03-30 23:51:31.987931,44.68,0.89,14.0,23,73.75,18.0
3,2026-03-31 00:51:31.987931,45.14,0.7433,15.0,0,73.73,17.0
3,2026-03-31 01:51:31.987931,45.32,0.6067,16.0,1,73.72,16.0
3,2026-03-31 02:51:31.987931,45.72,0.3467,17.0,2,73.7,15.0
3,2026-03-31 03:51:31.987931,45.89,0.25,18.0,3,73.68,14.0
3,2026-03-31 04:51:31.987931,46.23,0.3033,19.0,4,73.63,13.0
3,2026-03-31 05:51:31.987931,46.49,0.2567,20.0,5,73.62,12.0
3,2026-03-31 06:51:31.987931,47.3,0.47,21.0,6,73.59,11.0
3,2026-03-31 07:51:31.987931,48.8,0.8567,22.0,7,73.54,10.0
3,2026-03-31 08:51:31.987931,52.73,2.08,23.0,8,73.52,9.0
3,2026-03-31 09:51:31.987931,57.72,3.4733,24.0,9,73.49,8.0
3,2026-03-31 10:51:31.987931,61.17,4.1233,25.0,10,73.45,7.0
3,2026-03-31 11:51:31.987931,63.1,3.4567,26.0,11,73.41,6.0
3,2026-03-31 12:51:31.987931,67.49,3.2567,27.0,12,73.37,5.0
3,2026-03-31 13:51:31.987931,70.05,2.96,28.0,13,73.32,4.0
3,2026-03-31 14:51:31.987931,74.37,3.7567,29.0,14,73.31,3.0
3,2026-03-31 15:51:31.987931,75.11,2.54,30.0,15,73.27,2.0
3,2026-03-31 16:51:31.987931,76.4,2.1167,31.0,16,73.23,1.0
3,2026-03-31 17:51:31.987931,81.14,2.2567,32.0,17,73.22,0.0
3,2026-04-01 12:51:31.987931,36.93,2.8333,18.0,12,72.64,24.0
3,2026-04-01 13:51:31.987931,40.32,2.78,19.0,13,72.59,23.0
3,2026-04-01 14:51:31.987931,44.53,3.54,20.0,14,72.58,22.0
3,2026-04-01 15:51:31.987931,45.23,2.7667,21.0,15,72.54,21.0
3,2026-04-01 16:51:31.987931,46.78,2.1533,22.0,16,72.52,20.0
3,2026-04-01 17:51:31.987931,51.45,2.3067,23.0,17,72.49,19.0
3,2026-04-01 18:51:31.987931,54.83,3.2,24.0,18,72.48,18.0
3,2026-04-01 19:51:31.987931,57.14,3.4533,25.0,19,72.43,17.0
3,2026-04-01 20:51:31.987931,58.0,2.1833,26.0,20,72.41,16.0
3,2026-04-01 21:51:31.987931,58.83,1.3333,27.0,21,72.4,15.0
3,2026-04-01 22:51:31.987931,59.98,0.9467,28.0,22,72.36,14.0
3,2026-04-01 23:51:31.987931,60.72,0.9067,29.0,23,72.32,13.0
3,2026-04-02 00:51:31.987931,60.87,0.68,30.0,0,72.3,12.0
3,2026-04-02 01:51:31.987931,61.15,0.39,31.0,1,72.26,11.0
3,2026-04-02 02:51:31.987931,61.29,0.19,32.0,2,72.23,10.0
3,2026-04-02 03:51:31.987931,61.42,0.1833,33.0,3,72.2,9.0
3,2026-04-02 04:51:31.987931,61.73,0.1933,34.0,4,72.18,8.0
3,2026-04-02 05:51:31.987931,62.18,0.2967,35.0,5,72.14,7.0
3,2026-04-02 06:51:31.987931,63.19,0.59,36.0,6,72.1,6.0
3,2026-04-02 07:51:31.987931,64.21,0.8267,37.0,7,72.08,5.0
3,2026-04-02 08:51:31.987931,66.66,1.4933,38.0,8,72.04,4.0
3,2026-04-02 09:51:31.987931,70.74,2.5167,39.0,9,72.02,3.0
3,2026-04-02 10:51:31.987931,75.37,3.72,40.0,10,71.97,2.0
3,2026-04-02 11:51:31.987931,77.35,3.5633,41.0,11,71.96,1.0
3,2026-04-02 12:51:31.987931,81.04,3.4333,42.0,12,71.92,0.0
3,2026-04-02 23:51:31.987931,33.28,1.26,10.0,23,71.58,24.0
3,2026-04-03 00:51:31.987931,33.53,1.0767,11.0,0,71.57,23.0
3,2026-04-03 01:51:31.987931,34.03,0.7433,12.0,1,71.55,22.0
3,2026-04-03 02:51:31.987931,34.2,0.3067,13.0,2,71.54,21.0
3,2026-04-03 03:51:31.987931,34.52,0.33,14.0,3,71.51,20.0
3,2026-04-03 04:51:31.987931,34.86,0.2767,15.0,4,71.47,19.0
3,2026-04-03 05:51:31.987931,35.11,0.3033,16.0,5,71.42,18.0
3,2026-04-03 06:51:31.987931,36.02,0.5,17.0,6,71.38,17.0
3,2026-04-03 07:51:31.987931,37.49,0.8767,18.0,7,71.36,16.0
3,2026-04-03 08:51:31.987931,41.07,1.9867,19.0,8,71.34,15.0
3,2026-04-03 09:51:31.987931,45.7,3.2267,20.0,9,71.3,14.0
3,2026-04-03 10:51:31.987931,47.82,3.4433,21.0,10,71.27,13.0
3,2026-04-03 11:51:31.987931,49.24,2.7233,22.0,11,71.23,12.0
3,2026-04-03 12:51:31.987931,53.67,2.6567,23.0,12,71.18,11.0
3,2026-04-03 13:51:31.987931,57.88,3.3533,24.0,13,71.16,10.0
3,2026-04-03 14:51:31.987931,61.2,3.9867,25.0,14,71.14,9.0
3,2026-04-03 15:51:31.987931,62.67,3.0,26.0,15,71.12,8.0
3,2026-04-03 16:51:31.987931,64.02,2.0467,27.0,16,71.11,7.0
3,2026-04-03 17:51:31.987931,67.01,1.9367,28.0,17,71.07,6.0
3,2026-04-03 18:51:31.987931,70.9,2.7433,29.0,18,71.04,5.0
3,2026-04-03 19:51:31.987931,75.7,3.8933,30.0,19,71.01,4.0
3,2026-04-03 20:51:31.987931,77.18,3.39,31.0,20,70.99,3.0
3,2026-04-03 21:51:31.987931,78.69,2.5967,32.0,21,70.98,2.0
3,2026-04-03 22:51:31.987931,79.34,1.2133,33.0,22,70.94,1.0
3,2026-04-03 23:51:31.987931,80.31,1.0433,34.0,23,70.9,0.0
3,2026-04-04 17:51:31.987931,40.58,2.34,17.0,17,70.24,24.0
3,2026-04-04 18:51:31.987931,44.25,3.2733,18.0,18,70.21,23.0
3,2026-04-04 19:51:31.987931,48.31,4.0233,19.0,19,70.16,22.0
3,2026-04-04 20:51:31.987931,49.36,2.9267,20.0,20,70.12,21.0
3,2026-04-04 21:51:31.987931,50.52,2.09,21.0,21,70.07,20.0
3,2026-04-04 22:51:31.987931,51.83,1.1733,22.0,22,70.04,19.0
3,2026-04-04 23:51:31.987931,53.18,1.2733,23.0,23,70.0,18.0
3,2026-04-05 00:51:31.987931,53.38,0.9533,24.0,0,69.95,17.0
3,2026-04-05 01:51:31.987931,53.67,0.6133,25.0,1,69.91,16.0
3,2026-04-05 02:51:31.987931,53.73,0.1833,26.0,2,69.88,15.0
3,2026-04-05 03:51:31.987931,54.13,0.25,27.0,3,69.85,14.0
3,2026-04-05 04:51:31.987931,54.49,0.2733,28.0,4,69.83,13.0
3,2026-04-05 05:51:31.987931,54.73,0.3333,29.0,5,69.78,12.0
3,2026-04-05 06:51:31.987931,56.01,0.6267,30.0,6,69.76,11.0
3,2026-04-05 07:51:31.987931,57.13,0.88,31.0,7,69.74,10.0
3,2026-04-05 08:51:31.987931,61.03,2.1,32.0,8,69.69,9.0
3,2026-04-05 09:51:31.987931,63.35,2.4467,33.0,9,69.67,8.0
3,2026-04-05 10:51:31.987931,65.55,2.8067,34.0,10,69.64,7.0
3,2026-04-05 11:51:31.987931,66.3,1.7567,35.0,11,69.6,6.0
3,2026-04-05 12:51:31.987931,69.53,2.06,36.0,12,69.58,5.0
3,2026-04-05 13:51:31.987931,74.49,2.98,37.0,13,69.55,4.0
3,2026-04-05 14:51:31.987931,76.82,3.5067,38.0,14,69.52,3.0
3,2026-04-05 15:51:31.987931,78.74,3.07,39.0,15,69.5,2.0
3,2026-04-05 16:51:31.987931,79.27,1.5933,40.0,16,69.46,1.0
3,2026-04-05 17:51:31.987931,83.73,2.3033,41.0,17,69.45,0.0
3,2026-04-06 12:51:31.987931,38.9,2.7433,18.0,12,68.91,24.0
3,2026-04-06 13:51:31.987931,41.89,2.9267,19.0,13,68.89,23.0
3,2026-04-06 14:51:31.987931,44.3,3.1767,20.0,14,68.86,22.0
3,2026-04-06 15:51:31.987931,45.6,2.2333,21.0,15,68.81,21.0
3,2026-04-06 16:51:31.987931,47.1,1.7367,22.0,16,68.78,20.0
3,2026-04-06 17:51:31.987931,51.74,2.48,23.0,17,68.77,19.0
3,2026-04-06 18:51:31.987931,54.3,2.9,24.0,18,68.73,18.0
3,2026-04-06 19:51:31.987931,59.07,3.99,25.0,19,68.69,17.0
3,2026-04-06 20:51:31.987931,60.49,2.9167,26.0,20,68.68,16.0
3,2026-04-06 21:51:31.987931,61.05,2.25,27.0,21,68.63,15.0
3,2026-04-06 22:51:31.987931,62.15,1.0267,28.0,22,68.58,14.0
3,2026-04-06 23:51:31.987931,64.07,1.1933,29.0,23,68.56,13.0
3,2026-04-07 00:51:31.987931,64.16,1.0367,30.0,0,68.54,12.0
3,2026-04-07 01:51:31.987931,64.66,0.8367,31.0,1,68.51,11.0
3,2026-04-07 02:51:31.987931,64.79,0.24,32.0,2,68.5,10.0
3,2026-04-07 03:51:31.987931,64.8,0.2133,33.0,3,68.48,9.0
3,2026-04-07 04:51:31.987931,65.01,0.1167,34.0,4,68.44,8.0
3,2026-04-07 05:51:31.987931,65.08,0.0967,35.0,5,68.43,7.0
3,2026-04-07 06:51:31.987931,65.65,0.2833,36.0,6,68.41,6.0
3,2026-04-07 07:51:31.987931,66.71,0.5667,37.0,7,68.38,5.0
3,2026-04-07 08:51:31.987931,71.28,2.0667,38.0,8,68.33,4.0
3,2026-04-07 09:51:31.987931,74.37,2.9067,39.0,9,68.31,3.0
3,2026-04-07 10:51:31.987931,78.56,3.95,40.0,10,68.27,2.0
3,2026-04-07 11:51:31.987931,79.31,2.6767,41.0,11,68.22,1.0
3,2026-04-07 12:51:31.987931,83.25,2.96,42.0,12,68.21,0.0
3,2026-04-08 07:51:31.987931,28.84,0.8533,18.0,7,67.65,24.0
3,2026-04-08 08:51:31.987931,32.16,1.9533,19.0,8,67.6,23.0
3,2026-04-08 09:51:31.987931,36.78,3.1967,20.0,9,67.59,22.0
3,2026-04-08 10:51:31.987931,40.8,3.9867,21.0,10,67.55,21.0
3,2026-04-08 11:51:31.987931,42.04,3.2933,22.0,11,67.53,20.0
3,2026-04-08 12:51:31.987931,46.27,3.1633,23.0,12,67.51,19.0
3,2026-04-08 13:51:31.987931,50.84,3.3467,24.0,13,67.47,18.0
3,2026-04-08 14:51:31.987931,54.34,4.1,25.0,14,67.44,17.0
3,2026-04-08 15:51:31.987931,56.14,3.29,26.0,15,67.39,16.0
3,2026-04-08 16:51:31.987931,58.04,2.4,27.0,16,67.37,15.0
3,2026-04-08 17:51:31.987931,62.93,2.8633,28.0,17,67.34,14.0
3,2026-04-08 18:51:31.987931,67.8,3.8867,29.0,18,67.31,13.0
3,2026-04-08 19:51:31.987931,70.26,4.0733,30.0,19,67.28,12.0
3,2026-04-08 20:51:31.987931,70.94,2.67,31.0,20,67.24,11.0
3,2026-04-08 21:51:31.987931,71.66,1.2867,32.0,21,67.19,10.0
3,2026-04-08 22:51:31.987931,73.33,1.0233,33.0,22,67.15,9.0
3,2026-04-08 23:51:31.987931,75.33,1.4633,34.0,23,67.11,8.0
3,2026-04-09 00:51:31.987931,75.66,1.3333,35.0,0,67.09,7.0
3,2026-04-09 01:51:31.987931,75.9,0.8567,36.0,1,67.08,6.0
3,2026-04-09 02:51:31.987931,76.3,0.3233,37.0,2,67.03,5.0
3,2026-04-09 03:51:31.987931,76.31,0.2167,38.0,3,66.99,4.0
3,2026-04-09 04:51:31.987931,76.54,0.2133,39.0,4,66.97,3.0
3,2026-04-09 05:51:31.987931,76.95,0.2167,40.0,5,66.96,2.0
3,2026-04-09 06:51:31.987931,78.83,0.84,41.0,6,66.93,1.0
3,2026-04-09 07:51:31.987931,80.52,1.3267,42.0,7,66.88,0.0
3,2026-04-09 16:51:31.987931,36.64,2.0733,8.0,16,66.62,24.0
3,2026-04-09 17:51:31.987931,40.9,2.2533,9.0,17,66.59,23.0
3,2026-04-09 18:51:31.987931,44.63,3.27,10.0,18,66.57,22.0
3,2026-04-09 19:51:31.987931,48.93,4.0967,11.0,19,66.53,21.0
3,2026-04-09 20:51:31.987931,50.85,3.3167,12.0,20,66.52,20.0
3,2026-04-09 21:51:31.987931,51.98,2.45,13.0,21,66.48,19.0
3,2026-04-09 22:51:31.987931,52.53,1.2,14.0,22,66.46,18.0
3,2026-04-09 23:51:31.987931,53.78,0.9767,15.0,23,66.44,17.0
3,2026-04-10 00:51:31.987931,54.19,0.7367,16.0,0,66.4,16.0
3,2026-04-10 01:51:31.987931,54.38,0.6167,17.0,1,66.35,15.0
3,2026-04-10 02:51:31.987931,54.83,0.35,18.0,2,66.34,14.0
3,2026-04-10 03:51:31.987931,54.98,0.2633,19.0,3,66.32,13.0
3,2026-04-10 04:51:31.987931,55.09,0.2367,20.0,4,66.31,12.0
3,2026-04-10 05:51:31.987931,55.26,0.1433,21.0,5,66.29,11.0
3,2026-04-10 06:51:31.987931,56.02,0.3467,22.0,6,66.24,10.0
3,2026-04-10 07:51:31.987931,58.01,0.9733,23.0,7,66.23,9.0
3,2026-04-10 08:51:31.987931,62.65,2.4633,24.0,8,66.18,8.0
3,2026-04-10 09:51:31.987931,66.14,3.3733,25.0,9,66.15,7.0
3,2026-04-10 10:51:31.987931,68.98,3.6567,26.0,10,66.12,6.0
3,2026-04-10 11:51:31.987931,70.26,2.5367,27.0,11,66.07,5.0
3,2026-04-10 12:51:31.987931,73.31,2.39,28.0,12,66.02,4.0
3,2026-04-10 13:51:31.987931,75.36,2.1267,29.0,13,65.99,3.0
3,2026-04-10 14:51:31.987931,78.85,2.8633,30.0,14,65.96,2.0
3,2026-04-10 15:51:31.987931,79.78,2.1567,31.0,15,65.92,1.0
3,2026-04-10 16:51:31.987931,81.54,2.06,32.0,16,65.89,0.0
3,2026-04-11 12:51:31.987931,38.3,2.95,19.0,12,65.26,24.0
3,2026-04-11 13:51:31.987931,42.68,3.2333,20.0,13,65.24,23.0
3,2026-04-11 14:51:31.987931,45.86,4.04,21.0,14,65.21,22.0
3,2026-04-11 15:51:31.987931,46.73,2.81,22.0,15,65.16,21.0
3,2026-04-11 16:51:31.987931,47.92,1.7467,23.0,16,65.12,20.0
3,2026-04-11 17:51:31.987931,52.9,2.3467,24.0,17,65.09,19.0
3,2026-04-11 18:51:31.987931,54.92,2.73,25.0,18,65.06,18.0
3,2026-04-11 19:51:31.987931,59.08,3.72,26.0,19,65.02,17.0
3,2026-04-11 20:51:31.987931,60.55,2.55,27.0,20,64.99,16.0
3,2026-04-11 21:51:31.987931,61.59,2.2233,28.0,21,64.94,15.0
3,2026-04-11 22:51:31.987931,63.12,1.3467,29.0,22,64.9,14.0
3,2026-04-11 23:51:31.987931,64.93,1.46,30.0,23,64.89,13.0
3,2026-04-12 00:51:31.987931,64.97,1.1267,31.0,0,64.85,12.0
3,2026-04-12 01:51:31.987931,65.17,0.6833,32.0,1,64.83,11.0
3,2026-04-12 02:51:31.987931,65.52,0.1967,33.0,2,64.78,10.0
3,2026-04-12 03:51:31.987931,65.68,0.2367,34.0,3,64.76,9.0
3,2026-04-12 04:51:31.987931,65.7,0.1767,35.0,4,64.73,8.0
3,2026-04-12 05:51:31.987931,65.88,0.12,36.0,5,64.71,7.0
3,2026-04-12 06:51:31.987931,67.81,0.71,37.0,6,64.67,6.0
3,2026-04-12 07:51:31.987931,68.79,1.03,38.0,7,64.63,5.0
3,2026-04-12 08:51:31.987931,72.96,2.36,39.0,8,64.6,4.0
3,2026-04-12 09:51:31.987931,76.94,3.0433,40.0,9,64.59,3.0
3,2026-04-12 10:51:31.987931,78.94,3.3833,41.0,10,64.56,2.0
3,2026-04-12 11:51:31.987931,79.6,2.2133,42.0,11,64.52,1.0
3,2026-04-12 12:51:31.987931,82.79,1.95,43.0,12,64.5,0.0
3,2026-04-12 19:51:31.987931,31.66,4.1533,6.0,19,64.32,24.0
3,2026-04-12 20:51:31.987931,33.18,3.4433,7.0,20,64.3,23.0
3,2026-04-12 21:51:31.987931,33.9,2.2933,8.0,21,64.28,22.0
3,2026-04-12 22:51:31.987931,35.32,1.22,9.0,22,64.27,21.0
3,2026-04-12 23:51:31.987931,36.11,0.9767,10.0,23,64.23,20.0
3,2026-04-13 00:51:31.987931,36.49,0.8633,11.0,0,64.19,19.0
3,2026-04-13 01:51:31.987931,36.66,0.4467,12.0,1,64.17,18.0
3,2026-04-13 02:51:31.987931,36.87,0.2533,13.0,2,64.12,17.0
3,2026-04-13 03:51:31.987931,37.09,0.2,14.0,3,64.08,16.0
3,2026-04-13 04:51:31.987931,37.39,0.2433,15.0,4,64.07,15.0
3,2026-04-13 05:51:31.987931,37.57,0.2333,16.0,5,64.04,14.0
3,2026-04-13 06:51:31.987931,39.03,0.6467,17.0,6,64.0,13.0
3,2026-04-13 07:51:31.987931,40.46,1.0233,18.0,7,63.98,12.0
3,2026-04-13 08:51:31.987931,45.2,2.5433,19.0,8,63.96,11.0
3,2026-04-13 09:51:31.987931,47.26,2.7433,20.0,9,63.92,10.0
3,2026-04-13 10:51:31.987931,51.78,3.7733,21.0,10,63.9,9.0
3,2026-04-13 11:51:31.987931,52.45,2.4167,22.0,11,63.85,8.0
3,2026-04-13 12:51:31.987931,55.5,2.7467,23.0,12,63.83,7.0
3,2026-04-13 13:51:31.987931,60.09,2.77,24.0,13,63.81,6.0
3,2026-04-13 14:51:31.987931,64.75,4.1,25.0,14,63.77,5.0
3,2026-04-13 15:51:31.987931,66.65,3.7167,26.0,15,63.75,4.0
3,2026-04-13 16:51:31.987931,67.36,2.4233,27.0,16,63.7,3.0
3,2026-04-13 17:51:31.987931,72.18,2.4767,28.0,17,63.69,2.0
3,2026-04-13 18:51:31.987931,75.63,2.9933,29.0,18,63.67,1.0
3,2026-04-13 19:51:31.987931,80.11,4.25,30.0,19,63.64,0.0
3,2026-04-14 14:51:31.987931,32.58,3.3767,18.0,14,63.04,24.0
3,2026-04-14 15:51:31.987931,33.99,2.9967,19.0,15,62.99,23.0
3,2026-04-14 16:51:31.987931,35.07,2.17,20.0,16,62.98,22.0
3,2026-04-14 17:51:31.987931,39.16,2.1933,21.0,17,62.93,21.0
3,2026-04-14 18:51:31.987931,43.07,3.0267,22.0,18,62.9,20.0
3,2026-04-14 19:51:31.987931,47.47,4.1333,23.0,19,62.89,19.0
3,2026-04-14 20:51:31.987931,48.44,3.0933,24.0,20,62.84,18.0
3,2026-04-14 21:51:31.987931,50.34,2.4233,25.0,21,62.83,17.0
3,2026-04-14 22:51:31.987931,51.42,1.3167,26.0,22,62.78,16.0
3,2026-04-14 23:51:31.987931,52.53,1.3633,27.0,23,62.76,15.0
3,2026-04-15 00:51:31.987931,52.73,0.7967,28.0,0,62.75,14.0
3,2026-04-15 01:51:31.987931,53.04,0.54,29.0,1,62.74,13.0
3,2026-04-15 02:51:31.987931,53.07,0.18,30.0,2,62.72,12.0
3,2026-04-15 03:51:31.987931,53.32,0.1967,31.0,3,62.71,11.0
3,2026-04-15 04:51:31.987931,53.39,0.1167,32.0,4,62.68,10.0
3,2026-04-15 05:51:31.987931,53.82,0.25,33.0,5,62.65,9.0
3,2026-04-15 06:51:31.987931,55.61,0.7633,34.0,6,62.61,8.0
3,2026-04-15 07:51:31.987931,57.15,1.2533,35.0,7,62.6,7.0
3,2026-04-15 08:51:31.987931,61.4,2.5267,36.0,8,62.56,6.0
3,2026-04-15 09:51:31.987931,65.76,3.3833,37.0,9,62.51,5.0
3,2026-04-15 10:51:31.987931,70.22,4.3567,38.0,10,62.47,4.0
3,2026-04-15 11:51:31.987931,70.87,3.1567,39.0,11,62.43,3.0
3,2026-04-15 12:51:31.987931,73.61,2.6167,40.0,12,62.42,2.0
3,2026-04-15 13:51:31.987931,77.18,2.32,41.0,13,62.41,1.0
3,2026-04-15 14:51:31.987931,82.0,3.71,42.0,14,62.36,0.0
3,2026-04-16 08:51:31.987931,32.96,2.01,17.0,8,61.86,24.0
3,2026-04-16 09:51:31.987931,35.3,2.22,18.0,9,61.83,23.0
3,2026-04-16 10:51:31.987931,40.24,3.3233,19.0,10,61.78,22.0
3,2026-04-16 11:51:31.987931,42.18,3.0733,20.0,11,61.75,21.0
3,2026-04-16 12:51:31.987931,46.86,3.8533,21.0,12,61.71,20.0
3,2026-04-16 13:51:31.987931,48.97,2.91,22.0,13,61.69,19.0
3,2026-04-16 14:51:31.987931,53.15,3.6567,23.0,14,61.68,18.0
3,2026-04-16 15:51:31.987931,54.04,2.3933,24.0,15,61.66,17.0
3,2026-04-16 16:51:31.987931,55.91,2.3133,25.0,16,61.65,16.0
3,2026-04-16 17:51:31.987931,59.63,2.16,26.0,17,61.6,15.0
3,2026-04-16 18:51:31.987931,64.5,3.4867,27.0,18,61.58,14.0
3,2026-04-16 19:51:31.987931,68.95,4.3467,28.0,19,61.54,13.0
3,2026-04-16 20:51:31.987931,70.92,3.7633,29.0,20,61.53,12.0
3,2026-04-16 21:51:31.987931,72.62,2.7067,30.0,21,61.52,11.0
3,2026-04-16 22:51:31.987931,73.92,1.6567,31.0,22,61.49,10.0
3,2026-04-16 23:51:31.987931,75.38,1.4867,32.0,23,61.48,9.0
3,2026-04-17 00:51:31.987931,75.49,0.9567,33.0,0,61.46,8.0
3,2026-04-17 01:51:31.987931,75.77,0.6167,34.0,1,61.43,7.0
3,2026-04-17 02:51:31.987931,76.18,0.2667,35.0,2,61.38,6.0
3,2026-04-17 03:51:31.987931,76.67,0.3933,36.0,3,61.35,5.0
3,2026-04-17 04:51:31.987931,76.92,0.3833,37.0,4,61.34,4.0
3,2026-04-17 05:51:31.987931,76.95,0.2567,38.0,5,61.32,3.0
3,2026-04-17 06:51:31.987931,78.37,0.5667,39.0,6,61.3,2.0
3,2026-04-17 07:51:31.987931,79.54,0.8733,40.0,7,61.27,1.0
3,2026-04-17 08:51:31.987931,84.48,2.51,41.0,8,61.23,0.0
3,2026-04-17 18:51:31.987931,34.46,2.8633,9.0,18,60.94,24.0
3,2026-04-17 19:51:31.987931,36.82,3.1633,10.0,19,60.92,23.0
3,2026-04-17 20:51:31.987931,38.73,2.1433,11.0,20,60.9,22.0
3,2026-04-17 21:51:31.987931,39.81,1.7833,12.0,21,60.87,21.0
3,2026-04-17 22:51:31.987931,40.64,1.2733,13.0,22,60.84,20.0
3,2026-04-17 23:51:31.987931,42.62,1.2967,14.0,23,60.8,19.0
3,2026-04-18 00:51:31.987931,43.06,1.0833,15.0,0,60.79,18.0
3,2026-04-18 01:51:31.987931,43.41,0.9233,16.0,1,60.78,17.0
3,2026-04-18 02:51:31.987931,43.74,0.3733,17.0,2,60.73,16.0
3,2026-04-18 03:51:31.987931,43.81,0.25,18.0,3,60.69,15.0
3,2026-04-18 04:51:31.987931,44.08,0.2233,19.0,4,60.67,14.0
3,2026-04-18 05:51:31.987931,44.39,0.2167,20.0,5,60.63,13.0
3,2026-04-18 06:51:31.987931,44.98,0.39,21.0,6,60.62,12.0
3,2026-04-18 07:51:31.987931,46.91,0.9433,22.0,7,60.59,11.0
3,2026-04-18 08:51:31.987931,50.08,1.8967,23.0,8,60.57,10.0
3,2026-04-18 09:51:31.987931,54.93,3.3167,24.0,9,60.53,9.0
3,2026-04-18 10:51:31.987931,59.49,4.1933,25.0,10,60.49,8.0
3,2026-04-18 11:51:31.987931,61.36,3.76,26.0,11,60.47,7.0
3,2026-04-18 12:51:31.987931,63.48,2.85,27.0,12,60.45,6.0
3,2026-04-18 13:51:31.987931,68.37,2.96,28.0,13,60.42,5.0
3,2026-04-18 14:51:31.987931,72.9,3.8467,29.0,14,60.38,4.0
3,2026-04-18 15:51:31.987931,73.69,3.4033,30.0,15,60.35,3.0
3,2026-04-18 16:51:31.987931,75.09,2.24,31.0,16,60.31,2.0
3,2026-04-18 17:51:31.987931,78.26,1.7867,32.0,17,60.29,1.0
3,2026-04-18 18:51:31.987931,80.81,2.3733,33.0,18,60.27,0.0
3,2026-04-19 13:51:31.987931,37.34,3.0767,18.0,13,59.67,24.0
3,2026-04-19 14:51:31.987931,39.69,3.6233,19.0,14,59.64,23.0
3,2026-04-19 15:51:31.987931,40.65,2.62,20.0,15,59.62,22.0
3,2026-04-19 16:51:31.987931,41.95,1.5367,21.0,16,59.58,21.0
3,2026-04-19 17:51:31.987931,46.16,2.1567,22.0,17,59.57,20.0
3,2026-04-19 18:51:31.987931,48.91,2.7533,23.0,18,59.55,19.0
3,2026-04-19 19:51:31.987931,53.64,3.8967,24.0,19,59.52,18.0
3,2026-04-19 20:51:31.987931,55.23,3.0233,25.0,20,59.49,17.0
3,2026-04-19 21:51:31.987931,56.97,2.6867,26.0,21,59.46,16.0
3,2026-04-19 22:51:31.987931,58.82,1.7267,27.0,22,59.41,15.0
3,2026-04-19 23:51:31.987931,59.9,1.5567,28.0,23,59.36,14.0
3,2026-04-20 00:51:31.987931,60.13,1.0533,29.0,0,59.33,13.0
3,2026-04-20 01:51:31.987931,60.42,0.5333,30.0,1,59.32,12.0
3,2026-04-20 02:51:31.987931,60.77,0.29,31.0,2,59.29,11.0
3,2026-04-20 03:51:31.987931,60.88,0.25,32.0,3,59.28,10.0
3,2026-04-20 04:51:31.987931,61.26,0.28,33.0,4,59.25,9.0
3,2026-04-20 05:51:31.987931,61.6,0.2767,34.0,5,59.24,8.0
3,2026-04-20 06:51:31.987931,62.71,0.61,35.0,6,59.22,7.0
3,2026-04-20 07:51:31.987931,64.04,0.9267,36.0,7,59.18,6.0
3,2026-04-20 08:51:31.987931,66.47,1.6233,37.0,8,59.16,5.0
3,2026-04-20 09:51:31.987931,70.85,2.7133,38.0,9,59.13,4.0
3,2026-04-20 10:51:31.987931,73.45,3.1367,39.0,10,59.09,3.0
3,2026-04-20 11:51:31.987931,74.6,2.71,40.0,11,59.06,2.0
3,2026-04-20 12:51:31.987931,76.95,2.0333,41.0,12,59.02,1.0
3,2026-04-20 13:51:31.987931,80.66,2.4033,42.0,13,58.97,0.0
3,2026-04-21 08:51:31.987931,37.61,1.47,18.0,8,58.38,24.0
3,2026-04-21 09:51:31.987931,42.43,2.5267,19.0,9,58.34,23.0
3,2026-04-21 10:51:31.987931,45.26,3.2833,20.0,10,58.31,22.0
3,2026-04-21 11:51:31.987931,47.04,3.1433,21.0,11,58.28,21.0
3,2026-04-21 12:51:31.987931,50.64,2.7367,22.0,12,58.24,20.0
3,2026-04-21 13:51:31.987931,52.99,2.5767,23.0,13,58.22,19.0
3,2026-04-21 14:51:31.987931,55.66,2.8733,24.0,14,58.21,18.0
3,2026-04-21 15:51:31.987931,56.26,1.8733,25.0,15,58.18,17.0
3,2026-04-21 16:51:31.987931,57.42,1.4767,26.0,16,58.16,16.0
3,2026-04-21 17:51:31.987931,60.57,1.6367,27.0,17,58.12,15.0
3,2026-04-21 18:51:31.987931,62.81,2.1833,28.0,18,58.1,14.0
3,2026-04-21 19:51:31.987931,66.05,2.8767,29.0,19,58.07,13.0
3,2026-04-21 20:51:31.987931,67.38,2.27,30.0,20,58.03,12.0
3,2026-04-21 21:51:31.987931,68.23,1.8067,31.0,21,58.01,11.0
3,2026-04-21 22:51:31.987931,70.2,1.3833,32.0,22,57.99,10.0
3,2026-04-21 23:51:31.987931,71.16,1.26,33.0,23,57.96,9.0
3,2026-04-22 00:51:31.987931,71.63,1.1333,34.0,0,57.94,8.0
3,2026-04-22 01:51:31.987931,71.82,0.54,35.0,1,57.9,7.0
3,2026-04-22 02:51:31.987931,71.85,0.23,36.0,2,57.87,6.0
3,2026-04-22 03:51:31.987931,72.33,0.2333,37.0,3,57.83,5.0
3,2026-04-22 04:51:31.987931,72.68,0.2867,38.0,4,57.82,4.0
3,2026-04-22 05:51:31.987931,72.85,0.3333,39.0,5,57.79,3.0
3,2026-04-22 06:51:31.987931,74.16,0.61,40.0,6,57.77,2.0
3,2026-04-22 07:51:31.987931,76.02,1.1133,41.0,7,57.74,1.0
3,2026-04-22 08:51:31.987931,80.84,2.6633,42.0,8,57.72,0.0
3,2026-04-22 18:51:31.987931,30.39,2.2033,9.0,18,57.48,24.0
3,2026-04-22 19:51:31.987931,32.46,2.5433,10.0,19,57.43,23.0
3,2026-04-22 20:51:31.987931,34.06,2.03,11.0,20,57.41,22.0
3,2026-04-22 21:51:31.987931,34.79,1.4667,12.0,21,57.36,21.0
3,2026-04-22 22:51:31.987931,35.91,1.15,13.0,22,57.32,20.0
3,2026-04-22 23:51:31.987931,37.26,1.0667,14.0,23,57.29,19.0
3,2026-04-23 00:51:31.987931,37.35,0.8533,15.0,0,57.28,18.0
3,2026-04-23 01:51:31.987931,37.55,0.5467,16.0,1,57.25,17.0
3,2026-04-23 02:51:31.987931,37.77,0.17,17.0,2,57.22,16.0
3,2026-04-23 03:51:31.987931,38.17,0.2733,18.0,3,57.17,15.0
3,2026-04-23 04:51:31.987931,38.17,0.2067,19.0,4,57.14,14.0
3,2026-04-23 05:51:31.987931,38.2,0.1433,20.0,5,57.1,13.0
3,2026-04-23 06:51:31.987931,40.11,0.6467,21.0,6,57.09,12.0
3,2026-04-23 07:51:31.987931,41.67,1.1667,22.0,7,57.06,11.0
3,2026-04-23 08:51:31.987931,44.95,2.25,23.0,8,57.01,10.0
3,2026-04-23 09:51:31.987931,49.79,3.2267,24.0,9,57.0,9.0
3,2026-04-23 10:51:31.987931,54.42,4.25,25.0,10,56.96,8.0
3,2026-04-23 11:51:31.987931,55.84,3.63,26.0,11,56.91,7.0
3,2026-04-23 12:51:31.987931,59.84,3.35,27.0,12,56.87,6.0
3,2026-04-23 13:51:31.987931,64.25,3.2767,28.0,13,56.82,5.0
3,2026-04-23 14:51:31.987931,69.21,4.4567,29.0,14,56.79,4.0
3,2026-04-23 15:51:31.987931,70.62,3.5933,30.0,15,56.77,3.0
3,2026-04-23 16:51:31.987931,72.2,2.65,31.0,16,56.76,2.0
3,2026-04-23 17:51:31.987931,77.18,2.6567,32.0,17,56.72,1.0
3,2026-04-23 18:51:31.987931,81.93,3.77,33.0,18,56.69,0.0
3,2026-04-24 14:51:31.987931,39.49,3.4333,19.0,14,56.19,24.0
3,2026-04-24 15:51:31.987931,40.89,2.8267,20.0,15,56.18,23.0
3,2026-04-24 16:51:31.987931,42.22,2.4167,21.0,16,56.14,22.0
3,2026-04-24 17:51:31.987931,44.73,1.7467,22.0,17,56.12,21.0
3,2026-04-24 18:51:31.987931,47.85,2.32,23.0,18,56.07,20.0
3,2026-04-24 19:51:31.987931,50.62,2.8,24.0,19,56.05,19.0
3,2026-04-24 20:51:31.987931,51.8,2.3567,25.0,20,56.04,18.0
3,2026-04-24 21:51:31.987931,52.77,1.64,26.0,21,56.01,17.0
3,2026-04-24 22:51:31.987931,54.69,1.3567,27.0,22,55.97,16.0
3,2026-04-24 23:51:31.987931,55.43,1.21,28.0,23,55.93,15.0
3,2026-04-25 00:51:31.987931,55.89,1.04,29.0,0,55.89,14.0
3,2026-04-25 01:51:31.987931,55.9,0.4033,30.0,1,55.86,13.0
3,2026-04-25 02:51:31.987931,56.27,0.28,31.0,2,55.82,12.0
3,2026-04-25 03:51:31.987931,56.31,0.14,32.0,3,55.8,11.0
3,2026-04-25 04:51:31.987931,56.75,0.2833,33.0,4,55.77,10.0
3,2026-04-25 05:51:31.987931,57.02,0.25,34.0,5,55.72,9.0
3,2026-04-25 06:51:31.987931,58.72,0.8033,35.0,6,55.68,8.0
3,2026-04-25 07:51:31.987931,60.53,1.26,36.0,7,55.67,7.0
3,2026-04-25 08:51:31.987931,63.86,2.28,37.0,8,55.63,6.0
3,2026-04-25 09:51:31.987931,65.92,2.4,38.0,9,55.59,5.0
3,2026-04-25 10:51:31.987931,69.13,2.8667,39.0,10,55.56,4.0
3,2026-04-25 11:51:31.987931,70.97,2.37,40.0,11,55.51,3.0
3,2026-04-25 12:51:31.987931,74.6,2.8933,41.0,12,55.47,2.0
3,2026-04-25 13:51:31.987931,77.01,2.6267,42.0,13,55.44,1.0
3,2026-04-25 14:51:31.987931,81.57,3.5333,43.0,14,55.43,0.0
3,2026-04-26 10:51:31.987931,40.23,4.03,19.0,10,54.79,24.0
3,2026-04-26 11:51:31.987931,40.94,3.36,20.0,11,54.75,23.0
3,2026-04-26 12:51:31.987931,43.9,2.6933,21.0,12,54.71,22.0
3,2026-04-26 13:51:31.987931,47.6,2.4567,22.0,13,54.69,21.0
3,2026-04-26 14:51:31.987931,52.08,3.7133,23.0,14,54.65,20.0
3,2026-04-26 15:51:31.987931,53.15,3.0833,24.0,15,54.6,19.0
3,2026-04-26 16:51:31.987931,54.69,2.3633,25.0,16,54.58,18.0
3,2026-04-26 17:51:31.987931,58.49,2.1367,26.0,17,54.54,17.0
3,2026-04-26 18:51:31.987931,60.75,2.5333,27.0,18,54.49,16.0
3,2026-04-26 19:51:31.987931,65.05,3.4533,28.0,19,54.48,15.0
3,2026-04-26 20:51:31.987931,66.1,2.5367,29.0,20,54.44,14.0
3,2026-04-26 21:51:31.987931,66.87,2.04,30.0,21,54.39,13.0
3,2026-04-26 22:51:31.987931,67.51,0.82,31.0,22,54.34,12.0
3,2026-04-26 23:51:31.987931,68.27,0.7233,32.0,23,54.32,11.0
3,2026-04-27 00:51:31.987931,68.34,0.49,33.0,0,54.3,10.0
3,2026-04-27 01:51:31.987931,68.36,0.2833,34.0,1,54.28,9.0
3,2026-04-27 02:51:31.987931,68.43,0.0533,35.0,2,54.27,8.0
3,2026-04-27 03:51:31.987931,68.85,0.17,36.0,3,54.26,7.0
3,2026-04-27 04:51:31.987931,68.9,0.18,37.0,4,54.24,6.0
3,2026-04-27 05:51:31.987931,69.39,0.32,38.0,5,54.22,5.0
3,2026-04-27 06:51:31.987931,70.13,0.4267,39.0,6,54.21,4.0
3,2026-04-27 07:51:31.987931,71.16,0.7533,40.0,7,54.16,3.0
3,2026-04-27 08:51:31.987931,75.3,1.97,41.0,8,54.14,2.0
3,2026-04-27 09:51:31.987931,79.73,3.2,42.0,9,54.13,1.0
3,2026-04-27 10:51:31.987931,81.75,3.53,43.0,10,54.08,0.0
3,2026-04-27 22:51:31.987931,37.84,1.33,11.0,22,53.72,24.0
3,2026-04-27 23:51:31.987931,39.84,1.6367,12.0,23,53.71,23.0
3,2026-04-28 00:51:31.987931,40.3,1.4833,13.0,0,53.69,22.0
3,2026-04-28 01:51:31.987931,40.57,0.91,14.0,1,53.65,21.0
3,2026-04-28 02:51:31.987931,40.96,0.3733,15.0,2,53.62,20.0
3,2026-04-28 03:51:31.987931,41.17,0.29,16.0,3,53.61,19.0
3,2026-04-28 04:51:31.987931,41.5,0.31,17.0,4,53.59,18.0
3,2026-04-28 05:51:31.987931,41.79,0.2767,18.0,5,53.58,17.0
3,2026-04-28 06:51:31.987931,43.2,0.6767,19.0,6,53.54,16.0
3,2026-04-28 07:51:31.987931,43.87,0.79,20.0,7,53.51,15.0
3,2026-04-28 08:51:31.987931,48.04,2.0833,21.0,8,53.48,14.0
3,2026-04-28 09:51:31.987931,50.57,2.4567,22.0,9,53.46,13.0
3,2026-04-28 10:51:31.987931,54.97,3.7,23.0,10,53.43,12.0
3,2026-04-28 11:51:31.987931,55.48,2.48,24.0,11,53.39,11.0
3,2026-04-28 12:51:31.987931,58.12,2.5167,25.0,12,53.37,10.0
3,2026-04-28 13:51:31.987931,60.21,1.7467,26.0,13,53.34,9.0
3,2026-04-28 14:51:31.987931,65.0,3.1733,27.0,14,53.3,8.0
3,2026-04-28 15:51:31.987931,66.71,2.8633,28.0,15,53.26,7.0
3,2026-04-28 16:51:31.987931,67.33,2.3733,29.0,16,53.24,6.0
3,2026-04-28 17:51:31.987931,69.99,1.6633,30.0,17,53.2,5.0
3,2026-04-28 18:51:31.987931,74.56,2.6167,31.0,18,53.17,4.0
3,2026-04-28 19:51:31.987931,76.77,3.1467,32.0,19,53.14,3.0
3,2026-04-28 20:51:31.987931,77.84,2.6167,33.0,20,53.1,2.0
3,2026-04-28 21:51:31.987931,79.36,1.6,34.0,21,53.07,1.0
3,2026-04-28 22:51:31.987931,80.88,1.37,35.0,22,53.04,0.0
3,2026-04-29 14:51:31.987931,37.22,3.2733,15.0,14,52.64,24.0
3,2026-04-29 15:51:31.987931,38.98,3.1367,16.0,15,52.62,23.0
3,2026-04-29 16:51:31.987931,39.87,2.5367,17.0,16,52.58,22.0
3,2026-04-29 17:51:31.987931,42.3,1.6933,18.0,17,52.55,21.0
3,2026-04-29 18:51:31.987931,46.12,2.38,19.0,18,52.54,20.0
3,2026-04-29 19:51:31.987931,48.92,3.0167,20.0,19,52.5,19.0
3,2026-04-29 20:51:31.987931,50.46,2.72,21.0,20,52.45,18.0
3,2026-04-29 21:51:31.987931,51.45,1.7767,22.0,21,52.4,17.0
3,2026-04-29 22:51:31.987931,53.28,1.4533,23.0,22,52.35,16.0
3,2026-04-29 23:51:31.987931,55.27,1.6033,24.0,23,52.31,15.0
3,2026-04-30 00:51:31.987931,55.49,1.3467,25.0,0,52.26,14.0
3,2026-04-30 01:51:31.987931,55.88,0.8667,26.0,1,52.24,13.0
3,2026-04-30 02:51:31.987931,55.93,0.22,27.0,2,52.2,12.0
3,2026-04-30 03:51:31.987931,56.39,0.3,28.0,3,52.18,11.0
3,2026-04-30 04:51:31.987931,56.47,0.1967,29.0,4,52.16,10.0
3,2026-04-30 05:51:31.987931,56.48,0.1833,30.0,5,52.14,9.0
3,2026-04-30 06:51:31.987931,57.84,0.4833,31.0,6,52.11,8.0
3,2026-04-30 07:51:31.987931,58.7,0.7433,32.0,7,52.07,7.0
3,2026-04-30 08:51:31.987931,62.26,1.9267,33.0,8,52.04,6.0
3,2026-04-30 09:51:31.987931,66.55,2.9033,34.0,9,52.03,5.0
3,2026-04-30 10:51:31.987931,69.88,3.7267,35.0,10,52.01,4.0
3,2026-04-30 11:51:31.987931,71.06,2.9333,36.0,11,52.0,3.0
3,2026-04-30 12:51:31.987931,74.32,2.59,37.0,12,51.98,2.0
3,2026-04-30 13:51:31.987931,79.31,3.1433,38.0,13,51.97,1.0
3,2026-04-30 14:51:31.987931,82.29,3.7433,39.0,14,51.93,0.0
3,2026-05-01 09:51:31.987931,38.0,3.6033,18.0,9,51.34,24.0
3,2026-05-01 10:51:31.987931,42.6,4.5167,19.0,10,51.3,23.0
3,2026-05-01 11:51:31.987931,44.25,3.6667,20.0,11,51.25,22.0
3,2026-05-01 12:51:31.987931,47.78,3.26,21.0,12,51.22,21.0
3,2026-05-01 13:51:31.987931,50.37,2.59,22.0,13,51.17,20.0
3,2026-05-01 14:51:31.987931,52.41,2.72,23.0,14,51.14,19.0
3,2026-05-01 15:51:31.987931,53.14,1.7867,24.0,15,51.11,18.0
3,2026-05-01 16:51:31.987931,54.75,1.46,25.0,16,51.07,17.0
3,2026-05-01 17:51:31.987931,58.91,2.1667,26.0,17,51.05,16.0
3,2026-05-01 18:51:31.987931,61.34,2.7333,27.0,18,51.03,15.0
3,2026-05-01 19:51:31.987931,65.73,3.66,28.0,19,50.99,14.0
3,2026-05-01 20:51:31.987931,67.39,2.8267,29.0,20,50.94,13.0
3,2026-05-01 21:51:31.987931,68.91,2.5233,30.0,21,50.9,12.0
3,2026-05-01 22:51:31.987931,69.6,1.29,31.0,22,50.86,11.0
3,2026-05-01 23:51:31.987931,70.93,1.18,32.0,23,50.81,10.0
3,2026-05-02 00:51:31.987931,71.43,0.84,33.0,0,50.76,9.0
3,2026-05-02 01:51:31.987931,71.62,0.6733,34.0,1,50.73,8.0
3,2026-05-02 02:51:31.987931,71.63,0.2333,35.0,2,50.71,7.0
3,2026-05-02 03:51:31.987931,71.83,0.1333,36.0,3,50.7,6.0
3,2026-05-02 04:51:31.987931,72.28,0.22,37.0,4,50.67,5.0
3,2026-05-02 05:51:31.987931,72.37,0.2467,38.0,5,50.63,4.0
3,2026-05-02 06:51:31.987931,72.95,0.3733,39.0,6,50.59,3.0
3,2026-05-02 07:51:31.987931,74.27,0.6633,40.0,7,50.57,2.0
3,2026-05-02 08:51:31.987931,77.64,1.7567,41.0,8,50.52,1.0
3,2026-05-02 09:51:31.987931,81.05,2.7,42.0,9,50.5,0.0
3,2026-05-02 18:51:31.987931,35.67,2.9533,8.0,18,50.26,24.0
3,2026-05-02 19:51:31.987931,39.71,3.7467,9.0,19,50.25,23.0
3,2026-05-02 20:51:31.987931,40.92,2.4933,10.0,20,50.23,22.0
3,2026-05-02 21:51:31.987931,41.96,2.0967,11.0,21,50.18,21.0
3,2026-05-02 22:51:31.987931,43.72,1.3367,12.0,22,50.15,20.0
3,2026-05-02 23:51:31.987931,45.14,1.4067,13.0,23,50.12,19.0
3,2026-05-03 00:51:31.987931,45.24,1.0933,14.0,0,50.11,18.0
3,2026-05-03 01:51:31.987931,45.42,0.5667,15.0,1,50.09,17.0
3,2026-05-03 02:51:31.987931,45.66,0.1733,16.0,2,50.04,16.0
3,2026-05-03 03:51:31.987931,45.67,0.1433,17.0,3,50.03,15.0
3,2026-05-03 04:51:31.987931,46.08,0.22,18.0,4,49.99,14.0
3,2026-05-03 05:51:31.987931,46.25,0.1967,19.0,5,49.96,13.0
3,2026-05-03 06:51:31.987931,48.1,0.81,20.0,6,49.93,12.0
3,2026-05-03 07:51:31.987931,49.19,1.0367,21.0,7,49.9,11.0
3,2026-05-03 08:51:31.987931,52.66,2.1367,22.0,8,49.89,10.0
3,2026-05-03 09:51:31.987931,57.25,3.05,23.0,9,49.87,9.0
3,2026-05-03 10:51:31.987931,62.03,4.28,24.0,10,49.84,8.0
3,2026-05-03 11:51:31.987931,63.0,3.4467,25.0,11,49.8,7.0
3,2026-05-03 12:51:31.987931,66.33,3.0267,26.0,12,49.79,6.0
3,2026-05-03 13:51:31.987931,68.98,2.3167,27.0,13,49.75,5.0
3,2026-05-03 14:51:31.987931,73.02,3.34,28.0,14,49.72,4.0
3,2026-05-03 15:51:31.987931,73.71,2.46,29.0,15,49.69,3.0
3,2026-05-03 16:51:31.987931,74.32,1.78,30.0,16,49.65,2.0
3,2026-05-03 17:51:31.987931,78.57,1.85,31.0,17,49.63,1.0
3,2026-05-03 18:51:31.987931,82.19,2.8267,32.0,18,49.62,0.0
3,2026-05-04 12:51:31.987931,34.88,3.7333,17.0,12,49.15,24.0
3,2026-05-04 13:51:31.987931,37.71,3.21,18.0,13,49.1,23.0
3,2026-05-04 14:51:31.987931,39.79,3.2867,19.0,14,49.06,22.0
3,2026-05-04 15:51:31.987931,40.42,1.8467,20.0,15,49.01,21.0
3,2026-05-04 16:51:31.987931,42.03,1.44,21.0,16,48.96,20.0
3,2026-05-04 17:51:31.987931,46.48,2.23,22.0,17,48.94,19.0
3,2026-05-04 18:51:31.987931,51.16,3.58,23.0,18,48.89,18.0
3,2026-05-04 19:51:31.987931,55.5,4.49,24.0,19,48.86,17.0
3,2026-05-04 20:51:31.987931,56.56,3.36,25.0,20,48.81,16.0
3,2026-05-04 21:51:31.987931,57.5,2.1133,26.0,21,48.77,15.0
3,2026-05-04 22:51:31.987931,59.13,1.21,27.0,22,48.73,14.0
3,2026-05-04 23:51:31.987931,60.94,1.46,28.0,23,48.69,13.0
3,2026-05-05 00:51:31.987931,61.0,1.1667,29.0,0,48.65,12.0
3,2026-05-05 01:51:31.987931,61.12,0.6633,30.0,1,48.62,11.0
3,2026-05-05 02:51:31.987931,61.19,0.0833,31.0,2,48.58,10.0
3,2026-05-05 03:51:31.987931,61.56,0.1867,32.0,3,48.53,9.0
3,2026-05-05 04:51:31.987931,61.87,0.25,33.0,4,48.52,8.0
3,2026-05-05 05:51:31.987931,62.35,0.3867,34.0,5,48.5,7.0
3,2026-05-05 06:51:31.987931,64.09,0.8433,35.0,6,48.47,6.0
3,2026-05-05 07:51:31.987931,65.15,1.0933,36.0,7,48.43,5.0
3,2026-05-05 08:51:31.987931,67.95,1.8667,37.0,8,48.4,4.0
3,2026-05-05 09:51:31.987931,70.65,2.1867,38.0,9,48.35,3.0
3,2026-05-05 10:51:31.987931,74.72,3.19,39.0,10,48.34,2.0
3,2026-05-05 11:51:31.987931,76.21,2.7533,40.0,11,48.32,1.0
3,2026-05-05 12:51:31.987931,81.07,3.4733,41.0,12,48.29,0.0
3,2026-05-06 07:51:31.987931,35.6,1.2967,18.0,7,47.85,24.0
3,2026-05-06 08:51:31.987931,37.88,2.0133,19.0,8,47.8,23.0
3,2026-05-06 09:51:31.987931,42.01,2.78,20.0,9,47.79,22.0
3,2026-05-06 10:51:31.987931,45.46,3.2867,21.0,10,47.78,21.0
3,2026-05-06 11:51:31.987931,46.19,2.77,22.0,11,47.76,20.0
3,2026-05-06 12:51:31.987931,50.94,2.9767,23.0,12,47.72,19.0
3,2026-05-06 13:51:31.987931,55.03,3.19,24.0,13,47.68,18.0
3,2026-05-06 14:51:31.987931,59.92,4.5767,25.0,14,47.67,17.0
3,2026-05-06 15:51:31.987931,60.89,3.3167,26.0,15,47.64,16.0
3,2026-05-06 16:51:31.987931,62.6,2.5233,27.0,16,47.6,15.0
3,2026-05-06 17:51:31.987931,65.28,1.7867,28.0,17,47.55,14.0
3,2026-05-06 18:51:31.987931,67.66,2.2567,29.0,18,47.52,13.0
3,2026-05-06 19:51:31.987931,71.72,3.04,30.0,19,47.48,12.0
3,2026-05-06 20:51:31.987931,72.26,2.3267,31.0,20,47.47,11.0
3,2026-05-06 21:51:31.987931,73.86,2.0667,32.0,21,47.45,10.0
3,2026-05-06 22:51:31.987931,74.55,0.9433,33.0,22,47.42,9.0
3,2026-05-06 23:51:31.987931,76.18,1.3067,34.0,23,47.38,8.0
3,2026-05-07 00:51:31.987931,76.5,0.88,35.0,0,47.35,7.0
3,2026-05-07 01:51:31.987931,76.92,0.79,36.0,1,47.33,6.0
3,2026-05-07 02:51:31.987931,77.33,0.3833,37.0,2,47.29,5.0
3,2026-05-07 03:51:31.987931,77.55,0.35,38.0,3,47.26,4.0
3,2026-05-07 04:51:31.987931,77.93,0.3367,39.0,4,47.23,3.0
3,2026-05-07 05:51:31.987931,78.42,0.3633,40.0,5,47.18,2.0
3,2026-05-07 06:51:31.987931,79.59,0.68,41.0,6,47.15,1.0
3,2026-05-07 07:51:31.987931,81.32,1.13,42.0,7,47.11,0.0
4,2026-03-09 14:51:32.011335,34.29,3.0067,999.0,14,92.79,24.0
4,2026-03-09 15:51:32.011335,35.73,2.68,999.0,15,92.76,23.0
4,2026-03-09 16:51:32.011335,37.44,2.49,999.0,16,92.75,22.0
4,2026-03-09 17:51:32.011335,41.26,2.3233,999.0,17,92.7,21.0
4,2026-03-09 18:51:32.011335,43.72,2.6633,999.0,18,92.69,20.0
4,2026-03-09 19:51:32.011335,48.61,3.7233,999.0,19,92.65,19.0
4,2026-03-09 20:51:32.011335,49.56,2.7667,999.0,20,92.63,18.0
4,2026-03-09 21:51:32.011335,50.8,2.36,999.0,21,92.61,17.0
4,2026-03-09 22:51:32.011335,52.55,1.3133,999.0,22,92.57,16.0
4,2026-03-09 23:51:32.011335,53.67,1.37,999.0,23,92.53,15.0
4,2026-03-10 00:51:32.011335,53.95,1.05,999.0,0,92.52,14.0
4,2026-03-10 01:51:32.011335,54.4,0.6167,999.0,1,92.47,13.0
4,2026-03-10 02:51:32.011335,54.59,0.3067,999.0,2,92.44,12.0
4,2026-03-10 03:51:32.011335,54.69,0.2467,999.0,3,92.42,11.0
4,2026-03-10 04:51:32.011335,54.83,0.1433,999.0,4,92.39,10.0
4,2026-03-10 05:51:32.011335,54.97,0.1267,999.0,5,92.35,9.0
4,2026-03-10 06:51:32.011335,56.81,0.7067,999.0,6,92.32,8.0
4,2026-03-10 07:51:32.011335,57.63,0.9333,999.0,7,92.27,7.0
4,2026-03-10 08:51:32.011335,60.93,1.9867,999.0,8,92.23,6.0
4,2026-03-10 09:51:32.011335,65.47,2.8867,999.0,9,92.19,5.0
4,2026-03-10 10:51:32.011335,67.85,3.4067,999.0,10,92.15,4.0
4,2026-03-10 11:51:32.011335,69.67,2.9133,999.0,11,92.11,3.0
4,2026-03-10 12:51:32.011335,73.16,2.5633,999.0,12,92.09,2.0
4,2026-03-10 13:51:32.011335,76.5,2.8833,999.0,13,92.06,1.0
4,2026-03-10 14:51:32.011335,80.98,3.77,999.0,14,92.05,0.0
4,2026-03-11 09:51:32.011335,40.77,3.18,18.0,9,91.51,24.0
4,2026-03-11 10:51:32.011335,44.64,3.8067,19.0,10,91.5,23.0
4,2026-03-11 11:51:32.011335,45.36,2.9033,20.0,11,91.45,22.0
4,2026-03-11 12:51:32.011335,48.37,2.5333,21.0,12,91.43,21.0
4,2026-03-11 13:51:32.011335,52.81,2.7233,22.0,13,91.38,20.0
4,2026-03-11 14:51:32.011335,56.21,3.6167,23.0,14,91.36,19.0
4,2026-03-11 15:51:32.011335,57.55,3.06,24.0,15,91.33,18.0
4,2026-03-11 16:51:32.011335,58.79,1.9933,25.0,16,91.3,17.0
4,2026-03-11 17:51:32.011335,60.84,1.5433,26.0,17,91.27,16.0
4,2026-03-11 18:51:32.011335,63.68,2.0433,27.0,18,91.25,15.0
4,2026-03-11 19:51:32.011335,67.9,3.0367,28.0,19,91.23,14.0
4,2026-03-11 20:51:32.011335,68.82,2.66,29.0,20,91.22,13.0
4,2026-03-11 21:51:32.011335,69.51,1.9433,30.0,21,91.2,12.0
4,2026-03-11 22:51:32.011335,71.4,1.1667,31.0,22,91.18,11.0
4,2026-03-11 23:51:32.011335,72.26,1.1467,32.0,23,91.17,10.0
4,2026-03-12 00:51:32.011335,72.49,0.9933,33.0,0,91.13,9.0
4,2026-03-12 01:51:32.011335,72.75,0.45,34.0,1,91.12,8.0
4,2026-03-12 02:51:32.011335,72.77,0.17,35.0,2,91.1,7.0
4,2026-03-12 03:51:32.011335,73.07,0.1933,36.0,3,91.06,6.0
4,2026-03-12 04:51:32.011335,73.09,0.1133,37.0,4,91.04,5.0
4,2026-03-12 05:51:32.011335,73.55,0.26,38.0,5,91.02,4.0
4,2026-03-12 06:51:32.011335,74.22,0.3833,39.0,6,90.98,3.0
4,2026-03-12 07:51:32.011335,74.84,0.5833,40.0,7,90.95,2.0
4,2026-03-12 08:51:32.011335,79.26,1.9033,41.0,8,90.93,1.0
4,2026-03-12 09:51:32.011335,82.56,2.78,42.0,9,90.88,0.0
4,2026-03-12 18:51:32.011335,31.33,2.9767,8.0,18,90.65,24.0
4,2026-03-12 19:51:32.011335,34.93,3.9567,9.0,19,90.63,23.0
4,2026-03-12 20:51:32.011335,35.69,2.73,10.0,20,90.61,22.0
4,2026-03-12 21:51:32.011335,36.76,1.81,11.0,21,90.58,21.0
4,2026-03-12 22:51:32.011335,38.29,1.12,12.0,22,90.55,20.0
4,2026-03-12 23:51:32.011335,39.89,1.4,13.0,23,90.53,19.0
4,2026-03-13 00:51:32.011335,40.31,1.1833,14.0,0,90.48,18.0
4,2026-03-13 01:51:32.011335,40.37,0.6933,15.0,1,90.47,17.0
4,2026-03-13 02:51:32.011335,40.71,0.2733,16.0,2,90.43,16.0
4,2026-03-13 03:51:32.011335,41.16,0.2833,17.0,3,90.4,15.0
4,2026-03-13 04:51:32.011335,41.27,0.3,18.0,4,90.39,14.0
4,2026-03-13 05:51:32.011335,41.34,0.21,19.0,5,90.37,13.0
4,2026-03-13 06:51:32.011335,43.29,0.71,20.0,6,90.32,12.0
4,2026-03-13 07:51:32.011335,44.72,1.15,21.0,7,90.29,11.0
4,2026-03-13 08:51:32.011335,49.46,2.7067,22.0,8,90.25,10.0
4,2026-03-13 09:51:32.011335,52.8,3.17,23.0,9,90.21,9.0
4,2026-03-13 10:51:32.011335,54.9,3.3933,24.0,10,90.18,8.0
4,2026-03-13 11:51:32.011335,55.44,1.9933,25.0,11,90.15,7.0
4,2026-03-13 12:51:32.011335,59.51,2.2367,26.0,12,90.12,6.0
4,2026-03-13 13:51:32.011335,63.45,2.85,27.0,13,90.09,5.0
4,2026-03-13 14:51:32.011335,67.88,4.1467,28.0,14,90.05,4.0
4,2026-03-13 15:51:32.011335,69.78,3.4233,29.0,15,90.04,3.0
4,2026-03-13 16:51:32.011335,70.98,2.51,30.0,16,90.02,2.0
4,2026-03-13 17:51:32.011335,75.82,2.6467,31.0,17,89.98,1.0
4,2026-03-13 18:51:32.011335,80.55,3.59,32.0,18,89.94,0.0
4,2026-03-14 11:51:32.011335,34.53,2.98,16.0,11,89.43,24.0
4,2026-03-14 12:51:32.011335,37.29,3.1333,17.0,12,89.4,23.0
4,2026-03-14 13:51:32.011335,40.99,2.77,18.0,13,89.37,22.0
4,2026-03-14 14:51:32.011335,43.05,2.84,19.0,14,89.34,21.0
4,2026-03-14 15:51:32.011335,44.64,2.45,20.0,15,89.29,20.0
4,2026-03-14 16:51:32.011335,46.43,1.8133,21.0,16,89.28,19.0
4,2026-03-14 17:51:32.011335,50.05,2.3333,22.0,17,89.26,18.0
4,2026-03-14 18:51:32.011335,53.87,3.0767,23.0,18,89.22,17.0
4,2026-03-14 19:51:32.011335,57.07,3.5467,24.0,19,89.2,16.0
4,2026-03-14 20:51:32.011335,58.12,2.69,25.0,20,89.18,15.0
4,2026-03-14 21:51:32.011335,59.96,2.03,26.0,21,89.15,14.0
4,2026-03-14 22:51:32.011335,61.87,1.6,27.0,22,89.12,13.0
4,2026-03-14 23:51:32.011335,62.86,1.58,28.0,23,89.1,12.0
4,2026-03-15 00:51:32.011335,63.13,1.0567,29.0,0,89.06,11.0
4,2026-03-15 01:51:32.011335,63.62,0.5833,30.0,1,89.01,10.0
4,2026-03-15 02:51:32.011335,63.98,0.3733,31.0,2,89.0,9.0
4,2026-03-15 03:51:32.011335,64.18,0.35,32.0,3,88.97,8.0
4,2026-03-15 04:51:32.011335,64.65,0.3433,33.0,4,88.94,7.0
4,2026-03-15 05:51:32.011335,65.1,0.3733,34.0,5,88.91,6.0
4,2026-03-15 06:51:32.011335,66.38,0.7333,35.0,6,88.88,5.0
4,2026-03-15 07:51:32.011335,67.79,1.0467,36.0,7,88.84,4.0
4,2026-03-15 08:51:32.011335,71.78,2.2267,37.0,8,88.79,3.0
4,2026-03-15 09:51:32.011335,73.91,2.51,38.0,9,88.77,2.0
4,2026-03-15 10:51:32.011335,78.84,3.6833,39.0,10,88.74,1.0
4,2026-03-15 11:51:32.011335,80.42,2.88,40.0,11,88.73,0.0
4,2026-03-16 09:51:32.011335,43.08,2.8867,21.0,9,88.07,24.0
4,2026-03-16 10:51:32.011335,45.7,3.2933,22.0,10,88.04,23.0
4,2026-03-16 11:51:32.011335,46.27,2.6633,23.0,11,88.02,22.0
4,2026-03-16 12:51:32.011335,50.05,2.3233,24.0,12,87.98,21.0
4,2026-03-16 13:51:32.011335,52.27,2.19,25.0,13,87.97,20.0
4,2026-03-16 14:51:32.011335,55.46,3.0633,26.0,14,87.94,19.0
4,2026-03-16 15:51:32.011335,56.87,2.2733,27.0,15,87.89,18.0
4,2026-03-16 16:51:32.011335,57.88,1.87,28.0,16,87.87,17.0
4,2026-03-16 17:51:32.011335,60.34,1.6267,29.0,17,87.85,16.0
4,2026-03-16 18:51:32.011335,64.57,2.5667,30.0,18,87.82,15.0
4,2026-03-16 19:51:32.011335,68.06,3.3933,31.0,19,87.77,14.0
4,2026-03-16 20:51:32.011335,68.65,2.77,32.0,20,87.74,13.0
4,2026-03-16 21:51:32.011335,70.0,1.81,33.0,21,87.71,12.0
4,2026-03-16 22:51:32.011335,71.68,1.2067,34.0,22,87.67,11.0
4,2026-03-16 23:51:32.011335,72.89,1.4133,35.0,23,87.63,10.0
4,2026-03-17 00:51:32.011335,73.15,1.05,36.0,0,87.61,9.0
4,2026-03-17 01:51:32.011335,73.23,0.5167,37.0,1,87.59,8.0
4,2026-03-17 02:51:32.011335,73.63,0.2467,38.0,2,87.54,7.0
4,2026-03-17 03:51:32.011335,73.65,0.1667,39.0,3,87.52,6.0
4,2026-03-17 04:51:32.011335,73.97,0.2467,40.0,4,87.47,5.0
4,2026-03-17 05:51:32.011335,74.18,0.1833,41.0,5,87.44,4.0
4,2026-03-17 06:51:32.011335,75.61,0.6533,42.0,6,87.41,3.0
4,2026-03-17 07:51:32.011335,76.54,0.8567,43.0,7,87.37,2.0
4,2026-03-17 08:51:32.011335,79.54,1.7867,44.0,8,87.36,1.0
4,2026-03-17 09:51:32.011335,81.54,1.9767,45.0,9,87.33,0.0
4,2026-03-17 19:51:32.011335,36.66,2.8133,9.0,19,87.01,24.0
4,2026-03-17 20:51:32.011335,37.56,2.3267,10.0,20,86.97,23.0
4,2026-03-17 21:51:32.011335,38.72,1.45,11.0,21,86.94,22.0
4,2026-03-17 22:51:32.011335,39.23,0.8567,12.0,22,86.91,21.0
4,2026-03-17 23:51:32.011335,39.97,0.8033,13.0,23,86.88,20.0
4,2026-03-18 00:51:32.011335,40.31,0.53,14.0,0,86.84,19.0
4,2026-03-18 01:51:32.011335,40.38,0.3833,15.0,1,86.8,18.0
4,2026-03-18 02:51:32.011335,40.87,0.3,16.0,2,86.77,17.0
4,2026-03-18 03:51:32.011335,41.37,0.3533,17.0,3,86.75,16.0
4,2026-03-18 04:51:32.011335,41.72,0.4467,18.0,4,86.74,15.0
4,2026-03-18 05:51:32.011335,41.92,0.35,19.0,5,86.71,14.0
4,2026-03-18 06:51:32.011335,43.16,0.5967,20.0,6,86.69,13.0
4,2026-03-18 07:51:32.011335,44.19,0.8233,21.0,7,86.67,12.0
4,2026-03-18 08:51:32.011335,47.52,1.8667,22.0,8,86.64,11.0
4,2026-03-18 09:51:32.011335,51.64,2.8267,23.0,9,86.59,10.0
4,2026-03-18 10:51:32.011335,54.39,3.4,24.0,10,86.58,9.0
4,2026-03-18 11:51:32.011335,56.29,2.9233,25.0,11,86.55,8.0
4,2026-03-18 12:51:32.011335,60.29,2.8833,26.0,12,86.51,7.0
4,2026-03-18 13:51:32.011335,64.88,3.4967,27.0,13,86.5,6.0
4,2026-03-18 14:51:32.011335,67.56,3.7567,28.0,14,86.47,5.0
4,2026-03-18 15:51:32.011335,69.43,3.0467,29.0,15,86.46,4.0
4,2026-03-18 16:51:32.011335,71.13,2.0833,30.0,16,86.43,3.0
4,2026-03-18 17:51:32.011335,73.87,2.1033,31.0,17,86.39,2.0
4,2026-03-18 18:51:32.011335,77.62,2.73,32.0,18,86.36,1.0
4,2026-03-18 19:51:32.011335,80.9,3.2567,33.0,19,86.32,0.0
4,2026-03-19 13:51:32.011335,34.96,2.78,17.0,13,85.77,24.0
4,2026-03-19 14:51:32.011335,38.23,3.4433,18.0,14,85.74,23.0
4,2026-03-19 15:51:32.011335,39.17,2.6533,19.0,15,85.71,22.0
4,2026-03-19 16:51:32.011335,40.3,1.78,20.0,16,85.69,21.0
4,2026-03-19 17:51:32.011335,44.37,2.0467,21.0,17,85.65,20.0
4,2026-03-19 18:51:32.011335,47.58,2.8033,22.0,18,85.63,19.0
4,2026-03-19 19:51:32.011335,51.13,3.61,23.0,19,85.61,18.0
4,2026-03-19 20:51:32.011335,52.67,2.7667,24.0,20,85.6,17.0
4,2026-03-19 21:51:32.011335,53.33,1.9167,25.0,21,85.57,16.0
4,2026-03-19 22:51:32.011335,55.14,1.3367,26.0,22,85.53,15.0
4,2026-03-19 23:51:32.011335,57.08,1.47,27.0,23,85.51,14.0
4,2026-03-20 00:51:32.011335,57.21,1.2933,28.0,0,85.46,13.0
4,2026-03-20 01:51:32.011335,57.66,0.84,29.0,1,85.43,12.0
4,2026-03-20 02:51:32.011335,57.75,0.2233,30.0,2,85.38,11.0
4,2026-03-20 03:51:32.011335,57.92,0.2367,31.0,3,85.35,10.0
4,2026-03-20 04:51:32.011335,58.26,0.2,32.0,4,85.34,9.0
4,2026-03-20 05:51:32.011335,58.56,0.27,33.0,5,85.29,8.0
4,2026-03-20 06:51:32.011335,60.12,0.7333,34.0,6,85.25,7.0
4,2026-03-20 07:51:32.011335,60.72,0.82,35.0,7,85.23,6.0
4,2026-03-20 08:51:32.011335,65.66,2.3667,36.0,8,85.21,5.0
4,2026-03-20 09:51:32.011335,69.14,3.0067,37.0,9,85.18,4.0
4,2026-03-20 10:51:32.011335,72.89,4.0567,38.0,10,85.14,3.0
4,2026-03-20 11:51:32.011335,74.27,2.87,39.0,11,85.11,2.0
4,2026-03-20 12:51:32.011335,79.07,3.31,40.0,12,85.07,1.0
4,2026-03-20 13:51:32.011335,83.18,3.43,41.0,13,85.03,0.0
4,2026-03-21 10:51:32.011335,37.64,3.5967,20.0,10,84.43,24.0
4,2026-03-21 11:51:32.011335,39.3,3.3067,21.0,11,84.4,23.0
4,2026-03-21 12:51:32.011335,43.88,3.3767,22.0,12,84.36,22.0
4,2026-03-21 13:51:32.011335,47.18,3.18,23.0,13,84.34,21.0
4,2026-03-21 14:51:32.011335,50.06,3.5867,24.0,14,84.31,20.0
4,2026-03-21 15:51:32.011335,51.23,2.45,25.0,15,84.27,19.0
4,2026-03-21 16:51:32.011335,52.28,1.7,26.0,16,84.24,18.0
4,2026-03-21 17:51:32.011335,56.52,2.1533,27.0,17,84.2,17.0
4,2026-03-21 18:51:32.011335,61.25,3.34,28.0,18,84.18,16.0
4,2026-03-21 19:51:32.011335,63.36,3.6933,29.0,19,84.15,15.0
4,2026-03-21 20:51:32.011335,64.88,2.7867,30.0,20,84.1,14.0
4,2026-03-21 21:51:32.011335,66.53,1.76,31.0,21,84.07,13.0
4,2026-03-21 22:51:32.011335,67.33,1.3233,32.0,22,84.05,12.0
4,2026-03-21 23:51:32.011335,68.64,1.2533,33.0,23,84.03,11.0
4,2026-03-22 00:51:32.011335,68.95,0.8067,34.0,0,84.0,10.0
4,2026-03-22 01:51:32.011335,69.43,0.7,35.0,1,83.98,9.0
4,2026-03-22 02:51:32.011335,69.55,0.3033,36.0,2,83.97,8.0
4,2026-03-22 03:51:32.011335,69.59,0.2133,37.0,3,83.94,7.0
4,2026-03-22 04:51:32.011335,69.82,0.13,38.0,4,83.93,6.0
4,2026-03-22 05:51:32.011335,69.9,0.1167,39.0,5,83.89,5.0
4,2026-03-22 06:51:32.011335,71.46,0.6233,40.0,6,83.87,4.0
4,2026-03-22 07:51:32.011335,72.25,0.81,41.0,7,83.85,3.0
4,2026-03-22 08:51:32.011335,75.9,2.0,42.0,8,83.8,2.0
4,2026-03-22 09:51:32.011335,79.63,2.7233,43.0,9,83.75,1.0
4,2026-03-22 10:51:32.011335,82.7,3.4833,44.0,10,83.73,0.0
4,2026-03-22 22:51:32.011335,35.43,0.7033,11.0,22,83.38,24.0
4,2026-03-22 23:51:32.011335,37.25,1.1433,12.0,23,83.34,23.0
4,2026-03-23 00:51:32.011335,37.34,0.9967,13.0,0,83.33,22.0
4,2026-03-23 01:51:32.011335,37.38,0.65,14.0,1,83.3,21.0
4,2026-03-23 02:51:32.011335,37.82,0.19,15.0,2,83.26,20.0
4,2026-03-23 03:51:32.011335,37.85,0.17,16.0,3,83.23,19.0
4,2026-03-23 04:51:32.011335,38.2,0.2733,17.0,4,83.19,18.0
4,2026-03-23 05:51:32.011335,38.43,0.2033,18.0,5,83.17,17.0
4,2026-03-23 06:51:32.011335,40.04,0.73,19.0,6,83.14,16.0
4,2026-03-23 07:51:32.011335,41.31,1.0367,20.0,7,83.1,15.0
4,2026-03-23 08:51:32.011335,44.38,1.9833,21.0,8,83.07,14.0
4,2026-03-23 09:51:32.011335,48.87,2.9433,22.0,9,83.05,13.0
4,2026-03-23 10:51:32.011335,52.96,3.8833,23.0,10,83.02,12.0
4,2026-03-23 11:51:32.011335,54.54,3.3867,24.0,11,83.01,11.0
4,2026-03-23 12:51:32.011335,58.36,3.1633,25.0,12,82.99,10.0
4,2026-03-23 13:51:32.011335,61.95,2.9967,26.0,13,82.96,9.0
4,2026-03-23 14:51:32.011335,64.74,3.4,27.0,14,82.93,8.0
4,2026-03-23 15:51:32.011335,66.34,2.66,28.0,15,82.89,7.0
4,2026-03-23 16:51:32.011335,68.32,2.1233,29.0,16,82.87,6.0
4,2026-03-23 17:51:32.011335,71.15,2.1367,30.0,17,82.86,5.0
4,2026-03-23 18:51:32.011335,74.1,2.5867,31.0,18,82.83,4.0
4,2026-03-23 19:51:32.011335,77.11,2.93,32.0,19,82.78,3.0
4,2026-03-23 20:51:32.011335,78.06,2.3033,33.0,20,82.73,2.0
4,2026-03-23 21:51:32.011335,79.22,1.7067,34.0,21,82.69,1.0
4,2026-03-23 22:51:32.011335,80.93,1.2733,35.0,22,82.68,0.0
4,2026-03-24 14:51:32.011335,32.68,3.57,15.0,14,82.26,24.0
4,2026-03-24 15:51:32.011335,34.46,2.9733,16.0,15,82.23,23.0
4,2026-03-24 16:51:32.011335,36.39,2.3467,17.0,16,82.19,22.0
4,2026-03-24 17:51:32.011335,39.95,2.4233,18.0,17,82.16,21.0
4,2026-03-24 18:51:32.011335,43.62,3.0533,19.0,18,82.14,20.0
4,2026-03-24 19:51:32.011335,47.3,3.6367,20.0,19,82.11,19.0
4,2026-03-24 20:51:32.011335,48.77,2.94,21.0,20,82.09,18.0
4,2026-03-24 21:51:32.011335,49.62,2.0,22.0,21,82.04,17.0
4,2026-03-24 22:51:32.011335,50.6,1.1,23.0,22,82.0,16.0
4,2026-03-24 23:51:32.011335,51.74,0.99,24.0,23,81.97,15.0
4,2026-03-25 00:51:32.011335,51.74,0.7067,25.0,0,81.94,14.0
4,2026-03-25 01:51:32.011335,51.89,0.43,26.0,1,81.92,13.0
4,2026-03-25 02:51:32.011335,51.91,0.0567,27.0,2,81.91,12.0
4,2026-03-25 03:51:32.011335,52.32,0.1933,28.0,3,81.89,11.0
4,2026-03-25 04:51:32.011335,52.66,0.2567,29.0,4,81.85,10.0
4,2026-03-25 05:51:32.011335,52.9,0.33,30.0,5,81.82,9.0
4,2026-03-25 06:51:32.011335,53.46,0.38,31.0,6,81.78,8.0
4,2026-03-25 07:51:32.011335,55.16,0.8333,32.0,7,81.75,7.0
4,2026-03-25 08:51:32.011335,59.92,2.34,33.0,8,81.72,6.0
4,2026-03-25 09:51:32.011335,64.21,3.5833,34.0,9,81.69,5.0
4,2026-03-25 10:51:32.011335,68.86,4.5667,35.0,10,81.64,4.0
4,2026-03-25 11:51:32.011335,69.85,3.31,36.0,11,81.61,3.0
4,2026-03-25 12:51:32.011335,72.72,2.8367,37.0,12,81.6,2.0
4,2026-03-25 13:51:32.011335,75.75,2.2967,38.0,13,81.57,1.0
4,2026-03-25 14:51:32.011335,80.34,3.4967,39.0,14,81.54,0.0
4,2026-03-26 09:51:32.011335,35.81,3.0133,18.0,9,80.96,24.0
4,2026-03-26 10:51:32.011335,38.17,3.2767,19.0,10,80.94,23.0
4,2026-03-26 11:51:32.011335,39.08,2.1033,20.0,11,80.9,22.0
4,2026-03-26 12:51:32.011335,42.55,2.2467,21.0,12,80.85,21.0
4,2026-03-26 13:51:32.011335,46.03,2.62,22.0,13,80.8,20.0
4,2026-03-26 14:51:32.011335,50.75,3.89,23.0,14,80.79,19.0
4,2026-03-26 15:51:32.011335,52.09,3.18,24.0,15,80.77,18.0
4,2026-03-26 16:51:32.011335,53.32,2.43,25.0,16,80.75,17.0
4,2026-03-26 17:51:32.011335,58.07,2.44,26.0,17,80.73,16.0
4,2026-03-26 18:51:32.011335,60.68,2.8633,27.0,18,80.68,15.0
4,2026-03-26 19:51:32.011335,62.69,3.1233,28.0,19,80.64,14.0
4,2026-03-26 20:51:32.011335,63.28,1.7367,29.0,20,80.61,13.0
4,2026-03-26 21:51:32.011335,64.79,1.37,30.0,21,80.58,12.0
4,2026-03-26 22:51:32.011335,65.63,0.98,31.0,22,80.55,11.0
4,2026-03-26 23:51:32.011335,67.21,1.31,32.0,23,80.5,10.0
4,2026-03-27 00:51:32.011335,67.61,0.94,33.0,0,80.49,9.0
4,2026-03-27 01:51:32.011335,67.93,0.7667,34.0,1,80.47,8.0
4,2026-03-27 02:51:32.011335,68.35,0.38,35.0,2,80.45,7.0
4,2026-03-27 03:51:32.011335,68.5,0.2967,36.0,3,80.43,6.0
4,2026-03-27 04:51:32.011335,68.78,0.2833,37.0,4,80.41,5.0
4,2026-03-27 05:51:32.011335,69.03,0.2267,38.0,5,80.39,4.0
4,2026-03-27 06:51:32.011335,70.65,0.7167,39.0,6,80.38,3.0
4,2026-03-27 07:51:32.011335,71.25,0.8233,40.0,7,80.37,2.0
4,2026-03-27 08:51:32.011335,75.43,2.1333,41.0,8,80.35,1.0
4,2026-03-27 09:51:32.011335,80.15,3.1667,42.0,9,80.33,0.0
4,2026-03-28 06:51:32.011335,37.86,0.5067,20.0,6,79.66,24.0
4,2026-03-28 07:51:32.011335,39.1,0.9067,21.0,7,79.62,23.0
4,2026-03-28 08:51:32.011335,41.48,1.67,22.0,8,79.58,22.0
4,2026-03-28 09:51:32.011335,45.52,2.5533,23.0,9,79.55,21.0
4,2026-03-28 10:51:32.011335,47.8,2.9,24.0,10,79.52,20.0
4,2026-03-28 11:51:32.011335,48.7,2.4067,25.0,11,79.51,19.0
4,2026-03-28 12:51:32.011335,52.96,2.48,26.0,12,79.49,18.0
4,2026-03-28 13:51:32.011335,57.5,3.2333,27.0,13,79.45,17.0
4,2026-03-28 14:51:32.011335,60.02,3.7733,28.0,14,79.43,16.0
4,2026-03-28 15:51:32.011335,61.19,2.7433,29.0,15,79.38,15.0
4,2026-03-28 16:51:32.011335,62.95,1.8167,30.0,16,79.36,14.0
4,2026-03-28 17:51:32.011335,67.32,2.4333,31.0,17,79.31,13.0
4,2026-03-28 18:51:32.011335,70.31,3.04,32.0,18,79.26,12.0
4,2026-03-28 19:51:32.011335,73.67,3.5733,33.0,19,79.23,11.0
4,2026-03-28 20:51:32.011335,74.24,2.3067,34.0,20,79.19,10.0
4,2026-03-28 21:51:32.011335,75.37,1.6867,35.0,21,79.17,9.0
4,2026-03-28 22:51:32.011335,76.64,0.99,36.0,22,79.16,8.0
4,2026-03-28 23:51:32.011335,77.89,1.2167,37.0,23,79.13,7.0
4,2026-03-29 00:51:32.011335,78.31,0.98,38.0,0,79.09,6.0
4,2026-03-29 01:51:32.011335,78.61,0.6567,39.0,1,79.04,5.0
4,2026-03-29 02:51:32.011335,78.66,0.2567,40.0,2,78.99,4.0
4,2026-03-29 03:51:32.011335,78.92,0.2033,41.0,3,78.98,3.0
4,2026-03-29 04:51:32.011335,79.25,0.2133,42.0,4,78.93,2.0
4,2026-03-29 05:51:32.011335,79.58,0.3067,43.0,5,78.9,1.0
4,2026-03-29 06:51:32.011335,81.58,0.8867,44.0,6,78.86,0.0
4,2026-03-29 18:51:32.011335,40.13,2.1067,11.0,18,78.49,24.0
4,2026-03-29 19:51:32.011335,43.22,2.74,12.0,19,78.47,23.0
4,2026-03-29 20:51:32.011335,44.7,2.4,13.0,20,78.43,22.0
4,2026-03-29 21:51:32.011335,45.49,1.7867,14.0,21,78.41,21.0
4,2026-03-29 22:51:32.011335,46.88,1.22,15.0,22,78.39,20.0
4,2026-03-29 23:51:32.011335,47.71,1.0033,16.0,23,78.37,19.0
4,2026-03-30 00:51:32.011335,47.8,0.77,17.0,0,78.34,18.0
4,2026-03-30 01:51:32.011335,47.94,0.3533,18.0,1,78.32,17.0
4,2026-03-30 02:51:32.011335,48.36,0.2167,19.0,2,78.29,16.0
4,2026-03-30 03:51:32.011335,48.47,0.2233,20.0,3,78.24,15.0
4,2026-03-30 04:51:32.011335,48.64,0.2333,21.0,4,78.2,14.0
4,2026-03-30 05:51:32.011335,48.86,0.1667,22.0,5,78.16,13.0
4,2026-03-30 06:51:32.011335,50.06,0.53,23.0,6,78.12,12.0
4,2026-03-30 07:51:32.011335,51.27,0.8767,24.0,7,78.08,11.0
4,2026-03-30 08:51:32.011335,53.29,1.4767,25.0,8,78.06,10.0
4,2026-03-30 09:51:32.011335,56.96,2.3,26.0,9,78.04,9.0
4,2026-03-30 10:51:32.011335,60.85,3.1933,27.0,10,78.02,8.0
4,2026-03-30 11:51:32.011335,61.48,2.73,28.0,11,77.97,7.0
4,2026-03-30 12:51:32.011335,65.2,2.7467,29.0,12,77.93,6.0
4,2026-03-30 13:51:32.011335,70.06,3.07,30.0,13,77.9,5.0
4,2026-03-30 14:51:32.011335,72.84,3.7867,31.0,14,77.87,4.0
4,2026-03-30 15:51:32.011335,73.96,2.92,32.0,15,77.84,3.0
4,2026-03-30 16:51:32.011335,75.92,1.9533,33.0,16,77.82,2.0
4,2026-03-30 17:51:32.011335,78.67,1.9433,34.0,17,77.8,1.0
4,2026-03-30 18:51:32.011335,82.49,2.8433,35.0,18,77.76,0.0
4,2026-03-31 13:51:32.011335,37.38,2.74,18.0,13,77.13,24.0
4,2026-03-31 14:51:32.011335,39.98,3.1667,19.0,14,77.11,23.0
4,2026-03-31 15:51:32.011335,41.5,2.72,20.0,15,77.09,22.0
4,2026-03-31 16:51:32.011335,42.1,1.5733,21.0,16,77.08,21.0
4,2026-03-31 17:51:32.011335,46.37,2.13,22.0,17,77.03,20.0
4,2026-03-31 18:51:32.011335,49.61,2.7033,23.0,18,76.99,19.0
4,2026-03-31 19:51:32.011335,51.62,3.1733,24.0,19,76.96,18.0
4,2026-03-31 20:51:32.011335,52.98,2.2033,25.0,20,76.92,17.0
4,2026-03-31 21:51:32.011335,54.36,1.5833,26.0,21,76.89,16.0
4,2026-03-31 22:51:32.011335,55.32,1.2333,27.0,22,76.86,15.0
4,2026-03-31 23:51:32.011335,57.03,1.35,28.0,23,76.82,14.0
4,2026-04-01 00:51:32.011335,57.36,1.0,29.0,0,76.77,13.0
4,2026-04-01 01:51:32.011335,57.65,0.7767,30.0,1,76.75,12.0
4,2026-04-01 02:51:32.011335,57.74,0.2367,31.0,2,76.72,11.0
4,2026-04-01 03:51:32.011335,57.8,0.1467,32.0,3,76.68,10.0
4,2026-04-01 04:51:32.011335,57.89,0.08,33.0,4,76.66,9.0
4,2026-04-01 05:51:32.011335,58.32,0.1933,34.0,5,76.62,8.0
4,2026-04-01 06:51:32.011335,60.18,0.7933,35.0,6,76.58,7.0
4,2026-04-01 07:51:32.011335,61.16,1.09,36.0,7,76.57,6.0
4,2026-04-01 08:51:32.011335,64.63,2.1033,37.0,8,76.56,5.0
4,2026-04-01 09:51:32.011335,69.61,3.1433,38.0,9,76.54,4.0
4,2026-04-01 10:51:32.011335,73.66,4.1667,39.0,10,76.53,3.0
4,2026-04-01 11:51:32.011335,75.12,3.4967,40.0,11,76.51,2.0
4,2026-04-01 12:51:32.011335,79.96,3.45,41.0,12,76.49,1.0
4,2026-04-01 13:51:32.011335,83.18,3.1733,42.0,13,76.45,0.0
4,2026-04-02 03:51:32.011335,30.38,0.32,13.0,3,76.02,24.0
4,2026-04-02 04:51:32.011335,30.72,0.4067,14.0,4,76.01,23.0
4,2026-04-02 05:51:32.011335,30.9,0.3333,15.0,5,75.98,22.0
4,2026-04-02 06:51:32.011335,32.72,0.78,16.0,6,75.95,21.0
4,2026-04-02 07:51:32.011335,34.45,1.2433,17.0,7,75.91,20.0
4,2026-04-02 08:51:32.011335,36.49,1.8633,18.0,8,75.9,19.0
4,2026-04-02 09:51:32.011335,40.85,2.71,19.0,9,75.88,18.0
4,2026-04-02 10:51:32.011335,44.69,3.4133,20.0,10,75.86,17.0
4,2026-04-02 11:51:32.011335,45.88,3.13,21.0,11,75.82,16.0
4,2026-04-02 12:51:32.011335,50.12,3.09,22.0,12,75.78,15.0
4,2026-04-02 13:51:32.011335,52.64,2.65,23.0,13,75.73,14.0
4,2026-04-02 14:51:32.011335,56.76,3.6267,24.0,14,75.69,13.0
4,2026-04-02 15:51:32.011335,58.5,2.7933,25.0,15,75.65,12.0
4,2026-04-02 16:51:32.011335,59.75,2.37,26.0,16,75.61,11.0
4,2026-04-02 17:51:32.011335,64.47,2.57,27.0,17,75.59,10.0
4,2026-04-02 18:51:32.011335,68.94,3.48,28.0,18,75.54,9.0
4,2026-04-02 19:51:32.011335,73.03,4.4267,29.0,19,75.49,8.0
4,2026-04-02 20:51:32.011335,74.18,3.2367,30.0,20,75.46,7.0
4,2026-04-02 21:51:32.011335,76.13,2.3967,31.0,21,75.42,6.0
4,2026-04-02 22:51:32.011335,77.68,1.55,32.0,22,75.38,5.0
4,2026-04-02 23:51:32.011335,79.36,1.7267,33.0,23,75.34,4.0
4,2026-04-03 00:51:32.011335,79.45,1.1067,34.0,0,75.32,3.0
4,2026-04-03 01:51:32.011335,79.61,0.6433,35.0,1,75.28,2.0
4,2026-04-03 02:51:32.011335,79.67,0.1033,36.0,2,75.25,1.0
4,2026-04-03 03:51:32.011335,80.04,0.1967,37.0,3,75.23,0.0
4,2026-04-03 19:51:32.011335,37.25,3.0233,15.0,19,74.76,24.0
4,2026-04-03 20:51:32.011335,39.07,2.53,16.0,20,74.74,23.0
4,2026-04-03 21:51:32.011335,40.27,2.0467,17.0,21,74.72,22.0
4,2026-04-03 22:51:32.011335,40.96,1.2367,18.0,22,74.7,21.0
4,2026-04-03 23:51:32.011335,42.48,1.1367,19.0,23,74.67,20.0
4,2026-04-04 00:51:32.011335,42.82,0.85,20.0,0,74.66,19.0
4,2026-04-04 01:51:32.011335,43.32,0.7867,21.0,1,74.65,18.0
4,2026-04-04 02:51:32.011335,43.56,0.36,22.0,2,74.6,17.0
4,2026-04-04 03:51:32.011335,43.7,0.2933,23.0,3,74.58,16.0
4,2026-04-04 04:51:32.011335,43.85,0.1767,24.0,4,74.57,15.0
4,2026-04-04 05:51:32.011335,44.09,0.1767,25.0,5,74.52,14.0
4,2026-04-04 06:51:32.011335,44.71,0.3367,26.0,6,74.48,13.0
4,2026-04-04 07:51:32.011335,46.7,0.95,27.0,7,74.43,12.0
4,2026-04-04 08:51:32.011335,50.85,2.2533,28.0,8,74.4,11.0
4,2026-04-04 09:51:32.011335,54.19,3.16,29.0,9,74.36,10.0
4,2026-04-04 10:51:32.011335,58.66,3.9867,30.0,10,74.31,9.0
4,2026-04-04 11:51:32.011335,59.56,2.9033,31.0,11,74.27,8.0
4,2026-04-04 12:51:32.011335,62.3,2.7033,32.0,12,74.22,7.0
4,2026-04-04 13:51:32.011335,66.59,2.6433,33.0,13,74.18,6.0
4,2026-04-04 14:51:32.011335,69.82,3.42,34.0,14,74.15,5.0
4,2026-04-04 15:51:32.011335,71.25,2.9833,35.0,15,74.11,4.0
4,2026-04-04 16:51:32.011335,72.09,1.8333,36.0,16,74.1,3.0
4,2026-04-04 17:51:32.011335,75.28,1.82,37.0,17,74.07,2.0
4,2026-04-04 18:51:32.011335,77.55,2.1,38.0,18,74.06,1.0
4,2026-04-04 19:51:32.011335,82.05,3.32,39.0,19,74.04,0.0
4,2026-04-05 12:51:32.011335,32.0,3.1667,16.0,12,73.49,24.0
4,2026-04-05 13:51:32.011335,36.23,3.38,17.0,13,73.47,23.0
4,2026-04-05 14:51:32.011335,40.11,4.3233,18.0,14,73.46,22.0
4,2026-04-05 15:51:32.011335,41.06,3.02,19.0,15,73.42,21.0
4,2026-04-05 16:51:32.011335,42.31,2.0267,20.0,16,73.37,20.0
4,2026-04-05 17:51:32.011335,44.99,1.6267,21.0,17,73.35,19.0
4,2026-04-05 18:51:32.011335,48.94,2.6267,22.0,18,73.32,18.0
4,2026-04-05 19:51:32.011335,53.57,3.7533,23.0,19,73.29,17.0
4,2026-04-05 20:51:32.011335,55.41,3.4733,24.0,20,73.25,16.0
4,2026-04-05 21:51:32.011335,56.88,2.6467,25.0,21,73.23,15.0
4,2026-04-05 22:51:32.011335,57.51,1.3133,26.0,22,73.2,14.0
4,2026-04-05 23:51:32.011335,59.2,1.2633,27.0,23,73.19,13.0
4,2026-04-06 00:51:32.011335,59.26,0.7933,28.0,0,73.16,12.0
4,2026-04-06 01:51:32.011335,59.62,0.7033,29.0,1,73.11,11.0
4,2026-04-06 02:51:32.011335,60.11,0.3033,30.0,2,73.08,10.0
4,2026-04-06 03:51:32.011335,60.14,0.2933,31.0,3,73.06,9.0
4,2026-04-06 04:51:32.011335,60.16,0.18,32.0,4,73.03,8.0
4,2026-04-06 05:51:32.011335,60.28,0.0567,33.0,5,73.0,7.0
4,2026-04-06 06:51:32.011335,60.94,0.2667,34.0,6,72.96,6.0
4,2026-04-06 07:51:32.011335,61.76,0.5333,35.0,7,72.94,5.0
4,2026-04-06 08:51:32.011335,66.71,2.1433,36.0,8,72.92,4.0
4,2026-04-06 09:51:32.011335,71.51,3.5233,37.0,9,72.9,3.0
4,2026-04-06 10:51:32.011335,76.2,4.8133,38.0,10,72.85,2.0
4,2026-04-06 11:51:32.011335,77.79,3.6933,39.0,11,72.83,1.0
4,2026-04-06 12:51:32.011335,81.55,3.3467,40.0,12,72.8,0.0
4,2026-04-07 08:51:32.011335,36.87,1.4567,19.0,8,72.2,24.0
4,2026-04-07 09:51:32.011335,41.3,2.73,20.0,9,72.17,23.0
4,2026-04-07 10:51:32.011335,45.76,4.0133,21.0,10,72.16,22.0
4,2026-04-07 11:51:32.011335,47.46,3.53,22.0,11,72.14,21.0
4,2026-04-07 12:51:32.011335,49.47,2.7233,23.0,12,72.13,20.0
4,2026-04-07 13:51:32.011335,53.19,2.4767,24.0,13,72.08,19.0
4,2026-04-07 14:51:32.011335,57.42,3.32,25.0,14,72.04,18.0
4,2026-04-07 15:51:32.011335,57.97,2.8333,26.0,15,72.02,17.0
4,2026-04-07 16:51:32.011335,58.87,1.8933,27.0,16,72.0,16.0
4,2026-04-07 17:51:32.011335,62.19,1.59,28.0,17,71.98,15.0
4,2026-04-07 18:51:32.011335,66.85,2.96,29.0,18,71.97,14.0
4,2026-04-07 19:51:32.011335,70.88,4.0033,30.0,19,71.93,13.0
4,2026-04-07 20:51:32.011335,72.59,3.4667,31.0,20,71.91,12.0
4,2026-04-07 21:51:32.011335,73.45,2.2,32.0,21,71.87,11.0
4,2026-04-07 22:51:32.011335,74.25,1.1233,33.0,22,71.84,10.0
4,2026-04-07 23:51:32.011335,75.64,1.0167,34.0,23,71.82,9.0
4,2026-04-08 00:51:32.011335,75.82,0.79,35.0,0,71.79,8.0
4,2026-04-08 01:51:32.011335,75.88,0.5433,36.0,1,71.75,7.0
4,2026-04-08 02:51:32.011335,76.02,0.1267,37.0,2,71.71,6.0
4,2026-04-08 03:51:32.011335,76.3,0.16,38.0,3,71.69,5.0
4,2026-04-08 04:51:32.011335,76.65,0.2567,39.0,4,71.67,4.0
4,2026-04-08 05:51:32.011335,76.76,0.2467,40.0,5,71.62,3.0
4,2026-04-08 06:51:32.011335,78.61,0.77,41.0,6,71.58,2.0
4,2026-04-08 07:51:32.011335,79.76,1.0367,42.0,7,71.56,1.0
4,2026-04-08 08:51:32.011335,84.43,2.5567,43.0,8,71.54,0.0
4,2026-04-08 21:51:32.011335,37.23,1.5333,12.0,21,71.22,24.0
4,2026-04-08 22:51:32.011335,38.69,1.2567,13.0,22,71.17,23.0
4,2026-04-08 23:51:32.011335,39.92,1.43,14.0,23,71.13,22.0
4,2026-04-09 00:51:32.011335,40.05,0.94,15.0,0,71.09,21.0
4,2026-04-09 01:51:32.011335,40.37,0.56,16.0,1,71.06,20.0
4,2026-04-09 02:51:32.011335,40.46,0.18,17.0,2,71.04,19.0
4,2026-04-09 03:51:32.011335,40.72,0.2233,18.0,3,71.0,18.0
4,2026-04-09 04:51:32.011335,41.18,0.27,19.0,4,70.97,17.0
4,2026-04-09 05:51:32.011335,41.45,0.33,20.0,5,70.94,16.0
4,2026-04-09 06:51:32.011335,42.94,0.74,21.0,6,70.93,15.0
4,2026-04-09 07:51:32.011335,44.44,1.0867,22.0,7,70.91,14.0
4,2026-04-09 08:51:32.011335,46.8,1.7833,23.0,8,70.89,13.0
4,2026-04-09 09:51:32.011335,49.48,2.18,24.0,9,70.86,12.0
4,2026-04-09 10:51:32.011335,52.87,2.81,25.0,10,70.84,11.0
4,2026-04-09 11:51:32.011335,53.54,2.2467,26.0,11,70.8,10.0
4,2026-04-09 12:51:32.011335,58.09,2.87,27.0,12,70.78,9.0
4,2026-04-09 13:51:32.011335,62.31,3.1467,28.0,13,70.77,8.0
4,2026-04-09 14:51:32.011335,66.31,4.2567,29.0,14,70.73,7.0
4,2026-04-09 15:51:32.011335,67.74,3.2167,30.0,15,70.71,6.0
4,2026-04-09 16:51:32.011335,68.84,2.1767,31.0,16,70.7,5.0
4,2026-04-09 17:51:32.011335,71.21,1.6333,32.0,17,70.67,4.0
4,2026-04-09 18:51:32.011335,73.37,1.8767,33.0,18,70.64,3.0
4,2026-04-09 19:51:32.011335,77.82,2.9933,34.0,19,70.59,2.0
4,2026-04-09 20:51:32.011335,78.46,2.4167,35.0,20,70.57,1.0
4,2026-04-09 21:51:32.011335,80.24,2.29,36.0,21,70.52,0.0
4,2026-04-10 17:51:32.011335,37.62,2.1967,19.0,17,69.82,24.0
4,2026-04-10 18:51:32.011335,39.9,2.62,20.0,18,69.81,23.0
4,2026-04-10 19:51:32.011335,44.68,3.9733,21.0,19,69.79,22.0
4,2026-04-10 20:51:32.011335,46.46,2.9467,22.0,20,69.78,21.0
4,2026-04-10 21:51:32.011335,47.65,2.5833,23.0,21,69.74,20.0
4,2026-04-10 22:51:32.011335,48.31,1.21,24.0,22,69.72,19.0
4,2026-04-10 23:51:32.011335,49.55,1.03,25.0,23,69.7,18.0
4,2026-04-11 00:51:32.011335,49.84,0.73,26.0,0,69.65,17.0
4,2026-04-11 01:51:32.011335,50.23,0.64,27.0,1,69.63,16.0
4,2026-04-11 02:51:32.011335,50.63,0.36,28.0,2,69.58,15.0
4,2026-04-11 03:51:32.011335,51.11,0.4233,29.0,3,69.54,14.0
4,2026-04-11 04:51:32.011335,51.29,0.3533,30.0,4,69.52,13.0
4,2026-04-11 05:51:32.011335,51.62,0.33,31.0,5,69.49,12.0
4,2026-04-11 06:51:32.011335,52.32,0.4033,32.0,6,69.47,11.0
4,2026-04-11 07:51:32.011335,53.75,0.82,33.0,7,69.43,10.0
4,2026-04-11 08:51:32.011335,56.98,1.7867,34.0,8,69.4,9.0
4,2026-04-11 09:51:32.011335,59.84,2.5067,35.0,9,69.37,8.0
4,2026-04-11 10:51:32.011335,64.51,3.5867,36.0,10,69.32,7.0
4,2026-04-11 11:51:32.011335,66.24,3.0867,37.0,11,69.29,6.0
4,2026-04-11 12:51:32.011335,69.57,3.2433,38.0,12,69.26,5.0
4,2026-04-11 13:51:32.011335,72.3,2.5967,39.0,13,69.21,4.0
4,2026-04-11 14:51:32.011335,76.12,3.2933,40.0,14,69.17,3.0
4,2026-04-11 15:51:32.011335,77.76,2.73,41.0,15,69.13,2.0
4,2026-04-11 16:51:32.011335,78.75,2.15,42.0,16,69.09,1.0
4,2026-04-11 17:51:32.011335,83.64,2.5067,43.0,17,69.06,0.0
4,2026-04-12 13:51:32.011335,42.41,2.8,19.0,13,68.4,24.0
4,2026-04-12 14:51:32.011335,45.01,3.3267,20.0,14,68.37,23.0
4,2026-04-12 15:51:32.011335,45.93,2.16,21.0,15,68.34,22.0
4,2026-04-12 16:51:32.011335,47.18,1.59,22.0,16,68.3,21.0
4,2026-04-12 17:51:32.011335,51.27,2.0867,23.0,17,68.28,20.0
4,2026-04-12 18:51:32.011335,53.63,2.5667,24.0,18,68.24,19.0
4,2026-04-12 19:51:32.011335,56.48,3.1,25.0,19,68.19,18.0
4,2026-04-12 20:51:32.011335,57.07,1.9333,26.0,20,68.16,17.0
4,2026-04-12 21:51:32.011335,58.65,1.6733,27.0,21,68.13,16.0
4,2026-04-12 22:51:32.011335,59.83,1.1167,28.0,22,68.1,15.0
4,2026-04-12 23:51:32.011335,61.06,1.33,29.0,23,68.06,14.0
4,2026-04-13 00:51:32.011335,61.31,0.8867,30.0,0,68.02,13.0
4,2026-04-13 01:51:32.011335,61.52,0.5633,31.0,1,68.0,12.0
4,2026-04-13 02:51:32.011335,61.98,0.3067,32.0,2,67.98,11.0
4,2026-04-13 03:51:32.011335,62.26,0.3167,33.0,3,67.96,10.0
4,2026-04-13 04:51:32.011335,62.38,0.2867,34.0,4,67.92,9.0
4,2026-04-13 05:51:32.011335,62.63,0.2167,35.0,5,67.89,8.0
4,2026-04-13 06:51:32.011335,63.69,0.4767,36.0,6,67.88,7.0
4,2026-04-13 07:51:32.011335,64.21,0.61,37.0,7,67.87,6.0
4,2026-04-13 08:51:32.011335,67.59,1.6533,38.0,8,67.84,5.0
4,2026-04-13 09:51:32.011335,70.38,2.23,39.0,9,67.8,4.0
4,2026-04-13 10:51:32.011335,73.74,3.1767,40.0,10,67.75,3.0
4,2026-04-13 11:51:32.011335,74.32,2.2433,41.0,11,67.71,2.0
4,2026-04-13 12:51:32.011335,78.98,2.8667,42.0,12,67.68,1.0
4,2026-04-13 13:51:32.011335,81.6,2.62,43.0,13,67.65,0.0
4,2026-04-14 08:51:32.011335,41.68,2.8167,18.0,8,67.07,24.0
4,2026-04-14 09:51:32.011335,44.53,3.11,19.0,9,67.04,23.0
4,2026-04-14 10:51:32.011335,48.16,3.66,20.0,10,67.0,22.0
4,2026-04-14 11:51:32.011335,49.47,2.5967,21.0,11,66.99,21.0
4,2026-04-14 12:51:32.011335,54.14,3.2033,22.0,12,66.95,20.0
4,2026-04-14 13:51:32.011335,56.82,2.8867,23.0,13,66.91,19.0
4,2026-04-14 14:51:32.011335,59.63,3.3867,24.0,14,66.89,18.0
4,2026-04-14 15:51:32.011335,60.22,2.0267,25.0,15,66.86,17.0
4,2026-04-14 16:51:32.011335,62.06,1.7467,26.0,16,66.83,16.0
4,2026-04-14 17:51:32.011335,65.23,1.8667,27.0,17,66.79,15.0
4,2026-04-14 18:51:32.011335,68.25,2.6767,28.0,18,66.77,14.0
4,2026-04-14 19:51:32.011335,70.79,2.91,29.0,19,66.74,13.0
4,2026-04-14 20:51:32.011335,71.32,2.03,30.0,20,66.7,12.0
4,2026-04-14 21:51:32.011335,72.47,1.4067,31.0,21,66.68,11.0
4,2026-04-14 22:51:32.011335,73.23,0.8133,32.0,22,66.67,10.0
4,2026-04-14 23:51:32.011335,74.9,1.1933,33.0,23,66.65,9.0
4,2026-04-15 00:51:32.011335,74.98,0.8367,34.0,0,66.61,8.0
4,2026-04-15 01:51:32.011335,75.41,0.7267,35.0,1,66.59,7.0
4,2026-04-15 02:51:32.011335,75.47,0.19,36.0,2,66.54,6.0
4,2026-04-15 03:51:32.011335,75.74,0.2533,37.0,3,66.51,5.0
4,2026-04-15 04:51:32.011335,75.93,0.1733,38.0,4,66.5,4.0
4,2026-04-15 05:51:32.011335,76.32,0.2833,39.0,5,66.48,3.0
4,2026-04-15 06:51:32.011335,77.74,0.6667,40.0,6,66.44,2.0
4,2026-04-15 07:51:32.011335,78.84,0.97,41.0,7,66.42,1.0
4,2026-04-15 08:51:32.011335,81.61,1.7633,42.0,8,66.37,0.0
4,2026-04-15 19:51:32.011335,37.52,3.64,10.0,19,66.07,24.0
4,2026-04-15 20:51:32.011335,38.94,2.78,11.0,20,66.04,23.0
4,2026-04-15 21:51:32.011335,40.78,2.46,12.0,21,66.03,22.0
4,2026-04-15 22:51:32.011335,41.92,1.4667,13.0,22,65.99,21.0
4,2026-04-15 23:51:32.011335,43.66,1.5733,14.0,23,65.94,20.0
4,2026-04-16 00:51:32.011335,44.13,1.1167,15.0,0,65.93,19.0
4,2026-04-16 01:51:32.011335,44.59,0.89,16.0,1,65.89,18.0
4,2026-04-16 02:51:32.011335,44.7,0.3467,17.0,2,65.87,17.0
4,2026-04-16 03:51:32.011335,45.19,0.3533,18.0,3,65.86,16.0
4,2026-04-16 04:51:32.011335,45.36,0.2567,19.0,4,65.83,15.0
4,2026-04-16 05:51:32.011335,45.36,0.22,20.0,5,65.79,14.0
4,2026-04-16 06:51:32.011335,45.99,0.2667,21.0,6,65.77,13.0
4,2026-04-16 07:51:32.011335,47.06,0.5667,22.0,7,65.73,12.0
4,2026-04-16 08:51:32.011335,51.89,2.1767,23.0,8,65.71,11.0
4,2026-04-16 09:51:32.011335,55.27,3.0933,24.0,9,65.66,10.0
4,2026-04-16 10:51:32.011335,59.85,4.2633,25.0,10,65.63,9.0
4,2026-04-16 11:51:32.011335,61.76,3.29,26.0,11,65.58,8.0
4,2026-04-16 12:51:32.011335,64.69,3.14,27.0,12,65.55,7.0
4,2026-04-16 13:51:32.011335,66.92,2.3567,28.0,13,65.5,6.0
4,2026-04-16 14:51:32.011335,69.71,2.65,29.0,14,65.47,5.0
4,2026-04-16 15:51:32.011335,70.24,1.85,30.0,15,65.43,4.0
4,2026-04-16 16:51:32.011335,72.09,1.7233,31.0,16,65.4,3.0
4,2026-04-16 17:51:32.011335,75.77,2.02,32.0,17,65.35,2.0
4,2026-04-16 18:51:32.011335,78.32,2.6933,33.0,18,65.31,1.0
4,2026-04-16 19:51:32.011335,81.22,3.0433,34.0,19,65.27,0.0
4,2026-04-17 17:51:32.011335,42.07,2.1967,21.0,17,64.62,24.0
4,2026-04-17 18:51:32.011335,44.42,2.4533,22.0,18,64.61,23.0
4,2026-04-17 19:51:32.011335,47.69,3.0033,23.0,19,64.59,22.0
4,2026-04-17 20:51:32.011335,49.33,2.42,24.0,20,64.58,21.0
4,2026-04-17 21:51:32.011335,50.05,1.8767,25.0,21,64.55,20.0
4,2026-04-17 22:51:32.011335,51.36,1.2233,26.0,22,64.53,19.0
4,2026-04-17 23:51:32.011335,52.23,0.9667,27.0,23,64.49,18.0
4,2026-04-18 00:51:32.011335,52.41,0.7867,28.0,0,64.47,17.0
4,2026-04-18 01:51:32.011335,52.57,0.4033,29.0,1,64.43,16.0
4,2026-04-18 02:51:32.011335,52.9,0.2233,30.0,2,64.41,15.0
4,2026-04-18 03:51:32.011335,52.94,0.1767,31.0,3,64.37,14.0
4,2026-04-18 04:51:32.011335,52.96,0.13,32.0,4,64.35,13.0
4,2026-04-18 05:51:32.011335,53.14,0.08,33.0,5,64.32,12.0
4,2026-04-18 06:51:32.011335,53.71,0.2567,34.0,6,64.31,11.0
4,2026-04-18 07:51:32.011335,54.25,0.43,35.0,7,64.28,10.0
4,2026-04-18 08:51:32.011335,57.22,1.36,36.0,8,64.25,9.0
4,2026-04-18 09:51:32.011335,60.89,2.3933,37.0,9,64.22,8.0
4,2026-04-18 10:51:32.011335,65.21,3.6533,38.0,10,64.17,7.0
4,2026-04-18 11:51:32.011335,66.78,3.1867,39.0,11,64.14,6.0
4,2026-04-18 12:51:32.011335,69.89,3.0,40.0,12,64.1,5.0
4,2026-04-18 13:51:32.011335,73.89,2.8933,41.0,13,64.06,4.0
4,2026-04-18 14:51:32.011335,76.49,3.2367,42.0,14,64.01,3.0
4,2026-04-18 15:51:32.011335,77.72,2.61,43.0,15,63.98,2.0
4,2026-04-18 16:51:32.011335,78.74,1.6167,44.0,16,63.94,1.0
4,2026-04-18 17:51:32.011335,81.87,1.7933,45.0,17,63.92,0.0
4,2026-04-19 12:51:32.011335,40.07,2.7533,18.0,12,63.28,24.0
4,2026-04-19 13:51:32.011335,43.08,2.8067,19.0,13,63.27,23.0
4,2026-04-19 14:51:32.011335,46.16,3.27,20.0,14,63.25,22.0
4,2026-04-19 15:51:32.011335,47.5,2.4767,21.0,15,63.2,21.0
4,2026-04-19 16:51:32.011335,48.61,1.8433,22.0,16,63.16,20.0
4,2026-04-19 17:51:32.011335,53.44,2.4267,23.0,17,63.13,19.0
4,2026-04-19 18:51:32.011335,57.7,3.4,24.0,18,63.1,18.0
4,2026-04-19 19:51:32.011335,59.72,3.7033,25.0,19,63.07,17.0
4,2026-04-19 20:51:32.011335,60.37,2.31,26.0,20,63.04,16.0
4,2026-04-19 21:51:32.011335,62.28,1.5267,27.0,21,63.03,15.0
4,2026-04-19 22:51:32.011335,62.88,1.0533,28.0,22,63.02,14.0
4,2026-04-19 23:51:32.011335,63.61,1.08,29.0,23,62.97,13.0
4,2026-04-20 00:51:32.011335,63.9,0.54,30.0,0,62.92,12.0
4,2026-04-20 01:51:32.011335,64.1,0.4067,31.0,1,62.91,11.0
4,2026-04-20 02:51:32.011335,64.34,0.2433,32.0,2,62.86,10.0
4,2026-04-20 03:51:32.011335,64.76,0.2867,33.0,3,62.84,9.0
4,2026-04-20 04:51:32.011335,65.14,0.3467,34.0,4,62.81,8.0
4,2026-04-20 05:51:32.011335,65.25,0.3033,35.0,5,62.77,7.0
4,2026-04-20 06:51:32.011335,66.25,0.4967,36.0,6,62.72,6.0
4,2026-04-20 07:51:32.011335,67.89,0.9167,37.0,7,62.69,5.0
4,2026-04-20 08:51:32.011335,70.52,1.7567,38.0,8,62.65,4.0
4,2026-04-20 09:51:32.011335,74.14,2.63,39.0,9,62.64,3.0
4,2026-04-20 10:51:32.011335,77.77,3.2933,40.0,10,62.62,2.0
4,2026-04-20 11:51:32.011335,78.59,2.69,41.0,11,62.61,1.0
4,2026-04-20 12:51:32.011335,82.41,2.7567,42.0,12,62.57,0.0
4,2026-04-21 00:51:32.011335,34.97,0.7833,11.0,0,62.25,24.0
4,2026-04-21 01:51:32.011335,35.11,0.34,12.0,1,62.23,23.0
4,2026-04-21 02:51:32.011335,35.28,0.1367,13.0,2,62.21,22.0
4,2026-04-21 03:51:32.011335,35.57,0.2,14.0,3,62.18,21.0
4,2026-04-21 04:51:32.011335,35.64,0.1767,15.0,4,62.16,20.0
4,2026-04-21 05:51:32.011335,35.85,0.19,16.0,5,62.12,19.0
4,2026-04-21 06:51:32.011335,37.37,0.6,17.0,6,62.09,18.0
4,2026-04-21 07:51:32.011335,39.14,1.1667,18.0,7,62.06,17.0
4,2026-04-21 08:51:32.011335,42.1,2.0833,19.0,8,62.03,16.0
4,2026-04-21 09:51:32.011335,46.51,3.0467,20.0,9,62.01,15.0
4,2026-04-21 10:51:32.011335,51.21,4.0233,21.0,10,61.98,14.0
4,2026-04-21 11:51:32.011335,52.3,3.4,22.0,11,61.94,13.0
4,2026-04-21 12:51:32.011335,56.65,3.38,23.0,12,61.93,12.0
4,2026-04-21 13:51:32.011335,58.83,2.54,24.0,13,61.89,11.0
4,2026-04-21 14:51:32.011335,62.84,3.5133,25.0,14,61.85,10.0
4,2026-04-21 15:51:32.011335,63.77,2.3733,26.0,15,61.81,9.0
4,2026-04-21 16:51:32.011335,64.68,1.95,27.0,16,61.78,8.0
4,2026-04-21 17:51:32.011335,67.93,1.6967,28.0,17,61.73,7.0
4,2026-04-21 18:51:32.011335,72.41,2.88,29.0,18,61.7,6.0
4,2026-04-21 19:51:32.011335,74.52,3.28,30.0,19,61.67,5.0
4,2026-04-21 20:51:32.011335,75.62,2.5633,31.0,20,61.62,4.0
4,2026-04-21 21:51:32.011335,76.47,1.3533,32.0,21,61.58,3.0
4,2026-04-21 22:51:32.011335,78.39,1.29,33.0,22,61.56,2.0
4,2026-04-21 23:51:32.011335,79.87,1.4167,34.0,23,61.54,1.0
4,2026-04-22 00:51:32.011335,80.15,1.2267,35.0,0,61.51,0.0
4,2026-04-22 14:51:32.011335,34.74,3.9,13.0,14,61.07,24.0
4,2026-04-22 15:51:32.011335,35.67,2.8833,14.0,15,61.03,23.0
4,2026-04-22 16:51:32.011335,36.94,2.39,15.0,16,61.0,22.0
4,2026-04-22 17:51:32.011335,41.37,2.21,16.0,17,60.95,21.0
4,2026-04-22 18:51:32.011335,45.28,3.2033,17.0,18,60.91,20.0
4,2026-04-22 19:51:32.011335,50.07,4.3767,18.0,19,60.87,19.0
4,2026-04-22 20:51:32.011335,50.64,3.09,19.0,20,60.83,18.0
4,2026-04-22 21:51:32.011335,52.29,2.3367,20.0,21,60.81,17.0
4,2026-04-22 22:51:32.011335,53.21,1.0467,21.0,22,60.79,16.0
4,2026-04-22 23:51:32.011335,53.89,1.0833,22.0,23,60.78,15.0
4,2026-04-23 00:51:32.011335,54.35,0.6867,23.0,0,60.73,14.0
4,2026-04-23 01:51:32.011335,54.79,0.5267,24.0,1,60.71,13.0
4,2026-04-23 02:51:32.011335,54.96,0.3567,25.0,2,60.7,12.0
4,2026-04-23 03:51:32.011335,55.07,0.24,26.0,3,60.66,11.0
4,2026-04-23 04:51:32.011335,55.44,0.2167,27.0,4,60.63,10.0
4,2026-04-23 05:51:32.011335,55.61,0.2167,28.0,5,60.6,9.0
4,2026-04-23 06:51:32.011335,57.45,0.7933,29.0,6,60.58,8.0
4,2026-04-23 07:51:32.011335,58.63,1.0633,30.0,7,60.56,7.0
4,2026-04-23 08:51:32.011335,63.23,2.54,31.0,8,60.53,6.0
4,2026-04-23 09:51:32.011335,65.37,2.64,32.0,9,60.49,5.0
4,2026-04-23 10:51:32.011335,69.52,3.63,33.0,10,60.46,4.0
4,2026-04-23 11:51:32.011335,70.33,2.3667,34.0,11,60.45,3.0
4,2026-04-23 12:51:32.011335,73.35,2.66,35.0,12,60.41,2.0
4,2026-04-23 13:51:32.011335,77.39,2.6233,36.0,13,60.37,1.0
4,2026-04-23 14:51:32.011335,81.58,3.75,37.0,14,60.34,0.0
4,2026-04-24 06:51:32.011335,34.3,0.6967,15.0,6,59.9,24.0
4,2026-04-24 07:51:32.011335,36.15,1.21,16.0,7,59.89,23.0
4,2026-04-24 08:51:32.011335,38.36,1.89,17.0,8,59.88,22.0
4,2026-04-24 09:51:32.011335,43.35,3.0167,18.0,9,59.86,21.0
4,2026-04-24 10:51:32.011335,47.11,3.6533,19.0,10,59.85,20.0
4,2026-04-24 11:51:32.011335,48.14,3.26,20.0,11,59.8,19.0
4,2026-04-24 12:51:32.011335,52.26,2.97,21.0,12,59.77,18.0
4,2026-04-24 13:51:32.011335,56.48,3.1233,22.0,13,59.73,17.0
4,2026-04-24 14:51:32.011335,60.17,4.01,23.0,14,59.72,16.0
4,2026-04-24 15:51:32.011335,61.25,2.9967,24.0,15,59.68,15.0
4,2026-04-24 16:51:32.011335,62.0,1.84,25.0,16,59.67,14.0
4,2026-04-24 17:51:32.011335,64.19,1.34,26.0,17,59.62,13.0
4,2026-04-24 18:51:32.011335,68.41,2.3867,27.0,18,59.57,12.0
4,2026-04-24 19:51:32.011335,72.41,3.47,28.0,19,59.54,11.0
4,2026-04-24 20:51:32.011335,74.4,3.4033,29.0,20,59.51,10.0
4,2026-04-24 21:51:32.011335,75.6,2.3967,30.0,21,59.46,9.0
4,2026-04-24 22:51:32.011335,77.11,1.5667,31.0,22,59.42,8.0
4,2026-04-24 23:51:32.011335,78.04,1.2133,32.0,23,59.39,7.0
4,2026-04-25 00:51:32.011335,78.2,0.8667,33.0,0,59.36,6.0
4,2026-04-25 01:51:32.011335,78.67,0.52,34.0,1,59.34,5.0
4,2026-04-25 02:51:32.011335,79.17,0.3767,35.0,2,59.33,4.0
4,2026-04-25 03:51:32.011335,79.27,0.3567,36.0,3,59.31,3.0
4,2026-04-25 04:51:32.011335,79.34,0.2233,37.0,4,59.26,2.0
4,2026-04-25 05:51:32.011335,79.67,0.1667,38.0,5,59.23,1.0
4,2026-04-25 06:51:32.011335,80.59,0.44,39.0,6,59.21,0.0
4,2026-04-25 18:51:32.011335,38.05,3.4667,11.0,18,58.82,24.0
4,2026-04-25 19:51:32.011335,42.15,4.3833,12.0,19,58.8,23.0
4,2026-04-25 20:51:32.011335,43.9,3.5267,13.0,20,58.78,22.0
4,2026-04-25 21:51:32.011335,44.63,2.1933,14.0,21,58.76,21.0
4,2026-04-25 22:51:32.011335,46.07,1.3067,15.0,22,58.75,20.0
4,2026-04-25 23:51:32.011335,47.41,1.17,16.0,23,58.72,19.0
4,2026-04-26 00:51:32.011335,47.57,0.98,17.0,0,58.69,18.0
4,2026-04-26 01:51:32.011335,47.96,0.63,18.0,1,58.67,17.0
4,2026-04-26 02:51:32.011335,48.01,0.2,19.0,2,58.65,16.0
4,2026-04-26 03:51:32.011335,48.29,0.24,20.0,3,58.62,15.0
4,2026-04-26 04:51:32.011335,48.59,0.21,21.0,4,58.59,14.0
4,2026-04-26 05:51:32.011335,48.6,0.1967,22.0,5,58.58,13.0
4,2026-04-26 06:51:32.011335,50.15,0.62,23.0,6,58.56,12.0
4,2026-04-26 07:51:32.011335,52.14,1.1833,24.0,7,58.52,11.0
4,2026-04-26 08:51:32.011335,55.08,2.16,25.0,8,58.49,10.0
4,2026-04-26 09:51:32.011335,59.47,3.1067,26.0,9,58.46,9.0
4,2026-04-26 10:51:32.011335,63.03,3.63,27.0,10,58.42,8.0
4,2026-04-26 11:51:32.011335,64.71,3.21,28.0,11,58.41,7.0
4,2026-04-26 12:51:32.011335,69.22,3.25,29.0,12,58.37,6.0
4,2026-04-26 13:51:32.011335,71.62,2.8633,30.0,13,58.32,5.0
4,2026-04-26 14:51:32.011335,73.67,2.9867,31.0,14,58.28,4.0
4,2026-04-26 15:51:32.011335,75.37,2.05,32.0,15,58.26,3.0
4,2026-04-26 16:51:32.011335,75.97,1.45,33.0,16,58.23,2.0
4,2026-04-26 17:51:32.011335,78.66,1.6633,34.0,17,58.2,1.0
4,2026-04-26 18:51:32.011335,83.05,2.56,35.0,18,58.18,0.0
4,2026-04-27 13:51:32.011335,37.89,2.25,18.0,13,57.6,24.0
4,2026-04-27 14:51:32.011335,40.02,2.6533,19.0,14,57.55,23.0
4,2026-04-27 15:51:32.011335,41.98,2.5933,20.0,15,57.53,22.0
4,2026-04-27 16:51:32.011335,43.64,1.9167,21.0,16,57.49,21.0
4,2026-04-27 17:51:32.011335,46.5,2.16,22.0,17,57.48,20.0
4,2026-04-27 18:51:32.011335,48.94,2.32,23.0,18,57.46,19.0
4,2026-04-27 19:51:32.011335,52.39,2.9167,24.0,19,57.41,18.0
4,2026-04-27 20:51:32.011335,54.26,2.5867,25.0,20,57.37,17.0
4,2026-04-27 21:51:32.011335,55.32,2.1267,26.0,21,57.33,16.0
4,2026-04-27 22:51:32.011335,55.89,1.1667,27.0,22,57.3,15.0
4,2026-04-27 23:51:32.011335,57.53,1.09,28.0,23,57.27,14.0
4,2026-04-28 00:51:32.011335,57.64,0.7733,29.0,0,57.25,13.0
4,2026-04-28 01:51:32.011335,57.65,0.5867,30.0,1,57.22,12.0
4,2026-04-28 02:51:32.011335,57.81,0.0933,31.0,2,57.2,11.0
4,2026-04-28 03:51:32.011335,57.96,0.1067,32.0,3,57.17,10.0
4,2026-04-28 04:51:32.011335,58.0,0.1167,33.0,4,57.12,9.0
4,2026-04-28 05:51:32.011335,58.06,0.0833,34.0,5,57.08,8.0
4,2026-04-28 06:51:32.011335,59.7,0.58,35.0,6,57.06,7.0
4,2026-04-28 07:51:32.011335,61.57,1.19,36.0,7,57.02,6.0
4,2026-04-28 08:51:32.011335,65.79,2.5767,37.0,8,56.98,5.0
4,2026-04-28 09:51:32.011335,70.27,3.5233,38.0,9,56.95,4.0
4,2026-04-28 10:51:32.011335,73.58,4.0033,39.0,10,56.93,3.0
4,2026-04-28 11:51:32.011335,74.9,3.0367,40.0,11,56.89,2.0
4,2026-04-28 12:51:32.011335,78.79,2.84,41.0,12,56.87,1.0
4,2026-04-28 13:51:32.011335,81.49,2.6367,42.0,13,56.82,0.0
4,2026-04-29 13:51:32.011335,44.69,2.8033,23.0,13,56.11,24.0
4,2026-04-29 14:51:32.011335,48.16,3.5333,24.0,14,56.1,23.0
4,2026-04-29 15:51:32.011335,48.99,3.0833,25.0,15,56.07,22.0
4,2026-04-29 16:51:32.011335,49.88,1.73,26.0,16,56.04,21.0
4,2026-04-29 17:51:32.011335,52.81,1.55,27.0,17,56.03,20.0
4,2026-04-29 18:51:32.011335,56.4,2.47,28.0,18,56.0,19.0
4,2026-04-29 19:51:32.011335,58.78,2.9667,29.0,19,55.98,18.0
4,2026-04-29 20:51:32.011335,59.98,2.39,30.0,20,55.97,17.0
4,2026-04-29 21:51:32.011335,60.78,1.46,31.0,21,55.92,16.0
4,2026-04-29 22:51:32.011335,62.59,1.27,32.0,22,55.91,15.0
4,2026-04-29 23:51:32.011335,63.27,1.0967,33.0,23,55.87,14.0
4,2026-04-30 00:51:32.011335,63.3,0.84,34.0,0,55.84,13.0
4,2026-04-30 01:51:32.011335,63.71,0.3733,35.0,1,55.8,12.0
4,2026-04-30 02:51:32.011335,63.96,0.23,36.0,2,55.77,11.0
4,2026-04-30 03:51:32.011335,64.42,0.3733,37.0,3,55.76,10.0
4,2026-04-30 04:51:32.011335,64.56,0.2833,38.0,4,55.72,9.0
4,2026-04-30 05:51:32.011335,64.77,0.27,39.0,5,55.68,8.0
4,2026-04-30 06:51:32.011335,66.07,0.55,40.0,6,55.63,7.0
4,2026-04-30 07:51:32.011335,67.78,1.0733,41.0,7,55.59,6.0
4,2026-04-30 08:51:32.011335,70.09,1.7733,42.0,8,55.58,5.0
4,2026-04-30 09:51:32.011335,72.97,2.3,43.0,9,55.56,4.0
4,2026-04-30 10:51:32.011335,76.45,2.89,44.0,10,55.51,3.0
4,2026-04-30 11:51:32.011335,77.41,2.44,45.0,11,55.49,2.0
4,2026-04-30 12:51:32.011335,79.62,2.2167,46.0,12,55.44,1.0
4,2026-04-30 13:51:32.011335,84.23,2.5933,47.0,13,55.42,0.0
4,2026-05-01 09:51:32.011335,36.01,2.92,19.0,9,54.92,24.0
4,2026-05-01 10:51:32.011335,39.71,3.8167,20.0,10,54.88,23.0
4,2026-05-01 11:51:32.011335,40.6,2.4667,21.0,11,54.83,22.0
4,2026-05-01 12:51:32.011335,45.43,3.14,22.0,12,54.79,21.0
4,2026-05-01 13:51:32.011335,48.35,2.88,23.0,13,54.75,20.0
4,2026-05-01 14:51:32.011335,51.19,3.53,24.0,14,54.72,19.0
4,2026-05-01 15:51:32.011335,52.61,2.3933,25.0,15,54.68,18.0
4,2026-05-01 16:51:32.011335,54.1,1.9167,26.0,16,54.67,17.0
4,2026-05-01 17:51:32.011335,57.22,2.01,27.0,17,54.63,16.0
4,2026-05-01 18:51:32.011335,62.2,3.1967,28.0,18,54.59,15.0
4,2026-05-01 19:51:32.011335,65.66,3.8533,29.0,19,54.56,14.0
4,2026-05-01 20:51:32.011335,67.08,3.2867,30.0,20,54.54,13.0
4,2026-05-01 21:51:32.011335,68.45,2.0833,31.0,21,54.51,12.0
4,2026-05-01 22:51:32.011335,69.5,1.28,32.0,22,54.47,11.0
4,2026-05-01 23:51:32.011335,70.24,1.0533,33.0,23,54.44,10.0
4,2026-05-02 00:51:32.011335,70.62,0.7233,34.0,0,54.41,9.0
4,2026-05-02 01:51:32.011335,70.8,0.4333,35.0,1,54.36,8.0
4,2026-05-02 02:51:32.011335,71.12,0.2933,36.0,2,54.34,7.0
4,2026-05-02 03:51:32.011335,71.2,0.1933,37.0,3,54.3,6.0
4,2026-05-02 04:51:32.011335,71.53,0.2433,38.0,4,54.27,5.0
4,2026-05-02 05:51:32.011335,71.84,0.24,39.0,5,54.24,4.0
4,2026-05-02 06:51:32.011335,73.06,0.62,40.0,6,54.22,3.0
4,2026-05-02 07:51:32.011335,74.32,0.93,41.0,7,54.18,2.0
4,2026-05-02 08:51:32.011335,76.99,1.7167,42.0,8,54.15,1.0
4,2026-05-02 09:51:32.011335,80.57,2.5033,43.0,9,54.12,0.0
4,2026-05-03 04:51:32.011335,40.07,0.0867,18.0,4,53.48,24.0
4,2026-05-03 05:51:32.011335,40.26,0.1467,19.0,5,53.46,23.0
4,2026-05-03 06:51:32.011335,41.83,0.5933,20.0,6,53.44,22.0
4,2026-05-03 07:51:32.011335,43.15,1.0267,21.0,7,53.43,21.0
4,2026-05-03 08:51:32.011335,45.99,1.91,22.0,8,53.4,20.0
4,2026-05-03 09:51:32.011335,48.12,2.0967,23.0,9,53.37,19.0
4,2026-05-03 10:51:32.011335,51.17,2.6733,24.0,10,53.36,18.0
4,2026-05-03 11:51:32.011335,52.15,2.0533,25.0,11,53.32,17.0
4,2026-05-03 12:51:32.011335,54.34,2.0733,26.0,12,53.29,16.0
4,2026-05-03 13:51:32.011335,57.61,2.1467,27.0,13,53.26,15.0
4,2026-05-03 14:51:32.011335,59.71,2.52,28.0,14,53.23,14.0
4,2026-05-03 15:51:32.011335,60.74,2.1333,29.0,15,53.21,13.0
4,2026-05-03 16:51:32.011335,62.69,1.6933,30.0,16,53.17,12.0
4,2026-05-03 17:51:32.011335,66.3,2.1967,31.0,17,53.14,11.0
4,2026-05-03 18:51:32.011335,70.08,3.1133,32.0,18,53.09,10.0
4,2026-05-03 19:51:32.011335,74.51,3.94,33.0,19,53.07,9.0
4,2026-05-03 20:51:32.011335,75.41,3.0367,34.0,20,53.03,8.0
4,2026-05-03 21:51:32.011335,76.37,2.0967,35.0,21,52.99,7.0
4,2026-05-03 22:51:32.011335,77.63,1.04,36.0,22,52.95,6.0
4,2026-05-03 23:51:32.011335,78.94,1.1767,37.0,23,52.9,5.0
4,2026-05-04 00:51:32.011335,79.27,0.9667,38.0,0,52.88,4.0
4,2026-05-04 01:51:32.011335,79.44,0.6033,39.0,1,52.85,3.0
4,2026-05-04 02:51:32.011335,79.44,0.1667,40.0,2,52.82,2.0
4,2026-05-04 03:51:32.011335,79.85,0.1933,41.0,3,52.78,1.0
4,2026-05-04 04:51:32.011335,80.17,0.2433,42.0,4,52.77,0.0
4,2026-05-04 14:51:32.011335,33.81,4.1,9.0,14,52.44,24.0
4,2026-05-04 15:51:32.011335,34.59,3.0067,10.0,15,52.42,23.0
4,2026-05-04 16:51:32.011335,35.6,2.1433,11.0,16,52.4,22.0
4,2026-05-04 17:51:32.011335,40.42,2.2033,12.0,17,52.37,21.0
4,2026-05-04 18:51:32.011335,45.07,3.4933,13.0,18,52.33,20.0
4,2026-05-04 19:51:32.011335,49.78,4.7267,14.0,19,52.31,19.0
4,2026-05-04 20:51:32.011335,51.42,3.6667,15.0,20,52.29,18.0
4,2026-05-04 21:51:32.011335,51.94,2.29,16.0,21,52.27,17.0
4,2026-05-04 22:51:32.011335,53.53,1.25,17.0,22,52.23,16.0
4,2026-05-04 23:51:32.011335,54.4,0.9933,18.0,23,52.19,15.0
4,2026-05-05 00:51:32.011335,54.6,0.8867,19.0,0,52.16,14.0
4,2026-05-05 01:51:32.011335,54.73,0.4,20.0,1,52.14,13.0
4,2026-05-05 02:51:32.011335,55.09,0.23,21.0,2,52.1,12.0
4,2026-05-05 03:51:32.011335,55.44,0.28,22.0,3,52.09,11.0
4,2026-05-05 04:51:32.011335,55.73,0.3333,23.0,4,52.07,10.0
4,2026-05-05 05:51:32.011335,55.84,0.25,24.0,5,52.05,9.0
4,2026-05-05 06:51:32.011335,57.73,0.7633,25.0,6,52.0,8.0
4,2026-05-05 07:51:32.011335,59.32,1.1967,26.0,7,51.96,7.0
4,2026-05-05 08:51:32.011335,62.23,2.13,27.0,8,51.94,6.0
4,2026-05-05 09:51:32.011335,67.21,3.16,28.0,9,51.93,5.0
4,2026-05-05 10:51:32.011335,69.56,3.4133,29.0,10,51.9,4.0
4,2026-05-05 11:51:32.011335,71.45,3.0733,30.0,11,51.86,3.0
4,2026-05-05 12:51:32.011335,74.39,2.3933,31.0,12,51.84,2.0
4,2026-05-05 13:51:32.011335,78.96,3.1333,32.0,13,51.81,1.0
4,2026-05-05 14:51:32.011335,82.96,3.8367,33.0,14,51.79,0.0
4,2026-05-06 09:51:32.011335,34.9,2.98,18.0,9,51.1,24.0
4,2026-05-06 10:51:32.011335,39.84,4.32,19.0,10,51.08,23.0
4,2026-05-06 11:51:32.011335,40.85,3.18,20.0,11,51.05,22.0
4,2026-05-06 12:51:32.011335,43.46,2.8533,21.0,12,51.03,21.0
4,2026-05-06 13:51:32.011335,47.93,2.6967,22.0,13,50.99,20.0
4,2026-05-06 14:51:32.011335,51.51,3.5533,23.0,14,50.96,19.0
4,2026-05-06 15:51:32.011335,52.2,2.9133,24.0,15,50.93,18.0
4,2026-05-06 16:51:32.011335,53.25,1.7733,25.0,16,50.89,17.0
4,2026-05-06 17:51:32.011335,58.1,2.1967,26.0,17,50.85,16.0
4,2026-05-06 18:51:32.011335,61.91,3.2367,27.0,18,50.82,15.0
4,2026-05-06 19:51:32.011335,65.36,4.0367,28.0,19,50.79,14.0
4,2026-05-06 20:51:32.011335,66.9,2.9333,29.0,20,50.77,13.0
4,2026-05-06 21:51:32.011335,67.89,1.9933,30.0,21,50.73,12.0
4,2026-05-06 22:51:32.011335,69.06,1.2333,31.0,22,50.68,11.0
4,2026-05-06 23:51:32.011335,70.68,1.26,32.0,23,50.65,10.0
4,2026-05-07 00:51:32.011335,70.98,1.03,33.0,0,50.63,9.0
4,2026-05-07 01:51:32.011335,71.45,0.7967,34.0,1,50.61,8.0
4,2026-05-07 02:51:32.011335,71.6,0.3067,35.0,2,50.58,7.0
4,2026-05-07 03:51:32.011335,71.87,0.2967,36.0,3,50.55,6.0
4,2026-05-07 04:51:32.011335,72.08,0.21,37.0,4,50.54,5.0
4,2026-05-07 05:51:32.011335,72.14,0.18,38.0,5,50.52,4.0
4,2026-05-07 06:51:32.011335,74.02,0.7167,39.0,6,50.48,3.0
4,2026-05-07 07:51:32.011335,75.14,1.02,40.0,7,50.46,2.0
4,2026-05-07 08:51:32.011335,77.19,1.6833,41.0,8,50.41,1.0
4,2026-05-07 09:51:32.011335,80.28,2.0867,42.0,9,50.4,0.0
5,2026-03-09 10:51:32.038175,31.99,4.5467,999.0,10,83.16,24.0
5,2026-03-09 11:51:32.038175,33.32,3.47,999.0,11,83.15,23.0
5,2026-03-09 12:51:32.038175,35.45,2.5367,999.0,12,83.11,22.0
5,2026-03-09 13:51:32.038175,37.51,1.84,999.0,13,83.08,21.0
5,2026-03-09 14:51:32.038175,41.77,2.8167,999.0,14,83.07,20.0
5,2026-03-09 15:51:32.038175,42.82,2.4567,999.0,15,83.04,19.0
5,2026-03-09 16:51:32.038175,44.5,2.33,999.0,16,83.03,18.0
5,2026-03-09 17:51:32.038175,48.93,2.3867,999.0,17,82.98,17.0
5,2026-03-09 18:51:32.038175,53.72,3.6333,999.0,18,82.96,16.0
5,2026-03-09 19:51:32.038175,56.57,4.0233,999.0,19,82.91,15.0
5,2026-03-09 20:51:32.038175,58.54,3.2033,999.0,20,82.89,14.0
5,2026-03-09 21:51:32.038175,60.43,2.2367,999.0,21,82.87,13.0
5,2026-03-09 22:51:32.038175,62.29,1.9067,999.0,22,82.84,12.0
5,2026-03-09 23:51:32.038175,63.86,1.7733,999.0,23,82.81,11.0
5,2026-03-10 00:51:32.038175,64.16,1.2433,999.0,0,82.78,10.0
5,2026-03-10 01:51:32.038175,64.57,0.76,999.0,1,82.75,9.0
5,2026-03-10 02:51:32.038175,64.72,0.2867,999.0,2,82.74,8.0
5,2026-03-10 03:51:32.038175,65.19,0.3433,999.0,3,82.71,7.0
5,2026-03-10 04:51:32.038175,65.26,0.23,999.0,4,82.68,6.0
5,2026-03-10 05:51:32.038175,65.36,0.2133,999.0,5,82.63,5.0
5,2026-03-10 06:51:32.038175,66.74,0.5167,999.0,6,82.62,4.0
5,2026-03-10 07:51:32.038175,68.61,1.1167,999.0,7,82.61,3.0
5,2026-03-10 08:51:32.038175,73.49,2.71,999.0,8,82.57,2.0
5,2026-03-10 09:51:32.038175,75.69,2.9833,999.0,9,82.53,1.0
5,2026-03-10 10:51:32.038175,80.58,3.99,999.0,10,82.51,0.0
5,2026-03-10 22:51:32.038175,38.27,0.9267,11.0,22,82.21,24.0
5,2026-03-10 23:51:32.038175,39.54,0.87,12.0,23,82.17,23.0
5,2026-03-11 00:51:32.038175,39.69,0.7167,13.0,0,82.14,22.0
5,2026-03-11 01:51:32.038175,39.9,0.5433,14.0,1,82.13,21.0
5,2026-03-11 02:51:32.038175,40.32,0.26,15.0,2,82.1,20.0
5,2026-03-11 03:51:32.038175,40.46,0.2567,16.0,3,82.07,19.0
5,2026-03-11 04:51:32.038175,40.75,0.2833,17.0,4,82.06,18.0
5,2026-03-11 05:51:32.038175,41.01,0.23,18.0,5,82.03,17.0
5,2026-03-11 06:51:32.038175,42.72,0.7533,19.0,6,82.0,16.0
5,2026-03-11 07:51:32.038175,44.6,1.2833,20.0,7,81.97,15.0
5,2026-03-11 08:51:32.038175,48.84,2.61,21.0,8,81.96,14.0
5,2026-03-11 09:51:32.038175,51.6,2.96,22.0,9,81.94,13.0
5,2026-03-11 10:51:32.038175,55.59,3.6633,23.0,10,81.91,12.0
5,2026-03-11 11:51:32.038175,57.19,2.7833,24.0,11,81.87,11.0
5,2026-03-11 12:51:32.038175,60.45,2.95,25.0,12,81.83,10.0
5,2026-03-11 13:51:32.038175,62.75,2.3867,26.0,13,81.79,9.0
5,2026-03-11 14:51:32.038175,66.01,2.94,27.0,14,81.76,8.0
5,2026-03-11 15:51:32.038175,67.18,2.2433,28.0,15,81.73,7.0
5,2026-03-11 16:51:32.038175,68.99,2.08,29.0,16,81.71,6.0
5,2026-03-11 17:51:32.038175,71.45,1.8133,30.0,17,81.7,5.0
5,2026-03-11 18:51:32.038175,73.89,2.2367,31.0,18,81.67,4.0
5,2026-03-11 19:51:32.038175,76.88,2.63,32.0,19,81.65,3.0
5,2026-03-11 20:51:32.038175,77.78,2.11,33.0,20,81.61,2.0
5,2026-03-11 21:51:32.038175,79.68,1.93,34.0,21,81.57,1.0
5,2026-03-11 22:51:32.038175,80.72,1.28,35.0,22,81.55,0.0
5,2026-03-12 17:51:32.038175,37.77,2.5467,18.0,17,81.02,24.0
5,2026-03-12 18:51:32.038175,41.86,3.5133,19.0,18,80.99,23.0
5,2026-03-12 19:51:32.038175,45.32,4.05,20.0,19,80.97,22.0
5,2026-03-12 20:51:32.038175,46.04,2.7567,21.0,20,80.96,21.0
5,2026-03-12 21:51:32.038175,46.58,1.5733,22.0,21,80.92,20.0
5,2026-03-12 22:51:32.038175,48.26,0.98,23.0,22,80.9,19.0
5,2026-03-12 23:51:32.038175,50.25,1.4033,24.0,23,80.86,18.0
5,2026-03-13 00:51:32.038175,50.35,1.2567,25.0,0,80.82,17.0
5,2026-03-13 01:51:32.038175,50.52,0.7533,26.0,1,80.8,16.0
5,2026-03-13 02:51:32.038175,50.73,0.16,27.0,2,80.79,15.0
5,2026-03-13 03:51:32.038175,51.09,0.2467,28.0,3,80.75,14.0
5,2026-03-13 04:51:32.038175,51.11,0.1967,29.0,4,80.72,13.0
5,2026-03-13 05:51:32.038175,51.31,0.1933,30.0,5,80.67,12.0
5,2026-03-13 06:51:32.038175,53.08,0.6633,31.0,6,80.64,11.0
5,2026-03-13 07:51:32.038175,54.07,0.9867,32.0,7,80.59,10.0
5,2026-03-13 08:51:32.038175,58.14,2.2767,33.0,8,80.58,9.0
5,2026-03-13 09:51:32.038175,61.72,2.88,34.0,9,80.54,8.0
5,2026-03-13 10:51:32.038175,63.73,3.22,35.0,10,80.52,7.0
5,2026-03-13 11:51:32.038175,64.62,2.16,36.0,11,80.49,6.0
5,2026-03-13 12:51:32.038175,68.44,2.24,37.0,12,80.46,5.0
5,2026-03-13 13:51:32.038175,73.1,3.1233,38.0,13,80.44,4.0
5,2026-03-13 14:51:32.038175,77.92,4.4333,39.0,14,80.43,3.0
5,2026-03-13 15:51:32.038175,78.81,3.4567,40.0,15,80.41,2.0
5,2026-03-13 16:51:32.038175,79.59,2.1633,41.0,16,80.39,1.0
5,2026-03-13 17:51:32.038175,82.95,1.6767,42.0,17,80.36,0.0
5,2026-03-14 10:51:32.038175,34.15,3.64,16.0,10,79.91,24.0
5,2026-03-14 11:51:32.038175,34.93,2.9067,17.0,11,79.89,23.0
5,2026-03-14 12:51:32.038175,37.46,2.0967,18.0,12,79.85,22.0
5,2026-03-14 13:51:32.038175,40.9,2.25,19.0,13,79.81,21.0
5,2026-03-14 14:51:32.038175,45.0,3.3567,20.0,14,79.8,20.0
5,2026-03-14 15:51:32.038175,46.3,2.9467,21.0,15,79.76,19.0
5,2026-03-14 16:51:32.038175,47.16,2.0867,22.0,16,79.74,18.0
5,2026-03-14 17:51:32.038175,51.5,2.1667,23.0,17,79.71,17.0
5,2026-03-14 18:51:32.038175,56.0,3.2333,24.0,18,79.67,16.0
5,2026-03-14 19:51:32.038175,59.62,4.1533,25.0,19,79.63,15.0
5,2026-03-14 20:51:32.038175,61.33,3.2767,26.0,20,79.59,14.0
5,2026-03-14 21:51:32.038175,62.75,2.25,27.0,21,79.56,13.0
5,2026-03-14 22:51:32.038175,63.26,1.2133,28.0,22,79.52,12.0
5,2026-03-14 23:51:32.038175,65.09,1.2533,29.0,23,79.51,11.0
5,2026-03-15 00:51:32.038175,65.55,0.9333,30.0,0,79.46,10.0
5,2026-03-15 01:51:32.038175,65.84,0.86,31.0,1,79.45,9.0
5,2026-03-15 02:51:32.038175,66.02,0.31,32.0,2,79.43,8.0
5,2026-03-15 03:51:32.038175,66.27,0.24,33.0,3,79.39,7.0
5,2026-03-15 04:51:32.038175,66.48,0.2133,34.0,4,79.36,6.0
5,2026-03-15 05:51:32.038175,66.92,0.3,35.0,5,79.34,5.0
5,2026-03-15 06:51:32.038175,68.44,0.7233,36.0,6,79.3,4.0
5,2026-03-15 07:51:32.038175,69.58,1.0333,37.0,7,79.27,3.0
5,2026-03-15 08:51:32.038175,73.11,2.0633,38.0,8,79.23,2.0
5,2026-03-15 09:51:32.038175,77.68,3.08,39.0,9,79.22,1.0
5,2026-03-15 10:51:32.038175,81.94,4.12,40.0,10,79.18,0.0
5,2026-03-16 06:51:32.038175,40.86,0.5833,19.0,6,78.65,24.0
5,2026-03-16 07:51:32.038175,42.62,1.0967,20.0,7,78.63,23.0
5,2026-03-16 08:51:32.038175,45.66,1.96,21.0,8,78.58,22.0
5,2026-03-16 09:51:32.038175,49.5,2.88,22.0,9,78.54,21.0
5,2026-03-16 10:51:32.038175,51.51,2.9633,23.0,10,78.5,20.0
5,2026-03-16 11:51:32.038175,53.47,2.6033,24.0,11,78.49,19.0
5,2026-03-16 12:51:32.038175,55.88,2.1267,25.0,12,78.45,18.0
5,2026-03-16 13:51:32.038175,59.37,2.62,26.0,13,78.43,17.0
5,2026-03-16 14:51:32.038175,62.52,3.0167,27.0,14,78.42,16.0
5,2026-03-16 15:51:32.038175,63.75,2.6233,28.0,15,78.39,15.0
5,2026-03-16 16:51:32.038175,65.11,1.9133,29.0,16,78.37,14.0
5,2026-03-16 17:51:32.038175,67.63,1.7033,30.0,17,78.36,13.0
5,2026-03-16 18:51:32.038175,70.91,2.3867,31.0,18,78.32,12.0
5,2026-03-16 19:51:32.038175,72.93,2.6067,32.0,19,78.31,11.0
5,2026-03-16 20:51:32.038175,73.64,2.0033,33.0,20,78.28,10.0
5,2026-03-16 21:51:32.038175,74.43,1.1733,34.0,21,78.26,9.0
5,2026-03-16 22:51:32.038175,76.04,1.0367,35.0,22,78.22,8.0
5,2026-03-16 23:51:32.038175,77.64,1.3333,36.0,23,78.21,7.0
5,2026-03-17 00:51:32.038175,78.0,1.19,37.0,0,78.19,6.0
5,2026-03-17 01:51:32.038175,78.42,0.7933,38.0,1,78.16,5.0
5,2026-03-17 02:51:32.038175,78.72,0.36,39.0,2,78.15,4.0
5,2026-03-17 03:51:32.038175,78.76,0.2533,40.0,3,78.13,3.0
5,2026-03-17 04:51:32.038175,79.11,0.23,41.0,4,78.12,2.0
5,2026-03-17 05:51:32.038175,79.22,0.1667,42.0,5,78.07,1.0
5,2026-03-17 06:51:32.038175,81.04,0.76,43.0,6,78.05,0.0
5,2026-03-17 18:51:32.038175,41.41,3.4533,11.0,18,77.65,24.0
5,2026-03-17 19:51:32.038175,43.5,3.7933,12.0,19,77.61,23.0
5,2026-03-17 20:51:32.038175,44.66,2.5867,13.0,20,77.57,22.0
5,2026-03-17 21:51:32.038175,46.09,1.56,14.0,21,77.55,21.0
5,2026-03-17 22:51:32.038175,46.78,1.0933,15.0,22,77.51,20.0
5,2026-03-17 23:51:32.038175,47.64,0.9933,16.0,23,77.46,19.0
5,2026-03-18 00:51:32.038175,47.83,0.58,17.0,0,77.41,18.0
5,2026-03-18 01:51:32.038175,48.19,0.47,18.0,1,77.39,17.0
5,2026-03-18 02:51:32.038175,48.55,0.3033,19.0,2,77.36,16.0
5,2026-03-18 03:51:32.038175,48.6,0.2567,20.0,3,77.35,15.0
5,2026-03-18 04:51:32.038175,48.75,0.1867,21.0,4,77.3,14.0
5,2026-03-18 05:51:32.038175,49.23,0.2267,22.0,5,77.28,13.0
5,2026-03-18 06:51:32.038175,49.86,0.42,23.0,6,77.23,12.0
5,2026-03-18 07:51:32.038175,51.37,0.8733,24.0,7,77.18,11.0
5,2026-03-18 08:51:32.038175,54.11,1.6267,25.0,8,77.16,10.0
5,2026-03-18 09:51:32.038175,56.81,2.3167,26.0,9,77.13,9.0
5,2026-03-18 10:51:32.038175,61.62,3.4167,27.0,10,77.11,8.0
5,2026-03-18 11:51:32.038175,63.05,2.98,28.0,11,77.08,7.0
5,2026-03-18 12:51:32.038175,68.0,3.73,29.0,12,77.04,6.0
5,2026-03-18 13:51:32.038175,70.44,2.94,30.0,13,77.0,5.0
5,2026-03-18 14:51:32.038175,73.46,3.47,31.0,14,76.95,4.0
5,2026-03-18 15:51:32.038175,74.1,2.0333,32.0,15,76.93,3.0
5,2026-03-18 16:51:32.038175,74.94,1.5,33.0,16,76.91,2.0
5,2026-03-18 17:51:32.038175,78.45,1.6633,34.0,17,76.87,1.0
5,2026-03-18 18:51:32.038175,80.54,2.1467,35.0,18,76.86,0.0
5,2026-03-19 13:51:32.038175,44.34,3.7567,18.0,13,76.17,24.0
5,2026-03-19 14:51:32.038175,46.42,3.8867,19.0,14,76.15,23.0
5,2026-03-19 15:51:32.038175,47.15,2.5433,20.0,15,76.11,22.0
5,2026-03-19 16:51:32.038175,48.15,1.27,21.0,16,76.08,21.0
5,2026-03-19 17:51:32.038175,51.31,1.63,22.0,17,76.06,20.0
5,2026-03-19 18:51:32.038175,55.86,2.9033,23.0,18,76.02,19.0
5,2026-03-19 19:51:32.038175,58.79,3.5467,24.0,19,75.98,18.0
5,2026-03-19 20:51:32.038175,59.66,2.7833,25.0,20,75.95,17.0
5,2026-03-19 21:51:32.038175,60.3,1.48,26.0,21,75.92,16.0
5,2026-03-19 22:51:32.038175,61.37,0.86,27.0,22,75.9,15.0
5,2026-03-19 23:51:32.038175,62.74,1.0267,28.0,23,75.86,14.0
5,2026-03-20 00:51:32.038175,62.78,0.8267,29.0,0,75.85,13.0
5,2026-03-20 01:51:32.038175,62.96,0.53,30.0,1,75.83,12.0
5,2026-03-20 02:51:32.038175,63.02,0.0933,31.0,2,75.81,11.0
5,2026-03-20 03:51:32.038175,63.52,0.2467,32.0,3,75.76,10.0
5,2026-03-20 04:51:32.038175,63.85,0.2967,33.0,4,75.74,9.0
5,2026-03-20 05:51:32.038175,64.24,0.4067,34.0,5,75.71,8.0
5,2026-03-20 06:51:32.038175,65.45,0.6433,35.0,6,75.68,7.0
5,2026-03-20 07:51:32.038175,66.65,0.9333,36.0,7,75.64,6.0
5,2026-03-20 08:51:32.038175,69.32,1.6933,37.0,8,75.62,5.0
5,2026-03-20 09:51:32.038175,72.33,2.2933,38.0,9,75.6,4.0
5,2026-03-20 10:51:32.038175,74.65,2.6667,39.0,10,75.59,3.0
5,2026-03-20 11:51:32.038175,76.4,2.36,40.0,11,75.54,2.0
5,2026-03-20 12:51:32.038175,79.66,2.4433,41.0,12,75.53,1.0
5,2026-03-20 13:51:32.038175,84.07,3.14,42.0,13,75.51,0.0
5,2026-03-21 08:51:32.038175,37.63,2.3767,18.0,8,74.91,24.0
5,2026-03-21 09:51:32.038175,40.57,2.7867,19.0,9,74.9,23.0
5,2026-03-21 10:51:32.038175,43.61,3.4833,20.0,10,74.86,22.0
5,2026-03-21 11:51:32.038175,45.39,2.5867,21.0,11,74.83,21.0
5,2026-03-21 12:51:32.038175,48.27,2.5667,22.0,12,74.82,20.0
5,2026-03-21 13:51:32.038175,52.36,2.9167,23.0,13,74.79,19.0
5,2026-03-21 14:51:32.038175,54.9,3.17,24.0,14,74.77,18.0
5,2026-03-21 15:51:32.038175,56.78,2.8367,25.0,15,74.73,17.0
5,2026-03-21 16:51:32.038175,57.73,1.79,26.0,16,74.69,16.0
5,2026-03-21 17:51:32.038175,60.34,1.8133,27.0,17,74.67,15.0
5,2026-03-21 18:51:32.038175,62.71,1.9767,28.0,18,74.64,14.0
5,2026-03-21 19:51:32.038175,65.21,2.4933,29.0,19,74.63,13.0
5,2026-03-21 20:51:32.038175,66.98,2.2133,30.0,20,74.58,12.0
5,2026-03-21 21:51:32.038175,68.75,2.0133,31.0,21,74.56,11.0
5,2026-03-21 22:51:32.038175,70.74,1.8433,32.0,22,74.52,10.0
5,2026-03-21 23:51:32.038175,71.36,1.46,33.0,23,74.51,9.0
5,2026-03-22 00:51:32.038175,71.85,1.0333,34.0,0,74.47,8.0
5,2026-03-22 01:51:32.038175,72.3,0.52,35.0,1,74.43,7.0
5,2026-03-22 02:51:32.038175,72.51,0.3833,36.0,2,74.4,6.0
5,2026-03-22 03:51:32.038175,72.83,0.3267,37.0,3,74.39,5.0
5,2026-03-22 04:51:32.038175,73.16,0.2867,38.0,4,74.36,4.0
5,2026-03-22 05:51:32.038175,73.51,0.3333,39.0,5,74.33,3.0
5,2026-03-22 06:51:32.038175,74.61,0.5933,40.0,6,74.29,2.0
5,2026-03-22 07:51:32.038175,76.48,1.1067,41.0,7,74.26,1.0
5,2026-03-22 08:51:32.038175,80.18,2.2233,42.0,8,74.23,0.0
5,2026-03-22 18:51:32.038175,36.23,2.6633,9.0,18,73.93,24.0
5,2026-03-22 19:51:32.038175,40.45,3.8967,10.0,19,73.89,23.0
5,2026-03-22 20:51:32.038175,42.08,3.4133,11.0,20,73.88,22.0
5,2026-03-22 21:51:32.038175,43.15,2.3067,12.0,21,73.83,21.0
5,2026-03-22 22:51:32.038175,44.91,1.4867,13.0,22,73.81,20.0
5,2026-03-22 23:51:32.038175,46.32,1.4133,14.0,23,73.78,19.0
5,2026-03-23 00:51:32.038175,46.59,1.1467,15.0,0,73.73,18.0
5,2026-03-23 01:51:32.038175,46.78,0.6233,16.0,1,73.69,17.0
5,2026-03-23 02:51:32.038175,47.23,0.3033,17.0,2,73.65,16.0
5,2026-03-23 03:51:32.038175,47.51,0.3067,18.0,3,73.62,15.0
5,2026-03-23 04:51:32.038175,47.93,0.3833,19.0,4,73.61,14.0
5,2026-03-23 05:51:32.038175,48.38,0.3833,20.0,5,73.6,13.0
5,2026-03-23 06:51:32.038175,50.28,0.9233,21.0,6,73.57,12.0
5,2026-03-23 07:51:32.038175,50.95,1.0067,22.0,7,73.56,11.0
5,2026-03-23 08:51:32.038175,53.87,1.83,23.0,8,73.52,10.0
5,2026-03-23 09:51:32.038175,57.82,2.5133,24.0,9,73.5,9.0
5,2026-03-23 10:51:32.038175,62.41,3.82,25.0,10,73.47,8.0
5,2026-03-23 11:51:32.038175,63.35,3.16,26.0,11,73.43,7.0
5,2026-03-23 12:51:32.038175,65.92,2.7,27.0,12,73.38,6.0
5,2026-03-23 13:51:32.038175,69.55,2.38,28.0,13,73.35,5.0
5,2026-03-23 14:51:32.038175,72.21,2.9533,29.0,14,73.33,4.0
5,2026-03-23 15:51:32.038175,73.55,2.5433,30.0,15,73.29,3.0
5,2026-03-23 16:51:32.038175,75.09,1.8467,31.0,16,73.25,2.0
5,2026-03-23 17:51:32.038175,78.82,2.2033,32.0,17,73.23,1.0
5,2026-03-23 18:51:32.038175,82.83,3.0933,33.0,18,73.21,0.0
5,2026-03-24 13:51:32.038175,35.88,2.73,18.0,13,72.58,24.0
5,2026-03-24 14:51:32.038175,39.23,3.6067,19.0,14,72.55,23.0
5,2026-03-24 15:51:32.038175,40.78,2.61,20.0,15,72.53,22.0
5,2026-03-24 16:51:32.038175,42.03,2.05,21.0,16,72.49,21.0
5,2026-03-24 17:51:32.038175,45.98,2.25,22.0,17,72.45,20.0
5,2026-03-24 18:51:32.038175,49.3,2.84,23.0,18,72.4,19.0
5,2026-03-24 19:51:32.038175,52.79,3.5867,24.0,19,72.36,18.0
5,2026-03-24 20:51:32.038175,54.43,2.8167,25.0,20,72.34,17.0
5,2026-03-24 21:51:32.038175,56.36,2.3533,26.0,21,72.32,16.0
5,2026-03-24 22:51:32.038175,57.79,1.6667,27.0,22,72.27,15.0
5,2026-03-24 23:51:32.038175,59.15,1.5733,28.0,23,72.24,14.0
5,2026-03-25 00:51:32.038175,59.51,1.05,29.0,0,72.22,13.0
5,2026-03-25 01:51:32.038175,59.96,0.7233,30.0,1,72.18,12.0
5,2026-03-25 02:51:32.038175,60.36,0.4033,31.0,2,72.15,11.0
5,2026-03-25 03:51:32.038175,60.83,0.44,32.0,3,72.13,10.0
5,2026-03-25 04:51:32.038175,61.21,0.4167,33.0,4,72.1,9.0
5,2026-03-25 05:51:32.038175,61.49,0.3767,34.0,5,72.08,8.0
5,2026-03-25 06:51:32.038175,63.37,0.8467,35.0,6,72.07,7.0
5,2026-03-25 07:51:32.038175,64.47,1.0867,36.0,7,72.04,6.0
5,2026-03-25 08:51:32.038175,69.2,2.57,37.0,8,72.0,5.0
5,2026-03-25 09:51:32.038175,71.57,2.7333,38.0,9,71.98,4.0
5,2026-03-25 10:51:32.038175,73.65,3.06,39.0,10,71.95,3.0
5,2026-03-25 11:51:32.038175,74.91,1.9033,40.0,11,71.91,2.0
5,2026-03-25 12:51:32.038175,79.29,2.5733,41.0,12,71.86,1.0
5,2026-03-25 13:51:32.038175,81.5,2.6167,42.0,13,71.82,0.0
5,2026-03-26 08:51:32.038175,35.0,2.4633,18.0,8,71.32,24.0
5,2026-03-26 09:51:32.038175,37.24,2.55,19.0,9,71.3,23.0
5,2026-03-26 10:51:32.038175,41.14,3.38,20.0,10,71.26,22.0
5,2026-03-26 11:51:32.038175,41.7,2.2333,21.0,11,71.23,21.0
5,2026-03-26 12:51:32.038175,44.89,2.55,22.0,12,71.21,20.0
5,2026-03-26 13:51:32.038175,48.6,2.4867,23.0,13,71.16,19.0
5,2026-03-26 14:51:32.038175,53.54,3.9467,24.0,14,71.15,18.0
5,2026-03-26 15:51:32.038175,54.11,3.0733,25.0,15,71.11,17.0
5,2026-03-26 16:51:32.038175,54.68,2.0267,26.0,16,71.07,16.0
5,2026-03-26 17:51:32.038175,59.12,1.86,27.0,17,71.04,15.0
5,2026-03-26 18:51:32.038175,63.52,3.1367,28.0,18,71.01,14.0
5,2026-03-26 19:51:32.038175,66.44,3.92,29.0,19,70.98,13.0
5,2026-03-26 20:51:32.038175,67.22,2.7,30.0,20,70.93,12.0
5,2026-03-26 21:51:32.038175,68.19,1.5567,31.0,21,70.9,11.0
5,2026-03-26 22:51:32.038175,70.05,1.2033,32.0,22,70.87,10.0
5,2026-03-26 23:51:32.038175,72.04,1.6067,33.0,23,70.82,9.0
5,2026-03-27 00:51:32.038175,72.25,1.3533,34.0,0,70.78,8.0
5,2026-03-27 01:51:32.038175,72.74,0.8967,35.0,1,70.77,7.0
5,2026-03-27 02:51:32.038175,72.78,0.2467,36.0,2,70.73,6.0
5,2026-03-27 03:51:32.038175,72.8,0.1833,37.0,3,70.71,5.0
5,2026-03-27 04:51:32.038175,72.85,0.0367,38.0,4,70.69,4.0
5,2026-03-27 05:51:32.038175,73.26,0.16,39.0,5,70.64,3.0
5,2026-03-27 06:51:32.038175,75.08,0.76,40.0,6,70.6,2.0
5,2026-03-27 07:51:32.038175,76.66,1.27,41.0,7,70.56,1.0
5,2026-03-27 08:51:32.038175,80.09,2.2767,42.0,8,70.55,0.0
5,2026-03-28 02:51:32.038175,37.82,0.18,17.0,2,69.99,24.0
5,2026-03-28 03:51:32.038175,38.06,0.1867,18.0,3,69.96,23.0
5,2026-03-28 04:51:32.038175,38.15,0.1467,19.0,4,69.94,22.0
5,2026-03-28 05:51:32.038175,38.34,0.1733,20.0,5,69.93,21.0
5,2026-03-28 06:51:32.038175,39.36,0.4333,21.0,6,69.91,20.0
5,2026-03-28 07:51:32.038175,40.27,0.7067,22.0,7,69.9,19.0
5,2026-03-28 08:51:32.038175,44.49,2.05,23.0,8,69.89,18.0
5,2026-03-28 09:51:32.038175,46.61,2.4167,24.0,9,69.87,17.0
5,2026-03-28 10:51:32.038175,51.25,3.66,25.0,10,69.83,16.0
5,2026-03-28 11:51:32.038175,51.96,2.49,26.0,11,69.82,15.0
5,2026-03-28 12:51:32.038175,55.43,2.94,27.0,12,69.81,14.0
5,2026-03-28 13:51:32.038175,57.51,2.0867,28.0,13,69.77,13.0
5,2026-03-28 14:51:32.038175,60.91,2.9833,29.0,14,69.73,12.0
5,2026-03-28 15:51:32.038175,62.77,2.4467,30.0,15,69.72,11.0
5,2026-03-28 16:51:32.038175,63.96,2.15,31.0,16,69.68,10.0
5,2026-03-28 17:51:32.038175,67.1,2.0633,32.0,17,69.66,9.0
5,2026-03-28 18:51:32.038175,69.28,2.17,33.0,18,69.64,8.0
5,2026-03-28 19:51:32.038175,72.54,2.86,34.0,19,69.61,7.0
5,2026-03-28 20:51:32.038175,74.18,2.36,35.0,20,69.57,6.0
5,2026-03-28 21:51:32.038175,76.08,2.2667,36.0,21,69.55,5.0
5,2026-03-28 22:51:32.038175,77.6,1.6867,37.0,22,69.51,4.0
5,2026-03-28 23:51:32.038175,79.38,1.7333,38.0,23,69.5,3.0
5,2026-03-29 00:51:32.038175,79.38,1.1,39.0,0,69.45,2.0
5,2026-03-29 01:51:32.038175,79.88,0.76,40.0,1,69.43,1.0
5,2026-03-29 02:51:32.038175,80.21,0.2767,41.0,2,69.41,0.0
5,2026-03-29 14:51:32.038175,34.28,3.92,11.0,14,69.04,24.0
5,2026-03-29 15:51:32.038175,35.68,3.5167,12.0,15,69.0,23.0
5,2026-03-29 16:51:32.038175,37.68,2.7967,13.0,16,68.98,22.0
5,2026-03-29 17:51:32.038175,40.35,2.0233,14.0,17,68.96,21.0
5,2026-03-29 18:51:32.038175,44.33,2.8833,15.0,18,68.94,20.0
5,2026-03-29 19:51:32.038175,49.04,3.7867,16.0,19,68.93,19.0
5,2026-03-29 20:51:32.038175,50.58,3.41,17.0,20,68.9,18.0
5,2026-03-29 21:51:32.038175,52.22,2.63,18.0,21,68.87,17.0
5,2026-03-29 22:51:32.038175,53.5,1.4867,19.0,22,68.82,16.0
5,2026-03-29 23:51:32.038175,54.49,1.3033,20.0,23,68.81,15.0
5,2026-03-30 00:51:32.038175,54.9,0.8933,21.0,0,68.79,14.0
5,2026-03-30 01:51:32.038175,55.13,0.5433,22.0,1,68.77,13.0
5,2026-03-30 02:51:32.038175,55.44,0.3167,23.0,2,68.72,12.0
5,2026-03-30 03:51:32.038175,55.54,0.2133,24.0,3,68.67,11.0
5,2026-03-30 04:51:32.038175,55.86,0.2433,25.0,4,68.63,10.0
5,2026-03-30 05:51:32.038175,55.9,0.1533,26.0,5,68.6,9.0
5,2026-03-30 06:51:32.038175,56.9,0.4533,27.0,6,68.59,8.0
5,2026-03-30 07:51:32.038175,58.69,0.9433,28.0,7,68.54,7.0
5,2026-03-30 08:51:32.038175,63.14,2.4133,29.0,8,68.52,6.0
5,2026-03-30 09:51:32.038175,66.12,3.0733,30.0,9,68.48,5.0
5,2026-03-30 10:51:32.038175,69.08,3.4633,31.0,10,68.44,4.0
5,2026-03-30 11:51:32.038175,71.07,2.6433,32.0,11,68.41,3.0
5,2026-03-30 12:51:32.038175,74.23,2.7033,33.0,12,68.37,2.0
5,2026-03-30 13:51:32.038175,79.2,3.3733,34.0,13,68.35,1.0
5,2026-03-30 14:51:32.038175,83.78,4.2367,35.0,14,68.31,0.0
5,2026-03-31 09:51:32.038175,34.17,2.2233,18.0,9,67.81,24.0
5,2026-03-31 10:51:32.038175,38.98,3.5667,19.0,10,67.78,23.0
5,2026-03-31 11:51:32.038175,40.43,2.8133,20.0,11,67.74,22.0
5,2026-03-31 12:51:32.038175,44.87,3.5667,21.0,12,67.7,21.0
5,2026-03-31 13:51:32.038175,49.18,3.4,22.0,13,67.66,20.0
5,2026-03-31 14:51:32.038175,53.21,4.26,23.0,14,67.64,19.0
5,2026-03-31 15:51:32.038175,53.8,2.9767,24.0,15,67.63,18.0
5,2026-03-31 16:51:32.038175,55.75,2.19,25.0,16,67.59,17.0
5,2026-03-31 17:51:32.038175,59.72,2.17,26.0,17,67.55,16.0
5,2026-03-31 18:51:32.038175,63.61,3.27,27.0,18,67.53,15.0
5,2026-03-31 19:51:32.038175,67.32,3.8567,28.0,19,67.51,14.0
5,2026-03-31 20:51:32.038175,68.06,2.78,29.0,20,67.49,13.0
5,2026-03-31 21:51:32.038175,68.77,1.72,30.0,21,67.46,12.0
5,2026-03-31 22:51:32.038175,69.65,0.7767,31.0,22,67.42,11.0
5,2026-03-31 23:51:32.038175,71.1,1.0133,32.0,23,67.39,10.0
5,2026-04-01 00:51:32.038175,71.58,0.9367,33.0,0,67.37,9.0
5,2026-04-01 01:51:32.038175,71.89,0.7467,34.0,1,67.35,8.0
5,2026-04-01 02:51:32.038175,72.07,0.3233,35.0,2,67.32,7.0
5,2026-04-01 03:51:32.038175,72.37,0.2633,36.0,3,67.29,6.0
5,2026-04-01 04:51:32.038175,72.62,0.2433,37.0,4,67.28,5.0
5,2026-04-01 05:51:32.038175,72.92,0.2833,38.0,5,67.23,4.0
5,2026-04-01 06:51:32.038175,74.56,0.73,39.0,6,67.19,3.0
5,2026-04-01 07:51:32.038175,75.26,0.88,40.0,7,67.16,2.0
5,2026-04-01 08:51:32.038175,77.98,1.6867,41.0,8,67.13,1.0
5,2026-04-01 09:51:32.038175,82.81,2.75,42.0,9,67.09,0.0
5,2026-04-01 18:51:32.038175,35.56,2.8233,8.0,18,66.85,24.0
5,2026-04-01 19:51:32.038175,40.23,4.1933,9.0,19,66.83,23.0
5,2026-04-01 20:51:32.038175,40.83,2.79,10.0,20,66.79,22.0
5,2026-04-01 21:51:32.038175,41.55,1.9967,11.0,21,66.75,21.0
5,2026-04-01 22:51:32.038175,43.36,1.0433,12.0,22,66.72,20.0
5,2026-04-01 23:51:32.038175,45.07,1.4133,13.0,23,66.7,19.0
5,2026-04-02 00:51:32.038175,45.16,1.2033,14.0,0,66.65,18.0
5,2026-04-02 01:51:32.038175,45.24,0.6267,15.0,1,66.61,17.0
5,2026-04-02 02:51:32.038175,45.54,0.1567,16.0,2,66.56,16.0
5,2026-04-02 03:51:32.038175,45.77,0.2033,17.0,3,66.54,15.0
5,2026-04-02 04:51:32.038175,46.09,0.2833,18.0,4,66.49,14.0
5,2026-04-02 05:51:32.038175,46.56,0.34,19.0,5,66.45,13.0
5,2026-04-02 06:51:32.038175,48.18,0.8033,20.0,6,66.42,12.0
5,2026-04-02 07:51:32.038175,49.78,1.23,21.0,7,66.41,11.0
5,2026-04-02 08:51:32.038175,53.55,2.33,22.0,8,66.39,10.0
5,2026-04-02 09:51:32.038175,58.16,3.3267,23.0,9,66.35,9.0
5,2026-04-02 10:51:32.038175,60.19,3.47,24.0,10,66.33,8.0
5,2026-04-02 11:51:32.038175,62.06,2.8367,25.0,11,66.3,7.0
5,2026-04-02 12:51:32.038175,65.66,2.5,26.0,12,66.27,6.0
5,2026-04-02 13:51:32.038175,68.51,2.7733,27.0,13,66.26,5.0
5,2026-04-02 14:51:32.038175,70.92,2.9533,28.0,14,66.24,4.0
5,2026-04-02 15:51:32.038175,72.32,2.22,29.0,15,66.2,3.0
5,2026-04-02 16:51:32.038175,74.31,1.9333,30.0,16,66.18,2.0
5,2026-04-02 17:51:32.038175,77.36,2.1467,31.0,17,66.14,1.0
5,2026-04-02 18:51:32.038175,81.12,2.9333,32.0,18,66.11,0.0
5,2026-04-03 12:51:32.038175,33.34,2.5467,17.0,12,65.59,24.0
5,2026-04-03 13:51:32.038175,36.82,2.6167,18.0,13,65.55,23.0
5,2026-04-03 14:51:32.038175,41.05,3.7333,19.0,14,65.53,22.0
5,2026-04-03 15:51:32.038175,41.59,2.75,20.0,15,65.49,21.0
5,2026-04-03 16:51:32.038175,42.76,1.98,21.0,16,65.47,20.0
5,2026-04-03 17:51:32.038175,46.05,1.6667,22.0,17,65.42,19.0
5,2026-04-03 18:51:32.038175,50.61,3.0067,23.0,18,65.41,18.0
5,2026-04-03 19:51:32.038175,54.19,3.81,24.0,19,65.37,17.0
5,2026-04-03 20:51:32.038175,55.58,3.1767,25.0,20,65.36,16.0
5,2026-04-03 21:51:32.038175,57.22,2.2033,26.0,21,65.31,15.0
5,2026-04-03 22:51:32.038175,57.77,1.1933,27.0,22,65.3,14.0
5,2026-04-03 23:51:32.038175,59.53,1.3167,28.0,23,65.27,13.0
5,2026-04-04 00:51:32.038175,59.7,0.8267,29.0,0,65.22,12.0
5,2026-04-04 01:51:32.038175,60.13,0.7867,30.0,1,65.18,11.0
5,2026-04-04 02:51:32.038175,60.51,0.3267,31.0,2,65.16,10.0
5,2026-04-04 03:51:32.038175,60.65,0.3167,32.0,3,65.13,9.0
5,2026-04-04 04:51:32.038175,61.11,0.3267,33.0,4,65.1,8.0
5,2026-04-04 05:51:32.038175,61.34,0.2767,34.0,5,65.09,7.0
5,2026-04-04 06:51:32.038175,62.35,0.5667,35.0,6,65.06,6.0
5,2026-04-04 07:51:32.038175,64.05,0.98,36.0,7,65.03,5.0
5,2026-04-04 08:51:32.038175,66.5,1.72,37.0,8,65.01,4.0
5,2026-04-04 09:51:32.038175,71.01,2.8867,38.0,9,64.98,3.0
5,2026-04-04 10:51:32.038175,75.95,3.9667,39.0,10,64.96,2.0
5,2026-04-04 11:51:32.038175,76.66,3.3867,40.0,11,64.94,1.0
5,2026-04-04 12:51:32.038175,80.01,3.0,41.0,12,64.9,0.0
5,2026-04-05 07:51:32.038175,35.56,1.2367,18.0,7,64.37,24.0
5,2026-04-05 08:51:32.038175,40.49,2.8567,19.0,8,64.35,23.0
5,2026-04-05 09:51:32.038175,45.37,3.87,20.0,9,64.33,22.0
5,2026-04-05 10:51:32.038175,47.66,4.0333,21.0,10,64.29,21.0
5,2026-04-05 11:51:32.038175,48.48,2.6633,22.0,11,64.27,20.0
5,2026-04-05 12:51:32.038175,52.77,2.4667,23.0,12,64.25,19.0
5,2026-04-05 13:51:32.038175,55.67,2.67,24.0,13,64.2,18.0
5,2026-04-05 14:51:32.038175,59.86,3.7933,25.0,14,64.16,17.0
5,2026-04-05 15:51:32.038175,61.75,2.9933,26.0,15,64.12,16.0
5,2026-04-05 16:51:32.038175,62.79,2.3733,27.0,16,64.1,15.0
5,2026-04-05 17:51:32.038175,64.85,1.6633,28.0,17,64.07,14.0
5,2026-04-05 18:51:32.038175,67.95,2.0667,29.0,18,64.05,13.0
5,2026-04-05 19:51:32.038175,70.54,2.5833,30.0,19,64.0,12.0
5,2026-04-05 20:51:32.038175,71.53,2.2267,31.0,20,63.98,11.0
5,2026-04-05 21:51:32.038175,73.31,1.7867,32.0,21,63.96,10.0
5,2026-04-05 22:51:32.038175,74.1,1.1867,33.0,22,63.92,9.0
5,2026-04-05 23:51:32.038175,76.1,1.5233,34.0,23,63.88,8.0
5,2026-04-06 00:51:32.038175,76.28,0.99,35.0,0,63.85,7.0
5,2026-04-06 01:51:32.038175,76.71,0.87,36.0,1,63.83,6.0
5,2026-04-06 02:51:32.038175,77.15,0.35,37.0,2,63.81,5.0
5,2026-04-06 03:51:32.038175,77.25,0.3233,38.0,3,63.77,4.0
5,2026-04-06 04:51:32.038175,77.65,0.3133,39.0,4,63.74,3.0
5,2026-04-06 05:51:32.038175,77.95,0.2667,40.0,5,63.72,2.0
5,2026-04-06 06:51:32.038175,78.79,0.5133,41.0,6,63.68,1.0
5,2026-04-06 07:51:32.038175,80.09,0.8133,42.0,7,63.67,0.0
5,2026-04-06 19:51:32.038175,40.19,3.8567,11.0,19,63.3,24.0
5,2026-04-06 20:51:32.038175,40.99,2.7133,12.0,20,63.28,23.0
5,2026-04-06 21:51:32.038175,42.24,1.8533,13.0,21,63.26,22.0
5,2026-04-06 22:51:32.038175,42.91,0.9067,14.0,22,63.24,21.0
5,2026-04-06 23:51:32.038175,44.33,1.1133,15.0,23,63.22,20.0
5,2026-04-07 00:51:32.038175,44.65,0.8033,16.0,0,63.17,19.0
5,2026-04-07 01:51:32.038175,45.01,0.7,17.0,1,63.14,18.0
5,2026-04-07 02:51:32.038175,45.13,0.2667,18.0,2,63.12,17.0
5,2026-04-07 03:51:32.038175,45.4,0.25,19.0,3,63.1,16.0
5,2026-04-07 04:51:32.038175,45.42,0.1367,20.0,4,63.07,15.0
5,2026-04-07 05:51:32.038175,45.62,0.1633,21.0,5,63.04,14.0
5,2026-04-07 06:51:32.038175,46.29,0.2967,22.0,6,63.02,13.0
5,2026-04-07 07:51:32.038175,48.05,0.8767,23.0,7,63.0,12.0
5,2026-04-07 08:51:32.038175,51.86,2.08,24.0,8,62.96,11.0
5,2026-04-07 09:51:32.038175,54.93,2.88,25.0,9,62.94,10.0
5,2026-04-07 10:51:32.038175,57.96,3.3033,26.0,10,62.93,9.0
5,2026-04-07 11:51:32.038175,58.75,2.2967,27.0,11,62.89,8.0
5,2026-04-07 12:51:32.038175,61.26,2.11,28.0,12,62.88,7.0
5,2026-04-07 13:51:32.038175,64.66,2.2333,29.0,13,62.83,6.0
5,2026-04-07 14:51:32.038175,68.5,3.25,30.0,14,62.81,5.0
5,2026-04-07 15:51:32.038175,69.11,2.6167,31.0,15,62.77,4.0
5,2026-04-07 16:51:32.038175,70.63,1.99,32.0,16,62.75,3.0
5,2026-04-07 17:51:32.038175,72.93,1.4767,33.0,17,62.73,2.0
5,2026-04-07 18:51:32.038175,76.75,2.5467,34.0,18,62.71,1.0
5,2026-04-07 19:51:32.038175,80.76,3.3767,35.0,19,62.68,0.0
5,2026-04-08 13:51:32.038175,35.24,3.0167,17.0,13,62.09,24.0
5,2026-04-08 14:51:32.038175,38.73,3.5433,18.0,14,62.08,23.0
5,2026-04-08 15:51:32.038175,39.64,2.7667,19.0,15,62.06,22.0
5,2026-04-08 16:51:32.038175,40.57,1.7767,20.0,16,62.04,21.0
5,2026-04-08 17:51:32.038175,44.19,1.82,21.0,17,61.99,20.0
5,2026-04-08 18:51:32.038175,47.27,2.5433,22.0,18,61.97,19.0
5,2026-04-08 19:51:32.038175,49.92,3.1167,23.0,19,61.95,18.0
5,2026-04-08 20:51:32.038175,50.76,2.19,24.0,20,61.91,17.0
5,2026-04-08 21:51:32.038175,51.85,1.5267,25.0,21,61.89,16.0
5,2026-04-08 22:51:32.038175,52.52,0.8667,26.0,22,61.86,15.0
5,2026-04-08 23:51:32.038175,54.37,1.2033,27.0,23,61.82,14.0
5,2026-04-09 00:51:32.038175,54.5,0.8833,28.0,0,61.79,13.0
5,2026-04-09 01:51:32.038175,54.67,0.7167,29.0,1,61.74,12.0
5,2026-04-09 02:51:32.038175,54.98,0.2033,30.0,2,61.71,11.0
5,2026-04-09 03:51:32.038175,55.46,0.32,31.0,3,61.66,10.0
5,2026-04-09 04:51:32.038175,55.62,0.3167,32.0,4,61.63,9.0
5,2026-04-09 05:51:32.038175,55.84,0.2867,33.0,5,61.61,8.0
5,2026-04-09 06:51:32.038175,56.75,0.43,34.0,6,61.57,7.0
5,2026-04-09 07:51:32.038175,58.55,0.9767,35.0,7,61.56,6.0
5,2026-04-09 08:51:32.038175,63.54,2.5667,36.0,8,61.54,5.0
5,2026-04-09 09:51:32.038175,68.09,3.78,37.0,9,61.52,4.0
5,2026-04-09 10:51:32.038175,71.92,4.4567,38.0,10,61.49,3.0
5,2026-04-09 11:51:32.038175,72.67,3.0433,39.0,11,61.48,2.0
5,2026-04-09 12:51:32.038175,76.76,2.89,40.0,12,61.44,1.0
5,2026-04-09 13:51:32.038175,81.22,3.1,41.0,13,61.42,0.0
5,2026-04-10 10:51:32.038175,40.28,3.3933,20.0,10,60.75,24.0
5,2026-04-10 11:51:32.038175,42.11,2.6733,21.0,11,60.72,23.0
5,2026-04-10 12:51:32.038175,45.08,2.3333,22.0,12,60.69,22.0
5,2026-04-10 13:51:32.038175,47.66,2.46,23.0,13,60.64,21.0
5,2026-04-10 14:51:32.038175,52.25,3.38,24.0,14,60.61,20.0
5,2026-04-10 15:51:32.038175,52.77,2.5633,25.0,15,60.58,19.0
5,2026-04-10 16:51:32.038175,54.43,2.2567,26.0,16,60.54,18.0
5,2026-04-10 17:51:32.038175,59.21,2.32,27.0,17,60.52,17.0
5,2026-04-10 18:51:32.038175,63.58,3.6033,28.0,18,60.49,16.0
5,2026-04-10 19:51:32.038175,66.74,4.1033,29.0,19,60.47,15.0
5,2026-04-10 20:51:32.038175,67.25,2.68,30.0,20,60.45,14.0
5,2026-04-10 21:51:32.038175,67.8,1.4067,31.0,21,60.41,13.0
5,2026-04-10 22:51:32.038175,68.65,0.6367,32.0,22,60.38,12.0
5,2026-04-10 23:51:32.038175,69.46,0.7367,33.0,23,60.37,11.0
5,2026-04-11 00:51:32.038175,69.47,0.5567,34.0,0,60.33,10.0
5,2026-04-11 01:51:32.038175,69.8,0.3833,35.0,1,60.31,9.0
5,2026-04-11 02:51:32.038175,70.16,0.2333,36.0,2,60.28,8.0
5,2026-04-11 03:51:32.038175,70.28,0.27,37.0,3,60.26,7.0
5,2026-04-11 04:51:32.038175,70.53,0.2433,38.0,4,60.22,6.0
5,2026-04-11 05:51:32.038175,70.96,0.2667,39.0,5,60.18,5.0
5,2026-04-11 06:51:32.038175,72.44,0.72,40.0,6,60.16,4.0
5,2026-04-11 07:51:32.038175,73.52,0.9967,41.0,7,60.12,3.0
5,2026-04-11 08:51:32.038175,75.63,1.5567,42.0,8,60.09,2.0
5,2026-04-11 09:51:32.038175,78.86,2.14,43.0,9,60.06,1.0
5,2026-04-11 10:51:32.038175,81.48,2.6533,44.0,10,60.04,0.0
5,2026-04-11 19:51:32.038175,34.3,3.31,8.0,19,59.78,24.0
5,2026-04-11 20:51:32.038175,36.03,2.7933,9.0,20,59.74,23.0
5,2026-04-11 21:51:32.038175,37.15,2.4233,10.0,21,59.7,22.0
5,2026-04-11 22:51:32.038175,37.91,1.2033,11.0,22,59.68,21.0
5,2026-04-11 23:51:32.038175,39.14,1.0367,12.0,23,59.66,20.0
5,2026-04-12 00:51:32.038175,39.37,0.74,13.0,0,59.62,19.0
5,2026-04-12 01:51:32.038175,39.47,0.52,14.0,1,59.58,18.0
5,2026-04-12 02:51:32.038175,39.72,0.1933,15.0,2,59.53,17.0
5,2026-04-12 03:51:32.038175,39.75,0.1267,16.0,3,59.49,16.0
5,2026-04-12 04:51:32.038175,39.75,0.0933,17.0,4,59.45,15.0
5,2026-04-12 05:51:32.038175,40.14,0.14,18.0,5,59.44,14.0
5,2026-04-12 06:51:32.038175,42.1,0.7833,19.0,6,59.42,13.0
5,2026-04-12 07:51:32.038175,43.02,1.09,20.0,7,59.4,12.0
5,2026-04-12 08:51:32.038175,46.32,2.06,21.0,8,59.36,11.0
5,2026-04-12 09:51:32.038175,51.27,3.0567,22.0,9,59.31,10.0
5,2026-04-12 10:51:32.038175,56.01,4.33,23.0,10,59.28,9.0
5,2026-04-12 11:51:32.038175,57.42,3.7,24.0,11,59.26,8.0
5,2026-04-12 12:51:32.038175,60.72,3.15,25.0,12,59.24,7.0
5,2026-04-12 13:51:32.038175,64.09,2.6933,26.0,13,59.23,6.0
5,2026-04-12 14:51:32.038175,67.8,3.46,27.0,14,59.21,5.0
5,2026-04-12 15:51:32.038175,68.87,2.7167,28.0,15,59.2,4.0
5,2026-04-12 16:51:32.038175,70.7,2.2033,29.0,16,59.16,3.0
5,2026-04-12 17:51:32.038175,74.91,2.37,30.0,17,59.14,2.0
5,2026-04-12 18:51:32.038175,79.3,3.4767,31.0,18,59.12,1.0
5,2026-04-12 19:51:32.038175,84.19,4.4967,32.0,19,59.08,0.0
5,2026-04-13 14:51:32.038175,35.89,3.97,18.0,14,58.4,24.0
5,2026-04-13 15:51:32.038175,37.17,2.77,19.0,15,58.36,23.0
5,2026-04-13 16:51:32.038175,38.68,2.12,20.0,16,58.32,22.0
5,2026-04-13 17:51:32.038175,43.5,2.5367,21.0,17,58.29,21.0
5,2026-04-13 18:51:32.038175,47.44,3.4233,22.0,18,58.27,20.0
5,2026-04-13 19:51:32.038175,51.75,4.3567,23.0,19,58.26,19.0
5,2026-04-13 20:51:32.038175,53.36,3.2867,24.0,20,58.22,18.0
5,2026-04-13 21:51:32.038175,54.82,2.46,25.0,21,58.21,17.0
5,2026-04-13 22:51:32.038175,55.5,1.25,26.0,22,58.17,16.0
5,2026-04-13 23:51:32.038175,57.25,1.2967,27.0,23,58.14,15.0
5,2026-04-14 00:51:32.038175,57.47,0.8833,28.0,0,58.09,14.0
5,2026-04-14 01:51:32.038175,57.52,0.6733,29.0,1,58.04,13.0
5,2026-04-14 02:51:32.038175,57.57,0.1067,30.0,2,58.03,12.0
5,2026-04-14 03:51:32.038175,57.95,0.16,31.0,3,58.0,11.0
5,2026-04-14 04:51:32.038175,58.13,0.2033,32.0,4,57.96,10.0
5,2026-04-14 05:51:32.038175,58.53,0.32,33.0,5,57.93,9.0
5,2026-04-14 06:51:32.038175,59.05,0.3667,34.0,6,57.9,8.0
5,2026-04-14 07:51:32.038175,59.74,0.5367,35.0,7,57.86,7.0
5,2026-04-14 08:51:32.038175,62.62,1.3633,36.0,8,57.84,6.0
5,2026-04-14 09:51:32.038175,66.01,2.32,37.0,9,57.81,5.0
5,2026-04-14 10:51:32.038175,70.48,3.58,38.0,10,57.77,4.0
5,2026-04-14 11:51:32.038175,72.15,3.1767,39.0,11,57.74,3.0
5,2026-04-14 12:51:32.038175,75.63,3.2067,40.0,12,57.72,2.0
5,2026-04-14 13:51:32.038175,78.65,2.7233,41.0,13,57.7,1.0
5,2026-04-14 14:51:32.038175,82.06,3.3033,42.0,14,57.66,0.0
5,2026-04-15 09:51:32.038175,36.87,3.1667,18.0,9,57.02,24.0
5,2026-04-15 10:51:32.038175,39.61,3.77,19.0,10,57.01,23.0
5,2026-04-15 11:51:32.038175,41.19,2.7633,20.0,11,56.99,22.0
5,2026-04-15 12:51:32.038175,43.24,2.1233,21.0,12,56.97,21.0
5,2026-04-15 13:51:32.038175,47.74,2.71,22.0,13,56.94,20.0
5,2026-04-15 14:51:32.038175,52.55,3.7867,23.0,14,56.92,19.0
5,2026-04-15 15:51:32.038175,54.52,3.76,24.0,15,56.88,18.0
5,2026-04-15 16:51:32.038175,56.23,2.83,25.0,16,56.86,17.0
5,2026-04-15 17:51:32.038175,61.08,2.8433,26.0,17,56.82,16.0
5,2026-04-15 18:51:32.038175,64.91,3.4633,27.0,18,56.8,15.0
5,2026-04-15 19:51:32.038175,67.37,3.7133,28.0,19,56.76,14.0
5,2026-04-15 20:51:32.038175,68.1,2.34,29.0,20,56.73,13.0
5,2026-04-15 21:51:32.038175,69.01,1.3667,30.0,21,56.71,12.0
5,2026-04-15 22:51:32.038175,70.38,1.0033,31.0,22,56.69,11.0
5,2026-04-15 23:51:32.038175,71.77,1.2233,32.0,23,56.66,10.0
5,2026-04-16 00:51:32.038175,71.87,0.9533,33.0,0,56.62,9.0
5,2026-04-16 01:51:32.038175,71.99,0.5367,34.0,1,56.59,8.0
5,2026-04-16 02:51:32.038175,72.38,0.2033,35.0,2,56.56,7.0
5,2026-04-16 03:51:32.038175,72.79,0.3067,36.0,3,56.54,6.0
5,2026-04-16 04:51:32.038175,73.0,0.3367,37.0,4,56.53,5.0
5,2026-04-16 05:51:32.038175,73.23,0.2833,38.0,5,56.49,4.0
5,2026-04-16 06:51:32.038175,74.93,0.7133,39.0,6,56.46,3.0
5,2026-04-16 07:51:32.038175,76.07,1.0233,40.0,7,56.45,2.0
5,2026-04-16 08:51:32.038175,79.99,2.2533,41.0,8,56.42,1.0
5,2026-04-16 09:51:32.038175,82.77,2.6133,42.0,9,56.4,0.0
5,2026-04-17 04:51:32.038175,37.93,0.1167,18.0,4,55.92,24.0
5,2026-04-17 05:51:32.038175,38.35,0.2133,19.0,5,55.88,23.0
5,2026-04-17 06:51:32.038175,40.34,0.8667,20.0,6,55.83,22.0
5,2026-04-17 07:51:32.038175,41.53,1.2,21.0,7,55.8,21.0
5,2026-04-17 08:51:32.038175,45.44,2.3633,22.0,8,55.75,20.0
5,2026-04-17 09:51:32.038175,48.84,2.8333,23.0,9,55.74,19.0
5,2026-04-17 10:51:32.038175,52.46,3.6433,24.0,10,55.69,18.0
5,2026-04-17 11:51:32.038175,53.83,2.7967,25.0,11,55.66,17.0
5,2026-04-17 12:51:32.038175,58.04,3.0667,26.0,12,55.62,16.0
5,2026-04-17 13:51:32.038175,60.85,2.7967,27.0,13,55.61,15.0
5,2026-04-17 14:51:32.038175,64.81,3.66,28.0,14,55.57,14.0
5,2026-04-17 15:51:32.038175,66.78,2.9133,29.0,15,55.53,13.0
5,2026-04-17 16:51:32.038175,67.6,2.25,30.0,16,55.5,12.0
5,2026-04-17 17:51:32.038175,70.0,1.73,31.0,17,55.47,11.0
5,2026-04-17 18:51:32.038175,72.69,1.97,32.0,18,55.46,10.0
5,2026-04-17 19:51:32.038175,75.39,2.5967,33.0,19,55.43,9.0
5,2026-04-17 20:51:32.038175,77.12,2.3733,34.0,20,55.41,8.0
5,2026-04-17 21:51:32.038175,77.96,1.7567,35.0,21,55.37,7.0
5,2026-04-17 22:51:32.038175,78.56,1.0567,36.0,22,55.33,6.0
5,2026-04-17 23:51:32.038175,79.29,0.7233,37.0,23,55.32,5.0
5,2026-04-18 00:51:32.038175,79.37,0.47,38.0,0,55.27,4.0
5,2026-04-18 01:51:32.038175,79.49,0.31,39.0,1,55.26,3.0
5,2026-04-18 02:51:32.038175,79.62,0.11,40.0,2,55.23,2.0
5,2026-04-18 03:51:32.038175,79.84,0.1567,41.0,3,55.21,1.0
5,2026-04-18 04:51:32.038175,80.16,0.2233,42.0,4,55.16,0.0
5,2026-04-18 17:51:32.038175,33.76,1.9233,12.0,17,54.72,24.0
5,2026-04-18 18:51:32.038175,35.8,2.4133,13.0,18,54.68,23.0
5,2026-04-18 19:51:32.038175,39.88,3.35,14.0,19,54.66,22.0
5,2026-04-18 20:51:32.038175,40.74,2.3267,15.0,20,54.62,21.0
5,2026-04-18 21:51:32.038175,41.71,1.97,16.0,21,54.6,20.0
5,2026-04-18 22:51:32.038175,43.32,1.1467,17.0,22,54.55,19.0
5,2026-04-18 23:51:32.038175,45.31,1.5233,18.0,23,54.51,18.0
5,2026-04-19 00:51:32.038175,45.69,1.3267,19.0,0,54.47,17.0
5,2026-04-19 01:51:32.038175,46.19,0.9567,20.0,1,54.43,16.0
5,2026-04-19 02:51:32.038175,46.48,0.39,21.0,2,54.41,15.0
5,2026-04-19 03:51:32.038175,46.66,0.3233,22.0,3,54.36,14.0
5,2026-04-19 04:51:32.038175,46.7,0.17,23.0,4,54.34,13.0
5,2026-04-19 05:51:32.038175,47.0,0.1733,24.0,5,54.3,12.0
5,2026-04-19 06:51:32.038175,48.71,0.6833,25.0,6,54.28,11.0
5,2026-04-19 07:51:32.038175,49.51,0.9367,26.0,7,54.25,10.0
5,2026-04-19 08:51:32.038175,54.18,2.3933,27.0,8,54.2,9.0
5,2026-04-19 09:51:32.038175,58.97,3.42,28.0,9,54.15,8.0
5,2026-04-19 10:51:32.038175,63.08,4.5233,29.0,10,54.12,7.0
5,2026-04-19 11:51:32.038175,64.52,3.4467,30.0,11,54.07,6.0
5,2026-04-19 12:51:32.038175,69.5,3.51,31.0,12,54.03,5.0
5,2026-04-19 13:51:32.038175,72.69,3.2033,32.0,13,54.0,4.0
5,2026-04-19 14:51:32.038175,75.13,3.5367,33.0,14,53.96,3.0
5,2026-04-19 15:51:32.038175,76.94,2.48,34.0,15,53.93,2.0
5,2026-04-19 16:51:32.038175,77.91,1.74,35.0,16,53.9,1.0
5,2026-04-19 17:51:32.038175,81.45,2.1067,36.0,17,53.87,0.0
5,2026-04-20 11:51:32.038175,36.19,3.04,17.0,11,53.35,24.0
5,2026-04-20 12:51:32.038175,40.86,3.5167,18.0,12,53.3,23.0
5,2026-04-20 13:51:32.038175,43.5,3.0267,19.0,13,53.28,22.0
5,2026-04-20 14:51:32.038175,48.34,4.05,20.0,14,53.26,21.0
5,2026-04-20 15:51:32.038175,48.99,2.71,21.0,15,53.24,20.0
5,2026-04-20 16:51:32.038175,50.16,2.22,22.0,16,53.21,19.0
5,2026-04-20 17:51:32.038175,52.33,1.33,23.0,17,53.17,18.0
5,2026-04-20 18:51:32.038175,55.09,2.0333,24.0,18,53.14,17.0
5,2026-04-20 19:51:32.038175,57.1,2.3133,25.0,19,53.13,16.0
5,2026-04-20 20:51:32.038175,58.98,2.2167,26.0,20,53.08,15.0
5,2026-04-20 21:51:32.038175,60.75,1.8867,27.0,21,53.03,14.0
5,2026-04-20 22:51:32.038175,62.68,1.86,28.0,22,53.01,13.0
5,2026-04-20 23:51:32.038175,64.49,1.8367,29.0,23,52.99,12.0
5,2026-04-21 00:51:32.038175,64.5,1.25,30.0,0,52.95,11.0
5,2026-04-21 01:51:32.038175,64.7,0.6733,31.0,1,52.92,10.0
5,2026-04-21 02:51:32.038175,64.99,0.1667,32.0,2,52.9,9.0
5,2026-04-21 03:51:32.038175,65.07,0.19,33.0,3,52.86,8.0
5,2026-04-21 04:51:32.038175,65.17,0.1567,34.0,4,52.84,7.0
5,2026-04-21 05:51:32.038175,65.32,0.11,35.0,5,52.79,6.0
5,2026-04-21 06:51:32.038175,66.77,0.5667,36.0,6,52.78,5.0
5,2026-04-21 07:51:32.038175,68.58,1.1367,37.0,7,52.76,4.0
5,2026-04-21 08:51:32.038175,71.8,2.16,38.0,8,52.74,3.0
5,2026-04-21 09:51:32.038175,76.79,3.34,39.0,9,52.71,2.0
5,2026-04-21 10:51:32.038175,79.46,3.6267,40.0,10,52.68,1.0
5,2026-04-21 11:51:32.038175,80.27,2.8233,41.0,11,52.65,0.0
5,2026-04-21 19:51:32.038175,34.3,3.44,7.0,19,52.4,24.0
5,2026-04-21 20:51:32.038175,36.14,3.0433,8.0,20,52.38,23.0
5,2026-04-21 21:51:32.038175,37.16,1.7367,9.0,21,52.36,22.0
5,2026-04-21 22:51:32.038175,39.1,1.6,10.0,22,52.32,21.0
5,2026-04-21 23:51:32.038175,39.81,1.2233,11.0,23,52.29,20.0
5,2026-04-22 00:51:32.038175,40.3,1.0467,12.0,0,52.25,19.0
5,2026-04-22 01:51:32.038175,40.65,0.5167,13.0,1,52.21,18.0
5,2026-04-22 02:51:32.038175,40.89,0.36,14.0,2,52.18,17.0
5,2026-04-22 03:51:32.038175,40.89,0.1967,15.0,3,52.14,16.0
5,2026-04-22 04:51:32.038175,40.97,0.1067,16.0,4,52.1,15.0
5,2026-04-22 05:51:32.038175,41.11,0.0733,17.0,5,52.08,14.0
5,2026-04-22 06:51:32.038175,41.74,0.2833,18.0,6,52.04,13.0
5,2026-04-22 07:51:32.038175,42.39,0.4733,19.0,7,52.0,12.0
5,2026-04-22 08:51:32.038175,47.2,2.03,20.0,8,51.99,11.0
5,2026-04-22 09:51:32.038175,51.24,3.1667,21.0,9,51.95,10.0
5,2026-04-22 10:51:32.038175,54.42,4.01,22.0,10,51.91,9.0
5,2026-04-22 11:51:32.038175,55.65,2.8167,23.0,11,51.87,8.0
5,2026-04-22 12:51:32.038175,60.54,3.1,24.0,12,51.83,7.0
5,2026-04-22 13:51:32.038175,64.11,3.23,25.0,13,51.78,6.0
5,2026-04-22 14:51:32.038175,69.05,4.4667,26.0,14,51.74,5.0
5,2026-04-22 15:51:32.038175,69.81,3.09,27.0,15,51.7,4.0
5,2026-04-22 16:51:32.038175,71.26,2.3833,28.0,16,51.65,3.0
5,2026-04-22 17:51:32.038175,74.22,1.7233,29.0,17,51.64,2.0
5,2026-04-22 18:51:32.038175,77.7,2.63,30.0,18,51.62,1.0
5,2026-04-22 19:51:32.038175,81.4,3.38,31.0,19,51.61,0.0
5,2026-04-23 17:51:32.038175,40.79,1.67,21.0,17,50.92,24.0
5,2026-04-23 18:51:32.038175,44.32,2.4167,22.0,18,50.88,23.0
5,2026-04-23 19:51:32.038175,48.8,3.62,23.0,19,50.84,22.0
5,2026-04-23 20:51:32.038175,49.46,2.89,24.0,20,50.83,21.0
5,2026-04-23 21:51:32.038175,50.17,1.95,25.0,21,50.81,20.0
5,2026-04-23 22:51:32.038175,50.8,0.6667,26.0,22,50.77,19.0
5,2026-04-23 23:51:32.038175,51.66,0.7333,27.0,23,50.75,18.0
5,2026-04-24 00:51:32.038175,51.92,0.5833,28.0,0,50.71,17.0
5,2026-04-24 01:51:32.038175,52.15,0.45,29.0,1,50.67,16.0
5,2026-04-24 02:51:32.038175,52.26,0.2,30.0,2,50.66,15.0
5,2026-04-24 03:51:32.038175,52.28,0.12,31.0,3,50.62,14.0
5,2026-04-24 04:51:32.038175,52.6,0.15,32.0,4,50.59,13.0
5,2026-04-24 05:51:32.038175,52.88,0.2067,33.0,5,50.55,12.0
5,2026-04-24 06:51:32.038175,54.34,0.6867,34.0,6,50.54,11.0
5,2026-04-24 07:51:32.038175,55.36,0.92,35.0,7,50.51,10.0
5,2026-04-24 08:51:32.038175,59.79,2.3033,36.0,8,50.48,9.0
5,2026-04-24 09:51:32.038175,64.48,3.38,37.0,9,50.43,8.0
5,2026-04-24 10:51:32.038175,66.97,3.87,38.0,10,50.42,7.0
5,2026-04-24 11:51:32.038175,67.58,2.5967,39.0,11,50.4,6.0
5,2026-04-24 12:51:32.038175,70.16,1.8933,40.0,12,50.37,5.0
5,2026-04-24 13:51:32.038175,73.06,2.03,41.0,13,50.32,4.0
5,2026-04-24 14:51:32.038175,76.23,2.8833,42.0,14,50.31,3.0
5,2026-04-24 15:51:32.038175,78.01,2.6167,43.0,15,50.28,2.0
5,2026-04-24 16:51:32.038175,79.78,2.24,44.0,16,50.24,1.0
5,2026-04-24 17:51:32.038175,82.9,2.2233,45.0,17,50.19,0.0
5,2026-04-25 10:51:32.038175,33.05,3.4167,16.0,10,49.69,24.0
5,2026-04-25 11:51:32.038175,34.2,2.76,17.0,11,49.65,23.0
5,2026-04-25 12:51:32.038175,39.02,2.9,18.0,12,49.63,22.0
5,2026-04-25 13:51:32.038175,43.09,3.3467,19.0,13,49.61,21.0
5,2026-04-25 14:51:32.038175,46.88,4.2267,20.0,14,49.59,20.0
5,2026-04-25 15:51:32.038175,48.25,3.0767,21.0,15,49.55,19.0
5,2026-04-25 16:51:32.038175,49.58,2.1633,22.0,16,49.52,18.0
5,2026-04-25 17:51:32.038175,53.63,2.25,23.0,17,49.47,17.0
5,2026-04-25 18:51:32.038175,56.52,2.7567,24.0,18,49.43,16.0
5,2026-04-25 19:51:32.038175,59.6,3.34,25.0,19,49.39,15.0
5,2026-04-25 20:51:32.038175,60.79,2.3867,26.0,20,49.37,14.0
5,2026-04-25 21:51:32.038175,61.49,1.6567,27.0,21,49.35,13.0
5,2026-04-25 22:51:32.038175,63.27,1.2233,28.0,22,49.32,12.0
5,2026-04-25 23:51:32.038175,65.09,1.4333,29.0,23,49.28,11.0
5,2026-04-26 00:51:32.038175,65.57,1.36,30.0,0,49.26,10.0
5,2026-04-26 01:51:32.038175,66.01,0.9133,31.0,1,49.24,9.0
5,2026-04-26 02:51:32.038175,66.27,0.3933,32.0,2,49.22,8.0
5,2026-04-26 03:51:32.038175,66.32,0.25,33.0,3,49.18,7.0
5,2026-04-26 04:51:32.038175,66.42,0.1367,34.0,4,49.17,6.0
5,2026-04-26 05:51:32.038175,66.49,0.0733,35.0,5,49.13,5.0
5,2026-04-26 06:51:32.038175,67.84,0.5067,36.0,6,49.08,4.0
5,2026-04-26 07:51:32.038175,69.62,1.0667,37.0,7,49.05,3.0
5,2026-04-26 08:51:32.038175,72.91,2.14,38.0,8,49.0,2.0
5,2026-04-26 09:51:32.038175,77.13,3.0967,39.0,9,48.95,1.0
5,2026-04-26 10:51:32.038175,82.01,4.13,40.0,10,48.92,0.0
5,2026-04-27 07:51:32.038175,37.21,0.96,20.0,7,48.32,24.0
5,2026-04-27 08:51:32.038175,41.55,2.2467,21.0,8,48.28,23.0
5,2026-04-27 09:51:32.038175,43.69,2.63,22.0,9,48.24,22.0
5,2026-04-27 10:51:32.038175,45.7,2.83,23.0,10,48.23,21.0
5,2026-04-27 11:51:32.038175,46.32,1.59,24.0,11,48.22,20.0
5,2026-04-27 12:51:32.038175,48.73,1.68,25.0,12,48.2,19.0
5,2026-04-27 13:51:32.038175,51.59,1.9633,26.0,13,48.19,18.0
5,2026-04-27 14:51:32.038175,56.01,3.23,27.0,14,48.16,17.0
5,2026-04-27 15:51:32.038175,56.53,2.6,28.0,15,48.14,16.0
5,2026-04-27 16:51:32.038175,57.91,2.1067,29.0,16,48.09,15.0
5,2026-04-27 17:51:32.038175,62.1,2.03,30.0,17,48.07,14.0
5,2026-04-27 18:51:32.038175,65.52,2.9967,31.0,18,48.06,13.0
5,2026-04-27 19:51:32.038175,69.23,3.7733,32.0,19,48.01,12.0
5,2026-04-27 20:51:32.038175,70.68,2.86,33.0,20,47.99,11.0
5,2026-04-27 21:51:32.038175,71.93,2.1367,34.0,21,47.98,10.0
5,2026-04-27 22:51:32.038175,73.72,1.4967,35.0,22,47.93,9.0
5,2026-04-27 23:51:32.038175,75.46,1.5933,36.0,23,47.9,8.0
5,2026-04-28 00:51:32.038175,75.55,1.2067,37.0,0,47.85,7.0
5,2026-04-28 01:51:32.038175,75.84,0.7067,38.0,1,47.84,6.0
5,2026-04-28 02:51:32.038175,76.19,0.2433,39.0,2,47.82,5.0
5,2026-04-28 03:51:32.038175,76.43,0.2933,40.0,3,47.8,4.0
5,2026-04-28 04:51:32.038175,76.86,0.34,41.0,4,47.77,3.0
5,2026-04-28 05:51:32.038175,77.26,0.3567,42.0,5,47.74,2.0
5,2026-04-28 06:51:32.038175,78.34,0.6367,43.0,6,47.7,1.0
5,2026-04-28 07:51:32.038175,80.15,1.0967,44.0,7,47.68,0.0
5,2026-04-28 17:51:32.038175,37.31,2.2567,9.0,17,47.38,24.0
5,2026-04-28 18:51:32.038175,42.19,3.49,10.0,18,47.34,23.0
5,2026-04-28 19:51:32.038175,46.38,4.48,11.0,19,47.32,22.0
5,2026-04-28 20:51:32.038175,47.53,3.4067,12.0,20,47.3,21.0
5,2026-04-28 21:51:32.038175,48.75,2.1867,13.0,21,47.26,20.0
5,2026-04-28 22:51:32.038175,49.76,1.1267,14.0,22,47.24,19.0
5,2026-04-28 23:51:32.038175,50.49,0.9867,15.0,23,47.2,18.0
5,2026-04-29 00:51:32.038175,50.97,0.74,16.0,0,47.17,17.0
5,2026-04-29 01:51:32.038175,51.33,0.5233,17.0,1,47.16,16.0
5,2026-04-29 02:51:32.038175,51.78,0.43,18.0,2,47.14,15.0
5,2026-04-29 03:51:32.038175,52.25,0.4267,19.0,3,47.11,14.0
5,2026-04-29 04:51:32.038175,52.64,0.4367,20.0,4,47.07,13.0
5,2026-04-29 05:51:32.038175,52.75,0.3233,21.0,5,47.03,12.0
5,2026-04-29 06:51:32.038175,54.33,0.6933,22.0,6,47.01,11.0
5,2026-04-29 07:51:32.038175,54.94,0.7667,23.0,7,46.96,10.0
5,2026-04-29 08:51:32.038175,58.59,1.9467,24.0,8,46.92,9.0
5,2026-04-29 09:51:32.038175,62.97,2.88,25.0,9,46.9,8.0
5,2026-04-29 10:51:32.038175,66.93,3.9967,26.0,10,46.87,7.0
5,2026-04-29 11:51:32.038175,68.54,3.3167,27.0,11,46.84,6.0
5,2026-04-29 12:51:32.038175,70.69,2.5733,28.0,12,46.83,5.0
5,2026-04-29 13:51:32.038175,73.31,2.1267,29.0,13,46.81,4.0
5,2026-04-29 14:51:32.038175,76.96,2.8067,30.0,14,46.77,3.0
5,2026-04-29 15:51:32.038175,78.04,2.45,31.0,15,46.74,2.0
5,2026-04-29 16:51:32.038175,79.28,1.99,32.0,16,46.72,1.0
5,2026-04-29 17:51:32.038175,81.49,1.51,33.0,17,46.7,0.0
5,2026-04-30 12:51:32.038175,37.8,2.7733,18.0,12,46.14,24.0
5,2026-04-30 13:51:32.038175,41.96,3.4333,19.0,13,46.11,23.0
5,2026-04-30 14:51:32.038175,44.94,4.0367,20.0,14,46.06,22.0
5,2026-04-30 15:51:32.038175,45.78,2.66,21.0,15,46.04,21.0
5,2026-04-30 16:51:32.038175,46.53,1.5233,22.0,16,45.99,20.0
5,2026-04-30 17:51:32.038175,51.05,2.0367,23.0,17,45.97,19.0
5,2026-04-30 18:51:32.038175,54.32,2.8467,24.0,18,45.94,18.0
5,2026-04-30 19:51:32.038175,58.78,4.0833,25.0,19,45.91,17.0
5,2026-04-30 20:51:32.038175,60.12,3.0233,26.0,20,45.87,16.0
5,2026-04-30 21:51:32.038175,61.09,2.2567,27.0,21,45.86,15.0
5,2026-04-30 22:51:32.038175,61.7,0.9733,28.0,22,45.83,14.0
5,2026-04-30 23:51:32.038175,63.11,0.9967,29.0,23,45.79,13.0
5,2026-05-01 00:51:32.038175,63.27,0.7267,30.0,0,45.77,12.0
5,2026-05-01 01:51:32.038175,63.73,0.6767,31.0,1,45.73,11.0
5,2026-05-01 02:51:32.038175,63.82,0.2367,32.0,2,45.71,10.0
5,2026-05-01 03:51:32.038175,64.22,0.3167,33.0,3,45.69,9.0
5,2026-05-01 04:51:32.038175,64.56,0.2767,34.0,4,45.68,8.0
5,2026-05-01 05:51:32.038175,64.75,0.31,35.0,5,45.66,7.0
5,2026-05-01 06:51:32.038175,65.83,0.5367,36.0,6,45.62,6.0
5,2026-05-01 07:51:32.038175,66.68,0.7067,37.0,7,45.59,5.0
5,2026-05-01 08:51:32.038175,70.67,1.9733,38.0,8,45.55,4.0
5,2026-05-01 09:51:32.038175,74.1,2.7567,39.0,9,45.53,3.0
5,2026-05-01 10:51:32.038175,78.08,3.8,40.0,10,45.5,2.0
5,2026-05-01 11:51:32.038175,79.03,2.7867,41.0,11,45.45,1.0
5,2026-05-01 12:51:32.038175,83.91,3.27,42.0,12,45.41,0.0
5,2026-05-02 07:51:32.038175,36.41,0.95,18.0,7,44.82,24.0
5,2026-05-02 08:51:32.038175,39.47,1.95,19.0,8,44.78,23.0
5,2026-05-02 09:51:32.038175,43.25,2.72,20.0,9,44.75,22.0
5,2026-05-02 10:51:32.038175,48.08,3.89,21.0,10,44.72,21.0
5,2026-05-02 11:51:32.038175,49.69,3.4067,22.0,11,44.7,20.0
5,2026-05-02 12:51:32.038175,53.58,3.4433,23.0,12,44.67,19.0
5,2026-05-02 13:51:32.038175,57.39,3.1033,24.0,13,44.62,18.0
5,2026-05-02 14:51:32.038175,61.24,3.85,25.0,14,44.6,17.0
5,2026-05-02 15:51:32.038175,62.0,2.8067,26.0,15,44.57,16.0
5,2026-05-02 16:51:32.038175,62.68,1.7633,27.0,16,44.54,15.0
5,2026-05-02 17:51:32.038175,65.25,1.3367,28.0,17,44.51,14.0
5,2026-05-02 18:51:32.038175,67.44,1.8133,29.0,18,44.47,13.0
5,2026-05-02 19:51:32.038175,71.51,2.9433,30.0,19,44.43,12.0
5,2026-05-02 20:51:32.038175,72.56,2.4367,31.0,20,44.4,11.0
5,2026-05-02 21:51:32.038175,74.51,2.3567,32.0,21,44.37,10.0
5,2026-05-02 22:51:32.038175,75.53,1.34,33.0,22,44.35,9.0
5,2026-05-02 23:51:32.038175,76.41,1.2833,34.0,23,44.3,8.0
5,2026-05-03 00:51:32.038175,76.84,0.7767,35.0,0,44.26,7.0
5,2026-05-03 01:51:32.038175,77.15,0.54,36.0,1,44.23,6.0
5,2026-05-03 02:51:32.038175,77.65,0.4133,37.0,2,44.21,5.0
5,2026-05-03 03:51:32.038175,78.06,0.4067,38.0,3,44.18,4.0
5,2026-05-03 04:51:32.038175,78.37,0.4067,39.0,4,44.15,3.0
5,2026-05-03 05:51:32.038175,78.55,0.3,40.0,5,44.1,2.0
5,2026-05-03 06:51:32.038175,79.25,0.3967,41.0,6,44.06,1.0
5,2026-05-03 07:51:32.038175,80.23,0.62,42.0,7,44.02,0.0
5,2026-05-03 18:51:32.038175,37.93,2.9867,10.0,18,43.64,24.0
5,2026-05-03 19:51:32.038175,41.42,3.8133,11.0,19,43.61,23.0
5,2026-05-03 20:51:32.038175,42.77,3.11,12.0,20,43.57,22.0
5,2026-05-03 21:51:32.038175,44.52,2.1967,13.0,21,43.56,21.0
5,2026-05-03 22:51:32.038175,46.34,1.64,14.0,22,43.51,20.0
5,2026-05-03 23:51:32.038175,47.91,1.7133,15.0,23,43.5,19.0
5,2026-05-04 00:51:32.038175,48.26,1.2467,16.0,0,43.47,18.0
5,2026-05-04 01:51:32.038175,48.36,0.6733,17.0,1,43.46,17.0
5,2026-05-04 02:51:32.038175,48.49,0.1933,18.0,2,43.45,16.0
5,2026-05-04 03:51:32.038175,48.8,0.18,19.0,3,43.42,15.0
5,2026-05-04 04:51:32.038175,49.14,0.26,20.0,4,43.39,14.0
5,2026-05-04 05:51:32.038175,49.31,0.2733,21.0,5,43.36,13.0
5,2026-05-04 06:51:32.038175,50.26,0.4867,22.0,6,43.34,12.0
5,2026-05-04 07:51:32.038175,51.67,0.8433,23.0,7,43.31,11.0
5,2026-05-04 08:51:32.038175,54.82,1.8367,24.0,8,43.28,10.0
5,2026-05-04 09:51:32.038175,57.44,2.3933,25.0,9,43.25,9.0
5,2026-05-04 10:51:32.038175,62.41,3.58,26.0,10,43.21,8.0
5,2026-05-04 11:51:32.038175,64.39,3.19,27.0,11,43.19,7.0
5,2026-05-04 12:51:32.038175,67.02,3.1933,28.0,12,43.17,6.0
5,2026-05-04 13:51:32.038175,70.9,2.83,29.0,13,43.15,5.0
5,2026-05-04 14:51:32.038175,73.44,3.0167,30.0,14,43.11,4.0
5,2026-05-04 15:51:32.038175,74.07,2.35,31.0,15,43.07,3.0
5,2026-05-04 16:51:32.038175,75.56,1.5533,32.0,16,43.06,2.0
5,2026-05-04 17:51:32.038175,77.91,1.49,33.0,17,43.04,1.0
5,2026-05-04 18:51:32.038175,82.85,2.9267,34.0,18,43.02,0.0
5,2026-05-05 15:51:32.038175,39.99,2.3367,20.0,15,42.29,24.0
5,2026-05-05 16:51:32.038175,41.35,1.5433,21.0,16,42.25,23.0
5,2026-05-05 17:51:32.038175,44.62,1.8133,22.0,17,42.23,22.0
5,2026-05-05 18:51:32.038175,46.71,2.24,23.0,18,42.2,21.0
5,2026-05-05 19:51:32.038175,50.06,2.9033,24.0,19,42.16,20.0
5,2026-05-05 20:51:32.038175,51.82,2.4,25.0,20,42.12,19.0
5,2026-05-05 21:51:32.038175,53.35,2.2133,26.0,21,42.11,18.0
5,2026-05-05 22:51:32.038175,55.23,1.7233,27.0,22,42.08,17.0
5,2026-05-05 23:51:32.038175,56.55,1.5767,28.0,23,42.06,16.0
5,2026-05-06 00:51:32.038175,56.91,1.1867,29.0,0,42.02,15.0
5,2026-05-06 01:51:32.038175,57.29,0.6867,30.0,1,41.98,14.0
5,2026-05-06 02:51:32.038175,57.51,0.32,31.0,2,41.96,13.0
5,2026-05-06 03:51:32.038175,57.64,0.2433,32.0,3,41.92,12.0
5,2026-05-06 04:51:32.038175,57.86,0.19,33.0,4,41.89,11.0
5,2026-05-06 05:51:32.038175,58.12,0.2033,34.0,5,41.86,10.0
5,2026-05-06 06:51:32.038175,58.74,0.3667,35.0,6,41.84,9.0
5,2026-05-06 07:51:32.038175,59.51,0.55,36.0,7,41.79,8.0
5,2026-05-06 08:51:32.038175,61.66,1.18,37.0,8,41.75,7.0
5,2026-05-06 09:51:32.038175,65.61,2.29,38.0,9,41.71,6.0
5,2026-05-06 10:51:32.038175,67.83,2.7733,39.0,10,41.68,5.0
5,2026-05-06 11:51:32.038175,68.59,2.31,40.0,11,41.63,4.0
5,2026-05-06 12:51:32.038175,70.59,1.66,41.0,12,41.61,3.0
5,2026-05-06 13:51:32.038175,74.89,2.3533,42.0,13,41.59,2.0
5,2026-05-06 14:51:32.038175,78.97,3.46,43.0,14,41.56,1.0
5,2026-05-06 15:51:32.038175,80.72,3.3767,44.0,15,41.52,0.0
6,2026-03-09 09:51:32.067188,37.72,2.4333,999.0,9,93.65,24.0
6,2026-03-09 10:51:32.067188,42.0,3.6167,999.0,10,93.63,23.0
6,2026-03-09 11:51:32.067188,43.77,3.2033,999.0,11,93.6,22.0
6,2026-03-09 12:51:32.067188,46.67,2.9833,999.0,12,93.58,21.0
6,2026-03-09 13:51:32.067188,49.83,2.61,999.0,13,93.54,20.0
6,2026-03-09 14:51:32.067188,53.05,3.0933,999.0,14,93.51,19.0
6,2026-03-09 15:51:32.067188,55.04,2.79,999.0,15,93.5,18.0
6,2026-03-09 16:51:32.067188,56.7,2.29,999.0,16,93.45,17.0
6,2026-03-09 17:51:32.067188,58.77,1.9067,999.0,17,93.41,16.0
6,2026-03-09 18:51:32.067188,61.13,2.03,999.0,18,93.38,15.0
6,2026-03-09 19:51:32.067188,63.92,2.4067,999.0,19,93.34,14.0
6,2026-03-09 20:51:32.067188,65.77,2.3333,999.0,20,93.32,13.0
6,2026-03-09 21:51:32.067188,67.42,2.0967,999.0,21,93.3,12.0
6,2026-03-09 22:51:32.067188,68.64,1.5733,999.0,22,93.28,11.0
6,2026-03-09 23:51:32.067188,70.29,1.5067,999.0,23,93.24,10.0
6,2026-03-10 00:51:32.067188,70.76,1.1133,999.0,0,93.23,9.0
6,2026-03-10 01:51:32.067188,71.02,0.7933,999.0,1,93.18,8.0
6,2026-03-10 02:51:32.067188,71.09,0.2667,999.0,2,93.15,7.0
6,2026-03-10 03:51:32.067188,71.33,0.19,999.0,3,93.13,6.0
6,2026-03-10 04:51:32.067188,71.63,0.2033,999.0,4,93.09,5.0
6,2026-03-10 05:51:32.067188,71.97,0.2933,999.0,5,93.07,4.0
6,2026-03-10 06:51:32.067188,73.69,0.7867,999.0,6,93.04,3.0
6,2026-03-10 07:51:32.067188,74.62,0.9967,999.0,7,93.02,2.0
6,2026-03-10 08:51:32.067188,78.68,2.2367,999.0,8,93.0,1.0
6,2026-03-10 09:51:32.067188,82.57,2.96,999.0,9,92.98,0.0
6,2026-03-10 22:51:32.067188,33.27,0.6367,12.0,22,92.6,24.0
6,2026-03-10 23:51:32.067188,35.24,1.0,13.0,23,92.59,23.0
6,2026-03-11 00:51:32.067188,35.4,0.88,14.0,0,92.54,22.0
6,2026-03-11 01:51:32.067188,35.41,0.7133,15.0,1,92.5,21.0
6,2026-03-11 02:51:32.067188,35.54,0.1,16.0,2,92.46,20.0
6,2026-03-11 03:51:32.067188,35.58,0.06,17.0,3,92.43,19.0
6,2026-03-11 04:51:32.067188,35.81,0.1333,18.0,4,92.39,18.0
6,2026-03-11 05:51:32.067188,36.01,0.1567,19.0,5,92.35,17.0
6,2026-03-11 06:51:32.067188,36.79,0.4033,20.0,6,92.33,16.0
6,2026-03-11 07:51:32.067188,37.57,0.5867,21.0,7,92.29,15.0
6,2026-03-11 08:51:32.067188,41.51,1.8333,22.0,8,92.24,14.0
6,2026-03-11 09:51:32.067188,44.98,2.73,23.0,9,92.2,13.0
6,2026-03-11 10:51:32.067188,49.88,4.1033,24.0,10,92.17,12.0
6,2026-03-11 11:51:32.067188,51.4,3.2967,25.0,11,92.14,11.0
6,2026-03-11 12:51:32.067188,54.48,3.1667,26.0,12,92.11,10.0
6,2026-03-11 13:51:32.067188,56.78,2.3,27.0,13,92.09,9.0
6,2026-03-11 14:51:32.067188,61.6,3.4,28.0,14,92.06,8.0
6,2026-03-11 15:51:32.067188,63.37,2.9633,29.0,15,92.03,7.0
6,2026-03-11 16:51:32.067188,65.11,2.7767,30.0,16,92.02,6.0
6,2026-03-11 17:51:32.067188,69.26,2.5533,31.0,17,92.0,5.0
6,2026-03-11 18:51:32.067188,73.36,3.33,32.0,18,91.96,4.0
6,2026-03-11 19:51:32.067188,77.93,4.2733,33.0,19,91.95,3.0
6,2026-03-11 20:51:32.067188,79.17,3.3033,34.0,20,91.9,2.0
6,2026-03-11 21:51:32.067188,79.87,2.17,35.0,21,91.89,1.0
6,2026-03-11 22:51:32.067188,81.46,1.1767,36.0,22,91.87,0.0
6,2026-03-12 16:51:32.067188,35.9,2.41,17.0,16,91.38,24.0
6,2026-03-12 17:51:32.067188,40.52,2.7233,18.0,17,91.34,23.0
6,2026-03-12 18:51:32.067188,43.2,3.0867,19.0,18,91.32,22.0
6,2026-03-12 19:51:32.067188,45.61,3.2367,20.0,19,91.28,21.0
6,2026-03-12 20:51:32.067188,47.13,2.2033,21.0,20,91.26,20.0
6,2026-03-12 21:51:32.067188,48.97,1.9233,22.0,21,91.22,19.0
6,2026-03-12 22:51:32.067188,50.8,1.73,23.0,22,91.2,18.0
6,2026-03-12 23:51:32.067188,51.53,1.4667,24.0,23,91.17,17.0
6,2026-03-13 00:51:32.067188,51.79,0.94,25.0,0,91.14,16.0
6,2026-03-13 01:51:32.067188,51.87,0.3567,26.0,1,91.13,15.0
6,2026-03-13 02:51:32.067188,52.15,0.2067,27.0,2,91.1,14.0
6,2026-03-13 03:51:32.067188,52.55,0.2533,28.0,3,91.07,13.0
6,2026-03-13 04:51:32.067188,52.66,0.2633,29.0,4,91.03,12.0
6,2026-03-13 05:51:32.067188,52.89,0.2467,30.0,5,91.01,11.0
6,2026-03-13 06:51:32.067188,53.63,0.36,31.0,6,90.97,10.0
6,2026-03-13 07:51:32.067188,54.47,0.6033,32.0,7,90.95,9.0
6,2026-03-13 08:51:32.067188,59.39,2.1667,33.0,8,90.9,8.0
6,2026-03-13 09:51:32.067188,63.16,3.1767,34.0,9,90.87,7.0
6,2026-03-13 10:51:32.067188,65.38,3.6367,35.0,10,90.82,6.0
6,2026-03-13 11:51:32.067188,66.82,2.4767,36.0,11,90.8,5.0
6,2026-03-13 12:51:32.067188,69.99,2.2767,37.0,12,90.79,4.0
6,2026-03-13 13:51:32.067188,74.7,3.1067,38.0,13,90.77,3.0
6,2026-03-13 14:51:32.067188,78.07,3.75,39.0,14,90.73,2.0
6,2026-03-13 15:51:32.067188,79.62,3.21,40.0,15,90.7,1.0
6,2026-03-13 16:51:32.067188,81.17,2.1567,41.0,16,90.67,0.0
6,2026-03-14 11:51:32.067188,33.91,1.93,18.0,11,90.12,24.0
6,2026-03-14 12:51:32.067188,36.63,2.0867,19.0,12,90.09,23.0
6,2026-03-14 13:51:32.067188,41.41,2.9833,20.0,13,90.04,22.0
6,2026-03-14 14:51:32.067188,45.45,3.8467,21.0,14,90.03,21.0
6,2026-03-14 15:51:32.067188,47.36,3.5767,22.0,15,90.0,20.0
6,2026-03-14 16:51:32.067188,48.82,2.47,23.0,16,89.97,19.0
6,2026-03-14 17:51:32.067188,51.59,2.0467,24.0,17,89.93,18.0
6,2026-03-14 18:51:32.067188,56.16,2.9333,25.0,18,89.9,17.0
6,2026-03-14 19:51:32.067188,60.85,4.01,26.0,19,89.88,16.0
6,2026-03-14 20:51:32.067188,61.64,3.35,27.0,20,89.87,15.0
6,2026-03-14 21:51:32.067188,63.46,2.4333,28.0,21,89.85,14.0
6,2026-03-14 22:51:32.067188,64.03,1.06,29.0,22,89.83,13.0
6,2026-03-14 23:51:32.067188,65.79,1.3833,30.0,23,89.82,12.0
6,2026-03-15 00:51:32.067188,65.8,0.78,31.0,0,89.79,11.0
6,2026-03-15 01:51:32.067188,66.18,0.7167,32.0,1,89.77,10.0
6,2026-03-15 02:51:32.067188,66.67,0.2933,33.0,2,89.74,9.0
6,2026-03-15 03:51:32.067188,67.02,0.4067,34.0,3,89.72,8.0
6,2026-03-15 04:51:32.067188,67.27,0.3633,35.0,4,89.71,7.0
6,2026-03-15 05:51:32.067188,67.41,0.2467,36.0,5,89.7,6.0
6,2026-03-15 06:51:32.067188,68.73,0.57,37.0,6,89.67,5.0
6,2026-03-15 07:51:32.067188,69.83,0.8533,38.0,7,89.65,4.0
6,2026-03-15 08:51:32.067188,73.84,2.1433,39.0,8,89.62,3.0
6,2026-03-15 09:51:32.067188,76.68,2.65,40.0,9,89.6,2.0
6,2026-03-15 10:51:32.067188,79.06,3.0767,41.0,10,89.56,1.0
6,2026-03-15 11:51:32.067188,80.95,2.37,42.0,11,89.54,0.0
6,2026-03-16 04:51:32.067188,38.21,0.3967,16.0,4,89.1,24.0
6,2026-03-16 05:51:32.067188,38.3,0.2633,17.0,5,89.05,23.0
6,2026-03-16 06:51:32.067188,39.79,0.66,18.0,6,89.03,22.0
6,2026-03-16 07:51:32.067188,40.46,0.75,19.0,7,89.0,21.0
6,2026-03-16 08:51:32.067188,44.07,1.9233,20.0,8,88.96,20.0
6,2026-03-16 09:51:32.067188,48.96,3.0567,21.0,9,88.95,19.0
6,2026-03-16 10:51:32.067188,51.45,3.6633,22.0,10,88.93,18.0
6,2026-03-16 11:51:32.067188,52.71,2.88,23.0,11,88.88,17.0
6,2026-03-16 12:51:32.067188,54.76,1.9333,24.0,12,88.84,16.0
6,2026-03-16 13:51:32.067188,57.54,2.03,25.0,13,88.79,15.0
6,2026-03-16 14:51:32.067188,60.04,2.4433,26.0,14,88.75,14.0
6,2026-03-16 15:51:32.067188,60.56,1.9333,27.0,15,88.71,13.0
6,2026-03-16 16:51:32.067188,62.46,1.64,28.0,16,88.69,12.0
6,2026-03-16 17:51:32.067188,66.26,2.0733,29.0,17,88.65,11.0
6,2026-03-16 18:51:32.067188,68.84,2.76,30.0,18,88.63,10.0
6,2026-03-16 19:51:32.067188,73.59,3.71,31.0,19,88.6,9.0
6,2026-03-16 20:51:32.067188,74.96,2.9,32.0,20,88.56,8.0
6,2026-03-16 21:51:32.067188,76.87,2.6767,33.0,21,88.53,7.0
6,2026-03-16 22:51:32.067188,78.05,1.4867,34.0,22,88.51,6.0
6,2026-03-16 23:51:32.067188,79.07,1.37,35.0,23,88.46,5.0
6,2026-03-17 00:51:32.067188,79.38,0.8367,36.0,0,88.42,4.0
6,2026-03-17 01:51:32.067188,79.61,0.52,37.0,1,88.37,3.0
6,2026-03-17 02:51:32.067188,79.8,0.2433,38.0,2,88.35,2.0
6,2026-03-17 03:51:32.067188,79.84,0.1533,39.0,3,88.33,1.0
6,2026-03-17 04:51:32.067188,80.21,0.2,40.0,4,88.31,0.0
6,2026-03-17 19:51:32.067188,42.07,2.83,14.0,19,87.81,24.0
6,2026-03-17 20:51:32.067188,43.02,2.4133,15.0,20,87.79,23.0
6,2026-03-17 21:51:32.067188,44.33,2.04,16.0,21,87.76,22.0
6,2026-03-17 22:51:32.067188,45.11,1.0133,17.0,22,87.72,21.0
6,2026-03-17 23:51:32.067188,46.36,1.1133,18.0,23,87.7,20.0
6,2026-03-18 00:51:32.067188,46.54,0.7367,19.0,0,87.66,19.0
6,2026-03-18 01:51:32.067188,46.86,0.5833,20.0,1,87.65,18.0
6,2026-03-18 02:51:32.067188,47.03,0.2233,21.0,2,87.64,17.0
6,2026-03-18 03:51:32.067188,47.18,0.2133,22.0,3,87.61,16.0
6,2026-03-18 04:51:32.067188,47.52,0.22,23.0,4,87.59,15.0
6,2026-03-18 05:51:32.067188,47.99,0.32,24.0,5,87.57,14.0
6,2026-03-18 06:51:32.067188,49.48,0.7667,25.0,6,87.53,13.0
6,2026-03-18 07:51:32.067188,50.79,1.09,26.0,7,87.5,12.0
6,2026-03-18 08:51:32.067188,54.57,2.1933,27.0,8,87.49,11.0
6,2026-03-18 09:51:32.067188,57.33,2.6167,28.0,9,87.46,10.0
6,2026-03-18 10:51:32.067188,59.84,3.0167,29.0,10,87.42,9.0
6,2026-03-18 11:51:32.067188,61.46,2.2967,30.0,11,87.4,8.0
6,2026-03-18 12:51:32.067188,63.84,2.17,31.0,12,87.38,7.0
6,2026-03-18 13:51:32.067188,66.58,2.2467,32.0,13,87.37,6.0
6,2026-03-18 14:51:32.067188,70.11,2.8833,33.0,14,87.33,5.0
6,2026-03-18 15:51:32.067188,70.8,2.32,34.0,15,87.3,4.0
6,2026-03-18 16:51:32.067188,71.7,1.7067,35.0,16,87.28,3.0
6,2026-03-18 17:51:32.067188,74.96,1.6167,36.0,17,87.24,2.0
6,2026-03-18 18:51:32.067188,78.53,2.5767,37.0,18,87.23,1.0
6,2026-03-18 19:51:32.067188,83.37,3.89,38.0,19,87.2,0.0
6,2026-03-19 19:51:32.067188,44.02,3.8867,23.0,19,86.53,24.0
6,2026-03-19 20:51:32.067188,44.62,2.78,24.0,20,86.5,23.0
6,2026-03-19 21:51:32.067188,45.46,1.7033,25.0,21,86.47,22.0
6,2026-03-19 22:51:32.067188,47.32,1.1,26.0,22,86.42,21.0
6,2026-03-19 23:51:32.067188,49.19,1.5233,27.0,23,86.39,20.0
6,2026-03-20 00:51:32.067188,49.59,1.3767,28.0,0,86.36,19.0
6,2026-03-20 01:51:32.067188,50.06,0.9133,29.0,1,86.32,18.0
6,2026-03-20 02:51:32.067188,50.16,0.3233,30.0,2,86.28,17.0
6,2026-03-20 03:51:32.067188,50.51,0.3067,31.0,3,86.24,16.0
6,2026-03-20 04:51:32.067188,50.53,0.1567,32.0,4,86.2,15.0
6,2026-03-20 05:51:32.067188,50.73,0.19,33.0,5,86.15,14.0
6,2026-03-20 06:51:32.067188,51.33,0.2733,34.0,6,86.11,13.0
6,2026-03-20 07:51:32.067188,51.97,0.48,35.0,7,86.08,12.0
6,2026-03-20 08:51:32.067188,54.59,1.2867,36.0,8,86.07,11.0
6,2026-03-20 09:51:32.067188,58.67,2.4467,37.0,9,86.02,10.0
6,2026-03-20 10:51:32.067188,60.72,2.9167,38.0,10,85.98,9.0
6,2026-03-20 11:51:32.067188,61.86,2.4233,39.0,11,85.93,8.0
6,2026-03-20 12:51:32.067188,64.09,1.8067,40.0,12,85.91,7.0
6,2026-03-20 13:51:32.067188,66.92,2.0667,41.0,13,85.89,6.0
6,2026-03-20 14:51:32.067188,70.68,2.94,42.0,14,85.85,5.0
6,2026-03-20 15:51:32.067188,71.94,2.6167,43.0,15,85.82,4.0
6,2026-03-20 16:51:32.067188,72.83,1.97,44.0,16,85.79,3.0
6,2026-03-20 17:51:32.067188,75.26,1.5267,45.0,17,85.75,2.0
6,2026-03-20 18:51:32.067188,79.85,2.6367,46.0,18,85.7,1.0
6,2026-03-20 19:51:32.067188,82.48,3.2167,47.0,19,85.68,0.0
6,2026-03-21 16:51:32.067188,35.9,1.6467,20.0,16,85.02,24.0
6,2026-03-21 17:51:32.067188,40.32,2.04,21.0,17,84.98,23.0
6,2026-03-21 18:51:32.067188,42.78,2.4967,22.0,18,84.94,22.0
6,2026-03-21 19:51:32.067188,45.03,3.0433,23.0,19,84.9,21.0
6,2026-03-21 20:51:32.067188,45.82,1.8333,24.0,20,84.88,20.0
6,2026-03-21 21:51:32.067188,47.65,1.6233,25.0,21,84.83,19.0
6,2026-03-21 22:51:32.067188,48.23,1.0667,26.0,22,84.81,18.0
6,2026-03-21 23:51:32.067188,50.17,1.45,27.0,23,84.78,17.0
6,2026-03-22 00:51:32.067188,50.59,0.98,28.0,0,84.75,16.0
6,2026-03-22 01:51:32.067188,50.84,0.87,29.0,1,84.73,15.0
6,2026-03-22 02:51:32.067188,51.07,0.3,30.0,2,84.71,14.0
6,2026-03-22 03:51:32.067188,51.38,0.2633,31.0,3,84.68,13.0
6,2026-03-22 04:51:32.067188,51.74,0.3,32.0,4,84.65,12.0
6,2026-03-22 05:51:32.067188,52.02,0.3167,33.0,5,84.62,11.0
6,2026-03-22 06:51:32.067188,53.69,0.77,34.0,6,84.57,10.0
6,2026-03-22 07:51:32.067188,55.53,1.2633,35.0,7,84.54,9.0
6,2026-03-22 08:51:32.067188,57.67,1.8833,36.0,8,84.51,8.0
6,2026-03-22 09:51:32.067188,62.41,2.9067,37.0,9,84.49,7.0
6,2026-03-22 10:51:32.067188,66.3,3.59,38.0,10,84.47,6.0
6,2026-03-22 11:51:32.067188,67.19,3.1733,39.0,11,84.43,5.0
6,2026-03-22 12:51:32.067188,71.3,2.9633,40.0,12,84.42,4.0
6,2026-03-22 13:51:32.067188,74.01,2.57,41.0,13,84.39,3.0
6,2026-03-22 14:51:32.067188,78.24,3.6833,42.0,14,84.38,2.0
6,2026-03-22 15:51:32.067188,79.64,2.78,43.0,15,84.37,1.0
6,2026-03-22 16:51:32.067188,80.97,2.32,44.0,16,84.35,0.0
6,2026-03-23 10:51:32.067188,36.02,3.2033,17.0,10,83.71,24.0
6,2026-03-23 11:51:32.067188,36.89,2.7033,18.0,11,83.66,23.0
6,2026-03-23 12:51:32.067188,41.3,2.74,19.0,12,83.62,22.0
6,2026-03-23 13:51:32.067188,43.55,2.51,20.0,13,83.6,21.0
6,2026-03-23 14:51:32.067188,46.98,3.3633,21.0,14,83.56,20.0
6,2026-03-23 15:51:32.067188,47.61,2.1033,22.0,15,83.53,19.0
6,2026-03-23 16:51:32.067188,49.05,1.8333,23.0,16,83.51,18.0
6,2026-03-23 17:51:32.067188,51.17,1.3967,24.0,17,83.46,17.0
6,2026-03-23 18:51:32.067188,54.72,2.37,25.0,18,83.42,16.0
6,2026-03-23 19:51:32.067188,59.07,3.34,26.0,19,83.39,15.0
6,2026-03-23 20:51:32.067188,59.81,2.88,27.0,20,83.37,14.0
6,2026-03-23 21:51:32.067188,61.45,2.2433,28.0,21,83.36,13.0
6,2026-03-23 22:51:32.067188,62.03,0.9867,29.0,22,83.34,12.0
6,2026-03-23 23:51:32.067188,63.58,1.2567,30.0,23,83.33,11.0
6,2026-03-24 00:51:32.067188,63.8,0.7833,31.0,0,83.31,10.0
6,2026-03-24 01:51:32.067188,64.28,0.75,32.0,1,83.26,9.0
6,2026-03-24 02:51:32.067188,64.61,0.3433,33.0,2,83.22,8.0
6,2026-03-24 03:51:32.067188,64.76,0.32,34.0,3,83.18,7.0
6,2026-03-24 04:51:32.067188,65.15,0.29,35.0,4,83.16,6.0
6,2026-03-24 05:51:32.067188,65.58,0.3233,36.0,5,83.15,5.0
6,2026-03-24 06:51:32.067188,66.92,0.72,37.0,6,83.11,4.0
6,2026-03-24 07:51:32.067188,68.87,1.24,38.0,7,83.09,3.0
6,2026-03-24 08:51:32.067188,73.54,2.6533,39.0,8,83.06,2.0
6,2026-03-24 09:51:32.067188,77.39,3.49,40.0,9,83.03,1.0
6,2026-03-24 10:51:32.067188,80.06,3.73,41.0,10,83.02,0.0
6,2026-03-24 22:51:32.067188,36.26,1.9367,11.0,22,82.67,24.0
6,2026-03-24 23:51:32.067188,37.85,1.8267,12.0,23,82.64,23.0
6,2026-03-25 00:51:32.067188,38.03,1.2467,13.0,0,82.6,22.0
6,2026-03-25 01:51:32.067188,38.2,0.6467,14.0,1,82.57,21.0
6,2026-03-25 02:51:32.067188,38.29,0.1467,15.0,2,82.54,20.0
6,2026-03-25 03:51:32.067188,38.7,0.2233,16.0,3,82.5,19.0
6,2026-03-25 04:51:32.067188,38.81,0.2033,17.0,4,82.45,18.0
6,2026-03-25 05:51:32.067188,39.17,0.2933,18.0,5,82.4,17.0
6,2026-03-25 06:51:32.067188,40.85,0.7167,19.0,6,82.39,16.0
6,2026-03-25 07:51:32.067188,42.11,1.1,20.0,7,82.35,15.0
6,2026-03-25 08:51:32.067188,47.04,2.6233,21.0,8,82.32,14.0
6,2026-03-25 09:51:32.067188,51.68,3.61,22.0,9,82.28,13.0
6,2026-03-25 10:51:32.067188,54.44,4.11,23.0,10,82.27,12.0
6,2026-03-25 11:51:32.067188,55.85,2.9367,24.0,11,82.25,11.0
6,2026-03-25 12:51:32.067188,58.37,2.23,25.0,12,82.21,10.0
6,2026-03-25 13:51:32.067188,61.94,2.5,26.0,13,82.2,9.0
6,2026-03-25 14:51:32.067188,64.02,2.7233,27.0,14,82.17,8.0
6,2026-03-25 15:51:32.067188,65.64,2.4233,28.0,15,82.15,7.0
6,2026-03-25 16:51:32.067188,67.51,1.8567,29.0,16,82.12,6.0
6,2026-03-25 17:51:32.067188,69.55,1.8433,30.0,17,82.08,5.0
6,2026-03-25 18:51:32.067188,74.55,2.97,31.0,18,82.06,4.0
6,2026-03-25 19:51:32.067188,76.89,3.1267,32.0,19,82.02,3.0
6,2026-03-25 20:51:32.067188,78.53,2.9933,33.0,20,81.99,2.0
6,2026-03-25 21:51:32.067188,79.32,1.59,34.0,21,81.95,1.0
6,2026-03-25 22:51:32.067188,80.09,1.0667,35.0,22,81.92,0.0
6,2026-03-26 14:51:32.067188,32.92,3.6233,15.0,14,81.47,24.0
6,2026-03-26 15:51:32.067188,34.4,2.8133,16.0,15,81.43,23.0
6,2026-03-26 16:51:32.067188,36.27,2.0433,17.0,16,81.38,22.0
6,2026-03-26 17:51:32.067188,38.85,1.9767,18.0,17,81.36,21.0
6,2026-03-26 18:51:32.067188,43.51,3.0367,19.0,18,81.33,20.0
6,2026-03-26 19:51:32.067188,47.07,3.6,20.0,19,81.29,19.0
6,2026-03-26 20:51:32.067188,47.63,2.9267,21.0,20,81.25,18.0
6,2026-03-26 21:51:32.067188,49.03,1.84,22.0,21,81.24,17.0
6,2026-03-26 22:51:32.067188,50.57,1.1667,23.0,22,81.2,16.0
6,2026-03-26 23:51:32.067188,51.08,1.15,24.0,23,81.16,15.0
6,2026-03-27 00:51:32.067188,51.48,0.8167,25.0,0,81.14,14.0
6,2026-03-27 01:51:32.067188,51.69,0.3733,26.0,1,81.12,13.0
6,2026-03-27 02:51:32.067188,51.76,0.2267,27.0,2,81.11,12.0
6,2026-03-27 03:51:32.067188,52.12,0.2133,28.0,3,81.08,11.0
6,2026-03-27 04:51:32.067188,52.33,0.2133,29.0,4,81.07,10.0
6,2026-03-27 05:51:32.067188,52.36,0.2,30.0,5,81.05,9.0
6,2026-03-27 06:51:32.067188,53.78,0.5533,31.0,6,81.02,8.0
6,2026-03-27 07:51:32.067188,55.06,0.91,32.0,7,80.97,7.0
6,2026-03-27 08:51:32.067188,59.98,2.54,33.0,8,80.95,6.0
6,2026-03-27 09:51:32.067188,63.5,3.24,34.0,9,80.92,5.0
6,2026-03-27 10:51:32.067188,68.16,4.3667,35.0,10,80.87,4.0
6,2026-03-27 11:51:32.067188,69.16,3.06,36.0,11,80.85,3.0
6,2026-03-27 12:51:32.067188,73.63,3.3767,37.0,12,80.83,2.0
6,2026-03-27 13:51:32.067188,78.61,3.4833,38.0,13,80.8,1.0
6,2026-03-27 14:51:32.067188,80.67,3.8367,39.0,14,80.78,0.0
6,2026-03-28 10:51:32.067188,34.92,4.4167,19.0,10,80.28,24.0
6,2026-03-28 11:51:32.067188,35.49,3.16,20.0,11,80.26,23.0
6,2026-03-28 12:51:32.067188,39.88,3.16,21.0,12,80.23,22.0
6,2026-03-28 13:51:32.067188,44.47,3.1833,22.0,13,80.19,21.0
6,2026-03-28 14:51:32.067188,48.93,4.48,23.0,14,80.14,20.0
6,2026-03-28 15:51:32.067188,50.61,3.5767,24.0,15,80.12,19.0
6,2026-03-28 16:51:32.067188,51.9,2.4767,25.0,16,80.09,18.0
6,2026-03-28 17:51:32.067188,56.18,2.4167,26.0,17,80.06,17.0
6,2026-03-28 18:51:32.067188,58.59,2.66,27.0,18,80.03,16.0
6,2026-03-28 19:51:32.067188,60.79,2.9633,28.0,19,80.02,15.0
6,2026-03-28 20:51:32.067188,62.14,1.9867,29.0,20,79.98,14.0
6,2026-03-28 21:51:32.067188,62.77,1.3933,30.0,21,79.94,13.0
6,2026-03-28 22:51:32.067188,64.74,1.3167,31.0,22,79.89,12.0
6,2026-03-28 23:51:32.067188,66.52,1.46,32.0,23,79.86,11.0
6,2026-03-29 00:51:32.067188,66.7,1.31,33.0,0,79.82,10.0
6,2026-03-29 01:51:32.067188,66.85,0.7033,34.0,1,79.78,9.0
6,2026-03-29 02:51:32.067188,67.17,0.2167,35.0,2,79.74,8.0
6,2026-03-29 03:51:32.067188,67.55,0.2833,36.0,3,79.72,7.0
6,2026-03-29 04:51:32.067188,67.78,0.31,37.0,4,79.7,6.0
6,2026-03-29 05:51:32.067188,68.01,0.28,38.0,5,79.69,5.0
6,2026-03-29 06:51:32.067188,69.69,0.7133,39.0,6,79.67,4.0
6,2026-03-29 07:51:32.067188,71.07,1.0967,40.0,7,79.65,3.0
6,2026-03-29 08:51:32.067188,73.16,1.7167,41.0,8,79.64,2.0
6,2026-03-29 09:51:32.067188,75.95,2.0867,42.0,9,79.61,1.0
6,2026-03-29 10:51:32.067188,80.86,3.2633,43.0,10,79.6,0.0
6,2026-03-29 22:51:32.067188,38.04,1.5833,11.0,22,79.3,24.0
6,2026-03-29 23:51:32.067188,39.07,1.3,12.0,23,79.26,23.0
6,2026-03-30 00:51:32.067188,39.13,0.9067,13.0,0,79.22,22.0
6,2026-03-30 01:51:32.067188,39.35,0.4367,14.0,1,79.21,21.0
6,2026-03-30 02:51:32.067188,39.44,0.1233,15.0,2,79.19,20.0
6,2026-03-30 03:51:32.067188,39.93,0.2667,16.0,3,79.14,19.0
6,2026-03-30 04:51:32.067188,40.16,0.27,17.0,4,79.11,18.0
6,2026-03-30 05:51:32.067188,40.49,0.35,18.0,5,79.07,17.0
6,2026-03-30 06:51:32.067188,41.76,0.61,19.0,6,79.04,16.0
6,2026-03-30 07:51:32.067188,42.7,0.8467,20.0,7,79.02,15.0
6,2026-03-30 08:51:32.067188,45.17,1.56,21.0,8,79.0,14.0
6,2026-03-30 09:51:32.067188,47.66,1.9667,22.0,9,78.95,13.0
6,2026-03-30 10:51:32.067188,51.16,2.82,23.0,10,78.94,12.0
6,2026-03-30 11:51:32.067188,52.86,2.5633,24.0,11,78.91,11.0
6,2026-03-30 12:51:32.067188,57.39,3.2433,25.0,12,78.88,10.0
6,2026-03-30 13:51:32.067188,60.98,3.2733,26.0,13,78.87,9.0
6,2026-03-30 14:51:32.067188,63.96,3.7,27.0,14,78.85,8.0
6,2026-03-30 15:51:32.067188,65.87,2.8267,28.0,15,78.83,7.0
6,2026-03-30 16:51:32.067188,67.47,2.1633,29.0,16,78.8,6.0
6,2026-03-30 17:51:32.067188,71.19,2.41,30.0,17,78.77,5.0
6,2026-03-30 18:51:32.067188,74.72,2.95,31.0,18,78.73,4.0
6,2026-03-30 19:51:32.067188,77.73,3.42,32.0,19,78.71,3.0
6,2026-03-30 20:51:32.067188,78.48,2.43,33.0,20,78.69,2.0
6,2026-03-30 21:51:32.067188,79.75,1.6767,34.0,21,78.65,1.0
6,2026-03-30 22:51:32.067188,81.68,1.3167,35.0,22,78.63,0.0
6,2026-03-31 17:51:32.067188,35.46,2.1533,18.0,17,77.99,24.0
6,2026-03-31 18:51:32.067188,37.48,2.3667,19.0,18,77.98,23.0
6,2026-03-31 19:51:32.067188,41.12,3.3833,20.0,19,77.95,22.0
6,2026-03-31 20:51:32.067188,42.43,2.3233,21.0,20,77.9,21.0
6,2026-03-31 21:51:32.067188,43.36,1.96,22.0,21,77.88,20.0
6,2026-03-31 22:51:32.067188,44.71,1.1967,23.0,22,77.85,19.0
6,2026-03-31 23:51:32.067188,45.94,1.17,24.0,23,77.83,18.0
6,2026-04-01 00:51:32.067188,46.41,1.0167,25.0,0,77.81,17.0
6,2026-04-01 01:51:32.067188,46.65,0.6467,26.0,1,77.79,16.0
6,2026-04-01 02:51:32.067188,47.1,0.3867,27.0,2,77.77,15.0
6,2026-04-01 03:51:32.067188,47.23,0.2733,28.0,3,77.72,14.0
6,2026-04-01 04:51:32.067188,47.49,0.28,29.0,4,77.68,13.0
6,2026-04-01 05:51:32.067188,47.52,0.14,30.0,5,77.67,12.0
6,2026-04-01 06:51:32.067188,48.62,0.4633,31.0,6,77.64,11.0
6,2026-04-01 07:51:32.067188,50.45,0.9867,32.0,7,77.59,10.0
6,2026-04-01 08:51:32.067188,55.37,2.6167,33.0,8,77.58,9.0
6,2026-04-01 09:51:32.067188,60.06,3.8133,34.0,9,77.55,8.0
6,2026-04-01 10:51:32.067188,64.09,4.5467,35.0,10,77.5,7.0
6,2026-04-01 11:51:32.067188,64.62,3.0833,36.0,11,77.46,6.0
6,2026-04-01 12:51:32.067188,67.51,2.4833,37.0,12,77.41,5.0
6,2026-04-01 13:51:32.067188,71.45,2.4533,38.0,13,77.36,4.0
6,2026-04-01 14:51:32.067188,75.5,3.6267,39.0,14,77.32,3.0
6,2026-04-01 15:51:32.067188,76.96,3.15,40.0,15,77.29,2.0
6,2026-04-01 16:51:32.067188,77.93,2.16,41.0,16,77.24,1.0
6,2026-04-01 17:51:32.067188,80.6,1.7,42.0,17,77.22,0.0
6,2026-04-02 13:51:32.067188,38.33,2.8967,19.0,13,76.69,24.0
6,2026-04-02 14:51:32.067188,40.69,3.0633,20.0,14,76.67,23.0
6,2026-04-02 15:51:32.067188,42.1,2.7933,21.0,15,76.63,22.0
6,2026-04-02 16:51:32.067188,43.99,1.8867,22.0,16,76.6,21.0
6,2026-04-02 17:51:32.067188,47.11,2.14,23.0,17,76.59,20.0
6,2026-04-02 18:51:32.067188,51.94,3.28,24.0,18,76.55,19.0
6,2026-04-02 19:51:32.067188,54.59,3.5333,25.0,19,76.51,18.0
6,2026-04-02 20:51:32.067188,56.19,3.0267,26.0,20,76.47,17.0
6,2026-04-02 21:51:32.067188,57.59,1.8833,27.0,21,76.42,16.0
6,2026-04-02 22:51:32.067188,58.53,1.3133,28.0,22,76.37,15.0
6,2026-04-02 23:51:32.067188,59.42,1.0767,29.0,23,76.34,14.0
6,2026-04-03 00:51:32.067188,59.87,0.76,30.0,0,76.32,13.0
6,2026-04-03 01:51:32.067188,60.27,0.58,31.0,1,76.28,12.0
6,2026-04-03 02:51:32.067188,60.35,0.31,32.0,2,76.23,11.0
6,2026-04-03 03:51:32.067188,60.69,0.2733,33.0,3,76.18,10.0
6,2026-04-03 04:51:32.067188,61.01,0.2467,34.0,4,76.17,9.0
6,2026-04-03 05:51:32.067188,61.31,0.32,35.0,5,76.12,8.0
6,2026-04-03 06:51:32.067188,62.48,0.5967,36.0,6,76.09,7.0
6,2026-04-03 07:51:32.067188,64.32,1.1033,37.0,7,76.05,6.0
6,2026-04-03 08:51:32.067188,66.73,1.8067,38.0,8,76.03,5.0
6,2026-04-03 09:51:32.067188,70.84,2.7867,39.0,9,76.0,4.0
6,2026-04-03 10:51:32.067188,73.15,2.9433,40.0,10,75.98,3.0
6,2026-04-03 11:51:32.067188,75.07,2.78,41.0,11,75.95,2.0
6,2026-04-03 12:51:32.067188,77.78,2.3133,42.0,12,75.9,1.0
6,2026-04-03 13:51:32.067188,80.59,2.48,43.0,13,75.86,0.0
6,2026-04-04 09:51:32.067188,36.73,2.3567,19.0,9,75.31,24.0
6,2026-04-04 10:51:32.067188,40.63,3.4133,20.0,10,75.3,23.0
6,2026-04-04 11:51:32.067188,42.51,2.72,21.0,11,75.26,22.0
6,2026-04-04 12:51:32.067188,47.03,3.4333,22.0,12,75.23,21.0
6,2026-04-04 13:51:32.067188,50.56,3.31,23.0,13,75.18,20.0
6,2026-04-04 14:51:32.067188,54.35,3.9467,24.0,14,75.16,19.0
6,2026-04-04 15:51:32.067188,55.99,2.9867,25.0,15,75.14,18.0
6,2026-04-04 16:51:32.067188,56.93,2.1233,26.0,16,75.11,17.0
6,2026-04-04 17:51:32.067188,60.23,1.96,27.0,17,75.09,16.0
6,2026-04-04 18:51:32.067188,63.14,2.3833,28.0,18,75.05,15.0
6,2026-04-04 19:51:32.067188,66.79,3.2867,29.0,19,75.0,14.0
6,2026-04-04 20:51:32.067188,67.66,2.4767,30.0,20,74.98,13.0
6,2026-04-04 21:51:32.067188,69.62,2.16,31.0,21,74.94,12.0
6,2026-04-04 22:51:32.067188,71.44,1.55,32.0,22,74.92,11.0
6,2026-04-04 23:51:32.067188,72.07,1.47,33.0,23,74.91,10.0
6,2026-04-05 00:51:32.067188,72.49,0.9567,34.0,0,74.9,9.0
6,2026-04-05 01:51:32.067188,72.78,0.4467,35.0,1,74.86,8.0
6,2026-04-05 02:51:32.067188,72.86,0.2633,36.0,2,74.85,7.0
6,2026-04-05 03:51:32.067188,73.02,0.1767,37.0,3,74.82,6.0
6,2026-04-05 04:51:32.067188,73.13,0.1167,38.0,4,74.81,5.0
6,2026-04-05 05:51:32.067188,73.33,0.1567,39.0,5,74.79,4.0
6,2026-04-05 06:51:32.067188,74.99,0.6567,40.0,6,74.76,3.0
6,2026-04-05 07:51:32.067188,76.4,1.09,41.0,7,74.73,2.0
6,2026-04-05 08:51:32.067188,78.69,1.7867,42.0,8,74.71,1.0
6,2026-04-05 09:51:32.067188,81.35,2.12,43.0,9,74.7,0.0
6,2026-04-05 21:51:32.067188,38.84,2.1167,11.0,21,74.29,24.0
6,2026-04-05 22:51:32.067188,40.73,1.4133,12.0,22,74.26,23.0
6,2026-04-05 23:51:32.067188,41.29,1.2233,13.0,23,74.21,22.0
6,2026-04-06 00:51:32.067188,41.47,0.8767,14.0,0,74.18,21.0
6,2026-04-06 01:51:32.067188,41.82,0.3633,15.0,1,74.15,20.0
6,2026-04-06 02:51:32.067188,41.97,0.2267,16.0,2,74.12,19.0
6,2026-04-06 03:51:32.067188,42.05,0.1933,17.0,3,74.1,18.0
6,2026-04-06 04:51:32.067188,42.37,0.1833,18.0,4,74.08,17.0
6,2026-04-06 05:51:32.067188,42.63,0.22,19.0,5,74.05,16.0
6,2026-04-06 06:51:32.067188,43.34,0.43,20.0,6,74.01,15.0
6,2026-04-06 07:51:32.067188,44.16,0.5967,21.0,7,73.98,14.0
6,2026-04-06 08:51:32.067188,47.53,1.6333,22.0,8,73.95,13.0
6,2026-04-06 09:51:32.067188,52.22,2.96,23.0,9,73.9,12.0
6,2026-04-06 10:51:32.067188,54.73,3.5233,24.0,10,73.88,11.0
6,2026-04-06 11:51:32.067188,55.93,2.8,25.0,11,73.87,10.0
6,2026-04-06 12:51:32.067188,60.06,2.6133,26.0,12,73.83,9.0
6,2026-04-06 13:51:32.067188,63.8,3.0233,27.0,13,73.78,8.0
6,2026-04-06 14:51:32.067188,66.6,3.5567,28.0,14,73.76,7.0
6,2026-04-06 15:51:32.067188,68.5,2.8133,29.0,15,73.75,6.0
6,2026-04-06 16:51:32.067188,70.49,2.23,30.0,16,73.7,5.0
6,2026-04-06 17:51:32.067188,74.03,2.4767,31.0,17,73.69,4.0
6,2026-04-06 18:51:32.067188,76.36,2.62,32.0,18,73.67,3.0
6,2026-04-06 19:51:32.067188,78.37,2.6267,33.0,19,73.66,2.0
6,2026-04-06 20:51:32.067188,79.21,1.7267,34.0,20,73.61,1.0
6,2026-04-06 21:51:32.067188,80.59,1.41,35.0,21,73.57,0.0
6,2026-04-07 14:51:32.067188,33.38,3.0233,16.0,14,73.14,24.0
6,2026-04-07 15:51:32.067188,34.9,2.8367,17.0,15,73.12,23.0
6,2026-04-07 16:51:32.067188,36.65,2.1733,18.0,16,73.09,22.0
6,2026-04-07 17:51:32.067188,40.58,2.4,19.0,17,73.05,21.0
6,2026-04-07 18:51:32.067188,45.43,3.51,20.0,18,73.02,20.0
6,2026-04-07 19:51:32.067188,49.65,4.3333,21.0,19,72.99,19.0
6,2026-04-07 20:51:32.067188,51.16,3.5267,22.0,20,72.98,18.0
6,2026-04-07 21:51:32.067188,52.51,2.36,23.0,21,72.93,17.0
6,2026-04-07 22:51:32.067188,53.37,1.24,24.0,22,72.92,16.0
6,2026-04-07 23:51:32.067188,54.95,1.2633,25.0,23,72.87,15.0
6,2026-04-08 00:51:32.067188,55.11,0.8667,26.0,0,72.86,14.0
6,2026-04-08 01:51:32.067188,55.12,0.5833,27.0,1,72.83,13.0
6,2026-04-08 02:51:32.067188,55.54,0.1967,28.0,2,72.79,12.0
6,2026-04-08 03:51:32.067188,55.85,0.2467,29.0,3,72.74,11.0
6,2026-04-08 04:51:32.067188,55.92,0.2667,30.0,4,72.7,10.0
6,2026-04-08 05:51:32.067188,56.09,0.1833,31.0,5,72.68,9.0
6,2026-04-08 06:51:32.067188,57.03,0.3933,32.0,6,72.65,8.0
6,2026-04-08 07:51:32.067188,58.12,0.7333,33.0,7,72.61,7.0
6,2026-04-08 08:51:32.067188,62.49,2.1333,34.0,8,72.57,6.0
6,2026-04-08 09:51:32.067188,66.0,2.99,35.0,9,72.55,5.0
6,2026-04-08 10:51:32.067188,68.9,3.5933,36.0,10,72.51,4.0
6,2026-04-08 11:51:32.067188,69.99,2.5,37.0,11,72.47,3.0
6,2026-04-08 12:51:32.067188,73.67,2.5567,38.0,12,72.42,2.0
6,2026-04-08 13:51:32.067188,77.06,2.72,39.0,13,72.4,1.0
6,2026-04-08 14:51:32.067188,80.71,3.5733,40.0,14,72.37,0.0
6,2026-04-09 09:51:32.067188,36.58,3.7433,18.0,9,71.84,24.0
6,2026-04-09 10:51:32.067188,40.19,4.2933,19.0,10,71.8,23.0
6,2026-04-09 11:51:32.067188,40.73,2.9467,20.0,11,71.79,22.0
6,2026-04-09 12:51:32.067188,45.47,2.9633,21.0,12,71.75,21.0
6,2026-04-09 13:51:32.067188,48.64,2.8167,22.0,13,71.72,20.0
6,2026-04-09 14:51:32.067188,50.94,3.4033,23.0,14,71.7,19.0
6,2026-04-09 15:51:32.067188,52.69,2.4067,24.0,15,71.66,18.0
6,2026-04-09 16:51:32.067188,53.59,1.65,25.0,16,71.62,17.0
6,2026-04-09 17:51:32.067188,56.66,1.9067,26.0,17,71.57,16.0
6,2026-04-09 18:51:32.067188,58.69,2.0,27.0,18,71.52,15.0
6,2026-04-09 19:51:32.067188,62.92,3.11,28.0,19,71.48,14.0
6,2026-04-09 20:51:32.067188,63.72,2.3533,29.0,20,71.46,13.0
6,2026-04-09 21:51:32.067188,64.95,2.0867,30.0,21,71.45,12.0
6,2026-04-09 22:51:32.067188,66.36,1.1467,31.0,22,71.42,11.0
6,2026-04-09 23:51:32.067188,67.78,1.3533,32.0,23,71.4,10.0
6,2026-04-10 00:51:32.067188,68.1,1.05,33.0,0,71.36,9.0
6,2026-04-10 01:51:32.067188,68.46,0.7,34.0,1,71.32,8.0
6,2026-04-10 02:51:32.067188,68.89,0.37,35.0,2,71.29,7.0
6,2026-04-10 03:51:32.067188,69.3,0.4,36.0,3,71.25,6.0
6,2026-04-10 04:51:32.067188,69.67,0.4033,37.0,4,71.2,5.0
6,2026-04-10 05:51:32.067188,70.16,0.4233,38.0,5,71.17,4.0
6,2026-04-10 06:51:32.067188,71.38,0.6933,39.0,6,71.12,3.0
6,2026-04-10 07:51:32.067188,72.55,0.96,40.0,7,71.08,2.0
6,2026-04-10 08:51:32.067188,77.29,2.3767,41.0,8,71.05,1.0
6,2026-04-10 09:51:32.067188,80.39,3.0033,42.0,9,71.02,0.0
6,2026-04-10 22:51:32.067188,38.1,1.3067,12.0,22,70.67,24.0
6,2026-04-10 23:51:32.067188,38.7,0.8633,13.0,23,70.66,23.0
6,2026-04-11 00:51:32.067188,38.72,0.7,14.0,0,70.62,22.0
6,2026-04-11 01:51:32.067188,38.94,0.28,15.0,1,70.6,21.0
6,2026-04-11 02:51:32.067188,39.02,0.1067,16.0,2,70.56,20.0
6,2026-04-11 03:51:32.067188,39.2,0.16,17.0,3,70.54,19.0
6,2026-04-11 04:51:32.067188,39.6,0.22,18.0,4,70.5,18.0
6,2026-04-11 05:51:32.067188,39.76,0.2467,19.0,5,70.46,17.0
6,2026-04-11 06:51:32.067188,41.49,0.7633,20.0,6,70.42,16.0
6,2026-04-11 07:51:32.067188,43.02,1.14,21.0,7,70.4,15.0
6,2026-04-11 08:51:32.067188,47.95,2.73,22.0,8,70.35,14.0
6,2026-04-11 09:51:32.067188,50.36,2.9567,23.0,9,70.34,13.0
6,2026-04-11 10:51:32.067188,52.49,3.1567,24.0,10,70.31,12.0
6,2026-04-11 11:51:32.067188,53.85,1.9667,25.0,11,70.29,11.0
6,2026-04-11 12:51:32.067188,57.47,2.37,26.0,12,70.27,10.0
6,2026-04-11 13:51:32.067188,60.52,2.6767,27.0,13,70.24,9.0
6,2026-04-11 14:51:32.067188,63.08,3.0767,28.0,14,70.2,8.0
6,2026-04-11 15:51:32.067188,64.43,2.32,29.0,15,70.17,7.0
6,2026-04-11 16:51:32.067188,65.85,1.7767,30.0,16,70.12,6.0
6,2026-04-11 17:51:32.067188,70.38,2.4333,31.0,17,70.08,5.0
6,2026-04-11 18:51:32.067188,72.68,2.75,32.0,18,70.04,4.0
6,2026-04-11 19:51:32.067188,76.92,3.69,33.0,19,70.03,3.0
6,2026-04-11 20:51:32.067188,78.44,2.6867,34.0,20,69.99,2.0
6,2026-04-11 21:51:32.067188,79.66,2.3267,35.0,21,69.98,1.0
6,2026-04-11 22:51:32.067188,80.2,1.0933,36.0,22,69.95,0.0
6,2026-04-12 16:51:32.067188,36.6,2.3067,17.0,16,69.38,24.0
6,2026-04-12 17:51:32.067188,40.41,2.0933,18.0,17,69.35,23.0
6,2026-04-12 18:51:32.067188,43.92,3.06,19.0,18,69.32,22.0
6,2026-04-12 19:51:32.067188,46.74,3.38,20.0,19,69.28,21.0
6,2026-04-12 20:51:32.067188,47.81,2.4667,21.0,20,69.26,20.0
6,2026-04-12 21:51:32.067188,49.63,1.9033,22.0,21,69.24,19.0
6,2026-04-12 22:51:32.067188,50.4,1.22,23.0,22,69.21,18.0
6,2026-04-12 23:51:32.067188,52.12,1.4367,24.0,23,69.18,17.0
6,2026-04-13 00:51:32.067188,52.28,0.8833,25.0,0,69.16,16.0
6,2026-04-13 01:51:32.067188,52.6,0.7333,26.0,1,69.12,15.0
6,2026-04-13 02:51:32.067188,52.74,0.2067,27.0,2,69.09,14.0
6,2026-04-13 03:51:32.067188,53.15,0.29,28.0,3,69.06,13.0
6,2026-04-13 04:51:32.067188,53.5,0.3,29.0,4,69.03,12.0
6,2026-04-13 05:51:32.067188,53.51,0.2567,30.0,5,69.02,11.0
6,2026-04-13 06:51:32.067188,55.41,0.7533,31.0,6,68.99,10.0
6,2026-04-13 07:51:32.067188,56.58,1.0267,32.0,7,68.96,9.0
6,2026-04-13 08:51:32.067188,60.81,2.4333,33.0,8,68.92,8.0
6,2026-04-13 09:51:32.067188,63.22,2.6033,34.0,9,68.87,7.0
6,2026-04-13 10:51:32.067188,65.28,2.9,35.0,10,68.84,6.0
6,2026-04-13 11:51:32.067188,66.95,2.0467,36.0,11,68.8,5.0
6,2026-04-13 12:51:32.067188,69.57,2.1167,37.0,12,68.78,4.0
6,2026-04-13 13:51:32.067188,72.81,2.51,38.0,13,68.76,3.0
6,2026-04-13 14:51:32.067188,77.68,3.5767,39.0,14,68.73,2.0
6,2026-04-13 15:51:32.067188,78.86,3.0967,40.0,15,68.7,1.0
6,2026-04-13 16:51:32.067188,80.16,2.45,41.0,16,68.65,0.0
6,2026-04-14 12:51:32.067188,37.47,2.8667,19.0,12,68.01,24.0
6,2026-04-14 13:51:32.067188,40.48,2.9833,20.0,13,67.99,23.0
6,2026-04-14 14:51:32.067188,44.2,3.8867,21.0,14,67.94,22.0
6,2026-04-14 15:51:32.067188,45.9,2.81,22.0,15,67.9,21.0
6,2026-04-14 16:51:32.067188,47.47,2.33,23.0,16,67.85,20.0
6,2026-04-14 17:51:32.067188,51.87,2.5567,24.0,17,67.83,19.0
6,2026-04-14 18:51:32.067188,56.34,3.48,25.0,18,67.78,18.0
6,2026-04-14 19:51:32.067188,59.79,4.1067,26.0,19,67.73,17.0
6,2026-04-14 20:51:32.067188,60.66,2.93,27.0,20,67.71,16.0
6,2026-04-14 21:51:32.067188,62.23,1.9633,28.0,21,67.67,15.0
6,2026-04-14 22:51:32.067188,64.16,1.4567,29.0,22,67.62,14.0
6,2026-04-14 23:51:32.067188,64.82,1.3867,30.0,23,67.58,13.0
6,2026-04-15 00:51:32.067188,65.29,1.02,31.0,0,67.53,12.0
6,2026-04-15 01:51:32.067188,65.35,0.3967,32.0,1,67.52,11.0
6,2026-04-15 02:51:32.067188,65.59,0.2567,33.0,2,67.47,10.0
6,2026-04-15 03:51:32.067188,65.79,0.1667,34.0,3,67.44,9.0
6,2026-04-15 04:51:32.067188,66.03,0.2267,35.0,4,67.39,8.0
6,2026-04-15 05:51:32.067188,66.33,0.2467,36.0,5,67.38,7.0
6,2026-04-15 06:51:32.067188,68.31,0.84,37.0,6,67.34,6.0
6,2026-04-15 07:51:32.067188,69.55,1.1733,38.0,7,67.32,5.0
6,2026-04-15 08:51:32.067188,72.08,1.9167,39.0,8,67.31,4.0
6,2026-04-15 09:51:32.067188,75.46,2.3833,40.0,9,67.29,3.0
6,2026-04-15 10:51:32.067188,77.98,2.81,41.0,10,67.27,2.0
6,2026-04-15 11:51:32.067188,79.83,2.5833,42.0,11,67.25,1.0
6,2026-04-15 12:51:32.067188,83.17,2.57,43.0,12,67.21,0.0
6,2026-04-15 23:51:32.067188,31.9,1.0633,10.0,23,66.87,24.0
6,2026-04-16 00:51:32.067188,31.94,0.77,11.0,0,66.84,23.0
6,2026-04-16 01:51:32.067188,32.43,0.6767,12.0,1,66.83,22.0
6,2026-04-16 02:51:32.067188,32.45,0.1833,13.0,2,66.78,21.0
6,2026-04-16 03:51:32.067188,32.49,0.1833,14.0,3,66.76,20.0
6,2026-04-16 04:51:32.067188,32.54,0.0367,15.0,4,66.71,19.0
6,2026-04-16 05:51:32.067188,32.67,0.0733,16.0,5,66.67,18.0
6,2026-04-16 06:51:32.067188,34.24,0.5833,17.0,6,66.65,17.0
6,2026-04-16 07:51:32.067188,36.14,1.2,18.0,7,66.61,16.0
6,2026-04-16 08:51:32.067188,38.55,1.96,19.0,8,66.6,15.0
6,2026-04-16 09:51:32.067188,43.55,3.1033,20.0,9,66.57,14.0
6,2026-04-16 10:51:32.067188,48.48,4.1133,21.0,10,66.55,13.0
6,2026-04-16 11:51:32.067188,50.16,3.87,22.0,11,66.51,12.0
6,2026-04-16 12:51:32.067188,52.99,3.1467,23.0,12,66.49,11.0
6,2026-04-16 13:51:32.067188,56.7,2.74,24.0,13,66.44,10.0
6,2026-04-16 14:51:32.067188,61.04,3.6267,25.0,14,66.42,9.0
6,2026-04-16 15:51:32.067188,61.6,2.87,26.0,15,66.41,8.0
6,2026-04-16 16:51:32.067188,63.22,2.1733,27.0,16,66.36,7.0
6,2026-04-16 17:51:32.067188,67.98,2.3133,28.0,17,66.34,6.0
6,2026-04-16 18:51:32.067188,70.7,3.0333,29.0,18,66.3,5.0
6,2026-04-16 19:51:32.067188,74.87,3.8833,30.0,19,66.25,4.0
6,2026-04-16 20:51:32.067188,76.46,2.8267,31.0,20,66.21,3.0
6,2026-04-16 21:51:32.067188,78.17,2.49,32.0,21,66.19,2.0
6,2026-04-16 22:51:32.067188,79.77,1.6333,33.0,22,66.15,1.0
6,2026-04-16 23:51:32.067188,81.63,1.7233,34.0,23,66.12,0.0
6,2026-04-17 15:51:32.067188,34.17,3.0967,15.0,15,65.72,24.0
6,2026-04-17 16:51:32.067188,35.55,1.9833,16.0,16,65.67,23.0
6,2026-04-17 17:51:32.067188,37.79,1.57,17.0,17,65.63,22.0
6,2026-04-17 18:51:32.067188,41.69,2.5067,18.0,18,65.59,21.0
6,2026-04-17 19:51:32.067188,43.78,2.7433,19.0,19,65.55,20.0
6,2026-04-17 20:51:32.067188,44.86,2.3567,20.0,20,65.51,19.0
6,2026-04-17 21:51:32.067188,46.44,1.5833,21.0,21,65.47,18.0
6,2026-04-17 22:51:32.067188,48.16,1.46,22.0,22,65.43,17.0
6,2026-04-17 23:51:32.067188,49.73,1.6233,23.0,23,65.42,16.0
6,2026-04-18 00:51:32.067188,50.0,1.1867,24.0,0,65.38,15.0
6,2026-04-18 01:51:32.067188,50.3,0.7133,25.0,1,65.33,14.0
6,2026-04-18 02:51:32.067188,50.69,0.32,26.0,2,65.32,13.0
6,2026-04-18 03:51:32.067188,51.17,0.39,27.0,3,65.29,12.0
6,2026-04-18 04:51:32.067188,51.22,0.3067,28.0,4,65.26,11.0
6,2026-04-18 05:51:32.067188,51.63,0.3133,29.0,5,65.23,10.0
6,2026-04-18 06:51:32.067188,53.02,0.6167,30.0,6,65.2,9.0
6,2026-04-18 07:51:32.067188,53.56,0.78,31.0,7,65.17,8.0
6,2026-04-18 08:51:32.067188,57.53,1.9667,32.0,8,65.16,7.0
6,2026-04-18 09:51:32.067188,61.12,2.7,33.0,9,65.14,6.0
6,2026-04-18 10:51:32.067188,65.97,4.1367,34.0,10,65.12,5.0
6,2026-04-18 11:51:32.067188,67.19,3.22,35.0,11,65.09,4.0
6,2026-04-18 12:51:32.067188,71.82,3.5667,36.0,12,65.05,3.0
6,2026-04-18 13:51:32.067188,76.49,3.5067,37.0,13,65.01,2.0
6,2026-04-18 14:51:32.067188,79.11,3.9733,38.0,14,64.96,1.0
6,2026-04-18 15:51:32.067188,80.75,2.9767,39.0,15,64.93,0.0
6,2026-04-19 12:51:32.067188,40.23,2.8833,20.0,12,64.25,24.0
6,2026-04-19 13:51:32.067188,42.62,2.57,21.0,13,64.24,23.0
6,2026-04-19 14:51:32.067188,45.41,2.99,22.0,14,64.23,22.0
6,2026-04-19 15:51:32.067188,46.33,2.0333,23.0,15,64.18,21.0
6,2026-04-19 16:51:32.067188,48.23,1.87,24.0,16,64.13,20.0
6,2026-04-19 17:51:32.067188,51.36,1.9833,25.0,17,64.11,19.0
6,2026-04-19 18:51:32.067188,54.32,2.6633,26.0,18,64.06,18.0
6,2026-04-19 19:51:32.067188,56.56,2.7767,27.0,19,64.04,17.0
6,2026-04-19 20:51:32.067188,58.11,2.25,28.0,20,64.01,16.0
6,2026-04-19 21:51:32.067188,59.86,1.8467,29.0,21,63.98,15.0
6,2026-04-19 22:51:32.067188,61.05,1.4967,30.0,22,63.94,14.0
6,2026-04-19 23:51:32.067188,62.77,1.5533,31.0,23,63.92,13.0
6,2026-04-20 00:51:32.067188,62.87,1.0033,32.0,0,63.88,12.0
6,2026-04-20 01:51:32.067188,62.88,0.61,33.0,1,63.86,11.0
6,2026-04-20 02:51:32.067188,63.05,0.0933,34.0,2,63.83,10.0
6,2026-04-20 03:51:32.067188,63.48,0.2033,35.0,3,63.81,9.0
6,2026-04-20 04:51:32.067188,63.75,0.29,36.0,4,63.78,8.0
6,2026-04-20 05:51:32.067188,64.17,0.3733,37.0,5,63.74,7.0
6,2026-04-20 06:51:32.067188,65.46,0.66,38.0,6,63.71,6.0
6,2026-04-20 07:51:32.067188,67.15,1.1333,39.0,7,63.69,5.0
6,2026-04-20 08:51:32.067188,71.61,2.48,40.0,8,63.66,4.0
6,2026-04-20 09:51:32.067188,74.16,2.9,41.0,9,63.62,3.0
6,2026-04-20 10:51:32.067188,77.33,3.3933,42.0,10,63.57,2.0
6,2026-04-20 11:51:32.067188,78.26,2.2167,43.0,11,63.55,1.0
6,2026-04-20 12:51:32.067188,82.99,2.9433,44.0,12,63.51,0.0
6,2026-04-21 08:51:32.067188,39.0,1.8067,19.0,8,62.85,24.0
6,2026-04-21 09:51:32.067188,42.92,2.64,20.0,9,62.84,23.0
6,2026-04-21 10:51:32.067188,45.26,2.7633,21.0,10,62.8,22.0
6,2026-04-21 11:51:32.067188,46.52,2.5067,22.0,11,62.79,21.0
6,2026-04-21 12:51:32.067188,48.63,1.9033,23.0,12,62.77,20.0
6,2026-04-21 13:51:32.067188,51.78,2.1733,24.0,13,62.75,19.0
6,2026-04-21 14:51:32.067188,56.31,3.2633,25.0,14,62.74,18.0
6,2026-04-21 15:51:32.067188,58.2,3.19,26.0,15,62.72,17.0
6,2026-04-21 16:51:32.067188,58.99,2.4033,27.0,16,62.71,16.0
6,2026-04-21 17:51:32.067188,61.58,1.7567,28.0,17,62.68,15.0
6,2026-04-21 18:51:32.067188,66.48,2.76,29.0,18,62.67,14.0
6,2026-04-21 19:51:32.067188,68.87,3.2933,30.0,19,62.63,13.0
6,2026-04-21 20:51:32.067188,70.45,2.9567,31.0,20,62.61,12.0
6,2026-04-21 21:51:32.067188,71.11,1.5433,32.0,21,62.57,11.0
6,2026-04-21 22:51:32.067188,72.48,1.2033,33.0,22,62.53,10.0
6,2026-04-21 23:51:32.067188,73.64,1.0633,34.0,23,62.5,9.0
6,2026-04-22 00:51:32.067188,74.0,0.9633,35.0,0,62.46,8.0
6,2026-04-22 01:51:32.067188,74.29,0.6033,36.0,1,62.41,7.0
6,2026-04-22 02:51:32.067188,74.51,0.29,37.0,2,62.38,6.0
6,2026-04-22 03:51:32.067188,74.73,0.2433,38.0,3,62.36,5.0
6,2026-04-22 04:51:32.067188,74.93,0.2133,39.0,4,62.31,4.0
6,2026-04-22 05:51:32.067188,75.31,0.2667,40.0,5,62.27,3.0
6,2026-04-22 06:51:32.067188,76.66,0.6433,41.0,6,62.22,2.0
6,2026-04-22 07:51:32.067188,77.75,0.94,42.0,7,62.2,1.0
6,2026-04-22 08:51:32.067188,81.79,2.16,43.0,8,62.18,0.0
6,2026-04-22 19:51:32.067188,39.92,3.87,10.0,19,61.81,24.0
6,2026-04-22 20:51:32.067188,41.8,2.94,11.0,20,61.76,23.0
6,2026-04-22 21:51:32.067188,43.44,2.7967,12.0,21,61.75,22.0
6,2026-04-22 22:51:32.067188,44.1,1.3933,13.0,22,61.72,21.0
6,2026-04-22 23:51:32.067188,45.05,1.0833,14.0,23,61.7,20.0
6,2026-04-23 00:51:32.067188,45.22,0.5933,15.0,0,61.67,19.0
6,2026-04-23 01:51:32.067188,45.48,0.46,16.0,1,61.65,18.0
6,2026-04-23 02:51:32.067188,45.52,0.1567,17.0,2,61.62,17.0
6,2026-04-23 03:51:32.067188,45.52,0.1,18.0,3,61.59,16.0
6,2026-04-23 04:51:32.067188,45.62,0.0467,19.0,4,61.56,15.0
6,2026-04-23 05:51:32.067188,45.69,0.0567,20.0,5,61.51,14.0
6,2026-04-23 06:51:32.067188,47.03,0.5033,21.0,6,61.48,13.0
6,2026-04-23 07:51:32.067188,48.59,0.99,22.0,7,61.46,12.0
6,2026-04-23 08:51:32.067188,53.0,2.4367,23.0,8,61.42,11.0
6,2026-04-23 09:51:32.067188,57.52,3.4967,24.0,9,61.37,10.0
6,2026-04-23 10:51:32.067188,60.12,3.8433,25.0,10,61.34,9.0
6,2026-04-23 11:51:32.067188,60.84,2.6133,26.0,11,61.32,8.0
6,2026-04-23 12:51:32.067188,63.55,2.01,27.0,12,61.3,7.0
6,2026-04-23 13:51:32.067188,66.44,2.1067,28.0,13,61.29,6.0
6,2026-04-23 14:51:32.067188,68.63,2.5967,29.0,14,61.26,5.0
6,2026-04-23 15:51:32.067188,69.22,1.89,30.0,15,61.24,4.0
6,2026-04-23 16:51:32.067188,70.99,1.5167,31.0,16,61.21,3.0
6,2026-04-23 17:51:32.067188,75.15,2.1733,32.0,17,61.16,2.0
6,2026-04-23 18:51:32.067188,79.51,3.43,33.0,18,61.12,1.0
6,2026-04-23 19:51:32.067188,81.95,3.6533,34.0,19,61.11,0.0
6,2026-04-24 17:51:32.067188,40.17,2.25,21.0,17,60.41,24.0
6,2026-04-24 18:51:32.067188,42.61,2.7267,22.0,18,60.36,23.0
6,2026-04-24 19:51:32.067188,45.92,3.2567,23.0,19,60.34,22.0
6,2026-04-24 20:51:32.067188,47.47,2.4333,24.0,20,60.31,21.0
6,2026-04-24 21:51:32.067188,48.15,1.8467,25.0,21,60.29,20.0
6,2026-04-24 22:51:32.067188,49.81,1.2967,26.0,22,60.26,19.0
6,2026-04-24 23:51:32.067188,51.69,1.4067,27.0,23,60.24,18.0
6,2026-04-25 00:51:32.067188,51.8,1.2167,28.0,0,60.21,17.0
6,2026-04-25 01:51:32.067188,51.89,0.6933,29.0,1,60.19,16.0
6,2026-04-25 02:51:32.067188,52.03,0.1133,30.0,2,60.15,15.0
6,2026-04-25 03:51:32.067188,52.22,0.14,31.0,3,60.1,14.0
6,2026-04-25 04:51:32.067188,52.65,0.2533,32.0,4,60.08,13.0
6,2026-04-25 05:51:32.067188,52.74,0.2367,33.0,5,60.05,12.0
6,2026-04-25 06:51:32.067188,53.62,0.4667,34.0,6,60.03,11.0
6,2026-04-25 07:51:32.067188,54.53,0.6267,35.0,7,60.0,10.0
6,2026-04-25 08:51:32.067188,57.48,1.58,36.0,8,59.96,9.0
6,2026-04-25 09:51:32.067188,62.41,2.93,37.0,9,59.94,8.0
6,2026-04-25 10:51:32.067188,66.61,4.0267,38.0,10,59.93,7.0
6,2026-04-25 11:51:32.067188,68.12,3.5467,39.0,11,59.9,6.0
6,2026-04-25 12:51:32.067188,70.55,2.7133,40.0,12,59.85,5.0
6,2026-04-25 13:51:32.067188,73.06,2.15,41.0,13,59.81,4.0
6,2026-04-25 14:51:32.067188,75.85,2.5767,42.0,14,59.78,3.0
6,2026-04-25 15:51:32.067188,77.85,2.4333,43.0,15,59.75,2.0
6,2026-04-25 16:51:32.067188,79.23,2.0567,44.0,16,59.71,1.0
6,2026-04-25 17:51:32.067188,82.49,2.2133,45.0,17,59.68,0.0
6,2026-04-26 14:51:32.067188,41.84,3.1933,20.0,14,59.12,24.0
6,2026-04-26 15:51:32.067188,42.73,2.2167,21.0,15,59.1,23.0
6,2026-04-26 16:51:32.067188,44.38,1.6567,22.0,16,59.08,22.0
6,2026-04-26 17:51:32.067188,46.59,1.5833,23.0,17,59.06,21.0
6,2026-04-26 18:51:32.067188,50.33,2.5333,24.0,18,59.04,20.0
6,2026-04-26 19:51:32.067188,52.59,2.7367,25.0,19,59.03,19.0
6,2026-04-26 20:51:32.067188,54.2,2.5367,26.0,20,59.0,18.0
6,2026-04-26 21:51:32.067188,55.4,1.69,27.0,21,58.98,17.0
6,2026-04-26 22:51:32.067188,56.7,1.37,28.0,22,58.94,16.0
6,2026-04-26 23:51:32.067188,58.17,1.3233,29.0,23,58.91,15.0
6,2026-04-27 00:51:32.067188,58.4,1.0,30.0,0,58.89,14.0
6,2026-04-27 01:51:32.067188,58.7,0.6667,31.0,1,58.86,13.0
6,2026-04-27 02:51:32.067188,59.15,0.3267,32.0,2,58.83,12.0
6,2026-04-27 03:51:32.067188,59.37,0.3233,33.0,3,58.81,11.0
6,2026-04-27 04:51:32.067188,59.81,0.37,34.0,4,58.77,10.0
6,2026-04-27 05:51:32.067188,60.04,0.2967,35.0,5,58.73,9.0
6,2026-04-27 06:51:32.067188,61.63,0.7533,36.0,6,58.69,8.0
6,2026-04-27 07:51:32.067188,62.15,0.78,37.0,7,58.68,7.0
6,2026-04-27 08:51:32.067188,64.55,1.5033,38.0,8,58.65,6.0
6,2026-04-27 09:51:32.067188,67.76,2.0433,39.0,9,58.61,5.0
6,2026-04-27 10:51:32.067188,70.5,2.7833,40.0,10,58.57,4.0
6,2026-04-27 11:51:32.067188,71.84,2.43,41.0,11,58.52,3.0
6,2026-04-27 12:51:32.067188,76.83,3.0233,42.0,12,58.48,2.0
6,2026-04-27 13:51:32.067188,79.24,2.9133,43.0,13,58.45,1.0
6,2026-04-27 14:51:32.067188,82.4,3.52,44.0,14,58.43,0.0
6,2026-04-28 13:51:32.067188,41.69,2.8267,22.0,13,57.71,24.0
6,2026-04-28 14:51:32.067188,44.56,3.2167,23.0,14,57.66,23.0
6,2026-04-28 15:51:32.067188,45.28,1.8733,24.0,15,57.64,22.0
6,2026-04-28 16:51:32.067188,46.75,1.6867,25.0,16,57.62,21.0
6,2026-04-28 17:51:32.067188,50.2,1.88,26.0,17,57.61,20.0
6,2026-04-28 18:51:32.067188,54.62,3.1133,27.0,18,57.59,19.0
6,2026-04-28 19:51:32.067188,59.6,4.2833,28.0,19,57.56,18.0
6,2026-04-28 20:51:32.067188,60.89,3.5633,29.0,20,57.52,17.0
6,2026-04-28 21:51:32.067188,61.98,2.4533,30.0,21,57.47,16.0
6,2026-04-28 22:51:32.067188,62.73,1.0433,31.0,22,57.44,15.0
6,2026-04-28 23:51:32.067188,63.27,0.7933,32.0,23,57.43,14.0
6,2026-04-29 00:51:32.067188,63.52,0.5133,33.0,0,57.41,13.0
6,2026-04-29 01:51:32.067188,63.63,0.3,34.0,1,57.39,12.0
6,2026-04-29 02:51:32.067188,63.87,0.2,35.0,2,57.36,11.0
6,2026-04-29 03:51:32.067188,64.32,0.2667,36.0,3,57.31,10.0
6,2026-04-29 04:51:32.067188,64.68,0.35,37.0,4,57.3,9.0
6,2026-04-29 05:51:32.067188,64.68,0.27,38.0,5,57.27,8.0
6,2026-04-29 06:51:32.067188,66.55,0.7433,39.0,6,57.22,7.0
6,2026-04-29 07:51:32.067188,67.12,0.8133,40.0,7,57.19,6.0
6,2026-04-29 08:51:32.067188,70.84,2.0533,41.0,8,57.15,5.0
6,2026-04-29 09:51:32.067188,72.85,2.1,42.0,9,57.1,4.0
6,2026-04-29 10:51:32.067188,75.11,2.6633,43.0,10,57.09,3.0
6,2026-04-29 11:51:32.067188,76.03,1.73,44.0,11,57.08,2.0
6,2026-04-29 12:51:32.067188,79.99,2.38,45.0,12,57.04,1.0
6,2026-04-29 13:51:32.067188,84.05,2.98,46.0,13,57.0,0.0
6,2026-04-30 09:51:32.067188,39.48,3.09,19.0,9,56.4,24.0
6,2026-04-30 10:51:32.067188,41.64,3.3033,20.0,10,56.37,23.0
6,2026-04-30 11:51:32.067188,42.46,2.28,21.0,11,56.34,22.0
6,2026-04-30 12:51:32.067188,47.16,2.56,22.0,12,56.32,21.0
6,2026-04-30 13:51:32.067188,50.02,2.7933,23.0,13,56.28,20.0
6,2026-04-30 14:51:32.067188,54.09,3.8767,24.0,14,56.24,19.0
6,2026-04-30 15:51:32.067188,55.17,2.67,25.0,15,56.2,18.0
6,2026-04-30 16:51:32.067188,55.95,1.9767,26.0,16,56.18,17.0
6,2026-04-30 17:51:32.067188,59.24,1.7167,27.0,17,56.15,16.0
6,2026-04-30 18:51:32.067188,63.4,2.7433,28.0,18,56.13,15.0
6,2026-04-30 19:51:32.067188,66.4,3.4833,29.0,19,56.11,14.0
6,2026-04-30 20:51:32.067188,67.02,2.5933,30.0,20,56.07,13.0
6,2026-04-30 21:51:32.067188,67.64,1.4133,31.0,21,56.04,12.0
6,2026-04-30 22:51:32.067188,69.24,0.9467,32.0,22,56.02,11.0
6,2026-04-30 23:51:32.067188,70.9,1.2933,33.0,23,56.0,10.0
6,2026-05-01 00:51:32.067188,70.93,1.0967,34.0,0,55.97,9.0
6,2026-05-01 01:51:32.067188,71.31,0.69,35.0,1,55.94,8.0
6,2026-05-01 02:51:32.067188,71.36,0.1533,36.0,2,55.9,7.0
6,2026-05-01 03:51:32.067188,71.62,0.23,37.0,3,55.86,6.0
6,2026-05-01 04:51:32.067188,71.75,0.1467,38.0,4,55.83,5.0
6,2026-05-01 05:51:32.067188,71.8,0.1467,39.0,5,55.81,4.0
6,2026-05-01 06:51:32.067188,72.99,0.4567,40.0,6,55.77,3.0
6,2026-05-01 07:51:32.067188,74.8,1.0167,41.0,7,55.76,2.0
6,2026-05-01 08:51:32.067188,79.54,2.58,42.0,8,55.75,1.0
6,2026-05-01 09:51:32.067188,82.82,3.2767,43.0,9,55.72,0.0
6,2026-05-01 20:51:32.067188,37.72,2.64,10.0,20,55.34,24.0
6,2026-05-01 21:51:32.067188,38.59,1.3633,11.0,21,55.29,23.0
6,2026-05-01 22:51:32.067188,40.09,0.98,12.0,22,55.26,22.0
6,2026-05-01 23:51:32.067188,41.57,1.2833,13.0,23,55.24,21.0
6,2026-05-02 00:51:32.067188,41.78,1.0633,14.0,0,55.21,20.0
6,2026-05-02 01:51:32.067188,41.89,0.6,15.0,1,55.16,19.0
6,2026-05-02 02:51:32.067188,42.32,0.25,16.0,2,55.14,18.0
6,2026-05-02 03:51:32.067188,42.6,0.2733,17.0,3,55.13,17.0
6,2026-05-02 04:51:32.067188,42.65,0.2533,18.0,4,55.11,16.0
6,2026-05-02 05:51:32.067188,43.04,0.24,19.0,5,55.07,15.0
6,2026-05-02 06:51:32.067188,43.92,0.44,20.0,6,55.05,14.0
6,2026-05-02 07:51:32.067188,45.62,0.99,21.0,7,55.01,13.0
6,2026-05-02 08:51:32.067188,50.06,2.34,22.0,8,55.0,12.0
6,2026-05-02 09:51:32.067188,52.1,2.7267,23.0,9,54.96,11.0
6,2026-05-02 10:51:32.067188,57.01,3.7967,24.0,10,54.94,10.0
6,2026-05-02 11:51:32.067188,57.57,2.5033,25.0,11,54.89,9.0
6,2026-05-02 12:51:32.067188,60.52,2.8067,26.0,12,54.88,8.0
6,2026-05-02 13:51:32.067188,63.47,2.1533,27.0,13,54.84,7.0
6,2026-05-02 14:51:32.067188,68.23,3.5533,28.0,14,54.8,6.0
6,2026-05-02 15:51:32.067188,69.85,3.11,29.0,15,54.78,5.0
6,2026-05-02 16:51:32.067188,71.82,2.7833,30.0,16,54.74,4.0
6,2026-05-02 17:51:32.067188,74.24,2.0033,31.0,17,54.69,3.0
6,2026-05-02 18:51:32.067188,76.94,2.3633,32.0,18,54.68,2.0
6,2026-05-02 19:51:32.067188,79.96,2.7133,33.0,19,54.63,1.0
6,2026-05-02 20:51:32.067188,80.52,2.0933,34.0,20,54.61,0.0
6,2026-05-03 17:51:32.067188,39.03,1.49,20.0,17,54.01,24.0
6,2026-05-03 18:51:32.067188,41.11,1.7967,21.0,18,53.97,23.0
6,2026-05-03 19:51:32.067188,44.87,2.6767,22.0,19,53.94,22.0
6,2026-05-03 20:51:32.067188,45.67,2.2133,23.0,20,53.89,21.0
6,2026-05-03 21:51:32.067188,46.91,1.9333,24.0,21,53.87,20.0
6,2026-05-03 22:51:32.067188,47.59,0.9067,25.0,22,53.85,19.0
6,2026-05-03 23:51:32.067188,48.21,0.8467,26.0,23,53.81,18.0
6,2026-05-04 00:51:32.067188,48.49,0.5267,27.0,0,53.78,17.0
6,2026-05-04 01:51:32.067188,48.54,0.3167,28.0,1,53.74,16.0
6,2026-05-04 02:51:32.067188,48.95,0.2467,29.0,2,53.72,15.0
6,2026-05-04 03:51:32.067188,49.33,0.28,30.0,3,53.7,14.0
6,2026-05-04 04:51:32.067188,49.35,0.27,31.0,4,53.67,13.0
6,2026-05-04 05:51:32.067188,49.4,0.15,32.0,5,53.64,12.0
6,2026-05-04 06:51:32.067188,50.33,0.3333,33.0,6,53.62,11.0
6,2026-05-04 07:51:32.067188,51.4,0.6833,34.0,7,53.58,10.0
6,2026-05-04 08:51:32.067188,54.85,1.8167,35.0,8,53.56,9.0
6,2026-05-04 09:51:32.067188,58.03,2.5667,36.0,9,53.53,8.0
6,2026-05-04 10:51:32.067188,61.35,3.3167,37.0,10,53.5,7.0
6,2026-05-04 11:51:32.067188,62.89,2.68,38.0,11,53.48,6.0
6,2026-05-04 12:51:32.067188,65.84,2.6033,39.0,12,53.46,5.0
6,2026-05-04 13:51:32.067188,69.07,2.5733,40.0,13,53.44,4.0
6,2026-05-04 14:51:32.067188,73.38,3.4967,41.0,14,53.42,3.0
6,2026-05-04 15:51:32.067188,74.77,2.9767,42.0,15,53.41,2.0
6,2026-05-04 16:51:32.067188,75.78,2.2367,43.0,16,53.38,1.0
6,2026-05-04 17:51:32.067188,80.7,2.44,44.0,17,53.35,0.0
6,2026-05-05 13:51:32.067188,40.69,3.3367,19.0,13,52.8,24.0
6,2026-05-05 14:51:32.067188,43.84,4.05,20.0,14,52.79,23.0
6,2026-05-05 15:51:32.067188,44.61,2.6533,21.0,15,52.77,22.0
6,2026-05-05 16:51:32.067188,46.41,1.9067,22.0,16,52.72,21.0
6,2026-05-05 17:51:32.067188,48.73,1.63,23.0,17,52.68,20.0
6,2026-05-05 18:51:32.067188,51.96,2.45,24.0,18,52.66,19.0
6,2026-05-05 19:51:32.067188,55.24,2.9433,25.0,19,52.62,18.0
6,2026-05-05 20:51:32.067188,56.52,2.5967,26.0,20,52.59,17.0
6,2026-05-05 21:51:32.067188,58.27,2.1033,27.0,21,52.57,16.0
6,2026-05-05 22:51:32.067188,59.89,1.55,28.0,22,52.54,15.0
6,2026-05-05 23:51:32.067188,61.19,1.5567,29.0,23,52.51,14.0
6,2026-05-06 00:51:32.067188,61.56,1.0967,30.0,0,52.48,13.0
6,2026-05-06 01:51:32.067188,61.75,0.62,31.0,1,52.45,12.0
6,2026-05-06 02:51:32.067188,61.83,0.2133,32.0,2,52.4,11.0
6,2026-05-06 03:51:32.067188,62.19,0.21,33.0,3,52.38,10.0
6,2026-05-06 04:51:32.067188,62.45,0.2333,34.0,4,52.35,9.0
6,2026-05-06 05:51:32.067188,62.61,0.26,35.0,5,52.31,8.0
6,2026-05-06 06:51:32.067188,63.22,0.3433,36.0,6,52.3,7.0
6,2026-05-06 07:51:32.067188,64.21,0.5867,37.0,7,52.26,6.0
6,2026-05-06 08:51:32.067188,68.74,2.0433,38.0,8,52.25,5.0
6,2026-05-06 09:51:32.067188,73.35,3.3767,39.0,9,52.23,4.0
6,2026-05-06 10:51:32.067188,75.68,3.8233,40.0,10,52.21,3.0
6,2026-05-06 11:51:32.067188,76.34,2.5333,41.0,11,52.18,2.0
6,2026-05-06 12:51:32.067188,79.49,2.0467,42.0,12,52.14,1.0
6,2026-05-06 13:51:32.067188,81.9,2.0733,43.0,13,52.1,0.0
7,2026-03-09 12:51:32.092874,38.1,3.4467,999.0,12,97.85,24.0
7,2026-03-09 13:51:32.092874,41.84,3.1233,999.0,13,97.84,23.0
7,2026-03-09 14:51:32.092874,45.19,3.61,999.0,14,97.81,22.0
7,2026-03-09 15:51:32.092874,46.91,2.9367,999.0,15,97.79,21.0
7,2026-03-09 16:51:32.092874,48.03,2.0633,999.0,16,97.75,20.0
7,2026-03-09 17:51:32.092874,52.33,2.38,999.0,17,97.7,19.0
7,2026-03-09 18:51:32.092874,56.85,3.3133,999.0,18,97.67,18.0
7,2026-03-09 19:51:32.092874,59.56,3.8433,999.0,19,97.65,17.0
7,2026-03-09 20:51:32.092874,60.59,2.7533,999.0,20,97.63,16.0
7,2026-03-09 21:51:32.092874,61.59,1.58,999.0,21,97.6,15.0
7,2026-03-09 22:51:32.092874,62.8,1.08,999.0,22,97.57,14.0
7,2026-03-09 23:51:32.092874,64.53,1.3133,999.0,23,97.55,13.0
7,2026-03-10 00:51:32.092874,64.53,0.98,999.0,0,97.51,12.0
7,2026-03-10 01:51:32.092874,64.68,0.6267,999.0,1,97.48,11.0
7,2026-03-10 02:51:32.092874,64.76,0.0767,999.0,2,97.43,10.0
7,2026-03-10 03:51:32.092874,64.78,0.0833,999.0,3,97.4,9.0
7,2026-03-10 04:51:32.092874,64.89,0.07,999.0,4,97.35,8.0
7,2026-03-10 05:51:32.092874,65.36,0.2,999.0,5,97.3,7.0
7,2026-03-10 06:51:32.092874,65.94,0.3867,999.0,6,97.26,6.0
7,2026-03-10 07:51:32.092874,67.82,0.9767,999.0,7,97.22,5.0
7,2026-03-10 08:51:32.092874,69.85,1.4967,999.0,8,97.19,4.0
7,2026-03-10 09:51:32.092874,72.49,2.1833,999.0,9,97.16,3.0
7,2026-03-10 10:51:32.092874,75.27,2.4833,999.0,10,97.12,2.0
7,2026-03-10 11:51:32.092874,76.43,2.1933,999.0,11,97.1,1.0
7,2026-03-10 12:51:32.092874,80.85,2.7867,999.0,12,97.05,0.0
7,2026-03-11 09:51:32.092874,40.62,2.9133,20.0,9,96.4,24.0
7,2026-03-11 10:51:32.092874,42.68,3.13,21.0,10,96.36,23.0
7,2026-03-11 11:51:32.092874,43.83,1.8867,22.0,11,96.34,22.0
7,2026-03-11 12:51:32.092874,47.52,2.3,23.0,12,96.31,21.0
7,2026-03-11 13:51:32.092874,51.95,3.09,24.0,13,96.3,20.0
7,2026-03-11 14:51:32.092874,54.32,3.4967,25.0,14,96.26,19.0
7,2026-03-11 15:51:32.092874,55.26,2.58,26.0,15,96.22,18.0
7,2026-03-11 16:51:32.092874,56.85,1.6333,27.0,16,96.2,17.0
7,2026-03-11 17:51:32.092874,60.11,1.93,28.0,17,96.16,16.0
7,2026-03-11 18:51:32.092874,62.13,2.29,29.0,18,96.12,15.0
7,2026-03-11 19:51:32.092874,65.78,2.9767,30.0,19,96.1,14.0
7,2026-03-11 20:51:32.092874,66.7,2.1967,31.0,20,96.08,13.0
7,2026-03-11 21:51:32.092874,67.56,1.81,32.0,21,96.03,12.0
7,2026-03-11 22:51:32.092874,69.42,1.2133,33.0,22,96.01,11.0
7,2026-03-11 23:51:32.092874,70.04,1.1133,34.0,23,95.96,10.0
7,2026-03-12 00:51:32.092874,70.24,0.8933,35.0,0,95.94,9.0
7,2026-03-12 01:51:32.092874,70.4,0.3267,36.0,1,95.9,8.0
7,2026-03-12 02:51:32.092874,70.73,0.23,37.0,2,95.87,7.0
7,2026-03-12 03:51:32.092874,71.08,0.28,38.0,3,95.83,6.0
7,2026-03-12 04:51:32.092874,71.45,0.35,39.0,4,95.78,5.0
7,2026-03-12 05:51:32.092874,71.86,0.3767,40.0,5,95.74,4.0
7,2026-03-12 06:51:32.092874,73.68,0.8667,41.0,6,95.72,3.0
7,2026-03-12 07:51:32.092874,74.85,1.1333,42.0,7,95.7,2.0
7,2026-03-12 08:51:32.092874,79.26,2.4667,43.0,8,95.67,1.0
7,2026-03-12 09:51:32.092874,81.77,2.6967,44.0,9,95.66,0.0
7,2026-03-12 19:51:32.092874,35.49,4.1167,9.0,19,95.32,24.0
7,2026-03-12 20:51:32.092874,36.42,2.9067,10.0,20,95.27,23.0
7,2026-03-12 21:51:32.092874,37.32,1.77,11.0,21,95.26,22.0
7,2026-03-12 22:51:32.092874,38.89,1.1333,12.0,22,95.23,21.0
7,2026-03-12 23:51:32.092874,40.82,1.4667,13.0,23,95.22,20.0
7,2026-03-13 00:51:32.092874,41.02,1.2333,14.0,0,95.2,19.0
7,2026-03-13 01:51:32.092874,41.38,0.83,15.0,1,95.16,18.0
7,2026-03-13 02:51:32.092874,41.43,0.2033,16.0,2,95.11,17.0
7,2026-03-13 03:51:32.092874,41.81,0.2633,17.0,3,95.1,16.0
7,2026-03-13 04:51:32.092874,42.08,0.2333,18.0,4,95.07,15.0
7,2026-03-13 05:51:32.092874,42.49,0.3533,19.0,5,95.04,14.0
7,2026-03-13 06:51:32.092874,43.08,0.4233,20.0,6,95.01,13.0
7,2026-03-13 07:51:32.092874,44.68,0.8667,21.0,7,94.98,12.0
7,2026-03-13 08:51:32.092874,47.36,1.6233,22.0,8,94.94,11.0
7,2026-03-13 09:51:32.092874,51.94,2.9533,23.0,9,94.91,10.0
7,2026-03-13 10:51:32.092874,56.39,3.9033,24.0,10,94.89,9.0
7,2026-03-13 11:51:32.092874,58.25,3.63,25.0,11,94.84,8.0
7,2026-03-13 12:51:32.092874,62.86,3.64,26.0,12,94.82,7.0
7,2026-03-13 13:51:32.092874,65.22,2.9433,27.0,13,94.8,6.0
7,2026-03-13 14:51:32.092874,68.45,3.4,28.0,14,94.78,5.0
7,2026-03-13 15:51:32.092874,70.36,2.5,29.0,15,94.75,4.0
7,2026-03-13 16:51:32.092874,71.26,2.0133,30.0,16,94.71,3.0
7,2026-03-13 17:51:32.092874,75.9,2.4833,31.0,17,94.67,2.0
7,2026-03-13 18:51:32.092874,79.36,3.0,32.0,18,94.65,1.0
7,2026-03-13 19:51:32.092874,81.39,3.3767,33.0,19,94.61,0.0
7,2026-03-14 13:51:32.092874,32.34,3.3833,17.0,13,94.1,24.0
7,2026-03-14 14:51:32.092874,36.84,4.51,18.0,14,94.08,23.0
7,2026-03-14 15:51:32.092874,38.69,3.5233,19.0,15,94.03,22.0
7,2026-03-14 16:51:32.092874,40.01,2.5567,20.0,16,94.02,21.0
7,2026-03-14 17:51:32.092874,44.06,2.4067,21.0,17,93.99,20.0
7,2026-03-14 18:51:32.092874,49.06,3.4567,22.0,18,93.96,19.0
7,2026-03-14 19:51:32.092874,53.07,4.3533,23.0,19,93.93,18.0
7,2026-03-14 20:51:32.092874,54.21,3.3833,24.0,20,93.9,17.0
7,2026-03-14 21:51:32.092874,55.46,2.1333,25.0,21,93.85,16.0
7,2026-03-14 22:51:32.092874,56.58,1.17,26.0,22,93.84,15.0
7,2026-03-14 23:51:32.092874,58.33,1.3733,27.0,23,93.81,14.0
7,2026-03-15 00:51:32.092874,58.83,1.1233,28.0,0,93.77,13.0
7,2026-03-15 01:51:32.092874,59.14,0.8533,29.0,1,93.75,12.0
7,2026-03-15 02:51:32.092874,59.34,0.3367,30.0,2,93.73,11.0
7,2026-03-15 03:51:32.092874,59.75,0.3067,31.0,3,93.68,10.0
7,2026-03-15 04:51:32.092874,59.9,0.2533,32.0,4,93.66,9.0
7,2026-03-15 05:51:32.092874,60.0,0.22,33.0,5,93.64,8.0
7,2026-03-15 06:51:32.092874,61.25,0.5,34.0,6,93.61,7.0
7,2026-03-15 07:51:32.092874,62.54,0.88,35.0,7,93.59,6.0
7,2026-03-15 08:51:32.092874,66.66,2.22,36.0,8,93.56,5.0
7,2026-03-15 09:51:32.092874,69.67,2.8067,37.0,9,93.51,4.0
7,2026-03-15 10:51:32.092874,73.03,3.4967,38.0,10,93.49,3.0
7,2026-03-15 11:51:32.092874,74.15,2.4967,39.0,11,93.46,2.0
7,2026-03-15 12:51:32.092874,78.29,2.8733,40.0,12,93.43,1.0
7,2026-03-15 13:51:32.092874,80.64,2.5367,41.0,13,93.39,0.0
7,2026-03-16 10:51:32.092874,41.9,3.2533,20.0,10,92.77,24.0
7,2026-03-16 11:51:32.092874,42.56,1.8333,21.0,11,92.76,23.0
7,2026-03-16 12:51:32.092874,44.9,1.8,22.0,12,92.74,22.0
7,2026-03-16 13:51:32.092874,49.56,2.5533,23.0,13,92.72,21.0
7,2026-03-16 14:51:32.092874,52.45,3.2967,24.0,14,92.7,20.0
7,2026-03-16 15:51:32.092874,54.29,3.13,25.0,15,92.68,19.0
7,2026-03-16 16:51:32.092874,55.03,1.8233,26.0,16,92.67,18.0
7,2026-03-16 17:51:32.092874,58.7,2.0833,27.0,17,92.66,17.0
7,2026-03-16 18:51:32.092874,61.53,2.4133,28.0,18,92.63,16.0
7,2026-03-16 19:51:32.092874,65.12,3.3633,29.0,19,92.61,15.0
7,2026-03-16 20:51:32.092874,65.95,2.4167,30.0,20,92.57,14.0
7,2026-03-16 21:51:32.092874,66.78,1.75,31.0,21,92.56,13.0
7,2026-03-16 22:51:32.092874,67.66,0.8467,32.0,22,92.51,12.0
7,2026-03-16 23:51:32.092874,68.41,0.82,33.0,23,92.5,11.0
7,2026-03-17 00:51:32.092874,68.55,0.59,34.0,0,92.46,10.0
7,2026-03-17 01:51:32.092874,68.76,0.3667,35.0,1,92.42,9.0
7,2026-03-17 02:51:32.092874,69.0,0.1967,36.0,2,92.38,8.0
7,2026-03-17 03:51:32.092874,69.13,0.1933,37.0,3,92.34,7.0
7,2026-03-17 04:51:32.092874,69.16,0.1333,38.0,4,92.3,6.0
7,2026-03-17 05:51:32.092874,69.39,0.13,39.0,5,92.26,5.0
7,2026-03-17 06:51:32.092874,70.09,0.32,40.0,6,92.24,4.0
7,2026-03-17 07:51:32.092874,70.91,0.5833,41.0,7,92.19,3.0
7,2026-03-17 08:51:32.092874,73.2,1.27,42.0,8,92.17,2.0
7,2026-03-17 09:51:32.092874,75.9,1.9367,43.0,9,92.16,1.0
7,2026-03-17 10:51:32.092874,80.42,3.17,44.0,10,92.14,0.0
7,2026-03-17 20:51:32.092874,33.18,3.3,9.0,20,91.8,24.0
7,2026-03-17 21:51:32.092874,34.74,2.2433,10.0,21,91.78,23.0
7,2026-03-17 22:51:32.092874,35.3,1.0933,11.0,22,91.74,22.0
7,2026-03-17 23:51:32.092874,36.58,1.1333,12.0,23,91.71,21.0
7,2026-03-18 00:51:32.092874,36.72,0.66,13.0,0,91.67,20.0
7,2026-03-18 01:51:32.092874,36.9,0.5333,14.0,1,91.63,19.0
7,2026-03-18 02:51:32.092874,37.35,0.2567,15.0,2,91.62,18.0
7,2026-03-18 03:51:32.092874,37.44,0.24,16.0,3,91.6,17.0
7,2026-03-18 04:51:32.092874,37.69,0.2633,17.0,4,91.57,16.0
7,2026-03-18 05:51:32.092874,37.86,0.17,18.0,5,91.53,15.0
7,2026-03-18 06:51:32.092874,38.41,0.3233,19.0,6,91.52,14.0
7,2026-03-18 07:51:32.092874,39.61,0.64,20.0,7,91.5,13.0
7,2026-03-18 08:51:32.092874,42.98,1.7067,21.0,8,91.47,12.0
7,2026-03-18 09:51:32.092874,47.8,3.13,22.0,9,91.45,11.0
7,2026-03-18 10:51:32.092874,51.93,4.1067,23.0,10,91.43,10.0
7,2026-03-18 11:51:32.092874,53.26,3.4267,24.0,11,91.41,9.0
7,2026-03-18 12:51:32.092874,58.19,3.4633,25.0,12,91.38,8.0
7,2026-03-18 13:51:32.092874,62.49,3.52,26.0,13,91.35,7.0
7,2026-03-18 14:51:32.092874,66.48,4.4067,27.0,14,91.3,6.0
7,2026-03-18 15:51:32.092874,68.06,3.29,28.0,15,91.29,5.0
7,2026-03-18 16:51:32.092874,70.04,2.5167,29.0,16,91.28,4.0
7,2026-03-18 17:51:32.092874,73.4,2.3067,30.0,17,91.24,3.0
7,2026-03-18 18:51:32.092874,76.56,2.8333,31.0,18,91.2,2.0
7,2026-03-18 19:51:32.092874,79.34,3.1,32.0,19,91.16,1.0
7,2026-03-18 20:51:32.092874,80.68,2.4267,33.0,20,91.13,0.0
7,2026-03-19 17:51:32.092874,41.9,2.1967,20.0,17,90.42,24.0
7,2026-03-19 18:51:32.092874,43.97,2.6833,21.0,18,90.4,23.0
7,2026-03-19 19:51:32.092874,46.73,3.0567,22.0,19,90.36,22.0
7,2026-03-19 20:51:32.092874,48.52,2.2067,23.0,20,90.32,21.0
7,2026-03-19 21:51:32.092874,50.51,2.18,24.0,21,90.3,20.0
7,2026-03-19 22:51:32.092874,52.2,1.8233,25.0,22,90.26,19.0
7,2026-03-19 23:51:32.092874,53.25,1.5767,26.0,23,90.23,18.0
7,2026-03-20 00:51:32.092874,53.32,0.9367,27.0,0,90.21,17.0
7,2026-03-20 01:51:32.092874,53.35,0.3833,28.0,1,90.18,16.0
7,2026-03-20 02:51:32.092874,53.79,0.18,29.0,2,90.15,15.0
7,2026-03-20 03:51:32.092874,54.23,0.3033,30.0,3,90.13,14.0
7,2026-03-20 04:51:32.092874,54.25,0.3,31.0,4,90.09,13.0
7,2026-03-20 05:51:32.092874,54.4,0.2033,32.0,5,90.07,12.0
7,2026-03-20 06:51:32.092874,56.02,0.5967,33.0,6,90.02,11.0
7,2026-03-20 07:51:32.092874,56.71,0.82,34.0,7,90.0,10.0
7,2026-03-20 08:51:32.092874,59.89,1.83,35.0,8,89.95,9.0
7,2026-03-20 09:51:32.092874,64.43,2.8033,36.0,9,89.94,8.0
7,2026-03-20 10:51:32.092874,66.86,3.3833,37.0,10,89.89,7.0
7,2026-03-20 11:51:32.092874,68.08,2.73,38.0,11,89.84,6.0
7,2026-03-20 12:51:32.092874,72.97,2.8467,39.0,12,89.82,5.0
7,2026-03-20 13:51:32.092874,75.54,2.8933,40.0,13,89.77,4.0
7,2026-03-20 14:51:32.092874,77.72,3.2133,41.0,14,89.76,3.0
7,2026-03-20 15:51:32.092874,78.33,1.7867,42.0,15,89.73,2.0
7,2026-03-20 16:51:32.092874,79.33,1.2633,43.0,16,89.72,1.0
7,2026-03-20 17:51:32.092874,82.35,1.5433,44.0,17,89.71,0.0
7,2026-03-21 11:51:32.092874,33.81,3.6133,17.0,11,89.17,24.0
7,2026-03-21 12:51:32.092874,38.35,3.5067,18.0,12,89.15,23.0
7,2026-03-21 13:51:32.092874,42.99,3.52,19.0,13,89.12,22.0
7,2026-03-21 14:51:32.092874,46.28,4.1567,20.0,14,89.09,21.0
7,2026-03-21 15:51:32.092874,48.07,3.24,21.0,15,89.07,20.0
7,2026-03-21 16:51:32.092874,49.47,2.16,22.0,16,89.03,19.0
7,2026-03-21 17:51:32.092874,52.61,2.11,23.0,17,89.01,18.0
7,2026-03-21 18:51:32.092874,56.88,2.9367,24.0,18,88.98,17.0
7,2026-03-21 19:51:32.092874,59.14,3.2233,25.0,19,88.97,16.0
7,2026-03-21 20:51:32.092874,60.2,2.53,26.0,20,88.93,15.0
7,2026-03-21 21:51:32.092874,60.96,1.36,27.0,21,88.9,14.0
7,2026-03-21 22:51:32.092874,62.25,1.0367,28.0,22,88.87,13.0
7,2026-03-21 23:51:32.092874,63.69,1.1633,29.0,23,88.85,12.0
7,2026-03-22 00:51:32.092874,64.13,1.0567,30.0,0,88.81,11.0
7,2026-03-22 01:51:32.092874,64.38,0.71,31.0,1,88.8,10.0
7,2026-03-22 02:51:32.092874,64.72,0.3433,32.0,2,88.75,9.0
7,2026-03-22 03:51:32.092874,65.1,0.3233,33.0,3,88.71,8.0
7,2026-03-22 04:51:32.092874,65.5,0.3733,34.0,4,88.68,7.0
7,2026-03-22 05:51:32.092874,65.62,0.3,35.0,5,88.64,6.0
7,2026-03-22 06:51:32.092874,67.53,0.81,36.0,6,88.59,5.0
7,2026-03-22 07:51:32.092874,68.1,0.8667,37.0,7,88.56,4.0
7,2026-03-22 08:51:32.092874,70.43,1.6033,38.0,8,88.54,3.0
7,2026-03-22 09:51:32.092874,74.66,2.3767,39.0,9,88.52,2.0
7,2026-03-22 10:51:32.092874,78.49,3.4633,40.0,10,88.49,1.0
7,2026-03-22 11:51:32.092874,80.06,3.21,41.0,11,88.44,0.0
7,2026-03-23 10:51:32.092874,47.16,3.2233,22.0,10,87.85,24.0
7,2026-03-23 11:51:32.092874,47.74,2.3167,23.0,11,87.82,23.0
7,2026-03-23 12:51:32.092874,50.67,1.97,24.0,12,87.81,22.0
7,2026-03-23 13:51:32.092874,53.98,2.2733,25.0,13,87.77,21.0
7,2026-03-23 14:51:32.092874,56.82,3.0267,26.0,14,87.75,20.0
7,2026-03-23 15:51:32.092874,57.65,2.3267,27.0,15,87.74,19.0
7,2026-03-23 16:51:32.092874,58.58,1.5333,28.0,16,87.69,18.0
7,2026-03-23 17:51:32.092874,60.88,1.3533,29.0,17,87.65,17.0
7,2026-03-23 18:51:32.092874,64.75,2.3667,30.0,18,87.62,16.0
7,2026-03-23 19:51:32.092874,67.76,3.06,31.0,19,87.6,15.0
7,2026-03-23 20:51:32.092874,68.39,2.5033,32.0,20,87.58,14.0
7,2026-03-23 21:51:32.092874,69.2,1.4833,33.0,21,87.55,13.0
7,2026-03-23 22:51:32.092874,70.13,0.79,34.0,22,87.5,12.0
7,2026-03-23 23:51:32.092874,70.81,0.8067,35.0,23,87.48,11.0
7,2026-03-24 00:51:32.092874,71.09,0.63,36.0,0,87.46,10.0
7,2026-03-24 01:51:32.092874,71.42,0.43,37.0,1,87.45,9.0
7,2026-03-24 02:51:32.092874,71.69,0.2933,38.0,2,87.4,8.0
7,2026-03-24 03:51:32.092874,72.04,0.3167,39.0,3,87.37,7.0
7,2026-03-24 04:51:32.092874,72.25,0.2767,40.0,4,87.35,6.0
7,2026-03-24 05:51:32.092874,72.59,0.3,41.0,5,87.33,5.0
7,2026-03-24 06:51:32.092874,73.43,0.4633,42.0,6,87.29,4.0
7,2026-03-24 07:51:32.092874,74.0,0.5833,43.0,7,87.26,3.0
7,2026-03-24 08:51:32.092874,76.57,1.3267,44.0,8,87.25,2.0
7,2026-03-24 09:51:32.092874,79.02,1.8633,45.0,9,87.2,1.0
7,2026-03-24 10:51:32.092874,81.35,2.45,46.0,10,87.15,0.0
7,2026-03-24 23:51:32.092874,35.88,1.3033,12.0,23,86.71,24.0
7,2026-03-25 00:51:32.092874,36.17,0.78,13.0,0,86.69,23.0
7,2026-03-25 01:51:32.092874,36.23,0.54,14.0,1,86.66,22.0
7,2026-03-25 02:51:32.092874,36.66,0.26,15.0,2,86.61,21.0
7,2026-03-25 03:51:32.092874,37.05,0.2933,16.0,3,86.58,20.0
7,2026-03-25 04:51:32.092874,37.06,0.2767,17.0,4,86.55,19.0
7,2026-03-25 05:51:32.092874,37.53,0.29,18.0,5,86.52,18.0
7,2026-03-25 06:51:32.092874,38.06,0.3367,19.0,6,86.49,17.0
7,2026-03-25 07:51:32.092874,39.71,0.8833,20.0,7,86.45,16.0
7,2026-03-25 08:51:32.092874,43.6,2.0233,21.0,8,86.4,15.0
7,2026-03-25 09:51:32.092874,48.15,3.3633,22.0,9,86.37,14.0
7,2026-03-25 10:51:32.092874,51.42,3.9033,23.0,10,86.33,13.0
7,2026-03-25 11:51:32.092874,52.51,2.97,24.0,11,86.32,12.0
7,2026-03-25 12:51:32.092874,57.14,2.9967,25.0,12,86.29,11.0
7,2026-03-25 13:51:32.092874,59.35,2.6433,26.0,13,86.26,10.0
7,2026-03-25 14:51:32.092874,61.67,3.0533,27.0,14,86.21,9.0
7,2026-03-25 15:51:32.092874,63.16,2.0067,28.0,15,86.18,8.0
7,2026-03-25 16:51:32.092874,63.81,1.4867,29.0,16,86.17,7.0
7,2026-03-25 17:51:32.092874,67.89,2.0733,30.0,17,86.14,6.0
7,2026-03-25 18:51:32.092874,72.84,3.2267,31.0,18,86.11,5.0
7,2026-03-25 19:51:32.092874,75.57,3.92,32.0,19,86.07,4.0
7,2026-03-25 20:51:32.092874,77.03,3.0467,33.0,20,86.03,3.0
7,2026-03-25 21:51:32.092874,78.91,2.0233,34.0,21,86.02,2.0
7,2026-03-25 22:51:32.092874,79.79,1.4067,35.0,22,86.0,1.0
7,2026-03-25 23:51:32.092874,81.2,1.39,36.0,23,85.98,0.0
7,2026-03-26 17:51:32.092874,35.53,1.5967,17.0,17,85.43,24.0
7,2026-03-26 18:51:32.092874,40.48,3.0533,18.0,18,85.4,23.0
7,2026-03-26 19:51:32.092874,44.63,3.81,19.0,19,85.38,22.0
7,2026-03-26 20:51:32.092874,45.28,3.25,20.0,20,85.36,21.0
7,2026-03-26 21:51:32.092874,46.33,1.95,21.0,21,85.35,20.0
7,2026-03-26 22:51:32.092874,47.75,1.04,22.0,22,85.31,19.0
7,2026-03-26 23:51:32.092874,48.56,1.0933,23.0,23,85.3,18.0
7,2026-03-27 00:51:32.092874,48.82,0.83,24.0,0,85.28,17.0
7,2026-03-27 01:51:32.092874,48.98,0.41,25.0,1,85.25,16.0
7,2026-03-27 02:51:32.092874,49.33,0.2567,26.0,2,85.22,15.0
7,2026-03-27 03:51:32.092874,49.5,0.2267,27.0,3,85.18,14.0
7,2026-03-27 04:51:32.092874,49.93,0.3167,28.0,4,85.14,13.0
7,2026-03-27 05:51:32.092874,50.41,0.36,29.0,5,85.11,12.0
7,2026-03-27 06:51:32.092874,50.99,0.4967,30.0,6,85.06,11.0
7,2026-03-27 07:51:32.092874,52.34,0.8033,31.0,7,85.03,10.0
7,2026-03-27 08:51:32.092874,54.93,1.5067,32.0,8,85.0,9.0
7,2026-03-27 09:51:32.092874,58.37,2.46,33.0,9,84.98,8.0
7,2026-03-27 10:51:32.092874,61.59,3.0833,34.0,10,84.94,7.0
7,2026-03-27 11:51:32.092874,62.7,2.59,35.0,11,84.93,6.0
7,2026-03-27 12:51:32.092874,65.5,2.3767,36.0,12,84.9,5.0
7,2026-03-27 13:51:32.092874,69.01,2.4733,37.0,13,84.86,4.0
7,2026-03-27 14:51:32.092874,72.29,3.1967,38.0,14,84.82,3.0
7,2026-03-27 15:51:32.092874,73.85,2.7833,39.0,15,84.81,2.0
7,2026-03-27 16:51:32.092874,75.57,2.1867,40.0,16,84.78,1.0
7,2026-03-27 17:51:32.092874,80.56,2.7567,41.0,17,84.74,0.0
7,2026-03-28 13:51:32.092874,41.25,2.6133,19.0,13,84.03,24.0
7,2026-03-28 14:51:32.092874,43.52,3.0333,20.0,14,83.99,23.0
7,2026-03-28 15:51:32.092874,45.32,2.74,21.0,15,83.98,22.0
7,2026-03-28 16:51:32.092874,46.86,1.87,22.0,16,83.94,21.0
7,2026-03-28 17:51:32.092874,50.89,2.4567,23.0,17,83.93,20.0
7,2026-03-28 18:51:32.092874,54.73,3.1367,24.0,18,83.9,19.0
7,2026-03-28 19:51:32.092874,57.58,3.5733,25.0,19,83.88,18.0
7,2026-03-28 20:51:32.092874,58.58,2.5633,26.0,20,83.85,17.0
7,2026-03-28 21:51:32.092874,59.2,1.49,27.0,21,83.82,16.0
7,2026-03-28 22:51:32.092874,59.72,0.7133,28.0,22,83.78,15.0
7,2026-03-28 23:51:32.092874,60.49,0.6367,29.0,23,83.77,14.0
7,2026-03-29 00:51:32.092874,60.82,0.54,30.0,0,83.74,13.0
7,2026-03-29 01:51:32.092874,60.98,0.42,31.0,1,83.72,12.0
7,2026-03-29 02:51:32.092874,61.15,0.22,32.0,2,83.7,11.0
7,2026-03-29 03:51:32.092874,61.37,0.1833,33.0,3,83.68,10.0
7,2026-03-29 04:51:32.092874,61.37,0.13,34.0,4,83.66,9.0
7,2026-03-29 05:51:32.092874,61.41,0.0867,35.0,5,83.64,8.0
7,2026-03-29 06:51:32.092874,63.22,0.6167,36.0,6,83.59,7.0
7,2026-03-29 07:51:32.092874,65.1,1.2433,37.0,7,83.57,6.0
7,2026-03-29 08:51:32.092874,68.3,2.2967,38.0,8,83.53,5.0
7,2026-03-29 09:51:32.092874,72.59,3.1233,39.0,9,83.51,4.0
7,2026-03-29 10:51:32.092874,74.99,3.2967,40.0,10,83.47,3.0
7,2026-03-29 11:51:32.092874,76.01,2.57,41.0,11,83.43,2.0
7,2026-03-29 12:51:32.092874,79.9,2.4367,42.0,12,83.4,1.0
7,2026-03-29 13:51:32.092874,83.43,2.8133,43.0,13,83.39,0.0
7,2026-03-30 07:51:32.092874,36.78,1.2933,17.0,7,82.93,24.0
7,2026-03-30 08:51:32.092874,38.88,1.8567,18.0,8,82.9,23.0
7,2026-03-30 09:51:32.092874,42.54,2.5667,19.0,9,82.87,22.0
7,2026-03-30 10:51:32.092874,46.88,3.3667,20.0,10,82.84,21.0
7,2026-03-30 11:51:32.092874,48.0,3.04,21.0,11,82.82,20.0
7,2026-03-30 12:51:32.092874,50.91,2.79,22.0,12,82.8,19.0
7,2026-03-30 13:51:32.092874,55.69,2.9367,23.0,13,82.76,18.0
7,2026-03-30 14:51:32.092874,58.41,3.47,24.0,14,82.73,17.0
7,2026-03-30 15:51:32.092874,60.31,3.1333,25.0,15,82.68,16.0
7,2026-03-30 16:51:32.092874,61.94,2.0833,26.0,16,82.66,15.0
7,2026-03-30 17:51:32.092874,64.69,2.0933,27.0,17,82.62,14.0
7,2026-03-30 18:51:32.092874,68.19,2.6267,28.0,18,82.58,13.0
7,2026-03-30 19:51:32.092874,71.88,3.3133,29.0,19,82.54,12.0
7,2026-03-30 20:51:32.092874,73.38,2.8967,30.0,20,82.51,11.0
7,2026-03-30 21:51:32.092874,73.93,1.9133,31.0,21,82.48,10.0
7,2026-03-30 22:51:32.092874,75.42,1.18,32.0,22,82.46,9.0
7,2026-03-30 23:51:32.092874,76.24,0.9533,33.0,23,82.42,8.0
7,2026-03-31 00:51:32.092874,76.6,0.89,34.0,0,82.38,7.0
7,2026-03-31 01:51:32.092874,76.91,0.4967,35.0,1,82.36,6.0
7,2026-03-31 02:51:32.092874,77.13,0.2967,36.0,2,82.31,5.0
7,2026-03-31 03:51:32.092874,77.6,0.3333,37.0,3,82.3,4.0
7,2026-03-31 04:51:32.092874,77.65,0.2467,38.0,4,82.27,3.0
7,2026-03-31 05:51:32.092874,77.83,0.2333,39.0,5,82.24,2.0
7,2026-03-31 06:51:32.092874,79.62,0.6733,40.0,6,82.2,1.0
7,2026-03-31 07:51:32.092874,80.15,0.8333,41.0,7,82.19,0.0
7,2026-03-31 18:51:32.092874,37.42,2.5067,10.0,18,81.88,24.0
7,2026-03-31 19:51:32.092874,39.95,2.95,11.0,19,81.84,23.0
7,2026-03-31 20:51:32.092874,41.08,2.6467,12.0,20,81.83,22.0
7,2026-03-31 21:51:32.092874,42.88,1.82,13.0,21,81.8,21.0
7,2026-03-31 22:51:32.092874,44.73,1.5933,14.0,22,81.76,20.0
7,2026-03-31 23:51:32.092874,45.44,1.4533,15.0,23,81.71,19.0
7,2026-04-01 00:51:32.092874,45.92,1.0133,16.0,0,81.67,18.0
7,2026-04-01 01:51:32.092874,46.06,0.4433,17.0,1,81.63,17.0
7,2026-04-01 02:51:32.092874,46.27,0.2767,18.0,2,81.61,16.0
7,2026-04-01 03:51:32.092874,46.61,0.23,19.0,3,81.59,15.0
7,2026-04-01 04:51:32.092874,46.67,0.2033,20.0,4,81.58,14.0
7,2026-04-01 05:51:32.092874,47.15,0.2933,21.0,5,81.56,13.0
7,2026-04-01 06:51:32.092874,48.56,0.65,22.0,6,81.51,12.0
7,2026-04-01 07:51:32.092874,50.01,1.1133,23.0,7,81.47,11.0
7,2026-04-01 08:51:32.092874,54.74,2.53,24.0,8,81.44,10.0
7,2026-04-01 09:51:32.092874,56.96,2.8,25.0,9,81.4,9.0
7,2026-04-01 10:51:32.092874,60.06,3.35,26.0,10,81.38,8.0
7,2026-04-01 11:51:32.092874,61.23,2.1633,27.0,11,81.37,7.0
7,2026-04-01 12:51:32.092874,64.63,2.5567,28.0,12,81.33,6.0
7,2026-04-01 13:51:32.092874,69.24,3.06,29.0,13,81.31,5.0
7,2026-04-01 14:51:32.092874,72.23,3.6667,30.0,14,81.27,4.0
7,2026-04-01 15:51:32.092874,73.9,3.09,31.0,15,81.23,3.0
7,2026-04-01 16:51:32.092874,74.45,1.7367,32.0,16,81.22,2.0
7,2026-04-01 17:51:32.092874,78.91,2.2267,33.0,17,81.18,1.0
7,2026-04-01 18:51:32.092874,81.86,2.6533,34.0,18,81.14,0.0
7,2026-04-02 13:51:32.092874,37.9,2.92,18.0,13,80.58,24.0
7,2026-04-02 14:51:32.092874,41.68,3.54,19.0,14,80.55,23.0
7,2026-04-02 15:51:32.092874,42.36,2.9733,20.0,15,80.54,22.0
7,2026-04-02 16:51:32.092874,42.95,1.6833,21.0,16,80.51,21.0
7,2026-04-02 17:51:32.092874,46.23,1.5167,22.0,17,80.46,20.0
7,2026-04-02 18:51:32.092874,48.53,2.0567,23.0,18,80.43,19.0
7,2026-04-02 19:51:32.092874,52.65,3.2333,24.0,19,80.39,18.0
7,2026-04-02 20:51:32.092874,53.83,2.5333,25.0,20,80.35,17.0
7,2026-04-02 21:51:32.092874,54.93,2.1333,26.0,21,80.31,16.0
7,2026-04-02 22:51:32.092874,56.83,1.3933,27.0,22,80.26,15.0
7,2026-04-02 23:51:32.092874,57.5,1.2233,28.0,23,80.22,14.0
7,2026-04-03 00:51:32.092874,57.57,0.88,29.0,0,80.19,13.0
7,2026-04-03 01:51:32.092874,57.72,0.2967,30.0,1,80.16,12.0
7,2026-04-03 02:51:32.092874,58.13,0.21,31.0,2,80.12,11.0
7,2026-04-03 03:51:32.092874,58.31,0.2467,32.0,3,80.09,10.0
7,2026-04-03 04:51:32.092874,58.58,0.2867,33.0,4,80.05,9.0
7,2026-04-03 05:51:32.092874,58.81,0.2267,34.0,5,80.01,8.0
7,2026-04-03 06:51:32.092874,60.24,0.6433,35.0,6,79.99,7.0
7,2026-04-03 07:51:32.092874,61.87,1.0967,36.0,7,79.94,6.0
7,2026-04-03 08:51:32.092874,65.2,2.13,37.0,8,79.9,5.0
7,2026-04-03 09:51:32.092874,68.2,2.6533,38.0,9,79.87,4.0
7,2026-04-03 10:51:32.092874,71.85,3.3267,39.0,10,79.83,3.0
7,2026-04-03 11:51:32.092874,72.71,2.5033,40.0,11,79.81,2.0
7,2026-04-03 12:51:32.092874,77.03,2.9433,41.0,12,79.79,1.0
7,2026-04-03 13:51:32.092874,80.15,2.7667,42.0,13,79.77,0.0
7,2026-04-04 05:51:32.092874,35.32,0.34,15.0,5,79.27,24.0
7,2026-04-04 06:51:32.092874,36.41,0.65,16.0,6,79.23,23.0
7,2026-04-04 07:51:32.092874,38.39,1.1767,17.0,7,79.19,22.0
7,2026-04-04 08:51:32.092874,43.18,2.62,18.0,8,79.17,21.0
7,2026-04-04 09:51:32.092874,47.28,3.6233,19.0,9,79.14,20.0
7,2026-04-04 10:51:32.092874,52.0,4.5367,20.0,10,79.09,19.0
7,2026-04-04 11:51:32.092874,52.94,3.2533,21.0,11,79.08,18.0
7,2026-04-04 12:51:32.092874,56.64,3.12,22.0,12,79.07,17.0
7,2026-04-04 13:51:32.092874,59.66,2.5533,23.0,13,79.04,16.0
7,2026-04-04 14:51:32.092874,62.84,3.3,24.0,14,79.02,15.0
7,2026-04-04 15:51:32.092874,63.87,2.41,25.0,15,78.99,14.0
7,2026-04-04 16:51:32.092874,64.98,1.7733,26.0,16,78.97,13.0
7,2026-04-04 17:51:32.092874,68.03,1.73,27.0,17,78.93,12.0
7,2026-04-04 18:51:32.092874,70.46,2.1967,28.0,18,78.92,11.0
7,2026-04-04 19:51:32.092874,73.67,2.8967,29.0,19,78.9,10.0
7,2026-04-04 20:51:32.092874,75.65,2.54,30.0,20,78.86,9.0
7,2026-04-04 21:51:32.092874,76.26,1.9333,31.0,21,78.82,8.0
7,2026-04-04 22:51:32.092874,77.83,1.3867,32.0,22,78.78,7.0
7,2026-04-04 23:51:32.092874,78.58,0.9767,33.0,23,78.75,6.0
7,2026-04-05 00:51:32.092874,79.02,0.92,34.0,0,78.7,5.0
7,2026-04-05 01:51:32.092874,79.5,0.5567,35.0,1,78.67,4.0
7,2026-04-05 02:51:32.092874,79.56,0.3267,36.0,2,78.64,3.0
7,2026-04-05 03:51:32.092874,79.61,0.1967,37.0,3,78.6,2.0
7,2026-04-05 04:51:32.092874,79.82,0.1067,38.0,4,78.55,1.0
7,2026-04-05 05:51:32.092874,80.15,0.1967,39.0,5,78.53,0.0
7,2026-04-05 17:51:32.092874,38.49,2.26,11.0,17,78.13,24.0
7,2026-04-05 18:51:32.092874,42.0,2.9833,12.0,18,78.08,23.0
7,2026-04-05 19:51:32.092874,46.1,4.0533,13.0,19,78.06,22.0
7,2026-04-05 20:51:32.092874,48.03,3.18,14.0,20,78.02,21.0
7,2026-04-05 21:51:32.092874,48.55,2.1833,15.0,21,78.01,20.0
7,2026-04-05 22:51:32.092874,49.52,1.14,16.0,22,77.99,19.0
7,2026-04-05 23:51:32.092874,50.2,0.7233,17.0,23,77.94,18.0
7,2026-04-06 00:51:32.092874,50.42,0.6233,18.0,0,77.89,17.0
7,2026-04-06 01:51:32.092874,50.92,0.4667,19.0,1,77.86,16.0
7,2026-04-06 02:51:32.092874,51.28,0.36,20.0,2,77.82,15.0
7,2026-04-06 03:51:32.092874,51.39,0.3233,21.0,3,77.8,14.0
7,2026-04-06 04:51:32.092874,51.48,0.1867,22.0,4,77.78,13.0
7,2026-04-06 05:51:32.092874,51.73,0.15,23.0,5,77.74,12.0
7,2026-04-06 06:51:32.092874,53.64,0.75,24.0,6,77.69,11.0
7,2026-04-06 07:51:32.092874,55.11,1.21,25.0,7,77.65,10.0
7,2026-04-06 08:51:32.092874,58.68,2.3167,26.0,8,77.62,9.0
7,2026-04-06 09:51:32.092874,61.68,2.68,27.0,9,77.58,8.0
7,2026-04-06 10:51:32.092874,65.7,3.53,28.0,10,77.56,7.0
7,2026-04-06 11:51:32.092874,67.4,2.9067,29.0,11,77.52,6.0
7,2026-04-06 12:51:32.092874,69.58,2.6333,30.0,12,77.51,5.0
7,2026-04-06 13:51:32.092874,71.8,2.0333,31.0,13,77.47,4.0
7,2026-04-06 14:51:32.092874,74.81,2.47,32.0,14,77.44,3.0
7,2026-04-06 15:51:32.092874,76.71,2.3767,33.0,15,77.39,2.0
7,2026-04-06 16:51:32.092874,78.36,2.1867,34.0,16,77.35,1.0
7,2026-04-06 17:51:32.092874,80.6,1.93,35.0,17,77.3,0.0
7,2026-04-07 14:51:32.092874,41.25,3.4033,20.0,14,76.63,24.0
7,2026-04-07 15:51:32.092874,43.03,2.8633,21.0,15,76.6,23.0
7,2026-04-07 16:51:32.092874,44.07,2.12,22.0,16,76.58,22.0
7,2026-04-07 17:51:32.092874,46.4,1.7167,23.0,17,76.53,21.0
7,2026-04-07 18:51:32.092874,49.59,2.1867,24.0,18,76.49,20.0
7,2026-04-07 19:51:32.092874,53.81,3.2467,25.0,19,76.47,19.0
7,2026-04-07 20:51:32.092874,54.49,2.6967,26.0,20,76.44,18.0
7,2026-04-07 21:51:32.092874,55.8,2.07,27.0,21,76.41,17.0
7,2026-04-07 22:51:32.092874,57.29,1.16,28.0,22,76.37,16.0
7,2026-04-07 23:51:32.092874,58.77,1.4267,29.0,23,76.34,15.0
7,2026-04-08 00:51:32.092874,59.0,1.0667,30.0,0,76.3,14.0
7,2026-04-08 01:51:32.092874,59.42,0.71,31.0,1,76.28,13.0
7,2026-04-08 02:51:32.092874,59.8,0.3433,32.0,2,76.26,12.0
7,2026-04-08 03:51:32.092874,59.95,0.3167,33.0,3,76.21,11.0
7,2026-04-08 04:51:32.092874,60.31,0.2967,34.0,4,76.17,10.0
7,2026-04-08 05:51:32.092874,60.39,0.1967,35.0,5,76.16,9.0
7,2026-04-08 06:51:32.092874,62.04,0.6967,36.0,6,76.13,8.0
7,2026-04-08 07:51:32.092874,64.04,1.2433,37.0,7,76.11,7.0
7,2026-04-08 08:51:32.092874,66.6,2.07,38.0,8,76.09,6.0
7,2026-04-08 09:51:32.092874,68.99,2.3167,39.0,9,76.07,5.0
7,2026-04-08 10:51:32.092874,72.16,2.7067,40.0,10,76.04,4.0
7,2026-04-08 11:51:32.092874,73.33,2.2433,41.0,11,76.02,3.0
7,2026-04-08 12:51:32.092874,77.2,2.7367,42.0,12,76.0,2.0
7,2026-04-08 13:51:32.092874,79.96,2.6,43.0,13,75.96,1.0
7,2026-04-08 14:51:32.092874,82.46,3.0433,44.0,14,75.93,0.0
7,2026-04-09 09:51:32.092874,34.82,2.28,18.0,9,75.33,24.0
7,2026-04-09 10:51:32.092874,36.94,2.42,19.0,10,75.29,23.0
7,2026-04-09 11:51:32.092874,37.53,1.76,20.0,11,75.25,22.0
7,2026-04-09 12:51:32.092874,41.64,2.2733,21.0,12,75.22,21.0
7,2026-04-09 13:51:32.092874,45.23,2.7633,22.0,13,75.21,20.0
7,2026-04-09 14:51:32.092874,48.0,3.49,23.0,14,75.2,19.0
7,2026-04-09 15:51:32.092874,49.75,2.7033,24.0,15,75.15,18.0
7,2026-04-09 16:51:32.092874,51.11,1.96,25.0,16,75.13,17.0
7,2026-04-09 17:51:32.092874,55.08,2.36,26.0,17,75.09,16.0
7,2026-04-09 18:51:32.092874,59.57,3.2733,27.0,18,75.05,15.0
7,2026-04-09 19:51:32.092874,63.98,4.29,28.0,19,75.01,14.0
7,2026-04-09 20:51:32.092874,64.68,3.2,29.0,20,74.98,13.0
7,2026-04-09 21:51:32.092874,65.88,2.1033,30.0,21,74.96,12.0
7,2026-04-09 22:51:32.092874,67.73,1.25,31.0,22,74.95,11.0
7,2026-04-09 23:51:32.092874,69.26,1.5267,32.0,23,74.93,10.0
7,2026-04-10 00:51:32.092874,69.53,1.2167,33.0,0,74.91,9.0
7,2026-04-10 01:51:32.092874,69.86,0.71,34.0,1,74.88,8.0
7,2026-04-10 02:51:32.092874,70.22,0.32,35.0,2,74.86,7.0
7,2026-04-10 03:51:32.092874,70.53,0.3333,36.0,3,74.83,6.0
7,2026-04-10 04:51:32.092874,70.98,0.3733,37.0,4,74.79,5.0
7,2026-04-10 05:51:32.092874,71.1,0.2933,38.0,5,74.75,4.0
7,2026-04-10 06:51:32.092874,72.76,0.7433,39.0,6,74.7,3.0
7,2026-04-10 07:51:32.092874,74.12,1.0467,40.0,7,74.69,2.0
7,2026-04-10 08:51:32.092874,78.03,2.31,41.0,8,74.67,1.0
7,2026-04-10 09:51:32.092874,80.68,2.64,42.0,9,74.62,0.0
7,2026-04-10 23:51:32.092874,40.48,1.1533,13.0,23,74.25,24.0
7,2026-04-11 00:51:32.092874,40.96,0.9867,14.0,0,74.22,23.0
7,2026-04-11 01:51:32.092874,41.0,0.4567,15.0,1,74.18,22.0
7,2026-04-11 02:51:32.092874,41.47,0.33,16.0,2,74.14,21.0
7,2026-04-11 03:51:32.092874,41.6,0.2133,17.0,3,74.12,20.0
7,2026-04-11 04:51:32.092874,41.74,0.2467,18.0,4,74.08,19.0
7,2026-04-11 05:51:32.092874,41.99,0.1733,19.0,5,74.05,18.0
7,2026-04-11 06:51:32.092874,42.85,0.4167,20.0,6,74.03,17.0
7,2026-04-11 07:51:32.092874,43.81,0.69,21.0,7,73.98,16.0
7,2026-04-11 08:51:32.092874,47.85,1.9533,22.0,8,73.96,15.0
7,2026-04-11 09:51:32.092874,50.13,2.4267,23.0,9,73.92,14.0
7,2026-04-11 10:51:32.092874,53.37,3.1867,24.0,10,73.88,13.0
7,2026-04-11 11:51:32.092874,53.89,2.0133,25.0,11,73.86,12.0
7,2026-04-11 12:51:32.092874,58.1,2.6567,26.0,12,73.85,11.0
7,2026-04-11 13:51:32.092874,61.01,2.5467,27.0,13,73.82,10.0
7,2026-04-11 14:51:32.092874,63.64,3.25,28.0,14,73.79,9.0
7,2026-04-11 15:51:32.092874,64.79,2.23,29.0,15,73.76,8.0
7,2026-04-11 16:51:32.092874,66.12,1.7033,30.0,16,73.72,7.0
7,2026-04-11 17:51:32.092874,68.82,1.7267,31.0,17,73.7,6.0
7,2026-04-11 18:51:32.092874,71.78,2.33,32.0,18,73.65,5.0
7,2026-04-11 19:51:32.092874,75.34,3.0733,33.0,19,73.62,4.0
7,2026-04-11 20:51:32.092874,76.55,2.5767,34.0,20,73.58,3.0
7,2026-04-11 21:51:32.092874,77.54,1.92,35.0,21,73.57,2.0
7,2026-04-11 22:51:32.092874,79.48,1.38,36.0,22,73.54,1.0
7,2026-04-11 23:51:32.092874,81.33,1.5933,37.0,23,73.51,0.0
7,2026-04-12 18:51:32.092874,35.81,2.17,18.0,18,72.83,24.0
7,2026-04-12 19:51:32.092874,40.66,3.31,19.0,19,72.79,23.0
7,2026-04-12 20:51:32.092874,41.83,2.8967,20.0,20,72.78,22.0
7,2026-04-12 21:51:32.092874,42.95,2.38,21.0,21,72.74,21.0
7,2026-04-12 22:51:32.092874,44.76,1.3667,22.0,22,72.7,20.0
7,2026-04-12 23:51:32.092874,46.25,1.4733,23.0,23,72.69,19.0
7,2026-04-13 00:51:32.092874,46.34,1.13,24.0,0,72.68,18.0
7,2026-04-13 01:51:32.092874,46.4,0.5467,25.0,1,72.66,17.0
7,2026-04-13 02:51:32.092874,46.86,0.2033,26.0,2,72.63,16.0
7,2026-04-13 03:51:32.092874,47.04,0.2333,27.0,3,72.59,15.0
7,2026-04-13 04:51:32.092874,47.1,0.2333,28.0,4,72.56,14.0
7,2026-04-13 05:51:32.092874,47.34,0.16,29.0,5,72.52,13.0
7,2026-04-13 06:51:32.092874,49.21,0.7233,30.0,6,72.5,12.0
7,2026-04-13 07:51:32.092874,50.04,0.98,31.0,7,72.47,11.0
7,2026-04-13 08:51:32.092874,54.82,2.4933,32.0,8,72.44,10.0
7,2026-04-13 09:51:32.092874,57.68,2.8233,33.0,9,72.42,9.0
7,2026-04-13 10:51:32.092874,61.31,3.7567,34.0,10,72.38,8.0
7,2026-04-13 11:51:32.092874,62.44,2.54,35.0,11,72.35,7.0
7,2026-04-13 12:51:32.092874,67.29,3.2033,36.0,12,72.33,6.0
7,2026-04-13 13:51:32.092874,71.35,3.3467,37.0,13,72.28,5.0
7,2026-04-13 14:51:32.092874,74.08,3.88,38.0,14,72.26,4.0
7,2026-04-13 15:51:32.092874,74.73,2.48,39.0,15,72.23,3.0
7,2026-04-13 16:51:32.092874,75.65,1.4333,40.0,16,72.22,2.0
7,2026-04-13 17:51:32.092874,79.69,1.87,41.0,17,72.21,1.0
7,2026-04-13 18:51:32.092874,83.84,3.0367,42.0,18,72.19,0.0
7,2026-04-14 14:51:32.092874,40.86,3.1633,19.0,14,71.59,24.0
7,2026-04-14 15:51:32.092874,42.13,2.88,20.0,15,71.54,23.0
7,2026-04-14 16:51:32.092874,42.68,2.17,21.0,16,71.49,22.0
7,2026-04-14 17:51:32.092874,47.54,2.2267,22.0,17,71.47,21.0
7,2026-04-14 18:51:32.092874,50.01,2.6267,23.0,18,71.45,20.0
7,2026-04-14 19:51:32.092874,53.05,3.4567,24.0,19,71.43,19.0
7,2026-04-14 20:51:32.092874,53.96,2.14,25.0,20,71.39,18.0
7,2026-04-14 21:51:32.092874,54.86,1.6167,26.0,21,71.38,17.0
7,2026-04-14 22:51:32.092874,56.68,1.21,27.0,22,71.37,16.0
7,2026-04-14 23:51:32.092874,58.22,1.42,28.0,23,71.35,15.0
7,2026-04-15 00:51:32.092874,58.64,1.26,29.0,0,71.31,14.0
7,2026-04-15 01:51:32.092874,58.69,0.67,30.0,1,71.27,13.0
7,2026-04-15 02:51:32.092874,58.98,0.2533,31.0,2,71.25,12.0
7,2026-04-15 03:51:32.092874,59.02,0.1267,32.0,3,71.22,11.0
7,2026-04-15 04:51:32.092874,59.23,0.18,33.0,4,71.19,10.0
7,2026-04-15 05:51:32.092874,59.62,0.2133,34.0,5,71.16,9.0
7,2026-04-15 06:51:32.092874,60.43,0.47,35.0,6,71.12,8.0
7,2026-04-15 07:51:32.092874,61.92,0.8967,36.0,7,71.07,7.0
7,2026-04-15 08:51:32.092874,64.78,1.72,37.0,8,71.04,6.0
7,2026-04-15 09:51:32.092874,68.99,2.8533,38.0,9,71.0,5.0
7,2026-04-15 10:51:32.092874,71.15,3.0767,39.0,10,70.96,4.0
7,2026-04-15 11:51:32.092874,71.99,2.4033,40.0,11,70.91,3.0
7,2026-04-15 12:51:32.092874,74.65,1.8867,41.0,12,70.86,2.0
7,2026-04-15 13:51:32.092874,79.31,2.72,42.0,13,70.81,1.0
7,2026-04-15 14:51:32.092874,82.89,3.6333,43.0,14,70.78,0.0
7,2026-04-16 10:51:32.092874,37.33,3.5933,19.0,10,70.16,24.0
7,2026-04-16 11:51:32.092874,38.93,3.2967,20.0,11,70.12,23.0
7,2026-04-16 12:51:32.092874,43.88,3.4433,21.0,12,70.11,22.0
7,2026-04-16 13:51:32.092874,47.67,3.4467,22.0,13,70.06,21.0
7,2026-04-16 14:51:32.092874,51.23,4.1,23.0,14,70.05,20.0
7,2026-04-16 15:51:32.092874,52.6,2.9067,24.0,15,70.01,19.0
7,2026-04-16 16:51:32.092874,53.12,1.8167,25.0,16,69.96,18.0
7,2026-04-16 17:51:32.092874,56.77,1.8467,26.0,17,69.95,17.0
7,2026-04-16 18:51:32.092874,59.32,2.24,27.0,18,69.91,16.0
7,2026-04-16 19:51:32.092874,63.01,3.2967,28.0,19,69.89,15.0
7,2026-04-16 20:51:32.092874,63.88,2.37,29.0,20,69.85,14.0
7,2026-04-16 21:51:32.092874,65.67,2.1167,30.0,21,69.82,13.0
7,2026-04-16 22:51:32.092874,66.81,1.2667,31.0,22,69.8,12.0
7,2026-04-16 23:51:32.092874,68.02,1.38,32.0,23,69.78,11.0
7,2026-04-17 00:51:32.092874,68.02,0.7833,33.0,0,69.74,10.0
7,2026-04-17 01:51:32.092874,68.35,0.5133,34.0,1,69.7,9.0
7,2026-04-17 02:51:32.092874,68.68,0.22,35.0,2,69.66,8.0
7,2026-04-17 03:51:32.092874,69.06,0.3467,36.0,3,69.64,7.0
7,2026-04-17 04:51:32.092874,69.29,0.3133,37.0,4,69.61,6.0
7,2026-04-17 05:51:32.092874,69.43,0.25,38.0,5,69.59,5.0
7,2026-04-17 06:51:32.092874,71.33,0.7567,39.0,6,69.55,4.0
7,2026-04-17 07:51:32.092874,73.23,1.3133,40.0,7,69.54,3.0
7,2026-04-17 08:51:32.092874,75.73,2.1,41.0,8,69.5,2.0
7,2026-04-17 09:51:32.092874,78.51,2.3933,42.0,9,69.46,1.0
7,2026-04-17 10:51:32.092874,81.74,2.8367,43.0,10,69.42,0.0
7,2026-04-18 10:51:32.092874,42.55,3.38,23.0,10,68.64,24.0
7,2026-04-18 11:51:32.092874,43.94,2.65,24.0,11,68.6,23.0
7,2026-04-18 12:51:32.092874,46.87,2.4,25.0,12,68.56,22.0
7,2026-04-18 13:51:32.092874,48.88,2.11,26.0,13,68.53,21.0
7,2026-04-18 14:51:32.092874,51.5,2.52,27.0,14,68.51,20.0
7,2026-04-18 15:51:32.092874,52.51,1.88,28.0,15,68.47,19.0
7,2026-04-18 16:51:32.092874,53.58,1.5667,29.0,16,68.45,18.0
7,2026-04-18 17:51:32.092874,55.68,1.3933,30.0,17,68.43,17.0
7,2026-04-18 18:51:32.092874,59.99,2.4933,31.0,18,68.41,16.0
7,2026-04-18 19:51:32.092874,64.64,3.6867,32.0,19,68.38,15.0
7,2026-04-18 20:51:32.092874,65.28,3.2,33.0,20,68.33,14.0
7,2026-04-18 21:51:32.092874,67.25,2.42,34.0,21,68.31,13.0
7,2026-04-18 22:51:32.092874,68.28,1.2133,35.0,22,68.3,12.0
7,2026-04-18 23:51:32.092874,70.14,1.62,36.0,23,68.25,11.0
7,2026-04-19 00:51:32.092874,70.46,1.07,37.0,0,68.24,10.0
7,2026-04-19 01:51:32.092874,70.91,0.8767,38.0,1,68.2,9.0
7,2026-04-19 02:51:32.092874,71.21,0.3567,39.0,2,68.17,8.0
7,2026-04-19 03:51:32.092874,71.38,0.3067,40.0,3,68.16,7.0
7,2026-04-19 04:51:32.092874,71.46,0.1833,41.0,4,68.13,6.0
7,2026-04-19 05:51:32.092874,71.61,0.1333,42.0,5,68.1,5.0
7,2026-04-19 06:51:32.092874,72.43,0.35,43.0,6,68.06,4.0
7,2026-04-19 07:51:32.092874,74.23,0.9233,44.0,7,68.02,3.0
7,2026-04-19 08:51:32.092874,76.4,1.5967,45.0,8,67.98,2.0
7,2026-04-19 09:51:32.092874,79.73,2.4333,46.0,9,67.96,1.0
7,2026-04-19 10:51:32.092874,83.71,3.16,47.0,10,67.94,0.0
7,2026-04-19 22:51:32.092874,31.35,1.17,11.0,22,67.52,24.0
7,2026-04-19 23:51:32.092874,33.11,1.19,12.0,23,67.49,23.0
7,2026-04-20 00:51:32.092874,33.17,1.0267,13.0,0,67.45,22.0
7,2026-04-20 01:51:32.092874,33.3,0.65,14.0,1,67.42,21.0
7,2026-04-20 02:51:32.092874,33.71,0.2,15.0,2,67.37,20.0
7,2026-04-20 03:51:32.092874,33.84,0.2233,16.0,3,67.33,19.0
7,2026-04-20 04:51:32.092874,33.94,0.2133,17.0,4,67.32,18.0
7,2026-04-20 05:51:32.092874,34.26,0.1833,18.0,5,67.28,17.0
7,2026-04-20 06:51:32.092874,36.07,0.7433,19.0,6,67.26,16.0
7,2026-04-20 07:51:32.092874,36.64,0.9,20.0,7,67.21,15.0
7,2026-04-20 08:51:32.092874,38.75,1.4967,21.0,8,67.18,14.0
7,2026-04-20 09:51:32.092874,42.36,2.0967,22.0,9,67.17,13.0
7,2026-04-20 10:51:32.092874,46.7,3.3533,23.0,10,67.13,12.0
7,2026-04-20 11:51:32.092874,48.6,3.2833,24.0,11,67.11,11.0
7,2026-04-20 12:51:32.092874,53.13,3.59,25.0,12,67.08,10.0
7,2026-04-20 13:51:32.092874,56.81,3.37,26.0,13,67.04,9.0
7,2026-04-20 14:51:32.092874,60.13,3.8433,27.0,14,67.0,8.0
7,2026-04-20 15:51:32.092874,61.88,2.9167,28.0,15,66.95,7.0
7,2026-04-20 16:51:32.092874,62.45,1.88,29.0,16,66.92,6.0
7,2026-04-20 17:51:32.092874,67.1,2.3233,30.0,17,66.88,5.0
7,2026-04-20 18:51:32.092874,70.8,2.9733,31.0,18,66.85,4.0
7,2026-04-20 19:51:32.092874,75.77,4.44,32.0,19,66.8,3.0
7,2026-04-20 20:51:32.092874,77.26,3.3867,33.0,20,66.79,2.0
7,2026-04-20 21:51:32.092874,78.46,2.5533,34.0,21,66.74,1.0
7,2026-04-20 22:51:32.092874,80.11,1.4467,35.0,22,66.72,0.0
7,2026-04-21 13:51:32.092874,34.3,2.6833,14.0,13,66.23,24.0
7,2026-04-21 14:51:32.092874,38.46,3.4233,15.0,14,66.2,23.0
7,2026-04-21 15:51:32.092874,39.82,3.1333,16.0,15,66.15,22.0
7,2026-04-21 16:51:32.092874,41.34,2.3467,17.0,16,66.1,21.0
7,2026-04-21 17:51:32.092874,44.57,2.0367,18.0,17,66.07,20.0
7,2026-04-21 18:51:32.092874,48.59,2.9233,19.0,18,66.04,19.0
7,2026-04-21 19:51:32.092874,51.91,3.5233,20.0,19,66.01,18.0
7,2026-04-21 20:51:32.092874,52.86,2.7633,21.0,20,65.98,17.0
7,2026-04-21 21:51:32.092874,53.39,1.6,22.0,21,65.93,16.0
7,2026-04-21 22:51:32.092874,54.59,0.8933,23.0,22,65.92,15.0
7,2026-04-21 23:51:32.092874,55.34,0.8267,24.0,23,65.9,14.0
7,2026-04-22 00:51:32.092874,55.44,0.6833,25.0,0,65.89,13.0
7,2026-04-22 01:51:32.092874,55.86,0.4233,26.0,1,65.86,12.0
7,2026-04-22 02:51:32.092874,56.11,0.2567,27.0,2,65.84,11.0
7,2026-04-22 03:51:32.092874,56.42,0.3267,28.0,3,65.8,10.0
7,2026-04-22 04:51:32.092874,56.45,0.1967,29.0,4,65.77,9.0
7,2026-04-22 05:51:32.092874,56.5,0.13,30.0,5,65.76,8.0
7,2026-04-22 06:51:32.092874,58.33,0.6367,31.0,6,65.75,7.0
7,2026-04-22 07:51:32.092874,60.16,1.2367,32.0,7,65.72,6.0
7,2026-04-22 08:51:32.092874,63.51,2.3367,33.0,8,65.7,5.0
7,2026-04-22 09:51:32.092874,67.94,3.2033,34.0,9,65.67,4.0
7,2026-04-22 10:51:32.092874,72.42,4.0867,35.0,10,65.63,3.0
7,2026-04-22 11:51:32.092874,74.38,3.6233,36.0,11,65.6,2.0
7,2026-04-22 12:51:32.092874,77.56,3.2067,37.0,12,65.59,1.0
7,2026-04-22 13:51:32.092874,82.32,3.3,38.0,13,65.54,0.0
7,2026-04-23 09:51:32.092874,38.19,3.6167,19.0,9,64.96,24.0
7,2026-04-23 10:51:32.092874,41.15,3.96,20.0,10,64.92,23.0
7,2026-04-23 11:51:32.092874,42.06,2.6667,21.0,11,64.88,22.0
7,2026-04-23 12:51:32.092874,44.86,2.2233,22.0,12,64.84,21.0
7,2026-04-23 13:51:32.092874,49.22,2.69,23.0,13,64.8,20.0
7,2026-04-23 14:51:32.092874,53.77,3.9033,24.0,14,64.77,19.0
7,2026-04-23 15:51:32.092874,55.24,3.46,25.0,15,64.75,18.0
7,2026-04-23 16:51:32.092874,56.78,2.52,26.0,16,64.71,17.0
7,2026-04-23 17:51:32.092874,59.06,1.7633,27.0,17,64.68,16.0
7,2026-04-23 18:51:32.092874,61.22,1.9933,28.0,18,64.65,15.0
7,2026-04-23 19:51:32.092874,63.33,2.1833,29.0,19,64.64,14.0
7,2026-04-23 20:51:32.092874,64.41,1.7833,30.0,20,64.59,13.0
7,2026-04-23 21:51:32.092874,66.39,1.7233,31.0,21,64.58,12.0
7,2026-04-23 22:51:32.092874,68.21,1.6267,32.0,22,64.56,11.0
7,2026-04-23 23:51:32.092874,68.84,1.4767,33.0,23,64.52,10.0
7,2026-04-24 00:51:32.092874,69.1,0.9033,34.0,0,64.49,9.0
7,2026-04-24 01:51:32.092874,69.54,0.4433,35.0,1,64.46,8.0
7,2026-04-24 02:51:32.092874,69.56,0.24,36.0,2,64.44,7.0
7,2026-04-24 03:51:32.092874,69.89,0.2633,37.0,3,64.4,6.0
7,2026-04-24 04:51:32.092874,70.08,0.18,38.0,4,64.36,5.0
7,2026-04-24 05:51:32.092874,70.48,0.3067,39.0,5,64.33,4.0
7,2026-04-24 06:51:32.092874,72.23,0.78,40.0,6,64.29,3.0
7,2026-04-24 07:51:32.092874,73.6,1.1733,41.0,7,64.26,2.0
7,2026-04-24 08:51:32.092874,77.5,2.34,42.0,8,64.22,1.0
7,2026-04-24 09:51:32.092874,81.45,3.0733,43.0,9,64.17,0.0
7,2026-04-24 19:51:32.092874,37.65,2.9367,9.0,19,63.83,24.0
7,2026-04-24 20:51:32.092874,39.55,2.1967,10.0,20,63.82,23.0
7,2026-04-24 21:51:32.092874,41.16,1.8667,11.0,21,63.79,22.0
7,2026-04-24 22:51:32.092874,42.15,1.5,12.0,22,63.77,21.0
7,2026-04-24 23:51:32.092874,43.81,1.42,13.0,23,63.75,20.0
7,2026-04-25 00:51:32.092874,44.02,0.9533,14.0,0,63.71,19.0
7,2026-04-25 01:51:32.092874,44.5,0.7833,15.0,1,63.67,18.0
7,2026-04-25 02:51:32.092874,44.7,0.2967,16.0,2,63.66,17.0
7,2026-04-25 03:51:32.092874,45.01,0.33,17.0,3,63.64,16.0
7,2026-04-25 04:51:32.092874,45.2,0.2333,18.0,4,63.6,15.0
7,2026-04-25 05:51:32.092874,45.24,0.18,19.0,5,63.55,14.0
7,2026-04-25 06:51:32.092874,46.85,0.6133,20.0,6,63.52,13.0
7,2026-04-25 07:51:32.092874,47.78,0.86,21.0,7,63.49,12.0
7,2026-04-25 08:51:32.092874,51.43,2.0633,22.0,8,63.45,11.0
7,2026-04-25 09:51:32.092874,54.31,2.4867,23.0,9,63.41,10.0
7,2026-04-25 10:51:32.092874,56.41,2.8767,24.0,10,63.39,9.0
7,2026-04-25 11:51:32.092874,57.1,1.89,25.0,11,63.35,8.0
7,2026-04-25 12:51:32.092874,59.36,1.6833,26.0,12,63.3,7.0
7,2026-04-25 13:51:32.092874,62.94,2.1767,27.0,13,63.26,6.0
7,2026-04-25 14:51:32.092874,67.32,3.4067,28.0,14,63.25,5.0
7,2026-04-25 15:51:32.092874,67.82,2.82,29.0,15,63.21,4.0
7,2026-04-25 16:51:32.092874,68.49,1.85,30.0,16,63.19,3.0
7,2026-04-25 17:51:32.092874,72.83,1.8367,31.0,17,63.14,2.0
7,2026-04-25 18:51:32.092874,77.06,3.08,32.0,18,63.1,1.0
7,2026-04-25 19:51:32.092874,80.34,3.95,33.0,19,63.07,0.0
7,2026-04-26 13:51:32.092874,36.49,2.82,17.0,13,62.5,24.0
7,2026-04-26 14:51:32.092874,38.55,3.21,18.0,14,62.46,23.0
7,2026-04-26 15:51:32.092874,39.65,2.11,19.0,15,62.42,22.0
7,2026-04-26 16:51:32.092874,41.58,1.6967,20.0,16,62.4,21.0
7,2026-04-26 17:51:32.092874,46.19,2.5467,21.0,17,62.36,20.0
7,2026-04-26 18:51:32.092874,49.67,3.34,22.0,18,62.34,19.0
7,2026-04-26 19:51:32.092874,53.4,3.94,23.0,19,62.32,18.0
7,2026-04-26 20:51:32.092874,54.4,2.7367,24.0,20,62.28,17.0
7,2026-04-26 21:51:32.092874,56.06,2.13,25.0,21,62.25,16.0
7,2026-04-26 22:51:32.092874,56.73,1.11,26.0,22,62.21,15.0
7,2026-04-26 23:51:32.092874,58.59,1.3967,27.0,23,62.17,14.0
7,2026-04-27 00:51:32.092874,59.02,0.9867,28.0,0,62.14,13.0
7,2026-04-27 01:51:32.092874,59.06,0.7767,29.0,1,62.1,12.0
7,2026-04-27 02:51:32.092874,59.08,0.1633,30.0,2,62.08,11.0
7,2026-04-27 03:51:32.092874,59.58,0.1867,31.0,3,62.05,10.0
7,2026-04-27 04:51:32.092874,60.04,0.3267,32.0,4,62.03,9.0
7,2026-04-27 05:51:32.092874,60.34,0.42,33.0,5,62.0,8.0
7,2026-04-27 06:51:32.092874,61.3,0.5733,34.0,6,61.97,7.0
7,2026-04-27 07:51:32.092874,61.84,0.6,35.0,7,61.94,6.0
7,2026-04-27 08:51:32.092874,66.7,2.12,36.0,8,61.93,5.0
7,2026-04-27 09:51:32.092874,69.14,2.6133,37.0,9,61.92,4.0
7,2026-04-27 10:51:32.092874,72.62,3.5933,38.0,10,61.88,3.0
7,2026-04-27 11:51:32.092874,73.51,2.27,39.0,11,61.86,2.0
7,2026-04-27 12:51:32.092874,77.58,2.8133,40.0,12,61.85,1.0
7,2026-04-27 13:51:32.092874,82.02,3.1333,41.0,13,61.83,0.0
7,2026-04-28 08:51:32.092874,35.95,1.6133,18.0,8,61.35,24.0
7,2026-04-28 09:51:32.092874,40.94,3.0667,19.0,9,61.3,23.0
7,2026-04-28 10:51:32.092874,44.8,3.8367,20.0,10,61.28,22.0
7,2026-04-28 11:51:32.092874,46.7,3.5833,21.0,11,61.23,21.0
7,2026-04-28 12:51:32.092874,48.94,2.6667,22.0,12,61.19,20.0
7,2026-04-28 13:51:32.092874,53.11,2.77,23.0,13,61.16,19.0
7,2026-04-28 14:51:32.092874,57.41,3.57,24.0,14,61.15,18.0
7,2026-04-28 15:51:32.092874,58.22,3.0933,25.0,15,61.13,17.0
7,2026-04-28 16:51:32.092874,59.16,2.0167,26.0,16,61.1,16.0
7,2026-04-28 17:51:32.092874,63.08,1.89,27.0,17,61.08,15.0
7,2026-04-28 18:51:32.092874,66.76,2.8467,28.0,18,61.05,14.0
7,2026-04-28 19:51:32.092874,69.04,3.2933,29.0,19,61.01,13.0
7,2026-04-28 20:51:32.092874,69.71,2.21,30.0,20,60.96,12.0
7,2026-04-28 21:51:32.092874,71.54,1.5933,31.0,21,60.95,11.0
7,2026-04-28 22:51:32.092874,72.76,1.24,32.0,22,60.93,10.0
7,2026-04-28 23:51:32.092874,73.78,1.3567,33.0,23,60.92,9.0
7,2026-04-29 00:51:32.092874,73.87,0.7767,34.0,0,60.89,8.0
7,2026-04-29 01:51:32.092874,74.21,0.4833,35.0,1,60.84,7.0
7,2026-04-29 02:51:32.092874,74.49,0.2367,36.0,2,60.79,6.0
7,2026-04-29 03:51:32.092874,74.51,0.2133,37.0,3,60.77,5.0
7,2026-04-29 04:51:32.092874,74.99,0.26,38.0,4,60.76,4.0
7,2026-04-29 05:51:32.092874,75.17,0.2267,39.0,5,60.74,3.0
7,2026-04-29 06:51:32.092874,76.75,0.7467,40.0,6,60.7,2.0
7,2026-04-29 07:51:32.092874,77.95,0.9867,41.0,7,60.66,1.0
7,2026-04-29 08:51:32.092874,82.54,2.4567,42.0,8,60.64,0.0
7,2026-04-29 18:51:32.092874,33.27,2.9367,9.0,18,60.37,24.0
7,2026-04-29 19:51:32.092874,38.04,3.98,10.0,19,60.35,23.0
7,2026-04-29 20:51:32.092874,39.9,3.6667,11.0,20,60.34,22.0
7,2026-04-29 21:51:32.092874,41.23,2.6533,12.0,21,60.32,21.0
7,2026-04-29 22:51:32.092874,42.15,1.37,13.0,22,60.28,20.0
7,2026-04-29 23:51:32.092874,43.47,1.19,14.0,23,60.24,19.0
7,2026-04-30 00:51:32.092874,43.72,0.83,15.0,0,60.2,18.0
7,2026-04-30 01:51:32.092874,44.11,0.6533,16.0,1,60.17,17.0
7,2026-04-30 02:51:32.092874,44.49,0.34,17.0,2,60.16,16.0
7,2026-04-30 03:51:32.092874,44.5,0.26,18.0,3,60.14,15.0
7,2026-04-30 04:51:32.092874,44.71,0.2,19.0,4,60.13,14.0
7,2026-04-30 05:51:32.092874,45.14,0.2167,20.0,5,60.1,13.0
7,2026-04-30 06:51:32.092874,46.85,0.7833,21.0,6,60.07,12.0
7,2026-04-30 07:51:32.092874,48.1,1.13,22.0,7,60.02,11.0
7,2026-04-30 08:51:32.092874,53.02,2.6267,23.0,8,60.01,10.0
7,2026-04-30 09:51:32.092874,57.75,3.6333,24.0,9,59.97,9.0
7,2026-04-30 10:51:32.092874,61.51,4.47,25.0,10,59.96,8.0
7,2026-04-30 11:51:32.092874,62.09,3.0233,26.0,11,59.94,7.0
7,2026-04-30 12:51:32.092874,65.25,2.5,27.0,12,59.92,6.0
7,2026-04-30 13:51:32.092874,69.2,2.5633,28.0,13,59.89,5.0
7,2026-04-30 14:51:32.092874,72.36,3.4233,29.0,14,59.86,4.0
7,2026-04-30 15:51:32.092874,73.03,2.5933,30.0,15,59.82,3.0
7,2026-04-30 16:51:32.092874,74.45,1.75,31.0,16,59.79,2.0
7,2026-04-30 17:51:32.092874,77.37,1.67,32.0,17,59.76,1.0
7,2026-04-30 18:51:32.092874,80.05,2.34,33.0,18,59.72,0.0
7,2026-05-01 12:51:32.092874,34.45,2.5733,17.0,12,59.21,24.0
7,2026-05-01 13:51:32.092874,39.2,3.1267,18.0,13,59.2,23.0
7,2026-05-01 14:51:32.092874,43.1,3.8367,19.0,14,59.18,22.0
7,2026-05-01 15:51:32.092874,44.4,3.3167,20.0,15,59.13,21.0
7,2026-05-01 16:51:32.092874,45.81,2.2033,21.0,16,59.1,20.0
7,2026-05-01 17:51:32.092874,49.76,2.22,22.0,17,59.07,19.0
7,2026-05-01 18:51:32.092874,53.09,2.8967,23.0,18,59.05,18.0
7,2026-05-01 19:51:32.092874,57.9,4.03,24.0,19,59.02,17.0
7,2026-05-01 20:51:32.092874,58.77,3.0033,25.0,20,59.0,16.0
7,2026-05-01 21:51:32.092874,59.73,2.2133,26.0,21,58.99,15.0
7,2026-05-01 22:51:32.092874,61.4,1.1667,27.0,22,58.97,14.0
7,2026-05-01 23:51:32.092874,62.76,1.33,28.0,23,58.92,13.0
7,2026-05-02 00:51:32.092874,63.02,1.0967,29.0,0,58.88,12.0
7,2026-05-02 01:51:32.092874,63.22,0.6067,30.0,1,58.86,11.0
7,2026-05-02 02:51:32.092874,63.6,0.28,31.0,2,58.82,10.0
7,2026-05-02 03:51:32.092874,63.91,0.2967,32.0,3,58.8,9.0
7,2026-05-02 04:51:32.092874,63.99,0.2567,33.0,4,58.76,8.0
7,2026-05-02 05:51:32.092874,64.27,0.2233,34.0,5,58.71,7.0
7,2026-05-02 06:51:32.092874,65.82,0.6367,35.0,6,58.67,6.0
7,2026-05-02 07:51:32.092874,66.89,0.9667,36.0,7,58.65,5.0
7,2026-05-02 08:51:32.092874,70.46,2.0633,37.0,8,58.64,4.0
7,2026-05-02 09:51:32.092874,72.52,2.2333,38.0,9,58.6,3.0
7,2026-05-02 10:51:32.092874,77.4,3.5033,39.0,10,58.56,2.0
7,2026-05-02 11:51:32.092874,78.84,2.7933,40.0,11,58.51,1.0
7,2026-05-02 12:51:32.092874,81.59,3.0233,41.0,12,58.46,0.0
7,2026-05-03 06:51:32.092874,39.0,0.56,17.0,6,57.99,24.0
7,2026-05-03 07:51:32.092874,39.77,0.7933,18.0,7,57.96,23.0
7,2026-05-03 08:51:32.092874,43.68,2.02,19.0,8,57.94,22.0
7,2026-05-03 09:51:32.092874,45.84,2.28,20.0,9,57.93,21.0
7,2026-05-03 10:51:32.092874,49.68,3.3033,21.0,10,57.9,20.0
7,2026-05-03 11:51:32.092874,50.61,2.31,22.0,11,57.87,19.0
7,2026-05-03 12:51:32.092874,53.4,2.52,23.0,12,57.83,18.0
7,2026-05-03 13:51:32.092874,56.1,2.14,24.0,13,57.8,17.0
7,2026-05-03 14:51:32.092874,60.77,3.3867,25.0,14,57.79,16.0
7,2026-05-03 15:51:32.092874,61.69,2.7633,26.0,15,57.77,15.0
7,2026-05-03 16:51:32.092874,63.19,2.3633,27.0,16,57.75,14.0
7,2026-05-03 17:51:32.092874,67.46,2.23,28.0,17,57.73,13.0
7,2026-05-03 18:51:32.092874,69.59,2.6333,29.0,18,57.71,12.0
7,2026-05-03 19:51:32.092874,74.21,3.6733,30.0,19,57.66,11.0
7,2026-05-03 20:51:32.092874,75.76,2.7667,31.0,20,57.64,10.0
7,2026-05-03 21:51:32.092874,76.63,2.3467,32.0,21,57.6,9.0
7,2026-05-03 22:51:32.092874,77.13,0.9733,33.0,22,57.57,8.0
7,2026-05-03 23:51:32.092874,78.74,0.9933,34.0,23,57.53,7.0
7,2026-05-04 00:51:32.092874,78.82,0.73,35.0,0,57.5,6.0
7,2026-05-04 01:51:32.092874,79.15,0.6733,36.0,1,57.46,5.0
7,2026-05-04 02:51:32.092874,79.52,0.26,37.0,2,57.43,4.0
7,2026-05-04 03:51:32.092874,79.59,0.2567,38.0,3,57.4,3.0
7,2026-05-04 04:51:32.092874,79.81,0.22,39.0,4,57.36,2.0
7,2026-05-04 05:51:32.092874,79.83,0.1033,40.0,5,57.32,1.0
7,2026-05-04 06:51:32.092874,81.77,0.7267,41.0,6,57.27,0.0
7,2026-05-04 19:51:32.092874,35.81,3.2333,12.0,19,56.86,24.0
7,2026-05-04 20:51:32.092874,36.88,2.1,13.0,20,56.83,23.0
7,2026-05-04 21:51:32.092874,38.59,1.6067,14.0,21,56.81,22.0
7,2026-05-04 22:51:32.092874,39.26,1.15,15.0,22,56.79,21.0
7,2026-05-04 23:51:32.092874,40.94,1.3533,16.0,23,56.76,20.0
7,2026-05-05 00:51:32.092874,41.06,0.8233,17.0,0,56.74,19.0
7,2026-05-05 01:51:32.092874,41.09,0.61,18.0,1,56.71,18.0
7,2026-05-05 02:51:32.092874,41.27,0.11,19.0,2,56.7,17.0
7,2026-05-05 03:51:32.092874,41.38,0.1067,20.0,3,56.69,16.0
7,2026-05-05 04:51:32.092874,41.74,0.2167,21.0,4,56.68,15.0
7,2026-05-05 05:51:32.092874,42.18,0.3033,22.0,5,56.64,14.0
7,2026-05-05 06:51:32.092874,43.94,0.8533,23.0,6,56.61,13.0
7,2026-05-05 07:51:32.092874,45.74,1.3333,24.0,7,56.57,12.0
7,2026-05-05 08:51:32.092874,50.59,2.8033,25.0,8,56.54,11.0
7,2026-05-05 09:51:32.092874,55.13,3.73,26.0,9,56.53,10.0
7,2026-05-05 10:51:32.092874,59.94,4.7333,27.0,10,56.51,9.0
7,2026-05-05 11:51:32.092874,60.71,3.3733,28.0,11,56.49,8.0
7,2026-05-05 12:51:32.092874,64.07,2.98,29.0,12,56.46,7.0
7,2026-05-05 13:51:32.092874,66.27,2.11,30.0,13,56.44,6.0
7,2026-05-05 14:51:32.092874,71.14,3.4767,31.0,14,56.42,5.0
7,2026-05-05 15:51:32.092874,71.72,2.55,32.0,15,56.39,4.0
7,2026-05-05 16:51:32.092874,73.16,2.2967,33.0,16,56.37,3.0
7,2026-05-05 17:51:32.092874,75.26,1.3733,34.0,17,56.36,2.0
7,2026-05-05 18:51:32.092874,78.31,2.1967,35.0,18,56.34,1.0
7,2026-05-05 19:51:32.092874,81.6,2.8133,36.0,19,56.32,0.0
7,2026-05-06 14:51:32.092874,36.69,2.1833,18.0,14,55.77,24.0
7,2026-05-06 15:51:32.092874,37.22,1.6633,19.0,15,55.73,23.0
7,2026-05-06 16:51:32.092874,38.25,1.31,20.0,16,55.72,22.0
7,2026-05-06 17:51:32.092874,40.53,1.28,21.0,17,55.71,21.0
7,2026-05-06 18:51:32.092874,44.26,2.3467,22.0,18,55.68,20.0
7,2026-05-06 19:51:32.092874,48.97,3.5733,23.0,19,55.65,19.0
7,2026-05-06 20:51:32.092874,50.01,3.16,24.0,20,55.63,18.0
7,2026-05-06 21:51:32.092874,51.47,2.4033,25.0,21,55.61,17.0
7,2026-05-06 22:51:32.092874,52.71,1.2467,26.0,22,55.57,16.0
7,2026-05-06 23:51:32.092874,53.64,1.21,27.0,23,55.55,15.0
7,2026-05-07 00:51:32.092874,54.02,0.85,28.0,0,55.52,14.0
7,2026-05-07 01:51:32.092874,54.25,0.5133,29.0,1,55.49,13.0
7,2026-05-07 02:51:32.092874,54.53,0.2967,30.0,2,55.46,12.0
7,2026-05-07 03:51:32.092874,54.74,0.24,31.0,3,55.43,11.0
7,2026-05-07 04:51:32.092874,54.77,0.1733,32.0,4,55.41,10.0
7,2026-05-07 05:51:32.092874,54.83,0.1,33.0,5,55.39,9.0
7,2026-05-07 06:51:32.092874,56.67,0.6433,34.0,6,55.35,8.0
7,2026-05-07 07:51:32.092874,57.99,1.0733,35.0,7,55.31,7.0
7,2026-05-07 08:51:32.092874,61.32,2.1633,36.0,8,55.28,6.0
7,2026-05-07 09:51:32.092874,64.52,2.6167,37.0,9,55.27,5.0
7,2026-05-07 10:51:32.092874,69.45,3.82,38.0,10,55.23,4.0
7,2026-05-07 11:51:32.092874,70.79,3.1567,39.0,11,55.21,3.0
7,2026-05-07 12:51:32.092874,75.19,3.5567,40.0,12,55.18,2.0
7,2026-05-07 13:51:32.092874,78.72,3.09,41.0,13,55.14,1.0
7,2026-05-07 14:51:32.092874,83.38,4.1967,42.0,14,55.12,0.0
8,2026-03-09 10:51:32.116297,32.13,3.41,999.0,10,94.81,24.0
8,2026-03-09 11:51:32.116297,33.21,2.4667,999.0,11,94.8,23.0
8,2026-03-09 12:51:32.116297,35.6,2.59,999.0,12,94.78,22.0
8,2026-03-09 13:51:32.116297,39.3,2.39,999.0,13,94.73,21.0
8,2026-03-09 14:51:32.116297,43.9,3.5633,999.0,14,94.69,20.0
8,2026-03-09 15:51:32.116297,44.94,3.1133,999.0,15,94.66,19.0
8,2026-03-09 16:51:32.116297,46.38,2.36,999.0,16,94.62,18.0
8,2026-03-09 17:51:32.116297,50.33,2.1433,999.0,17,94.61,17.0
8,2026-03-09 18:51:32.116297,55.07,3.3767,999.0,18,94.58,16.0
8,2026-03-09 19:51:32.116297,59.04,4.22,999.0,19,94.54,15.0
8,2026-03-09 20:51:32.116297,60.13,3.2667,999.0,20,94.49,14.0
8,2026-03-09 21:51:32.116297,61.73,2.22,999.0,21,94.46,13.0
8,2026-03-09 22:51:32.116297,63.72,1.56,999.0,22,94.44,12.0
8,2026-03-09 23:51:32.116297,64.69,1.52,999.0,23,94.41,11.0
8,2026-03-10 00:51:32.116297,65.08,1.1167,999.0,0,94.38,10.0
8,2026-03-10 01:51:32.116297,65.31,0.53,999.0,1,94.35,9.0
8,2026-03-10 02:51:32.116297,65.65,0.32,999.0,2,94.31,8.0
8,2026-03-10 03:51:32.116297,65.9,0.2733,999.0,3,94.27,7.0
8,2026-03-10 04:51:32.116297,66.37,0.3533,999.0,4,94.24,6.0
8,2026-03-10 05:51:32.116297,66.53,0.2933,999.0,5,94.19,5.0
8,2026-03-10 06:51:32.116297,67.48,0.5267,999.0,6,94.18,4.0
8,2026-03-10 07:51:32.116297,68.97,0.8667,999.0,7,94.13,3.0
8,2026-03-10 08:51:32.116297,72.85,2.1067,999.0,8,94.08,2.0
8,2026-03-10 09:51:32.116297,77.76,3.4267,999.0,9,94.07,1.0
8,2026-03-10 10:51:32.116297,82.6,4.5433,999.0,10,94.05,0.0
8,2026-03-10 23:51:32.116297,37.55,1.24,12.0,23,93.67,24.0
8,2026-03-11 00:51:32.116297,37.93,0.7033,13.0,0,93.63,23.0
8,2026-03-11 01:51:32.116297,38.2,0.57,14.0,1,93.61,22.0
8,2026-03-11 02:51:32.116297,38.25,0.2333,15.0,2,93.58,21.0
8,2026-03-11 03:51:32.116297,38.61,0.2267,16.0,3,93.57,20.0
8,2026-03-11 04:51:32.116297,38.94,0.2467,17.0,4,93.54,19.0
8,2026-03-11 05:51:32.116297,38.96,0.2367,18.0,5,93.51,18.0
8,2026-03-11 06:51:32.116297,39.65,0.3467,19.0,6,93.5,17.0
8,2026-03-11 07:51:32.116297,41.49,0.85,20.0,7,93.47,16.0
8,2026-03-11 08:51:32.116297,45.43,2.1567,21.0,8,93.43,15.0
8,2026-03-11 09:51:32.116297,50.04,3.4633,22.0,9,93.4,14.0
8,2026-03-11 10:51:32.116297,54.14,4.2167,23.0,10,93.38,13.0
8,2026-03-11 11:51:32.116297,55.78,3.45,24.0,11,93.36,12.0
8,2026-03-11 12:51:32.116297,57.96,2.64,25.0,12,93.32,11.0
8,2026-03-11 13:51:32.116297,61.43,2.43,26.0,13,93.31,10.0
8,2026-03-11 14:51:32.116297,64.35,2.8567,27.0,14,93.28,9.0
8,2026-03-11 15:51:32.116297,65.38,2.4733,28.0,15,93.23,8.0
8,2026-03-11 16:51:32.116297,65.95,1.5067,29.0,16,93.21,7.0
8,2026-03-11 17:51:32.116297,69.59,1.7467,30.0,17,93.16,6.0
8,2026-03-11 18:51:32.116297,72.63,2.4167,31.0,18,93.12,5.0
8,2026-03-11 19:51:32.116297,75.59,3.2133,32.0,19,93.07,4.0
8,2026-03-11 20:51:32.116297,77.02,2.4767,33.0,20,93.04,3.0
8,2026-03-11 21:51:32.116297,78.49,1.9533,34.0,21,93.01,2.0
8,2026-03-11 22:51:32.116297,79.42,1.2767,35.0,22,92.97,1.0
8,2026-03-11 23:51:32.116297,80.46,1.1467,36.0,23,92.93,0.0
8,2026-03-12 15:51:32.116297,36.35,3.6067,15.0,15,92.5,24.0
8,2026-03-12 16:51:32.116297,38.05,2.8367,16.0,16,92.46,23.0
8,2026-03-12 17:51:32.116297,40.87,2.1133,17.0,17,92.44,22.0
8,2026-03-12 18:51:32.116297,44.04,2.5633,18.0,18,92.42,21.0
8,2026-03-12 19:51:32.116297,47.74,3.23,19.0,19,92.37,20.0
8,2026-03-12 20:51:32.116297,49.44,2.8567,20.0,20,92.34,19.0
8,2026-03-12 21:51:32.116297,51.09,2.35,21.0,21,92.32,18.0
8,2026-03-12 22:51:32.116297,52.75,1.67,22.0,22,92.29,17.0
8,2026-03-12 23:51:32.116297,54.55,1.7033,23.0,23,92.26,16.0
8,2026-03-13 00:51:32.116297,54.98,1.2967,24.0,0,92.23,15.0
8,2026-03-13 01:51:32.116297,55.38,0.8767,25.0,1,92.18,14.0
8,2026-03-13 02:51:32.116297,55.87,0.44,26.0,2,92.15,13.0
8,2026-03-13 03:51:32.116297,56.24,0.42,27.0,3,92.11,12.0
8,2026-03-13 04:51:32.116297,56.54,0.3867,28.0,4,92.09,11.0
8,2026-03-13 05:51:32.116297,56.75,0.2933,29.0,5,92.07,10.0
8,2026-03-13 06:51:32.116297,58.51,0.7567,30.0,6,92.05,9.0
8,2026-03-13 07:51:32.116297,60.0,1.1533,31.0,7,92.01,8.0
8,2026-03-13 08:51:32.116297,62.37,1.8733,32.0,8,91.97,7.0
8,2026-03-13 09:51:32.116297,66.96,2.8167,33.0,9,91.94,6.0
8,2026-03-13 10:51:32.116297,69.61,3.2033,34.0,10,91.93,5.0
8,2026-03-13 11:51:32.116297,71.13,2.92,35.0,11,91.9,4.0
8,2026-03-13 12:51:32.116297,74.51,2.5167,36.0,12,91.88,3.0
8,2026-03-13 13:51:32.116297,76.62,2.3367,37.0,13,91.85,2.0
8,2026-03-13 14:51:32.116297,79.77,2.88,38.0,14,91.81,1.0
8,2026-03-13 15:51:32.116297,81.17,2.22,39.0,15,91.77,0.0
8,2026-03-14 09:51:32.116297,34.86,2.3433,17.0,9,91.27,24.0
8,2026-03-14 10:51:32.116297,39.57,3.3233,18.0,10,91.23,23.0
8,2026-03-14 11:51:32.116297,40.88,2.82,19.0,11,91.19,22.0
8,2026-03-14 12:51:32.116297,43.26,2.8,20.0,12,91.16,21.0
8,2026-03-14 13:51:32.116297,46.58,2.3367,21.0,13,91.14,20.0
8,2026-03-14 14:51:32.116297,49.7,2.94,22.0,14,91.09,19.0
8,2026-03-14 15:51:32.116297,51.24,2.66,23.0,15,91.04,18.0
8,2026-03-14 16:51:32.116297,53.06,2.16,24.0,16,91.0,17.0
8,2026-03-14 17:51:32.116297,57.88,2.7267,25.0,17,90.99,16.0
8,2026-03-14 18:51:32.116297,61.29,3.35,26.0,18,90.94,15.0
8,2026-03-14 19:51:32.116297,64.25,3.73,27.0,19,90.93,14.0
8,2026-03-14 20:51:32.116297,66.13,2.75,28.0,20,90.9,13.0
8,2026-03-14 21:51:32.116297,67.14,1.95,29.0,21,90.86,12.0
8,2026-03-14 22:51:32.116297,68.26,1.3367,30.0,22,90.84,11.0
8,2026-03-14 23:51:32.116297,69.74,1.2033,31.0,23,90.81,10.0
8,2026-03-15 00:51:32.116297,70.19,1.0167,32.0,0,90.77,9.0
8,2026-03-15 01:51:32.116297,70.64,0.7933,33.0,1,90.74,8.0
8,2026-03-15 02:51:32.116297,70.69,0.3167,34.0,2,90.69,7.0
8,2026-03-15 03:51:32.116297,71.11,0.3067,35.0,3,90.65,6.0
8,2026-03-15 04:51:32.116297,71.15,0.17,36.0,4,90.61,5.0
8,2026-03-15 05:51:32.116297,71.16,0.1567,37.0,5,90.58,4.0
8,2026-03-15 06:51:32.116297,72.1,0.33,38.0,6,90.57,3.0
8,2026-03-15 07:51:32.116297,73.69,0.8467,39.0,7,90.52,2.0
8,2026-03-15 08:51:32.116297,77.73,2.19,40.0,8,90.51,1.0
8,2026-03-15 09:51:32.116297,81.52,3.14,41.0,9,90.48,0.0
8,2026-03-15 20:51:32.116297,37.71,2.5167,10.0,20,90.09,24.0
8,2026-03-15 21:51:32.116297,39.35,2.3367,11.0,21,90.06,23.0
8,2026-03-15 22:51:32.116297,41.32,1.74,12.0,22,90.02,22.0
8,2026-03-15 23:51:32.116297,43.15,1.8133,13.0,23,89.98,21.0
8,2026-03-16 00:51:32.116297,43.34,1.33,14.0,0,89.94,20.0
8,2026-03-16 01:51:32.116297,43.46,0.7133,15.0,1,89.9,19.0
8,2026-03-16 02:51:32.116297,43.94,0.2633,16.0,2,89.86,18.0
8,2026-03-16 03:51:32.116297,43.98,0.2133,17.0,3,89.83,17.0
8,2026-03-16 04:51:32.116297,44.14,0.2267,18.0,4,89.8,16.0
8,2026-03-16 05:51:32.116297,44.46,0.1733,19.0,5,89.76,15.0
8,2026-03-16 06:51:32.116297,46.4,0.8067,20.0,6,89.75,14.0
8,2026-03-16 07:51:32.116297,46.94,0.9333,21.0,7,89.7,13.0
8,2026-03-16 08:51:32.116297,50.41,1.9833,22.0,8,89.69,12.0
8,2026-03-16 09:51:32.116297,54.87,2.8233,23.0,9,89.67,11.0
8,2026-03-16 10:51:32.116297,58.29,3.7833,24.0,10,89.64,10.0
8,2026-03-16 11:51:32.116297,59.72,3.1033,25.0,11,89.61,9.0
8,2026-03-16 12:51:32.116297,61.82,2.3167,26.0,12,89.57,8.0
8,2026-03-16 13:51:32.116297,64.42,2.0433,27.0,13,89.53,7.0
8,2026-03-16 14:51:32.116297,68.02,2.7667,28.0,14,89.49,6.0
8,2026-03-16 15:51:32.116297,69.11,2.43,29.0,15,89.46,5.0
8,2026-03-16 16:51:32.116297,70.63,2.07,30.0,16,89.42,4.0
8,2026-03-16 17:51:32.116297,73.96,1.98,31.0,17,89.38,3.0
8,2026-03-16 18:51:32.116297,76.78,2.5567,32.0,18,89.35,2.0
8,2026-03-16 19:51:32.116297,79.05,2.8067,33.0,19,89.32,1.0
8,2026-03-16 20:51:32.116297,80.07,2.0367,34.0,20,89.27,0.0
8,2026-03-17 13:51:32.116297,37.44,3.53,16.0,13,88.84,24.0
8,2026-03-17 14:51:32.116297,39.94,3.9,17.0,14,88.8,23.0
8,2026-03-17 15:51:32.116297,40.49,2.5433,18.0,15,88.78,22.0
8,2026-03-17 16:51:32.116297,42.28,1.6133,19.0,16,88.76,21.0
8,2026-03-17 17:51:32.116297,45.81,1.9567,20.0,17,88.75,20.0
8,2026-03-17 18:51:32.116297,49.01,2.84,21.0,18,88.71,19.0
8,2026-03-17 19:51:32.116297,52.14,3.2867,22.0,19,88.66,18.0
8,2026-03-17 20:51:32.116297,53.88,2.69,23.0,20,88.63,17.0
8,2026-03-17 21:51:32.116297,55.65,2.2133,24.0,21,88.58,16.0
8,2026-03-17 22:51:32.116297,56.67,1.51,25.0,22,88.54,15.0
8,2026-03-17 23:51:32.116297,57.91,1.3433,26.0,23,88.49,14.0
8,2026-03-18 00:51:32.116297,58.21,0.8533,27.0,0,88.48,13.0
8,2026-03-18 01:51:32.116297,58.52,0.6167,28.0,1,88.46,12.0
8,2026-03-18 02:51:32.116297,58.86,0.3167,29.0,2,88.42,11.0
8,2026-03-18 03:51:32.116297,59.31,0.3667,30.0,3,88.4,10.0
8,2026-03-18 04:51:32.116297,59.45,0.31,31.0,4,88.36,9.0
8,2026-03-18 05:51:32.116297,59.85,0.33,32.0,5,88.33,8.0
8,2026-03-18 06:51:32.116297,60.61,0.4333,33.0,6,88.31,7.0
8,2026-03-18 07:51:32.116297,62.05,0.8667,34.0,7,88.28,6.0
8,2026-03-18 08:51:32.116297,66.73,2.2933,35.0,8,88.26,5.0
8,2026-03-18 09:51:32.116297,70.82,3.4033,36.0,9,88.23,4.0
8,2026-03-18 10:51:32.116297,75.27,4.4067,37.0,10,88.21,3.0
8,2026-03-18 11:51:32.116297,76.5,3.2567,38.0,11,88.16,2.0
8,2026-03-18 12:51:32.116297,79.36,2.8467,39.0,12,88.14,1.0
8,2026-03-18 13:51:32.116297,82.91,2.5467,40.0,13,88.1,0.0
8,2026-03-19 10:51:32.116297,40.0,2.3733,20.0,10,87.44,24.0
8,2026-03-19 11:51:32.116297,41.73,2.2367,21.0,11,87.42,23.0
8,2026-03-19 12:51:32.116297,44.18,2.23,22.0,12,87.4,22.0
8,2026-03-19 13:51:32.116297,47.02,2.34,23.0,13,87.38,21.0
8,2026-03-19 14:51:32.116297,50.06,2.7767,24.0,14,87.35,20.0
8,2026-03-19 15:51:32.116297,50.88,2.2333,25.0,15,87.3,19.0
8,2026-03-19 16:51:32.116297,52.37,1.7833,26.0,16,87.29,18.0
8,2026-03-19 17:51:32.116297,56.59,2.1767,27.0,17,87.28,17.0
8,2026-03-19 18:51:32.116297,58.66,2.5933,28.0,18,87.26,16.0
8,2026-03-19 19:51:32.116297,62.11,3.2467,29.0,19,87.25,15.0
8,2026-03-19 20:51:32.116297,63.02,2.1433,30.0,20,87.21,14.0
8,2026-03-19 21:51:32.116297,63.71,1.6833,31.0,21,87.17,13.0
8,2026-03-19 22:51:32.116297,64.43,0.7733,32.0,22,87.15,12.0
8,2026-03-19 23:51:32.116297,66.3,1.0933,33.0,23,87.11,11.0
8,2026-03-20 00:51:32.116297,66.31,0.8667,34.0,0,87.08,10.0
8,2026-03-20 01:51:32.116297,66.44,0.67,35.0,1,87.07,9.0
8,2026-03-20 02:51:32.116297,66.69,0.13,36.0,2,87.05,8.0
8,2026-03-20 03:51:32.116297,66.95,0.2133,37.0,3,87.0,7.0
8,2026-03-20 04:51:32.116297,67.4,0.32,38.0,4,86.96,6.0
8,2026-03-20 05:51:32.116297,67.6,0.3033,39.0,5,86.92,5.0
8,2026-03-20 06:51:32.116297,69.52,0.8567,40.0,6,86.88,4.0
8,2026-03-20 07:51:32.116297,70.96,1.1867,41.0,7,86.86,3.0
8,2026-03-20 08:51:32.116297,74.81,2.4033,42.0,8,86.81,2.0
8,2026-03-20 09:51:32.116297,79.76,3.4133,43.0,9,86.78,1.0
8,2026-03-20 10:51:32.116297,84.53,4.5233,44.0,10,86.74,0.0
8,2026-03-21 07:51:32.116297,35.36,0.76,20.0,7,86.11,24.0
8,2026-03-21 08:51:32.116297,38.37,1.64,21.0,8,86.07,23.0
8,2026-03-21 09:51:32.116297,42.87,2.6833,22.0,9,86.06,22.0
8,2026-03-21 10:51:32.116297,46.68,3.7733,23.0,10,86.03,21.0
8,2026-03-21 11:51:32.116297,48.58,3.4033,24.0,11,85.99,20.0
8,2026-03-21 12:51:32.116297,51.21,2.78,25.0,12,85.97,19.0
8,2026-03-21 13:51:32.116297,54.11,2.4767,26.0,13,85.93,18.0
8,2026-03-21 14:51:32.116297,58.81,3.41,27.0,14,85.89,17.0
8,2026-03-21 15:51:32.116297,60.49,3.0933,28.0,15,85.86,16.0
8,2026-03-21 16:51:32.116297,61.81,2.5667,29.0,16,85.83,15.0
8,2026-03-21 17:51:32.116297,64.76,1.9833,30.0,17,85.8,14.0
8,2026-03-21 18:51:32.116297,67.32,2.2767,31.0,18,85.78,13.0
8,2026-03-21 19:51:32.116297,71.88,3.3567,32.0,19,85.74,12.0
8,2026-03-21 20:51:32.116297,73.05,2.7633,33.0,20,85.73,11.0
8,2026-03-21 21:51:32.116297,74.08,2.2533,34.0,21,85.69,10.0
8,2026-03-21 22:51:32.116297,75.95,1.3567,35.0,22,85.67,9.0
8,2026-03-21 23:51:32.116297,77.09,1.3467,36.0,23,85.63,8.0
8,2026-03-22 00:51:32.116297,77.09,1.0033,37.0,0,85.6,7.0
8,2026-03-22 01:51:32.116297,77.57,0.54,38.0,1,85.57,6.0
8,2026-03-22 02:51:32.116297,78.01,0.3067,39.0,2,85.53,5.0
8,2026-03-22 03:51:32.116297,78.14,0.35,40.0,3,85.5,4.0
8,2026-03-22 04:51:32.116297,78.17,0.2,41.0,4,85.48,3.0
8,2026-03-22 05:51:32.116297,78.21,0.0667,42.0,5,85.44,2.0
8,2026-03-22 06:51:32.116297,79.45,0.4367,43.0,6,85.42,1.0
8,2026-03-22 07:51:32.116297,80.31,0.7133,44.0,7,85.4,0.0
8,2026-03-22 18:51:32.116297,40.27,3.1133,10.0,18,85.11,24.0
8,2026-03-22 19:51:32.116297,44.88,4.2333,11.0,19,85.07,23.0
8,2026-03-22 20:51:32.116297,46.75,3.19,12.0,20,85.05,22.0
8,2026-03-22 21:51:32.116297,47.33,2.3533,13.0,21,85.0,21.0
8,2026-03-22 22:51:32.116297,48.85,1.3233,14.0,22,84.97,20.0
8,2026-03-22 23:51:32.116297,49.92,1.0567,15.0,23,84.94,19.0
8,2026-03-23 00:51:32.116297,50.28,0.9833,16.0,0,84.9,18.0
8,2026-03-23 01:51:32.116297,50.6,0.5833,17.0,1,84.87,17.0
8,2026-03-23 02:51:32.116297,50.86,0.3133,18.0,2,84.84,16.0
8,2026-03-23 03:51:32.116297,51.33,0.35,19.0,3,84.8,15.0
8,2026-03-23 04:51:32.116297,51.79,0.3967,20.0,4,84.76,14.0
8,2026-03-23 05:51:32.116297,51.92,0.3533,21.0,5,84.75,13.0
8,2026-03-23 06:51:32.116297,53.38,0.6833,22.0,6,84.71,12.0
8,2026-03-23 07:51:32.116297,54.04,0.75,23.0,7,84.69,11.0
8,2026-03-23 08:51:32.116297,57.39,1.8233,24.0,8,84.67,10.0
8,2026-03-23 09:51:32.116297,61.12,2.58,25.0,9,84.63,9.0
8,2026-03-23 10:51:32.116297,63.78,3.2467,26.0,10,84.6,8.0
8,2026-03-23 11:51:32.116297,65.48,2.6967,27.0,11,84.57,7.0
8,2026-03-23 12:51:32.116297,69.06,2.6467,28.0,12,84.54,6.0
8,2026-03-23 13:51:32.116297,71.55,2.59,29.0,13,84.53,5.0
8,2026-03-23 14:51:32.116297,74.18,2.9,30.0,14,84.5,4.0
8,2026-03-23 15:51:32.116297,75.24,2.06,31.0,15,84.47,3.0
8,2026-03-23 16:51:32.116297,76.05,1.5,32.0,16,84.42,2.0
8,2026-03-23 17:51:32.116297,78.76,1.5267,33.0,17,84.39,1.0
8,2026-03-23 18:51:32.116297,83.48,2.7467,34.0,18,84.34,0.0
8,2026-03-24 15:51:32.116297,37.96,3.1733,20.0,15,83.61,24.0
8,2026-03-24 16:51:32.116297,38.94,2.2767,21.0,16,83.57,23.0
8,2026-03-24 17:51:32.116297,40.99,1.4233,22.0,17,83.53,22.0
8,2026-03-24 18:51:32.116297,44.57,2.2033,23.0,18,83.51,21.0
8,2026-03-24 19:51:32.116297,47.56,2.8733,24.0,19,83.48,20.0
8,2026-03-24 20:51:32.116297,49.31,2.7733,25.0,20,83.47,19.0
8,2026-03-24 21:51:32.116297,50.2,1.8767,26.0,21,83.43,18.0
8,2026-03-24 22:51:32.116297,51.44,1.2933,27.0,22,83.39,17.0
8,2026-03-24 23:51:32.116297,52.62,1.1033,28.0,23,83.34,16.0
8,2026-03-25 00:51:32.116297,52.82,0.8733,29.0,0,83.33,15.0
8,2026-03-25 01:51:32.116297,52.96,0.5067,30.0,1,83.31,14.0
8,2026-03-25 02:51:32.116297,53.21,0.1967,31.0,2,83.29,13.0
8,2026-03-25 03:51:32.116297,53.34,0.1733,32.0,3,83.28,12.0
8,2026-03-25 04:51:32.116297,53.68,0.24,33.0,4,83.26,11.0
8,2026-03-25 05:51:32.116297,53.95,0.2467,34.0,5,83.23,10.0
8,2026-03-25 06:51:32.116297,54.53,0.3967,35.0,6,83.19,9.0
8,2026-03-25 07:51:32.116297,56.1,0.8067,36.0,7,83.18,8.0
8,2026-03-25 08:51:32.116297,59.1,1.7167,37.0,8,83.17,7.0
8,2026-03-25 09:51:32.116297,62.21,2.56,38.0,9,83.14,6.0
8,2026-03-25 10:51:32.116297,64.37,2.7567,39.0,10,83.1,5.0
8,2026-03-25 11:51:32.116297,66.33,2.41,40.0,11,83.08,4.0
8,2026-03-25 12:51:32.116297,69.81,2.5333,41.0,12,83.06,3.0
8,2026-03-25 13:51:32.116297,74.33,3.32,42.0,13,83.04,2.0
8,2026-03-25 14:51:32.116297,78.6,4.09,43.0,14,83.02,1.0
8,2026-03-25 15:51:32.116297,80.1,3.43,44.0,15,83.01,0.0
8,2026-03-26 09:51:32.116297,36.94,2.59,17.0,9,82.48,24.0
8,2026-03-26 10:51:32.116297,40.27,3.2767,18.0,10,82.44,23.0
8,2026-03-26 11:51:32.116297,42.14,2.5267,19.0,11,82.41,22.0
8,2026-03-26 12:51:32.116297,45.45,2.8367,20.0,12,82.39,21.0
8,2026-03-26 13:51:32.116297,49.65,3.1267,21.0,13,82.35,20.0
8,2026-03-26 14:51:32.116297,53.45,3.77,22.0,14,82.32,19.0
8,2026-03-26 15:51:32.116297,54.69,3.08,23.0,15,82.27,18.0
8,2026-03-26 16:51:32.116297,56.02,2.1233,24.0,16,82.25,17.0
8,2026-03-26 17:51:32.116297,59.4,1.9833,25.0,17,82.23,16.0
8,2026-03-26 18:51:32.116297,63.48,2.93,26.0,18,82.2,15.0
8,2026-03-26 19:51:32.116297,67.9,3.96,27.0,19,82.16,14.0
8,2026-03-26 20:51:32.116297,68.91,3.17,28.0,20,82.15,13.0
8,2026-03-26 21:51:32.116297,69.62,2.0467,29.0,21,82.13,12.0
8,2026-03-26 22:51:32.116297,70.27,0.79,30.0,22,82.11,11.0
8,2026-03-26 23:51:32.116297,71.16,0.75,31.0,23,82.1,10.0
8,2026-03-27 00:51:32.116297,71.2,0.5267,32.0,0,82.09,9.0
8,2026-03-27 01:51:32.116297,71.66,0.4633,33.0,1,82.07,8.0
8,2026-03-27 02:51:32.116297,71.68,0.1733,34.0,2,82.04,7.0
8,2026-03-27 03:51:32.116297,72.07,0.29,35.0,3,82.01,6.0
8,2026-03-27 04:51:32.116297,72.18,0.1733,36.0,4,81.98,5.0
8,2026-03-27 05:51:32.116297,72.45,0.2567,37.0,5,81.97,4.0
8,2026-03-27 06:51:32.116297,73.38,0.4367,38.0,6,81.94,3.0
8,2026-03-27 07:51:32.116297,74.8,0.8733,39.0,7,81.89,2.0
8,2026-03-27 08:51:32.116297,77.83,1.7933,40.0,8,81.86,1.0
8,2026-03-27 09:51:32.116297,81.99,2.87,41.0,9,81.85,0.0
8,2026-03-27 18:51:32.116297,35.33,2.9533,8.0,18,81.56,24.0
8,2026-03-27 19:51:32.116297,37.51,3.11,9.0,19,81.54,23.0
8,2026-03-27 20:51:32.116297,39.33,2.2967,10.0,20,81.52,22.0
8,2026-03-27 21:51:32.116297,40.9,1.8567,11.0,21,81.51,21.0
8,2026-03-27 22:51:32.116297,42.19,1.56,12.0,22,81.48,20.0
8,2026-03-27 23:51:32.116297,43.38,1.35,13.0,23,81.45,19.0
8,2026-03-28 00:51:32.116297,43.79,0.9633,14.0,0,81.4,18.0
8,2026-03-28 01:51:32.116297,44.09,0.6333,15.0,1,81.38,17.0
8,2026-03-28 02:51:32.116297,44.52,0.38,16.0,2,81.34,16.0
8,2026-03-28 03:51:32.116297,44.76,0.3233,17.0,3,81.33,15.0
8,2026-03-28 04:51:32.116297,45.08,0.33,18.0,4,81.29,14.0
8,2026-03-28 05:51:32.116297,45.55,0.3433,19.0,5,81.24,13.0
8,2026-03-28 06:51:32.116297,46.72,0.6533,20.0,6,81.23,12.0
8,2026-03-28 07:51:32.116297,48.2,1.04,21.0,7,81.19,11.0
8,2026-03-28 08:51:32.116297,53.05,2.5,22.0,8,81.15,10.0
8,2026-03-28 09:51:32.116297,55.37,2.8833,23.0,9,81.11,9.0
8,2026-03-28 10:51:32.116297,59.71,3.8367,24.0,10,81.09,8.0
8,2026-03-28 11:51:32.116297,60.3,2.4167,25.0,11,81.07,7.0
8,2026-03-28 12:51:32.116297,64.2,2.9433,26.0,12,81.03,6.0
8,2026-03-28 13:51:32.116297,68.54,2.9433,27.0,13,81.01,5.0
8,2026-03-28 14:51:32.116297,71.45,3.7167,28.0,14,80.99,4.0
8,2026-03-28 15:51:32.116297,72.32,2.7067,29.0,15,80.96,3.0
8,2026-03-28 16:51:32.116297,73.73,1.73,30.0,16,80.92,2.0
8,2026-03-28 17:51:32.116297,75.75,1.4333,31.0,17,80.91,1.0
8,2026-03-28 18:51:32.116297,80.46,2.7133,32.0,18,80.89,0.0
8,2026-03-29 16:51:32.116297,36.56,2.0033,21.0,16,80.23,24.0
8,2026-03-29 17:51:32.116297,38.85,1.8333,22.0,17,80.2,23.0
8,2026-03-29 18:51:32.116297,41.32,2.0933,23.0,18,80.16,22.0
8,2026-03-29 19:51:32.116297,45.59,3.01,24.0,19,80.13,21.0
8,2026-03-29 20:51:32.116297,46.82,2.6567,25.0,20,80.12,20.0
8,2026-03-29 21:51:32.116297,48.7,2.46,26.0,21,80.1,19.0
8,2026-03-29 22:51:32.116297,50.57,1.66,27.0,22,80.07,18.0
8,2026-03-29 23:51:32.116297,52.54,1.9067,28.0,23,80.04,17.0
8,2026-03-30 00:51:32.116297,52.92,1.4067,29.0,0,80.01,16.0
8,2026-03-30 01:51:32.116297,53.26,0.8967,30.0,1,79.99,15.0
8,2026-03-30 02:51:32.116297,53.56,0.34,31.0,2,79.95,14.0
8,2026-03-30 03:51:32.116297,53.63,0.2367,32.0,3,79.92,13.0
8,2026-03-30 04:51:32.116297,54.04,0.26,33.0,4,79.88,12.0
8,2026-03-30 05:51:32.116297,54.23,0.2233,34.0,5,79.86,11.0
8,2026-03-30 06:51:32.116297,55.48,0.6167,35.0,6,79.85,10.0
8,2026-03-30 07:51:32.116297,56.5,0.82,36.0,7,79.8,9.0
8,2026-03-30 08:51:32.116297,59.47,1.7467,37.0,8,79.77,8.0
8,2026-03-30 09:51:32.116297,62.41,2.31,38.0,9,79.75,7.0
8,2026-03-30 10:51:32.116297,65.43,2.9767,39.0,10,79.72,6.0
8,2026-03-30 11:51:32.116297,66.99,2.5067,40.0,11,79.71,5.0
8,2026-03-30 12:51:32.116297,69.21,2.2667,41.0,12,79.67,4.0
8,2026-03-30 13:51:32.116297,74.14,2.9033,42.0,13,79.66,3.0
8,2026-03-30 14:51:32.116297,78.31,3.7733,43.0,14,79.63,2.0
8,2026-03-30 15:51:32.116297,79.38,3.39,44.0,15,79.58,1.0
8,2026-03-30 16:51:32.116297,81.08,2.3133,45.0,16,79.57,0.0
8,2026-03-31 08:51:32.116297,34.78,2.5767,15.0,8,79.06,24.0
8,2026-03-31 09:51:32.116297,37.56,3.0933,16.0,9,79.04,23.0
8,2026-03-31 10:51:32.116297,41.97,3.9933,17.0,10,79.02,22.0
8,2026-03-31 11:51:32.116297,43.34,2.8533,18.0,11,78.99,21.0
8,2026-03-31 12:51:32.116297,46.26,2.9,19.0,12,78.96,20.0
8,2026-03-31 13:51:32.116297,49.61,2.5467,20.0,13,78.95,19.0
8,2026-03-31 14:51:32.116297,53.1,3.2533,21.0,14,78.93,18.0
8,2026-03-31 15:51:32.116297,54.17,2.6367,22.0,15,78.92,17.0
8,2026-03-31 16:51:32.116297,55.63,2.0067,23.0,16,78.91,16.0
8,2026-03-31 17:51:32.116297,60.11,2.3367,24.0,17,78.89,15.0
8,2026-03-31 18:51:32.116297,63.05,2.96,25.0,18,78.86,14.0
8,2026-03-31 19:51:32.116297,67.31,3.8933,26.0,19,78.81,13.0
8,2026-03-31 20:51:32.116297,69.22,3.0367,27.0,20,78.79,12.0
8,2026-03-31 21:51:32.116297,69.83,2.26,28.0,21,78.75,11.0
8,2026-03-31 22:51:32.116297,70.99,1.2267,29.0,22,78.72,10.0
8,2026-03-31 23:51:32.116297,72.72,1.1667,30.0,23,78.7,9.0
8,2026-04-01 00:51:32.116297,73.2,1.1233,31.0,0,78.68,8.0
8,2026-04-01 01:51:32.116297,73.7,0.9033,32.0,1,78.63,7.0
8,2026-04-01 02:51:32.116297,74.14,0.4733,33.0,2,78.6,6.0
8,2026-04-01 03:51:32.116297,74.33,0.3767,34.0,3,78.58,5.0
8,2026-04-01 04:51:32.116297,74.44,0.2467,35.0,4,78.54,4.0
8,2026-04-01 05:51:32.116297,74.84,0.2333,36.0,5,78.49,3.0
8,2026-04-01 06:51:32.116297,76.01,0.56,37.0,6,78.46,2.0
8,2026-04-01 07:51:32.116297,76.79,0.7833,38.0,7,78.43,1.0
8,2026-04-01 08:51:32.116297,80.73,1.9633,39.0,8,78.39,0.0
8,2026-04-01 18:51:32.116297,35.32,2.83,9.0,18,78.14,24.0
8,2026-04-01 19:51:32.116297,37.52,3.1067,10.0,19,78.12,23.0
8,2026-04-01 20:51:32.116297,39.4,2.0967,11.0,20,78.07,22.0
8,2026-04-01 21:51:32.116297,40.6,1.76,12.0,21,78.04,21.0
8,2026-04-01 22:51:32.116297,42.1,1.5267,13.0,22,78.01,20.0
8,2026-04-01 23:51:32.116297,43.99,1.53,14.0,23,77.96,19.0
8,2026-04-02 00:51:32.116297,44.38,1.26,15.0,0,77.93,18.0
8,2026-04-02 01:51:32.116297,44.47,0.79,16.0,1,77.88,17.0
8,2026-04-02 02:51:32.116297,44.74,0.25,17.0,2,77.85,16.0
8,2026-04-02 03:51:32.116297,45.15,0.2567,18.0,3,77.8,15.0
8,2026-04-02 04:51:32.116297,45.47,0.3333,19.0,4,77.75,14.0
8,2026-04-02 05:51:32.116297,45.93,0.3967,20.0,5,77.73,13.0
8,2026-04-02 06:51:32.116297,47.45,0.7667,21.0,6,77.69,12.0
8,2026-04-02 07:51:32.116297,48.82,1.1167,22.0,7,77.67,11.0
8,2026-04-02 08:51:32.116297,51.64,1.9033,23.0,8,77.62,10.0
8,2026-04-02 09:51:32.116297,56.35,2.9667,24.0,9,77.59,9.0
8,2026-04-02 10:51:32.116297,58.59,3.2567,25.0,10,77.57,8.0
8,2026-04-02 11:51:32.116297,60.38,2.9133,26.0,11,77.52,7.0
8,2026-04-02 12:51:32.116297,63.98,2.5433,27.0,12,77.48,6.0
8,2026-04-02 13:51:32.116297,67.67,3.0267,28.0,13,77.45,5.0
8,2026-04-02 14:51:32.116297,70.22,3.28,29.0,14,77.44,4.0
8,2026-04-02 15:51:32.116297,71.66,2.56,30.0,15,77.39,3.0
8,2026-04-02 16:51:32.116297,72.56,1.63,31.0,16,77.35,2.0
8,2026-04-02 17:51:32.116297,77.41,2.3967,32.0,17,77.32,1.0
8,2026-04-02 18:51:32.116297,80.69,3.01,33.0,18,77.31,0.0
8,2026-04-03 13:51:32.116297,39.72,2.75,18.0,13,76.67,24.0
8,2026-04-03 14:51:32.116297,42.99,3.5333,19.0,14,76.63,23.0
8,2026-04-03 15:51:32.116297,44.35,3.1667,20.0,15,76.61,22.0
8,2026-04-03 16:51:32.116297,46.06,2.1133,21.0,16,76.6,21.0
8,2026-04-03 17:51:32.116297,48.42,1.81,22.0,17,76.56,20.0
8,2026-04-03 18:51:32.116297,50.69,2.1133,23.0,18,76.55,19.0
8,2026-04-03 19:51:32.116297,53.08,2.34,24.0,19,76.53,18.0
8,2026-04-03 20:51:32.116297,54.3,1.96,25.0,20,76.49,17.0
8,2026-04-03 21:51:32.116297,55.64,1.65,26.0,21,76.47,16.0
8,2026-04-03 22:51:32.116297,56.68,1.2,27.0,22,76.44,15.0
8,2026-04-03 23:51:32.116297,57.9,1.2,28.0,23,76.43,14.0
8,2026-04-04 00:51:32.116297,57.91,0.7567,29.0,0,76.4,13.0
8,2026-04-04 01:51:32.116297,58.31,0.5433,30.0,1,76.39,12.0
8,2026-04-04 02:51:32.116297,58.71,0.27,31.0,2,76.38,11.0
8,2026-04-04 03:51:32.116297,59.08,0.39,32.0,3,76.33,10.0
8,2026-04-04 04:51:32.116297,59.25,0.3133,33.0,4,76.3,9.0
8,2026-04-04 05:51:32.116297,59.71,0.3333,34.0,5,76.28,8.0
8,2026-04-04 06:51:32.116297,60.73,0.55,35.0,6,76.23,7.0
8,2026-04-04 07:51:32.116297,61.66,0.8033,36.0,7,76.21,6.0
8,2026-04-04 08:51:32.116297,66.34,2.21,37.0,8,76.2,5.0
8,2026-04-04 09:51:32.116297,69.16,2.81,38.0,9,76.18,4.0
8,2026-04-04 10:51:32.116297,71.94,3.4267,39.0,10,76.17,3.0
8,2026-04-04 11:51:32.116297,72.84,2.1667,40.0,11,76.15,2.0
8,2026-04-04 12:51:32.116297,76.71,2.5167,41.0,12,76.11,1.0
8,2026-04-04 13:51:32.116297,80.21,2.7567,42.0,13,76.08,0.0
8,2026-04-05 08:51:32.116297,37.49,2.49,18.0,8,75.58,24.0
8,2026-04-05 09:51:32.116297,39.63,2.5767,19.0,9,75.55,23.0
8,2026-04-05 10:51:32.116297,42.08,2.8867,20.0,10,75.52,22.0
8,2026-04-05 11:51:32.116297,43.26,1.9233,21.0,11,75.49,21.0
8,2026-04-05 12:51:32.116297,46.72,2.3633,22.0,12,75.48,20.0
8,2026-04-05 13:51:32.116297,50.16,2.6933,23.0,13,75.44,19.0
8,2026-04-05 14:51:32.116297,54.91,3.8833,24.0,14,75.43,18.0
8,2026-04-05 15:51:32.116297,56.21,3.1633,25.0,15,75.4,17.0
8,2026-04-05 16:51:32.116297,58.16,2.6667,26.0,16,75.38,16.0
8,2026-04-05 17:51:32.116297,60.34,1.81,27.0,17,75.37,15.0
8,2026-04-05 18:51:32.116297,63.68,2.49,28.0,18,75.36,14.0
8,2026-04-05 19:51:32.116297,68.63,3.49,29.0,19,75.32,13.0
8,2026-04-05 20:51:32.116297,70.46,3.3733,30.0,20,75.3,12.0
8,2026-04-05 21:51:32.116297,71.53,2.6167,31.0,21,75.27,11.0
8,2026-04-05 22:51:32.116297,73.17,1.5133,32.0,22,75.24,10.0
8,2026-04-05 23:51:32.116297,74.43,1.3233,33.0,23,75.21,9.0
8,2026-04-06 00:51:32.116297,74.56,1.01,34.0,0,75.18,8.0
8,2026-04-06 01:51:32.116297,74.93,0.5867,35.0,1,75.16,7.0
8,2026-04-06 02:51:32.116297,75.35,0.3067,36.0,2,75.12,6.0
8,2026-04-06 03:51:32.116297,75.6,0.3467,37.0,3,75.11,5.0
8,2026-04-06 04:51:32.116297,75.67,0.2467,38.0,4,75.06,4.0
8,2026-04-06 05:51:32.116297,76.01,0.22,39.0,5,75.03,3.0
8,2026-04-06 06:51:32.116297,76.63,0.3433,40.0,6,74.99,2.0
8,2026-04-06 07:51:32.116297,77.86,0.73,41.0,7,74.97,1.0
8,2026-04-06 08:51:32.116297,80.04,1.3433,42.0,8,74.94,0.0
8,2026-04-06 19:51:32.116297,39.63,3.3433,10.0,19,74.55,24.0
8,2026-04-06 20:51:32.116297,40.31,2.24,11.0,20,74.52,23.0
8,2026-04-06 21:51:32.116297,42.27,1.96,12.0,21,74.49,22.0
8,2026-04-06 22:51:32.116297,43.94,1.4367,13.0,22,74.45,21.0
8,2026-04-06 23:51:32.116297,44.93,1.54,14.0,23,74.42,20.0
8,2026-04-07 00:51:32.116297,45.06,0.93,15.0,0,74.37,19.0
8,2026-04-07 01:51:32.116297,45.07,0.3767,16.0,1,74.35,18.0
8,2026-04-07 02:51:32.116297,45.24,0.1033,17.0,2,74.32,17.0
8,2026-04-07 03:51:32.116297,45.45,0.13,18.0,3,74.31,16.0
8,2026-04-07 04:51:32.116297,45.86,0.2633,19.0,4,74.28,15.0
8,2026-04-07 05:51:32.116297,46.33,0.3633,20.0,5,74.26,14.0
8,2026-04-07 06:51:32.116297,47.8,0.7833,21.0,6,74.24,13.0
8,2026-04-07 07:51:32.116297,49.28,1.14,22.0,7,74.22,12.0
8,2026-04-07 08:51:32.116297,53.43,2.3667,23.0,8,74.19,11.0
8,2026-04-07 09:51:32.116297,56.15,2.7833,24.0,9,74.17,10.0
8,2026-04-07 10:51:32.116297,59.48,3.4,25.0,10,74.14,9.0
8,2026-04-07 11:51:32.116297,61.24,2.6033,26.0,11,74.1,8.0
8,2026-04-07 12:51:32.116297,65.48,3.11,27.0,12,74.08,7.0
8,2026-04-07 13:51:32.116297,68.14,2.8867,28.0,13,74.04,6.0
8,2026-04-07 14:51:32.116297,70.31,3.0233,29.0,14,74.0,5.0
8,2026-04-07 15:51:32.116297,71.23,1.9167,30.0,15,73.97,4.0
8,2026-04-07 16:51:32.116297,72.69,1.5167,31.0,16,73.94,3.0
8,2026-04-07 17:51:32.116297,75.83,1.84,32.0,17,73.92,2.0
8,2026-04-07 18:51:32.116297,78.06,2.2767,33.0,18,73.87,1.0
8,2026-04-07 19:51:32.116297,81.55,2.9533,34.0,19,73.85,0.0
8,2026-04-08 13:51:32.116297,35.78,2.5833,17.0,13,73.34,24.0
8,2026-04-08 14:51:32.116297,38.95,3.4133,18.0,14,73.3,23.0
8,2026-04-08 15:51:32.116297,40.91,3.1633,19.0,15,73.25,22.0
8,2026-04-08 16:51:32.116297,42.12,2.1133,20.0,16,73.23,21.0
8,2026-04-08 17:51:32.116297,44.83,1.96,21.0,17,73.21,20.0
8,2026-04-08 18:51:32.116297,48.74,2.61,22.0,18,73.17,19.0
8,2026-04-08 19:51:32.116297,51.94,3.2733,23.0,19,73.13,18.0
8,2026-04-08 20:51:32.116297,53.02,2.73,24.0,20,73.11,17.0
8,2026-04-08 21:51:32.116297,54.0,1.7533,25.0,21,73.1,16.0
8,2026-04-08 22:51:32.116297,55.33,1.13,26.0,22,73.07,15.0
8,2026-04-08 23:51:32.116297,57.1,1.36,27.0,23,73.03,14.0
8,2026-04-09 00:51:32.116297,57.14,1.0467,28.0,0,73.02,13.0
8,2026-04-09 01:51:32.116297,57.49,0.72,29.0,1,72.99,12.0
8,2026-04-09 02:51:32.116297,57.61,0.17,30.0,2,72.95,11.0
8,2026-04-09 03:51:32.116297,57.94,0.2667,31.0,3,72.94,10.0
8,2026-04-09 04:51:32.116297,58.37,0.2933,32.0,4,72.92,9.0
8,2026-04-09 05:51:32.116297,58.63,0.34,33.0,5,72.9,8.0
8,2026-04-09 06:51:32.116297,60.46,0.84,34.0,6,72.88,7.0
8,2026-04-09 07:51:32.116297,61.31,0.98,35.0,7,72.84,6.0
8,2026-04-09 08:51:32.116297,65.64,2.3367,36.0,8,72.8,5.0
8,2026-04-09 09:51:32.116297,69.75,3.0967,37.0,9,72.78,4.0
8,2026-04-09 10:51:32.116297,74.64,4.4433,38.0,10,72.76,3.0
8,2026-04-09 11:51:32.116297,75.8,3.3867,39.0,11,72.75,2.0
8,2026-04-09 12:51:32.116297,78.37,2.8733,40.0,12,72.73,1.0
8,2026-04-09 13:51:32.116297,83.29,2.8833,41.0,13,72.72,0.0
8,2026-04-10 09:51:32.116297,37.91,3.34,19.0,9,72.12,24.0
8,2026-04-10 10:51:32.116297,40.06,3.64,20.0,10,72.07,23.0
8,2026-04-10 11:51:32.116297,40.93,2.6033,21.0,11,72.03,22.0
8,2026-04-10 12:51:32.116297,43.1,1.73,22.0,12,72.02,21.0
8,2026-04-10 13:51:32.116297,47.68,2.54,23.0,13,71.99,20.0
8,2026-04-10 14:51:32.116297,52.11,3.7267,24.0,14,71.95,19.0
8,2026-04-10 15:51:32.116297,54.02,3.64,25.0,15,71.92,18.0
8,2026-04-10 16:51:32.116297,55.57,2.63,26.0,16,71.89,17.0
8,2026-04-10 17:51:32.116297,59.59,2.4933,27.0,17,71.86,16.0
8,2026-04-10 18:51:32.116297,63.08,3.02,28.0,18,71.82,15.0
8,2026-04-10 19:51:32.116297,65.48,3.3033,29.0,19,71.77,14.0
8,2026-04-10 20:51:32.116297,67.13,2.5133,30.0,20,71.75,13.0
8,2026-04-10 21:51:32.116297,68.87,1.93,31.0,21,71.72,12.0
8,2026-04-10 22:51:32.116297,70.2,1.5733,32.0,22,71.71,11.0
8,2026-04-10 23:51:32.116297,72.13,1.6667,33.0,23,71.67,10.0
8,2026-04-11 00:51:32.116297,72.32,1.15,34.0,0,71.63,9.0
8,2026-04-11 01:51:32.116297,72.46,0.7533,35.0,1,71.59,8.0
8,2026-04-11 02:51:32.116297,72.93,0.2667,36.0,2,71.58,7.0
8,2026-04-11 03:51:32.116297,73.22,0.3,37.0,3,71.54,6.0
8,2026-04-11 04:51:32.116297,73.23,0.2567,38.0,4,71.52,5.0
8,2026-04-11 05:51:32.116297,73.33,0.1333,39.0,5,71.49,4.0
8,2026-04-11 06:51:32.116297,74.28,0.3533,40.0,6,71.47,3.0
8,2026-04-11 07:51:32.116297,75.37,0.7133,41.0,7,71.46,2.0
8,2026-04-11 08:51:32.116297,78.8,1.8233,42.0,8,71.41,1.0
8,2026-04-11 09:51:32.116297,81.85,2.5233,43.0,9,71.38,0.0
8,2026-04-11 19:51:32.116297,32.91,3.8167,9.0,19,71.07,24.0
8,2026-04-11 20:51:32.116297,34.71,3.3233,10.0,20,71.05,23.0
8,2026-04-11 21:51:32.116297,36.64,2.6533,11.0,21,71.04,22.0
8,2026-04-11 22:51:32.116297,38.12,1.7367,12.0,22,71.02,21.0
8,2026-04-11 23:51:32.116297,38.92,1.4033,13.0,23,70.99,20.0
8,2026-04-12 00:51:32.116297,39.2,0.8533,14.0,0,70.94,19.0
8,2026-04-12 01:51:32.116297,39.68,0.52,15.0,1,70.93,18.0
8,2026-04-12 02:51:32.116297,40.17,0.4167,16.0,2,70.9,17.0
8,2026-04-12 03:51:32.116297,40.43,0.41,17.0,3,70.87,16.0
8,2026-04-12 04:51:32.116297,40.57,0.2967,18.0,4,70.84,15.0
8,2026-04-12 05:51:32.116297,41.0,0.2767,19.0,5,70.83,14.0
8,2026-04-12 06:51:32.116297,42.67,0.7467,20.0,6,70.79,13.0
8,2026-04-12 07:51:32.116297,44.42,1.2833,21.0,7,70.76,12.0
8,2026-04-12 08:51:32.116297,49.27,2.7567,22.0,8,70.75,11.0
8,2026-04-12 09:51:32.116297,52.28,3.2033,23.0,9,70.7,10.0
8,2026-04-12 10:51:32.116297,56.93,4.17,24.0,10,70.68,9.0
8,2026-04-12 11:51:32.116297,58.64,3.1233,25.0,11,70.64,8.0
8,2026-04-12 12:51:32.116297,61.19,2.97,26.0,12,70.63,7.0
8,2026-04-12 13:51:32.116297,63.41,2.16,27.0,13,70.58,6.0
8,2026-04-12 14:51:32.116297,67.69,3.0167,28.0,14,70.54,5.0
8,2026-04-12 15:51:32.116297,68.47,2.4267,29.0,15,70.51,4.0
8,2026-04-12 16:51:32.116297,70.26,2.2833,30.0,16,70.47,3.0
8,2026-04-12 17:51:32.116297,74.17,2.16,31.0,17,70.46,2.0
8,2026-04-12 18:51:32.116297,77.39,2.9733,32.0,18,70.45,1.0
8,2026-04-12 19:51:32.116297,81.15,3.63,33.0,19,70.4,0.0
8,2026-04-13 14:51:32.116297,39.65,3.5867,18.0,14,69.79,24.0
8,2026-04-13 15:51:32.116297,41.16,2.5,19.0,15,69.78,23.0
8,2026-04-13 16:51:32.116297,42.36,1.6167,20.0,16,69.74,22.0
8,2026-04-13 17:51:32.116297,47.01,2.4533,21.0,17,69.7,21.0
8,2026-04-13 18:51:32.116297,49.63,2.8233,22.0,18,69.66,20.0
8,2026-04-13 19:51:32.116297,52.33,3.3233,23.0,19,69.63,19.0
8,2026-04-13 20:51:32.116297,53.11,2.0333,24.0,20,69.62,18.0
8,2026-04-13 21:51:32.116297,54.03,1.4667,25.0,21,69.6,17.0
8,2026-04-13 22:51:32.116297,55.86,1.1767,26.0,22,69.56,16.0
8,2026-04-13 23:51:32.116297,56.6,1.1633,27.0,23,69.51,15.0
8,2026-04-14 00:51:32.116297,56.71,0.8933,28.0,0,69.49,14.0
8,2026-04-14 01:51:32.116297,56.8,0.3133,29.0,1,69.45,13.0
8,2026-04-14 02:51:32.116297,57.18,0.1933,30.0,2,69.4,12.0
8,2026-04-14 03:51:32.116297,57.35,0.2133,31.0,3,69.38,11.0
8,2026-04-14 04:51:32.116297,57.61,0.27,32.0,4,69.33,10.0
8,2026-04-14 05:51:32.116297,57.79,0.2033,33.0,5,69.32,9.0
8,2026-04-14 06:51:32.116297,59.57,0.74,34.0,6,69.31,8.0
8,2026-04-14 07:51:32.116297,60.62,1.0033,35.0,7,69.28,7.0
8,2026-04-14 08:51:32.116297,64.38,2.1967,36.0,8,69.24,6.0
8,2026-04-14 09:51:32.116297,66.99,2.4733,37.0,9,69.21,5.0
8,2026-04-14 10:51:32.116297,69.67,3.0167,38.0,10,69.18,4.0
8,2026-04-14 11:51:32.116297,70.19,1.9367,39.0,11,69.16,3.0
8,2026-04-14 12:51:32.116297,73.63,2.2133,40.0,12,69.14,2.0
8,2026-04-14 13:51:32.116297,77.43,2.5867,41.0,13,69.09,1.0
8,2026-04-14 14:51:32.116297,81.01,3.6067,42.0,14,69.07,0.0
8,2026-04-15 10:51:32.116297,40.77,3.9,19.0,10,68.41,24.0
8,2026-04-15 11:51:32.116297,41.85,3.1367,20.0,11,68.38,23.0
8,2026-04-15 12:51:32.116297,45.23,3.0167,21.0,12,68.34,22.0
8,2026-04-15 13:51:32.116297,47.93,2.3867,22.0,13,68.3,21.0
8,2026-04-15 14:51:32.116297,52.25,3.4667,23.0,14,68.27,20.0
8,2026-04-15 15:51:32.116297,53.67,2.8133,24.0,15,68.24,19.0
8,2026-04-15 16:51:32.116297,54.47,2.18,25.0,16,68.19,18.0
8,2026-04-15 17:51:32.116297,56.87,1.54,26.0,17,68.18,17.0
8,2026-04-15 18:51:32.116297,60.19,2.1733,27.0,18,68.15,16.0
8,2026-04-15 19:51:32.116297,63.13,2.8867,28.0,19,68.14,15.0
8,2026-04-15 20:51:32.116297,64.27,2.4667,29.0,20,68.11,14.0
8,2026-04-15 21:51:32.116297,66.26,2.0233,30.0,21,68.09,13.0
8,2026-04-15 22:51:32.116297,67.26,1.3767,31.0,22,68.08,12.0
8,2026-04-15 23:51:32.116297,68.59,1.44,32.0,23,68.06,11.0
8,2026-04-16 00:51:32.116297,68.76,0.8333,33.0,0,68.03,10.0
8,2026-04-16 01:51:32.116297,68.8,0.5133,34.0,1,68.01,9.0
8,2026-04-16 02:51:32.116297,68.97,0.1267,35.0,2,67.98,8.0
8,2026-04-16 03:51:32.116297,69.16,0.1333,36.0,3,67.96,7.0
8,2026-04-16 04:51:32.116297,69.43,0.21,37.0,4,67.91,6.0
8,2026-04-16 05:51:32.116297,69.76,0.2633,38.0,5,67.87,5.0
8,2026-04-16 06:51:32.116297,70.36,0.4,39.0,6,67.83,4.0
8,2026-04-16 07:51:32.116297,72.34,0.97,40.0,7,67.82,3.0
8,2026-04-16 08:51:32.116297,75.75,1.9967,41.0,8,67.78,2.0
8,2026-04-16 09:51:32.116297,78.68,2.7733,42.0,9,67.73,1.0
8,2026-04-16 10:51:32.116297,80.99,2.8833,43.0,10,67.72,0.0
8,2026-04-16 23:51:32.116297,39.55,1.42,12.0,23,67.33,24.0
8,2026-04-17 00:51:32.116297,39.93,1.0067,13.0,0,67.31,23.0
8,2026-04-17 01:51:32.116297,40.3,0.63,14.0,1,67.29,22.0
8,2026-04-17 02:51:32.116297,40.52,0.3233,15.0,2,67.25,21.0
8,2026-04-17 03:51:32.116297,40.77,0.28,16.0,3,67.23,20.0
8,2026-04-17 04:51:32.116297,41.14,0.28,17.0,4,67.2,19.0
8,2026-04-17 05:51:32.116297,41.41,0.2967,18.0,5,67.18,18.0
8,2026-04-17 06:51:32.116297,43.04,0.7567,19.0,6,67.17,17.0
8,2026-04-17 07:51:32.116297,44.43,1.0967,20.0,7,67.16,16.0
8,2026-04-17 08:51:32.116297,46.61,1.7333,21.0,8,67.14,15.0
8,2026-04-17 09:51:32.116297,49.29,2.0833,22.0,9,67.11,14.0
8,2026-04-17 10:51:32.116297,52.62,2.73,23.0,10,67.07,13.0
8,2026-04-17 11:51:32.116297,53.46,2.2833,24.0,11,67.05,12.0
8,2026-04-17 12:51:32.116297,56.39,2.3667,25.0,12,67.01,11.0
8,2026-04-17 13:51:32.116297,60.15,2.51,26.0,13,66.96,10.0
8,2026-04-17 14:51:32.116297,63.74,3.4267,27.0,14,66.95,9.0
8,2026-04-17 15:51:32.116297,64.69,2.7667,28.0,15,66.91,8.0
8,2026-04-17 16:51:32.116297,66.55,2.1333,29.0,16,66.89,7.0
8,2026-04-17 17:51:32.116297,69.18,1.8133,30.0,17,66.86,6.0
8,2026-04-17 18:51:32.116297,73.27,2.86,31.0,18,66.84,5.0
8,2026-04-17 19:51:32.116297,75.74,3.0633,32.0,19,66.81,4.0
8,2026-04-17 20:51:32.116297,77.24,2.6867,33.0,20,66.78,3.0
8,2026-04-17 21:51:32.116297,78.12,1.6167,34.0,21,66.76,2.0
8,2026-04-17 22:51:32.116297,79.33,1.1967,35.0,22,66.74,1.0
8,2026-04-17 23:51:32.116297,80.93,1.23,36.0,23,66.72,0.0
8,2026-04-18 14:51:32.116297,38.92,3.7133,14.0,14,66.27,24.0
8,2026-04-18 15:51:32.116297,39.57,2.46,15.0,15,66.23,23.0
8,2026-04-18 16:51:32.116297,40.13,1.87,16.0,16,66.2,22.0
8,2026-04-18 17:51:32.116297,44.42,1.8333,17.0,17,66.17,21.0
8,2026-04-18 18:51:32.116297,47.47,2.6333,18.0,18,66.14,20.0
8,2026-04-18 19:51:32.116297,50.1,3.3233,19.0,19,66.11,19.0
8,2026-04-18 20:51:32.116297,51.92,2.5,20.0,20,66.07,18.0
8,2026-04-18 21:51:32.116297,52.67,1.7333,21.0,21,66.05,17.0
8,2026-04-18 22:51:32.116297,53.21,1.0367,22.0,22,66.03,16.0
8,2026-04-18 23:51:32.116297,55.13,1.07,23.0,23,65.99,15.0
8,2026-04-19 00:51:32.116297,55.3,0.8767,24.0,0,65.97,14.0
8,2026-04-19 01:51:32.116297,55.38,0.7233,25.0,1,65.94,13.0
8,2026-04-19 02:51:32.116297,55.5,0.1233,26.0,2,65.91,12.0
8,2026-04-19 03:51:32.116297,55.62,0.1067,27.0,3,65.86,11.0
8,2026-04-19 04:51:32.116297,55.89,0.17,28.0,4,65.83,10.0
8,2026-04-19 05:51:32.116297,56.28,0.26,29.0,5,65.79,9.0
8,2026-04-19 06:51:32.116297,57.88,0.7533,30.0,6,65.76,8.0
8,2026-04-19 07:51:32.116297,58.69,0.9333,31.0,7,65.75,7.0
8,2026-04-19 08:51:32.116297,63.11,2.2767,32.0,8,65.73,6.0
8,2026-04-19 09:51:32.116297,66.82,2.98,33.0,9,65.7,5.0
8,2026-04-19 10:51:32.116297,70.44,3.9167,34.0,10,65.69,4.0
8,2026-04-19 11:51:32.116297,71.99,2.96,35.0,11,65.66,3.0
8,2026-04-19 12:51:32.116297,76.32,3.1667,36.0,12,65.62,2.0
8,2026-04-19 13:51:32.116297,79.45,3.0033,37.0,13,65.58,1.0
8,2026-04-19 14:51:32.116297,83.19,3.7333,38.0,14,65.55,0.0
8,2026-04-19 23:51:32.116297,28.4,1.5967,8.0,23,65.31,24.0
8,2026-04-20 00:51:32.116297,28.78,1.28,9.0,0,65.28,23.0
8,2026-04-20 01:51:32.116297,29.1,0.8567,10.0,1,65.24,22.0
8,2026-04-20 02:51:32.116297,29.6,0.4,11.0,2,65.19,21.0
8,2026-04-20 03:51:32.116297,29.97,0.3967,12.0,3,65.17,20.0
8,2026-04-20 04:51:32.116297,30.2,0.3667,13.0,4,65.14,19.0
8,2026-04-20 05:51:32.116297,30.57,0.3233,14.0,5,65.09,18.0
8,2026-04-20 06:51:32.116297,31.38,0.47,15.0,6,65.05,17.0
8,2026-04-20 07:51:32.116297,33.13,0.9767,16.0,7,65.02,16.0
8,2026-04-20 08:51:32.116297,35.86,1.7633,17.0,8,65.0,15.0
8,2026-04-20 09:51:32.116297,40.09,2.9033,18.0,9,64.97,14.0
8,2026-04-20 10:51:32.116297,43.03,3.3,19.0,10,64.93,13.0
8,2026-04-20 11:51:32.116297,44.67,2.9367,20.0,11,64.91,12.0
8,2026-04-20 12:51:32.116297,47.89,2.6,21.0,12,64.89,11.0
8,2026-04-20 13:51:32.116297,51.59,2.8533,22.0,13,64.87,10.0
8,2026-04-20 14:51:32.116297,56.39,3.9067,23.0,14,64.83,9.0
8,2026-04-20 15:51:32.116297,58.27,3.46,24.0,15,64.79,8.0
8,2026-04-20 16:51:32.116297,59.93,2.78,25.0,16,64.77,7.0
8,2026-04-20 17:51:32.116297,63.91,2.5067,26.0,17,64.75,6.0
8,2026-04-20 18:51:32.116297,68.91,3.5467,27.0,18,64.73,5.0
8,2026-04-20 19:51:32.116297,73.75,4.6067,28.0,19,64.69,4.0
8,2026-04-20 20:51:32.116297,75.69,3.9267,29.0,20,64.66,3.0
8,2026-04-20 21:51:32.116297,76.95,2.68,30.0,21,64.62,2.0
8,2026-04-20 22:51:32.116297,78.91,1.72,31.0,22,64.57,1.0
8,2026-04-20 23:51:32.116297,80.82,1.71,32.0,23,64.54,0.0
8,2026-04-21 17:51:32.116297,36.41,1.6267,17.0,17,64.11,24.0
8,2026-04-21 18:51:32.116297,41.4,2.9133,18.0,18,64.09,23.0
8,2026-04-21 19:51:32.116297,43.74,3.3367,19.0,19,64.06,22.0
8,2026-04-21 20:51:32.116297,44.3,2.63,20.0,20,64.05,21.0
8,2026-04-21 21:51:32.116297,45.95,1.5167,21.0,21,64.03,20.0
8,2026-04-21 22:51:32.116297,46.74,1.0,22.0,22,64.0,19.0
8,2026-04-21 23:51:32.116297,48.1,1.2667,23.0,23,63.98,18.0
8,2026-04-22 00:51:32.116297,48.32,0.79,24.0,0,63.93,17.0
8,2026-04-22 01:51:32.116297,48.42,0.56,25.0,1,63.92,16.0
8,2026-04-22 02:51:32.116297,48.71,0.2033,26.0,2,63.89,15.0
8,2026-04-22 03:51:32.116297,49.21,0.2967,27.0,3,63.87,14.0
8,2026-04-22 04:51:32.116297,49.44,0.34,28.0,4,63.86,13.0
8,2026-04-22 05:51:32.116297,49.44,0.2433,29.0,5,63.83,12.0
8,2026-04-22 06:51:32.116297,50.87,0.5533,30.0,6,63.78,11.0
8,2026-04-22 07:51:32.116297,51.84,0.8,31.0,7,63.76,10.0
8,2026-04-22 08:51:32.116297,55.0,1.8533,32.0,8,63.73,9.0
8,2026-04-22 09:51:32.116297,59.55,2.8933,33.0,9,63.68,8.0
8,2026-04-22 10:51:32.116297,63.11,3.7567,34.0,10,63.65,7.0
8,2026-04-22 11:51:32.116297,63.9,2.9667,35.0,11,63.63,6.0
8,2026-04-22 12:51:32.116297,68.31,2.92,36.0,12,63.61,5.0
8,2026-04-22 13:51:32.116297,70.91,2.6,37.0,13,63.57,4.0
8,2026-04-22 14:51:32.116297,75.46,3.8533,38.0,14,63.53,3.0
8,2026-04-22 15:51:32.116297,76.41,2.7,39.0,15,63.49,2.0
8,2026-04-22 16:51:32.116297,78.35,2.48,40.0,16,63.46,1.0
8,2026-04-22 17:51:32.116297,81.07,1.87,41.0,17,63.41,0.0
8,2026-04-23 12:51:32.116297,33.52,2.0,18.0,12,62.79,24.0
8,2026-04-23 13:51:32.116297,37.47,2.48,19.0,13,62.77,23.0
8,2026-04-23 14:51:32.116297,41.5,3.42,20.0,14,62.76,22.0
8,2026-04-23 15:51:32.116297,42.11,2.8633,21.0,15,62.71,21.0
8,2026-04-23 16:51:32.116297,43.62,2.05,22.0,16,62.69,20.0
8,2026-04-23 17:51:32.116297,47.05,1.85,23.0,17,62.67,19.0
8,2026-04-23 18:51:32.116297,52.03,3.3067,24.0,18,62.63,18.0
8,2026-04-23 19:51:32.116297,56.97,4.45,25.0,19,62.61,17.0
8,2026-04-23 20:51:32.116297,57.75,3.5667,26.0,20,62.57,16.0
8,2026-04-23 21:51:32.116297,59.56,2.51,27.0,21,62.53,15.0
8,2026-04-23 22:51:32.116297,60.89,1.3067,28.0,22,62.52,14.0
8,2026-04-23 23:51:32.116297,62.8,1.6833,29.0,23,62.48,13.0
8,2026-04-24 00:51:32.116297,62.94,1.1267,30.0,0,62.46,12.0
8,2026-04-24 01:51:32.116297,63.38,0.83,31.0,1,62.42,11.0
8,2026-04-24 02:51:32.116297,63.67,0.29,32.0,2,62.39,10.0
8,2026-04-24 03:51:32.116297,63.84,0.3,33.0,3,62.38,9.0
8,2026-04-24 04:51:32.116297,64.33,0.3167,34.0,4,62.36,8.0
8,2026-04-24 05:51:32.116297,64.56,0.2967,35.0,5,62.32,7.0
8,2026-04-24 06:51:32.116297,65.08,0.4133,36.0,6,62.29,6.0
8,2026-04-24 07:51:32.116297,66.08,0.5833,37.0,7,62.24,5.0
8,2026-04-24 08:51:32.116297,70.19,1.8767,38.0,8,62.21,4.0
8,2026-04-24 09:51:32.116297,73.84,2.92,39.0,9,62.18,3.0
8,2026-04-24 10:51:32.116297,77.23,3.7167,40.0,10,62.15,2.0
8,2026-04-24 11:51:32.116297,78.33,2.7133,41.0,11,62.11,1.0
8,2026-04-24 12:51:32.116297,80.52,2.2267,42.0,12,62.09,0.0
8,2026-04-25 05:51:32.116297,35.5,0.28,16.0,5,61.64,24.0
8,2026-04-25 06:51:32.116297,37.36,0.74,17.0,6,61.59,23.0
8,2026-04-25 07:51:32.116297,39.3,1.2767,18.0,7,61.54,22.0
8,2026-04-25 08:51:32.116297,42.63,2.3767,19.0,8,61.5,21.0
8,2026-04-25 09:51:32.116297,47.09,3.2433,20.0,9,61.48,20.0
8,2026-04-25 10:51:32.116297,50.97,3.89,21.0,10,61.44,19.0
8,2026-04-25 11:51:32.116297,52.31,3.2267,22.0,11,61.42,18.0
8,2026-04-25 12:51:32.116297,56.11,3.0067,23.0,12,61.37,17.0
8,2026-04-25 13:51:32.116297,58.41,2.48,24.0,13,61.32,16.0
8,2026-04-25 14:51:32.116297,62.47,3.3867,25.0,14,61.3,15.0
8,2026-04-25 15:51:32.116297,63.91,2.6,26.0,15,61.28,14.0
8,2026-04-25 16:51:32.116297,64.48,2.0233,27.0,16,61.24,13.0
8,2026-04-25 17:51:32.116297,67.53,1.6867,28.0,17,61.21,12.0
8,2026-04-25 18:51:32.116297,70.51,2.2,29.0,18,61.19,11.0
8,2026-04-25 19:51:32.116297,74.33,3.2833,30.0,19,61.15,10.0
8,2026-04-25 20:51:32.116297,74.89,2.4533,31.0,20,61.11,9.0
8,2026-04-25 21:51:32.116297,75.97,1.82,32.0,21,61.08,8.0
8,2026-04-25 22:51:32.116297,76.84,0.8367,33.0,22,61.03,7.0
8,2026-04-25 23:51:32.116297,78.4,1.17,34.0,23,61.01,6.0
8,2026-04-26 00:51:32.116297,78.56,0.8633,35.0,0,61.0,5.0
8,2026-04-26 01:51:32.116297,79.01,0.7233,36.0,1,60.97,4.0
8,2026-04-26 02:51:32.116297,79.22,0.2733,37.0,2,60.93,3.0
8,2026-04-26 03:51:32.116297,79.64,0.36,38.0,3,60.9,2.0
8,2026-04-26 04:51:32.116297,79.88,0.29,39.0,4,60.87,1.0
8,2026-04-26 05:51:32.116297,80.34,0.3733,40.0,5,60.83,0.0
8,2026-04-26 18:51:32.116297,42.85,3.0767,12.0,18,60.41,24.0
8,2026-04-26 19:51:32.116297,45.27,3.2267,13.0,19,60.39,23.0
8,2026-04-26 20:51:32.116297,46.64,2.11,14.0,20,60.38,22.0
8,2026-04-26 21:51:32.116297,47.26,1.47,15.0,21,60.34,21.0
8,2026-04-26 22:51:32.116297,48.02,0.9167,16.0,22,60.3,20.0
8,2026-04-26 23:51:32.116297,49.68,1.0133,17.0,23,60.26,19.0
8,2026-04-27 00:51:32.116297,50.1,0.9467,18.0,0,60.22,18.0
8,2026-04-27 01:51:32.116297,50.59,0.8567,19.0,1,60.17,17.0
8,2026-04-27 02:51:32.116297,50.91,0.41,20.0,2,60.14,16.0
8,2026-04-27 03:51:32.116297,51.41,0.4367,21.0,3,60.1,15.0
8,2026-04-27 04:51:32.116297,51.46,0.29,22.0,4,60.05,14.0
8,2026-04-27 05:51:32.116297,51.69,0.26,23.0,5,60.02,13.0
8,2026-04-27 06:51:32.116297,52.88,0.49,24.0,6,59.97,12.0
8,2026-04-27 07:51:32.116297,53.67,0.7367,25.0,7,59.94,11.0
8,2026-04-27 08:51:32.116297,55.87,1.3933,26.0,8,59.89,10.0
8,2026-04-27 09:51:32.116297,59.19,2.1033,27.0,9,59.88,9.0
8,2026-04-27 10:51:32.116297,61.4,2.5767,28.0,10,59.86,8.0
8,2026-04-27 11:51:32.116297,63.29,2.4733,29.0,11,59.84,7.0
8,2026-04-27 12:51:32.116297,66.25,2.3533,30.0,12,59.8,6.0
8,2026-04-27 13:51:32.116297,68.31,2.3033,31.0,13,59.78,5.0
8,2026-04-27 14:51:32.116297,72.99,3.2333,32.0,14,59.73,4.0
8,2026-04-27 15:51:32.116297,74.53,2.76,33.0,15,59.72,3.0
8,2026-04-27 16:51:32.116297,76.11,2.6,34.0,16,59.69,2.0
8,2026-04-27 17:51:32.116297,79.26,2.09,35.0,17,59.65,1.0
8,2026-04-27 18:51:32.116297,82.38,2.6167,36.0,18,59.63,0.0
8,2026-04-28 12:51:32.116297,37.85,2.8533,17.0,12,59.07,24.0
8,2026-04-28 13:51:32.116297,41.81,2.5967,18.0,13,59.05,23.0
8,2026-04-28 14:51:32.116297,45.6,3.6167,19.0,14,59.01,22.0
8,2026-04-28 15:51:32.116297,46.26,2.8033,20.0,15,58.98,21.0
8,2026-04-28 16:51:32.116297,48.15,2.1133,21.0,16,58.94,20.0
8,2026-04-28 17:51:32.116297,52.66,2.3533,22.0,17,58.9,19.0
8,2026-04-28 18:51:32.116297,54.87,2.87,23.0,18,58.86,18.0
8,2026-04-28 19:51:32.116297,57.22,3.0233,24.0,19,58.81,17.0
8,2026-04-28 20:51:32.116297,57.81,1.7167,25.0,20,58.8,16.0
8,2026-04-28 21:51:32.116297,58.41,1.18,26.0,21,58.77,15.0
8,2026-04-28 22:51:32.116297,59.02,0.6,27.0,22,58.76,14.0
8,2026-04-28 23:51:32.116297,60.57,0.92,28.0,23,58.73,13.0
8,2026-04-29 00:51:32.116297,61.03,0.8733,29.0,0,58.69,12.0
8,2026-04-29 01:51:32.116297,61.48,0.82,30.0,1,58.64,11.0
8,2026-04-29 02:51:32.116297,61.69,0.3733,31.0,2,58.63,10.0
8,2026-04-29 03:51:32.116297,62.16,0.3767,32.0,3,58.59,9.0
8,2026-04-29 04:51:32.116297,62.23,0.25,33.0,4,58.56,8.0
8,2026-04-29 05:51:32.116297,62.61,0.3067,34.0,5,58.54,7.0
8,2026-04-29 06:51:32.116297,64.39,0.7433,35.0,6,58.52,6.0
8,2026-04-29 07:51:32.116297,66.18,1.3167,36.0,7,58.49,5.0
8,2026-04-29 08:51:32.116297,70.11,2.5,37.0,8,58.44,4.0
8,2026-04-29 09:51:32.116297,74.56,3.39,38.0,9,58.42,3.0
8,2026-04-29 10:51:32.116297,78.73,4.1833,39.0,10,58.39,2.0
8,2026-04-29 11:51:32.116297,79.69,3.1933,40.0,11,58.37,1.0
8,2026-04-29 12:51:32.116297,81.72,2.3867,41.0,12,58.36,0.0
8,2026-04-30 09:51:32.116297,41.54,1.8833,20.0,9,57.65,24.0
8,2026-04-30 10:51:32.116297,43.97,2.33,21.0,10,57.61,23.0
8,2026-04-30 11:51:32.116297,45.52,1.9967,22.0,11,57.57,22.0
8,2026-04-30 12:51:32.116297,48.06,2.1733,23.0,12,57.56,21.0
8,2026-04-30 13:51:32.116297,50.95,2.3267,24.0,13,57.51,20.0
8,2026-04-30 14:51:32.116297,53.67,2.7167,25.0,14,57.49,19.0
8,2026-04-30 15:51:32.116297,54.57,2.17,26.0,15,57.44,18.0
8,2026-04-30 16:51:32.116297,55.35,1.4667,27.0,16,57.42,17.0
8,2026-04-30 17:51:32.116297,57.96,1.43,28.0,17,57.4,16.0
8,2026-04-30 18:51:32.116297,60.09,1.84,29.0,18,57.38,15.0
8,2026-04-30 19:51:32.116297,64.84,3.1633,30.0,19,57.34,14.0
8,2026-04-30 20:51:32.116297,66.66,2.9,31.0,20,57.32,13.0
8,2026-04-30 21:51:32.116297,67.79,2.5667,32.0,21,57.28,12.0
8,2026-04-30 22:51:32.116297,68.84,1.3333,33.0,22,57.24,11.0
8,2026-04-30 23:51:32.116297,69.68,1.0067,34.0,23,57.22,10.0
8,2026-05-01 00:51:32.116297,69.8,0.67,35.0,0,57.21,9.0
8,2026-05-01 01:51:32.116297,70.26,0.4733,36.0,1,57.2,8.0
8,2026-05-01 02:51:32.116297,70.76,0.36,37.0,2,57.18,7.0
8,2026-05-01 03:51:32.116297,70.92,0.3733,38.0,3,57.17,6.0
8,2026-05-01 04:51:32.116297,71.2,0.3133,39.0,4,57.12,5.0
8,2026-05-01 05:51:32.116297,71.51,0.25,40.0,5,57.1,4.0
8,2026-05-01 06:51:32.116297,72.52,0.5333,41.0,6,57.07,3.0
8,2026-05-01 07:51:32.116297,73.51,0.77,42.0,7,57.04,2.0
8,2026-05-01 08:51:32.116297,77.75,2.08,43.0,8,57.01,1.0
8,2026-05-01 09:51:32.116297,80.6,2.6933,44.0,9,56.97,0.0
8,2026-05-01 23:51:32.116297,42.73,1.4467,13.0,23,56.51,24.0
8,2026-05-02 00:51:32.116297,42.97,1.17,14.0,0,56.47,23.0
8,2026-05-02 01:51:32.116297,43.15,0.64,15.0,1,56.45,22.0
8,2026-05-02 02:51:32.116297,43.62,0.2967,16.0,2,56.41,21.0
8,2026-05-02 03:51:32.116297,43.67,0.2333,17.0,3,56.37,20.0
8,2026-05-02 04:51:32.116297,43.69,0.18,18.0,4,56.34,19.0
8,2026-05-02 05:51:32.116297,43.82,0.0667,19.0,5,56.3,18.0
8,2026-05-02 06:51:32.116297,44.52,0.2833,20.0,6,56.25,17.0
8,2026-05-02 07:51:32.116297,45.39,0.5667,21.0,7,56.21,16.0
8,2026-05-02 08:51:32.116297,47.69,1.29,22.0,8,56.19,15.0
8,2026-05-02 09:51:32.116297,50.43,1.97,23.0,9,56.17,14.0
8,2026-05-02 10:51:32.116297,52.67,2.4267,24.0,10,56.14,13.0
8,2026-05-02 11:51:32.116297,54.41,2.24,25.0,11,56.11,12.0
8,2026-05-02 12:51:32.116297,57.71,2.4267,26.0,12,56.07,11.0
8,2026-05-02 13:51:32.116297,60.22,2.5167,27.0,13,56.05,10.0
8,2026-05-02 14:51:32.116297,65.09,3.56,28.0,14,56.04,9.0
8,2026-05-02 15:51:32.116297,66.57,2.9533,29.0,15,56.02,8.0
8,2026-05-02 16:51:32.116297,67.64,2.4733,30.0,16,55.99,7.0
8,2026-05-02 17:51:32.116297,70.73,1.88,31.0,17,55.97,6.0
8,2026-05-02 18:51:32.116297,73.58,2.3367,32.0,18,55.92,5.0
8,2026-05-02 19:51:32.116297,77.71,3.3567,33.0,19,55.89,4.0
8,2026-05-02 20:51:32.116297,78.54,2.6033,34.0,20,55.86,3.0
8,2026-05-02 21:51:32.116297,79.41,1.9433,35.0,21,55.83,2.0
8,2026-05-02 22:51:32.116297,79.97,0.7533,36.0,22,55.8,1.0
8,2026-05-02 23:51:32.116297,81.07,0.8433,37.0,23,55.78,0.0
8,2026-05-03 17:51:32.116297,38.45,1.8333,17.0,17,55.25,24.0
8,2026-05-03 18:51:32.116297,40.93,2.0367,18.0,18,55.2,23.0
8,2026-05-03 19:51:32.116297,43.48,2.3433,19.0,19,55.17,22.0
8,2026-05-03 20:51:32.116297,45.03,2.1933,20.0,20,55.15,21.0
8,2026-05-03 21:51:32.116297,46.2,1.7567,21.0,21,55.14,20.0
8,2026-05-03 22:51:32.116297,47.37,1.2967,22.0,22,55.11,19.0
8,2026-05-03 23:51:32.116297,48.31,1.0933,23.0,23,55.07,18.0
8,2026-05-04 00:51:32.116297,48.69,0.83,24.0,0,55.04,17.0
8,2026-05-04 01:51:32.116297,48.87,0.5,25.0,1,55.0,16.0
8,2026-05-04 02:51:32.116297,49.13,0.2733,26.0,2,54.96,15.0
8,2026-05-04 03:51:32.116297,49.2,0.17,27.0,3,54.95,14.0
8,2026-05-04 04:51:32.116297,49.44,0.19,28.0,4,54.92,13.0
8,2026-05-04 05:51:32.116297,49.67,0.18,29.0,5,54.9,12.0
8,2026-05-04 06:51:32.116297,51.07,0.6233,30.0,6,54.85,11.0
8,2026-05-04 07:51:32.116297,52.07,0.8767,31.0,7,54.8,10.0
8,2026-05-04 08:51:32.116297,56.63,2.32,32.0,8,54.79,9.0
8,2026-05-04 09:51:32.116297,58.83,2.5867,33.0,9,54.76,8.0
8,2026-05-04 10:51:32.116297,62.17,3.3667,34.0,10,54.74,7.0
8,2026-05-04 11:51:32.116297,64.11,2.4933,35.0,11,54.71,6.0
8,2026-05-04 12:51:32.116297,67.8,2.99,36.0,12,54.7,5.0
8,2026-05-04 13:51:32.116297,70.51,2.78,37.0,13,54.67,4.0
8,2026-05-04 14:51:32.116297,74.42,3.4367,38.0,14,54.63,3.0
8,2026-05-04 15:51:32.116297,76.2,2.8,39.0,15,54.6,2.0
8,2026-05-04 16:51:32.116297,78.09,2.5267,40.0,16,54.57,1.0
8,2026-05-04 17:51:32.116297,81.55,2.3767,41.0,17,54.54,0.0
8,2026-05-05 12:51:32.116297,36.52,3.2233,18.0,12,53.93,24.0
8,2026-05-05 13:51:32.116297,41.01,3.64,19.0,13,53.9,23.0
8,2026-05-05 14:51:32.116297,44.1,4.05,20.0,14,53.87,22.0
8,2026-05-05 15:51:32.116297,45.27,2.9167,21.0,15,53.84,21.0
8,2026-05-05 16:51:32.116297,46.21,1.7333,22.0,16,53.8,20.0
8,2026-05-05 17:51:32.116297,48.52,1.4733,23.0,17,53.75,19.0
8,2026-05-05 18:51:32.116297,51.18,1.97,24.0,18,53.71,18.0
8,2026-05-05 19:51:32.116297,54.28,2.69,25.0,19,53.69,17.0
8,2026-05-05 20:51:32.116297,55.58,2.3533,26.0,20,53.66,16.0
8,2026-05-05 21:51:32.116297,56.86,1.8933,27.0,21,53.62,15.0
8,2026-05-05 22:51:32.116297,57.46,1.06,28.0,22,53.59,14.0
8,2026-05-05 23:51:32.116297,58.9,1.1067,29.0,23,53.54,13.0
8,2026-05-06 00:51:32.116297,59.33,0.8233,30.0,0,53.51,12.0
8,2026-05-06 01:51:32.116297,59.44,0.66,31.0,1,53.5,11.0
8,2026-05-06 02:51:32.116297,59.58,0.2267,32.0,2,53.45,10.0
8,2026-05-06 03:51:32.116297,59.88,0.1833,33.0,3,53.43,9.0
8,2026-05-06 04:51:32.116297,60.24,0.2667,34.0,4,53.4,8.0
8,2026-05-06 05:51:32.116297,60.35,0.2567,35.0,5,53.38,7.0
8,2026-05-06 06:51:32.116297,61.61,0.5767,36.0,6,53.37,6.0
8,2026-05-06 07:51:32.116297,63.15,0.97,37.0,7,53.34,5.0
8,2026-05-06 08:51:32.116297,67.33,2.3267,38.0,8,53.3,4.0
8,2026-05-06 09:51:32.116297,70.7,3.03,39.0,9,53.26,3.0
8,2026-05-06 10:51:32.116297,74.64,3.83,40.0,10,53.22,2.0
8,2026-05-06 11:51:32.116297,76.6,3.09,41.0,11,53.18,1.0
8,2026-05-06 12:51:32.116297,80.99,3.43,42.0,12,53.16,0.0
9,2026-03-09 10:51:32.138434,42.58,3.26,999.0,10,93.23,24.0
9,2026-03-09 11:51:32.138434,43.83,2.9333,999.0,11,93.19,23.0
9,2026-03-09 12:51:32.138434,46.2,2.7833,999.0,12,93.17,22.0
9,2026-03-09 13:51:32.138434,49.4,2.2733,999.0,13,93.13,21.0
9,2026-03-09 14:51:32.138434,52.44,2.87,999.0,14,93.09,20.0
9,2026-03-09 15:51:32.138434,53.14,2.3133,999.0,15,93.08,19.0
9,2026-03-09 16:51:32.138434,54.84,1.8133,999.0,16,93.06,18.0
9,2026-03-09 17:51:32.138434,59.8,2.4533,999.0,17,93.01,17.0
9,2026-03-09 18:51:32.138434,62.05,2.97,999.0,18,92.97,16.0
9,2026-03-09 19:51:32.138434,64.11,3.09,999.0,19,92.92,15.0
9,2026-03-09 20:51:32.138434,65.87,2.0233,999.0,20,92.91,14.0
9,2026-03-09 21:51:32.138434,67.51,1.82,999.0,21,92.9,13.0
9,2026-03-09 22:51:32.138434,68.35,1.4133,999.0,22,92.88,12.0
9,2026-03-09 23:51:32.138434,69.66,1.2633,999.0,23,92.84,11.0
9,2026-03-10 00:51:32.138434,69.9,0.7967,999.0,0,92.8,10.0
9,2026-03-10 01:51:32.138434,70.22,0.6233,999.0,1,92.75,9.0
9,2026-03-10 02:51:32.138434,70.7,0.3467,999.0,2,92.72,8.0
9,2026-03-10 03:51:32.138434,70.95,0.35,999.0,3,92.7,7.0
9,2026-03-10 04:51:32.138434,71.16,0.3133,999.0,4,92.69,6.0
9,2026-03-10 05:51:32.138434,71.55,0.2833,999.0,5,92.65,5.0
9,2026-03-10 06:51:32.138434,72.88,0.6433,999.0,6,92.63,4.0
9,2026-03-10 07:51:32.138434,73.95,0.93,999.0,7,92.59,3.0
9,2026-03-10 08:51:32.138434,76.02,1.49,999.0,8,92.57,2.0
9,2026-03-10 09:51:32.138434,79.14,2.0867,999.0,9,92.54,1.0
9,2026-03-10 10:51:32.138434,82.6,2.8833,999.0,10,92.52,0.0
9,2026-03-11 06:51:32.138434,39.45,0.6767,19.0,6,91.87,24.0
9,2026-03-11 07:51:32.138434,41.36,1.2333,20.0,7,91.85,23.0
9,2026-03-11 08:51:32.138434,45.16,2.3467,21.0,8,91.81,22.0
9,2026-03-11 09:51:32.138434,47.69,2.7467,22.0,9,91.79,21.0
9,2026-03-11 10:51:32.138434,51.15,3.2633,23.0,10,91.74,20.0
9,2026-03-11 11:51:32.138434,51.66,2.1667,24.0,11,91.71,19.0
9,2026-03-11 12:51:32.138434,56.63,2.98,25.0,12,91.67,18.0
9,2026-03-11 13:51:32.138434,59.41,2.7533,26.0,13,91.63,17.0
9,2026-03-11 14:51:32.138434,62.47,3.6033,27.0,14,91.6,16.0
9,2026-03-11 15:51:32.138434,63.62,2.33,28.0,15,91.56,15.0
9,2026-03-11 16:51:32.138434,64.93,1.84,29.0,16,91.53,14.0
9,2026-03-11 17:51:32.138434,67.46,1.6633,30.0,17,91.5,13.0
9,2026-03-11 18:51:32.138434,70.92,2.4333,31.0,18,91.48,12.0
9,2026-03-11 19:51:32.138434,73.96,3.01,32.0,19,91.46,11.0
9,2026-03-11 20:51:32.138434,75.14,2.56,33.0,20,91.41,10.0
9,2026-03-11 21:51:32.138434,76.66,1.9133,34.0,21,91.37,9.0
9,2026-03-11 22:51:32.138434,78.13,1.39,35.0,22,91.33,8.0
9,2026-03-11 23:51:32.138434,78.66,1.1733,36.0,23,91.3,7.0
9,2026-03-12 00:51:32.138434,78.74,0.6933,37.0,0,91.29,6.0
9,2026-03-12 01:51:32.138434,78.84,0.2367,38.0,1,91.26,5.0
9,2026-03-12 02:51:32.138434,78.86,0.0667,39.0,2,91.22,4.0
9,2026-03-12 03:51:32.138434,79.08,0.1133,40.0,3,91.18,3.0
9,2026-03-12 04:51:32.138434,79.14,0.1,41.0,4,91.15,2.0
9,2026-03-12 05:51:32.138434,79.15,0.0967,42.0,5,91.12,1.0
9,2026-03-12 06:51:32.138434,80.36,0.4267,43.0,6,91.08,0.0
9,2026-03-12 15:51:32.138434,33.91,2.8167,8.0,15,90.83,24.0
9,2026-03-12 16:51:32.138434,35.34,2.25,9.0,16,90.78,23.0
9,2026-03-12 17:51:32.138434,38.22,1.7733,10.0,17,90.76,22.0
9,2026-03-12 18:51:32.138434,41.24,2.4433,11.0,18,90.74,21.0
9,2026-03-12 19:51:32.138434,44.25,2.97,12.0,19,90.72,20.0
9,2026-03-12 20:51:32.138434,46.07,2.6167,13.0,20,90.7,19.0
9,2026-03-12 21:51:32.138434,46.81,1.8567,14.0,21,90.66,18.0
9,2026-03-12 22:51:32.138434,48.64,1.4633,15.0,22,90.62,17.0
9,2026-03-12 23:51:32.138434,50.57,1.5,16.0,23,90.59,16.0
9,2026-03-13 00:51:32.138434,50.99,1.3933,17.0,0,90.56,15.0
9,2026-03-13 01:51:32.138434,51.35,0.9033,18.0,1,90.51,14.0
9,2026-03-13 02:51:32.138434,51.73,0.3867,19.0,2,90.49,13.0
9,2026-03-13 03:51:32.138434,51.81,0.2733,20.0,3,90.47,12.0
9,2026-03-13 04:51:32.138434,52.15,0.2667,21.0,4,90.45,11.0
9,2026-03-13 05:51:32.138434,52.26,0.1767,22.0,5,90.41,10.0
9,2026-03-13 06:51:32.138434,53.82,0.67,23.0,6,90.38,9.0
9,2026-03-13 07:51:32.138434,55.22,1.0233,24.0,7,90.36,8.0
9,2026-03-13 08:51:32.138434,59.38,2.3733,25.0,8,90.33,7.0
9,2026-03-13 09:51:32.138434,62.7,2.96,26.0,9,90.3,6.0
9,2026-03-13 10:51:32.138434,67.67,4.15,27.0,10,90.28,5.0
9,2026-03-13 11:51:32.138434,68.59,3.07,28.0,11,90.27,4.0
9,2026-03-13 12:51:32.138434,71.02,2.7733,29.0,12,90.23,3.0
9,2026-03-13 13:51:32.138434,74.33,2.22,30.0,13,90.2,2.0
9,2026-03-13 14:51:32.138434,78.65,3.3533,31.0,14,90.18,1.0
9,2026-03-13 15:51:32.138434,80.36,3.1133,32.0,15,90.15,0.0
9,2026-03-14 09:51:32.138434,31.13,2.4567,17.0,9,89.58,24.0
9,2026-03-14 10:51:32.138434,34.06,2.93,18.0,10,89.54,23.0
9,2026-03-14 11:51:32.138434,35.8,2.3333,19.0,11,89.5,22.0
9,2026-03-14 12:51:32.138434,39.46,2.7767,20.0,12,89.49,21.0
9,2026-03-14 13:51:32.138434,42.01,2.65,21.0,13,89.44,20.0
9,2026-03-14 14:51:32.138434,46.52,3.5733,22.0,14,89.42,19.0
9,2026-03-14 15:51:32.138434,47.36,2.6333,23.0,15,89.38,18.0
9,2026-03-14 16:51:32.138434,49.26,2.4167,24.0,16,89.34,17.0
9,2026-03-14 17:51:32.138434,54.07,2.5167,25.0,17,89.32,16.0
9,2026-03-14 18:51:32.138434,58.88,3.84,26.0,18,89.3,15.0
9,2026-03-14 19:51:32.138434,63.78,4.84,27.0,19,89.26,14.0
9,2026-03-14 20:51:32.138434,65.6,3.8433,28.0,20,89.24,13.0
9,2026-03-14 21:51:32.138434,67.07,2.73,29.0,21,89.22,12.0
9,2026-03-14 22:51:32.138434,68.81,1.6767,30.0,22,89.18,11.0
9,2026-03-14 23:51:32.138434,70.36,1.5867,31.0,23,89.14,10.0
9,2026-03-15 00:51:32.138434,70.38,1.1033,32.0,0,89.09,9.0
9,2026-03-15 01:51:32.138434,70.59,0.5933,33.0,1,89.06,8.0
9,2026-03-15 02:51:32.138434,71.06,0.2333,34.0,2,89.04,7.0
9,2026-03-15 03:51:32.138434,71.33,0.3167,35.0,3,89.03,6.0
9,2026-03-15 04:51:32.138434,71.63,0.3467,36.0,4,88.99,5.0
9,2026-03-15 05:51:32.138434,72.11,0.35,37.0,5,88.95,4.0
9,2026-03-15 06:51:32.138434,73.57,0.7467,38.0,6,88.92,3.0
9,2026-03-15 07:51:32.138434,74.87,1.08,39.0,7,88.89,2.0
9,2026-03-15 08:51:32.138434,77.69,1.86,40.0,8,88.87,1.0
9,2026-03-15 09:51:32.138434,82.46,2.9633,41.0,9,88.84,0.0
9,2026-03-16 01:51:32.138434,34.66,0.8133,15.0,1,88.38,24.0
9,2026-03-16 02:51:32.138434,35.07,0.29,16.0,2,88.36,23.0
9,2026-03-16 03:51:32.138434,35.51,0.3733,17.0,3,88.33,22.0
9,2026-03-16 04:51:32.138434,35.85,0.3967,18.0,4,88.32,21.0
9,2026-03-16 05:51:32.138434,36.02,0.3167,19.0,5,88.29,20.0
9,2026-03-16 06:51:32.138434,37.81,0.7667,20.0,6,88.25,19.0
9,2026-03-16 07:51:32.138434,38.65,0.9333,21.0,7,88.22,18.0
9,2026-03-16 08:51:32.138434,41.35,1.7767,22.0,8,88.18,17.0
9,2026-03-16 09:51:32.138434,44.77,2.32,23.0,9,88.16,16.0
9,2026-03-16 10:51:32.138434,48.16,3.17,24.0,10,88.14,15.0
9,2026-03-16 11:51:32.138434,49.74,2.7967,25.0,11,88.12,14.0
9,2026-03-16 12:51:32.138434,53.76,2.9967,26.0,12,88.07,13.0
9,2026-03-16 13:51:32.138434,58.32,3.3867,27.0,13,88.05,12.0
9,2026-03-16 14:51:32.138434,62.51,4.2567,28.0,14,88.02,11.0
9,2026-03-16 15:51:32.138434,63.11,3.1167,29.0,15,87.99,10.0
9,2026-03-16 16:51:32.138434,64.26,1.98,30.0,16,87.98,9.0
9,2026-03-16 17:51:32.138434,68.04,1.8433,31.0,17,87.95,8.0
9,2026-03-16 18:51:32.138434,71.95,2.9467,32.0,18,87.91,7.0
9,2026-03-16 19:51:32.138434,76.6,4.1133,33.0,19,87.88,6.0
9,2026-03-16 20:51:32.138434,77.28,3.08,34.0,20,87.84,5.0
9,2026-03-16 21:51:32.138434,78.68,2.2433,35.0,21,87.82,4.0
9,2026-03-16 22:51:32.138434,79.2,0.8667,36.0,22,87.78,3.0
9,2026-03-16 23:51:32.138434,79.8,0.84,37.0,23,87.77,2.0
9,2026-03-17 00:51:32.138434,79.96,0.4267,38.0,0,87.72,1.0
9,2026-03-17 01:51:32.138434,80.24,0.3467,39.0,1,87.68,0.0
9,2026-03-17 14:51:32.138434,35.56,4.2133,12.0,14,87.31,24.0
9,2026-03-17 15:51:32.138434,37.55,3.75,13.0,15,87.3,23.0
9,2026-03-17 16:51:32.138434,38.64,2.55,14.0,16,87.28,22.0
9,2026-03-17 17:51:32.138434,42.86,2.4333,15.0,17,87.25,21.0
9,2026-03-17 18:51:32.138434,46.46,2.97,16.0,18,87.22,20.0
9,2026-03-17 19:51:32.138434,51.24,4.2,17.0,19,87.17,19.0
9,2026-03-17 20:51:32.138434,52.43,3.19,18.0,20,87.14,18.0
9,2026-03-17 21:51:32.138434,54.36,2.6333,19.0,21,87.12,17.0
9,2026-03-17 22:51:32.138434,55.65,1.47,20.0,22,87.11,16.0
9,2026-03-17 23:51:32.138434,56.62,1.3967,21.0,23,87.08,15.0
9,2026-03-18 00:51:32.138434,56.74,0.7933,22.0,0,87.04,14.0
9,2026-03-18 01:51:32.138434,56.91,0.42,23.0,1,87.02,13.0
9,2026-03-18 02:51:32.138434,57.39,0.2567,24.0,2,87.0,12.0
9,2026-03-18 03:51:32.138434,57.54,0.2667,25.0,3,86.96,11.0
9,2026-03-18 04:51:32.138434,57.99,0.36,26.0,4,86.94,10.0
9,2026-03-18 05:51:32.138434,58.0,0.2033,27.0,5,86.92,9.0
9,2026-03-18 06:51:32.138434,59.87,0.7767,28.0,6,86.87,8.0
9,2026-03-18 07:51:32.138434,60.64,0.8833,29.0,7,86.84,7.0
9,2026-03-18 08:51:32.138434,62.98,1.66,30.0,8,86.81,6.0
9,2026-03-18 09:51:32.138434,65.8,1.9767,31.0,9,86.8,5.0
9,2026-03-18 10:51:32.138434,68.34,2.5667,32.0,10,86.76,4.0
9,2026-03-18 11:51:32.138434,69.59,2.2033,33.0,11,86.75,3.0
9,2026-03-18 12:51:32.138434,73.79,2.6633,34.0,12,86.71,2.0
9,2026-03-18 13:51:32.138434,78.45,3.37,35.0,13,86.68,1.0
9,2026-03-18 14:51:32.138434,80.98,3.7967,36.0,14,86.64,0.0
9,2026-03-19 09:51:32.138434,34.97,2.4467,18.0,9,86.07,24.0
9,2026-03-19 10:51:32.138434,37.7,2.87,19.0,10,86.02,23.0
9,2026-03-19 11:51:32.138434,38.95,2.4433,20.0,11,85.98,22.0
9,2026-03-19 12:51:32.138434,42.97,2.6667,21.0,12,85.97,21.0
9,2026-03-19 13:51:32.138434,47.09,3.13,22.0,13,85.92,20.0
9,2026-03-19 14:51:32.138434,50.99,4.0133,23.0,14,85.9,19.0
9,2026-03-19 15:51:32.138434,52.91,3.3133,24.0,15,85.87,18.0
9,2026-03-19 16:51:32.138434,53.92,2.2767,25.0,16,85.83,17.0
9,2026-03-19 17:51:32.138434,56.51,1.84,26.0,17,85.8,16.0
9,2026-03-19 18:51:32.138434,59.67,2.2533,27.0,18,85.78,15.0
9,2026-03-19 19:51:32.138434,64.43,3.5033,28.0,19,85.76,14.0
9,2026-03-19 20:51:32.138434,65.77,3.0867,29.0,20,85.74,13.0
9,2026-03-19 21:51:32.138434,66.74,2.3567,30.0,21,85.7,12.0
9,2026-03-19 22:51:32.138434,68.01,1.1933,31.0,22,85.65,11.0
9,2026-03-19 23:51:32.138434,69.87,1.3667,32.0,23,85.6,10.0
9,2026-03-20 00:51:32.138434,70.3,1.1867,33.0,0,85.56,9.0
9,2026-03-20 01:51:32.138434,70.64,0.8767,34.0,1,85.53,8.0
9,2026-03-20 02:51:32.138434,70.73,0.2867,35.0,2,85.49,7.0
9,2026-03-20 03:51:32.138434,70.76,0.1533,36.0,3,85.47,6.0
9,2026-03-20 04:51:32.138434,71.13,0.1633,37.0,4,85.44,5.0
9,2026-03-20 05:51:32.138434,71.5,0.2567,38.0,5,85.39,4.0
9,2026-03-20 06:51:32.138434,73.25,0.83,39.0,6,85.35,3.0
9,2026-03-20 07:51:32.138434,73.83,0.9,40.0,7,85.33,2.0
9,2026-03-20 08:51:32.138434,78.5,2.3333,41.0,8,85.3,1.0
9,2026-03-20 09:51:32.138434,82.92,3.2233,42.0,9,85.28,0.0
9,2026-03-20 22:51:32.138434,38.87,0.86,12.0,22,84.87,24.0
9,2026-03-20 23:51:32.138434,40.13,0.9533,13.0,23,84.84,23.0
9,2026-03-21 00:51:32.138434,40.41,0.8467,14.0,0,84.82,22.0
9,2026-03-21 01:51:32.138434,40.74,0.6233,15.0,1,84.8,21.0
9,2026-03-21 02:51:32.138434,40.84,0.2367,16.0,2,84.75,20.0
9,2026-03-21 03:51:32.138434,41.17,0.2533,17.0,3,84.72,19.0
9,2026-03-21 04:51:32.138434,41.41,0.2233,18.0,4,84.69,18.0
9,2026-03-21 05:51:32.138434,41.62,0.26,19.0,5,84.65,17.0
9,2026-03-21 06:51:32.138434,43.45,0.76,20.0,6,84.61,16.0
9,2026-03-21 07:51:32.138434,44.13,0.9067,21.0,7,84.57,15.0
9,2026-03-21 08:51:32.138434,47.55,1.9767,22.0,8,84.56,14.0
9,2026-03-21 09:51:32.138434,51.12,2.5567,23.0,9,84.51,13.0
9,2026-03-21 10:51:32.138434,54.65,3.5067,24.0,10,84.47,12.0
9,2026-03-21 11:51:32.138434,55.89,2.78,25.0,11,84.45,11.0
9,2026-03-21 12:51:32.138434,59.25,2.71,26.0,12,84.41,10.0
9,2026-03-21 13:51:32.138434,61.45,2.2667,27.0,13,84.4,9.0
9,2026-03-21 14:51:32.138434,64.66,2.9233,28.0,14,84.37,8.0
9,2026-03-21 15:51:32.138434,66.47,2.4067,29.0,15,84.35,7.0
9,2026-03-21 16:51:32.138434,67.95,2.1667,30.0,16,84.33,6.0
9,2026-03-21 17:51:32.138434,70.05,1.7967,31.0,17,84.29,5.0
9,2026-03-21 18:51:32.138434,73.18,2.2367,32.0,18,84.26,4.0
9,2026-03-21 19:51:32.138434,77.12,3.0567,33.0,19,84.24,3.0
9,2026-03-21 20:51:32.138434,78.06,2.67,34.0,20,84.23,2.0
9,2026-03-21 21:51:32.138434,78.77,1.8633,35.0,21,84.19,1.0
9,2026-03-21 22:51:32.138434,80.15,1.01,36.0,22,84.16,0.0
9,2026-03-22 15:51:32.138434,37.05,2.4067,16.0,15,83.77,24.0
9,2026-03-22 16:51:32.138434,38.06,1.5567,17.0,16,83.73,23.0
9,2026-03-22 17:51:32.138434,40.69,1.4667,18.0,17,83.7,22.0
9,2026-03-22 18:51:32.138434,43.93,2.2933,19.0,18,83.66,21.0
9,2026-03-22 19:51:32.138434,46.44,2.7933,20.0,19,83.62,20.0
9,2026-03-22 20:51:32.138434,47.47,2.26,21.0,20,83.58,19.0
9,2026-03-22 21:51:32.138434,49.41,1.8267,22.0,21,83.56,18.0
9,2026-03-22 22:51:32.138434,50.7,1.42,23.0,22,83.52,17.0
9,2026-03-22 23:51:32.138434,51.99,1.5067,24.0,23,83.48,16.0
9,2026-03-23 00:51:32.138434,52.02,0.87,25.0,0,83.44,15.0
9,2026-03-23 01:51:32.138434,52.52,0.6067,26.0,1,83.41,14.0
9,2026-03-23 02:51:32.138434,52.94,0.3167,27.0,2,83.36,13.0
9,2026-03-23 03:51:32.138434,53.17,0.3833,28.0,3,83.33,12.0
9,2026-03-23 04:51:32.138434,53.3,0.26,29.0,4,83.29,11.0
9,2026-03-23 05:51:32.138434,53.47,0.1767,30.0,5,83.26,10.0
9,2026-03-23 06:51:32.138434,54.12,0.3167,31.0,6,83.23,9.0
9,2026-03-23 07:51:32.138434,55.48,0.7267,32.0,7,83.2,8.0
9,2026-03-23 08:51:32.138434,60.42,2.3167,33.0,8,83.16,7.0
9,2026-03-23 09:51:32.138434,64.18,3.3533,34.0,9,83.14,6.0
9,2026-03-23 10:51:32.138434,68.79,4.4367,35.0,10,83.11,5.0
9,2026-03-23 11:51:32.138434,69.99,3.19,36.0,11,83.09,4.0
9,2026-03-23 12:51:32.138434,73.1,2.9733,37.0,12,83.07,3.0
9,2026-03-23 13:51:32.138434,75.24,2.15,38.0,13,83.04,2.0
9,2026-03-23 14:51:32.138434,79.85,3.2867,39.0,14,83.01,1.0
9,2026-03-23 15:51:32.138434,80.54,2.48,40.0,15,82.97,0.0
9,2026-03-24 13:51:32.138434,41.44,2.61,21.0,13,82.26,24.0
9,2026-03-24 14:51:32.138434,43.65,2.91,22.0,14,82.24,23.0
9,2026-03-24 15:51:32.138434,44.87,2.54,23.0,15,82.2,22.0
9,2026-03-24 16:51:32.138434,46.1,1.5533,24.0,16,82.17,21.0
9,2026-03-24 17:51:32.138434,49.0,1.7833,25.0,17,82.15,20.0
9,2026-03-24 18:51:32.138434,51.4,2.1767,26.0,18,82.12,19.0
9,2026-03-24 19:51:32.138434,55.86,3.2533,27.0,19,82.07,18.0
9,2026-03-24 20:51:32.138434,57.55,2.85,28.0,20,82.04,17.0
9,2026-03-24 21:51:32.138434,58.35,2.3167,29.0,21,81.99,16.0
9,2026-03-24 22:51:32.138434,58.97,1.0367,30.0,22,81.95,15.0
9,2026-03-24 23:51:32.138434,60.49,0.98,31.0,23,81.92,14.0
9,2026-03-25 00:51:32.138434,60.61,0.7533,32.0,0,81.88,13.0
9,2026-03-25 01:51:32.138434,60.74,0.59,33.0,1,81.86,12.0
9,2026-03-25 02:51:32.138434,61.16,0.2233,34.0,2,81.83,11.0
9,2026-03-25 03:51:32.138434,61.57,0.32,35.0,3,81.79,10.0
9,2026-03-25 04:51:32.138434,61.62,0.2933,36.0,4,81.75,9.0
9,2026-03-25 05:51:32.138434,62.05,0.2967,37.0,5,81.7,8.0
9,2026-03-25 06:51:32.138434,63.01,0.48,38.0,6,81.67,7.0
9,2026-03-25 07:51:32.138434,64.89,1.09,39.0,7,81.64,6.0
9,2026-03-25 08:51:32.138434,67.0,1.65,40.0,8,81.59,5.0
9,2026-03-25 09:51:32.138434,69.1,2.03,41.0,9,81.55,4.0
9,2026-03-25 10:51:32.138434,73.45,2.8533,42.0,10,81.54,3.0
9,2026-03-25 11:51:32.138434,74.59,2.53,43.0,11,81.49,2.0
9,2026-03-25 12:51:32.138434,77.63,2.8433,44.0,12,81.46,1.0
9,2026-03-25 13:51:32.138434,81.26,2.6033,45.0,13,81.41,0.0
9,2026-03-26 06:51:32.138434,31.3,0.79,16.0,6,80.84,24.0
9,2026-03-26 07:51:32.138434,33.07,1.3667,17.0,7,80.83,23.0
9,2026-03-26 08:51:32.138434,36.66,2.4233,18.0,8,80.8,22.0
9,2026-03-26 09:51:32.138434,39.61,2.77,19.0,9,80.79,21.0
9,2026-03-26 10:51:32.138434,44.5,3.81,20.0,10,80.75,20.0
9,2026-03-26 11:51:32.138434,45.99,3.11,21.0,11,80.72,19.0
9,2026-03-26 12:51:32.138434,50.09,3.4933,22.0,12,80.7,18.0
9,2026-03-26 13:51:32.138434,52.91,2.8033,23.0,13,80.69,17.0
9,2026-03-26 14:51:32.138434,56.59,3.5333,24.0,14,80.66,16.0
9,2026-03-26 15:51:32.138434,58.44,2.7833,25.0,15,80.62,15.0
9,2026-03-26 16:51:32.138434,59.77,2.2867,26.0,16,80.6,14.0
9,2026-03-26 17:51:32.138434,64.57,2.66,27.0,17,80.58,13.0
9,2026-03-26 18:51:32.138434,68.99,3.5167,28.0,18,80.53,12.0
9,2026-03-26 19:51:32.138434,73.31,4.5133,29.0,19,80.51,11.0
9,2026-03-26 20:51:32.138434,74.76,3.3967,30.0,20,80.47,10.0
9,2026-03-26 21:51:32.138434,76.49,2.5,31.0,21,80.44,9.0
9,2026-03-26 22:51:32.138434,77.02,1.2367,32.0,22,80.41,8.0
9,2026-03-26 23:51:32.138434,77.54,0.9267,33.0,23,80.39,7.0
9,2026-03-27 00:51:32.138434,77.94,0.4833,34.0,0,80.35,6.0
9,2026-03-27 01:51:32.138434,78.35,0.4433,35.0,1,80.32,5.0
9,2026-03-27 02:51:32.138434,78.74,0.4,36.0,2,80.31,4.0
9,2026-03-27 03:51:32.138434,78.82,0.2933,37.0,3,80.27,3.0
9,2026-03-27 04:51:32.138434,78.84,0.1633,38.0,4,80.24,2.0
9,2026-03-27 05:51:32.138434,78.95,0.07,39.0,5,80.2,1.0
9,2026-03-27 06:51:32.138434,80.72,0.6333,40.0,6,80.19,0.0
9,2026-03-27 18:51:32.138434,41.69,2.6067,11.0,18,79.92,24.0
9,2026-03-27 19:51:32.138434,45.6,3.57,12.0,19,79.9,23.0
9,2026-03-27 20:51:32.138434,46.73,2.8067,13.0,20,79.85,22.0
9,2026-03-27 21:51:32.138434,47.63,1.98,14.0,21,79.84,21.0
9,2026-03-27 22:51:32.138434,49.07,1.1567,15.0,22,79.8,20.0
9,2026-03-27 23:51:32.138434,50.84,1.37,16.0,23,79.76,19.0
9,2026-03-28 00:51:32.138434,50.85,1.0733,17.0,0,79.71,18.0
9,2026-03-28 01:51:32.138434,51.08,0.67,18.0,1,79.69,17.0
9,2026-03-28 02:51:32.138434,51.38,0.18,19.0,2,79.68,16.0
9,2026-03-28 03:51:32.138434,51.63,0.26,20.0,3,79.64,15.0
9,2026-03-28 04:51:32.138434,51.85,0.2567,21.0,4,79.6,14.0
9,2026-03-28 05:51:32.138434,51.94,0.1867,22.0,5,79.57,13.0
9,2026-03-28 06:51:32.138434,52.5,0.29,23.0,6,79.53,12.0
9,2026-03-28 07:51:32.138434,53.5,0.55,24.0,7,79.5,11.0
9,2026-03-28 08:51:32.138434,56.03,1.3633,25.0,8,79.48,10.0
9,2026-03-28 09:51:32.138434,58.22,1.9067,26.0,9,79.44,9.0
9,2026-03-28 10:51:32.138434,61.08,2.5267,27.0,10,79.43,8.0
9,2026-03-28 11:51:32.138434,62.85,2.2733,28.0,11,79.41,7.0
9,2026-03-28 12:51:32.138434,66.13,2.6367,29.0,12,79.37,6.0
9,2026-03-28 13:51:32.138434,70.27,3.0633,30.0,13,79.33,5.0
9,2026-03-28 14:51:32.138434,72.28,3.1433,31.0,14,79.28,4.0
9,2026-03-28 15:51:32.138434,74.14,2.67,32.0,15,79.24,3.0
9,2026-03-28 16:51:32.138434,75.87,1.8667,33.0,16,79.2,2.0
9,2026-03-28 17:51:32.138434,78.76,2.16,34.0,17,79.18,1.0
9,2026-03-28 18:51:32.138434,81.49,2.45,35.0,18,79.13,0.0
9,2026-03-29 12:51:32.138434,33.4,2.2167,17.0,12,78.59,24.0
9,2026-03-29 13:51:32.138434,35.65,2.3,18.0,13,78.56,23.0
9,2026-03-29 14:51:32.138434,39.34,2.99,19.0,14,78.53,22.0
9,2026-03-29 15:51:32.138434,40.62,2.4067,20.0,15,78.49,21.0
9,2026-03-29 16:51:32.138434,42.4,2.25,21.0,16,78.48,20.0
9,2026-03-29 17:51:32.138434,44.73,1.7967,22.0,17,78.46,19.0
9,2026-03-29 18:51:32.138434,49.45,2.9433,23.0,18,78.43,18.0
9,2026-03-29 19:51:32.138434,53.11,3.57,24.0,19,78.4,17.0
9,2026-03-29 20:51:32.138434,54.37,3.2133,25.0,20,78.37,16.0
9,2026-03-29 21:51:32.138434,56.18,2.2433,26.0,21,78.32,15.0
9,2026-03-29 22:51:32.138434,56.85,1.2467,27.0,22,78.28,14.0
9,2026-03-29 23:51:32.138434,57.91,1.18,28.0,23,78.24,13.0
9,2026-03-30 00:51:32.138434,58.12,0.6467,29.0,0,78.23,12.0
9,2026-03-30 01:51:32.138434,58.5,0.55,30.0,1,78.2,11.0
9,2026-03-30 02:51:32.138434,58.96,0.35,31.0,2,78.17,10.0
9,2026-03-30 03:51:32.138434,59.3,0.3933,32.0,3,78.12,9.0
9,2026-03-30 04:51:32.138434,59.46,0.32,33.0,4,78.1,8.0
9,2026-03-30 05:51:32.138434,59.55,0.1967,34.0,5,78.05,7.0
9,2026-03-30 06:51:32.138434,61.11,0.6033,35.0,6,78.02,6.0
9,2026-03-30 07:51:32.138434,62.21,0.9167,36.0,7,77.99,5.0
9,2026-03-30 08:51:32.138434,66.3,2.25,37.0,8,77.97,4.0
9,2026-03-30 09:51:32.138434,69.92,2.9367,38.0,9,77.93,3.0
9,2026-03-30 10:51:32.138434,74.87,4.22,39.0,10,77.91,2.0
9,2026-03-30 11:51:32.138434,75.71,3.1367,40.0,11,77.89,1.0
9,2026-03-30 12:51:32.138434,80.24,3.44,41.0,12,77.84,0.0
9,2026-03-31 10:51:32.138434,42.21,3.6433,21.0,10,77.18,24.0
9,2026-03-31 11:51:32.138434,42.95,2.8533,22.0,11,77.17,23.0
9,2026-03-31 12:51:32.138434,45.45,2.0567,23.0,12,77.15,22.0
9,2026-03-31 13:51:32.138434,49.33,2.3733,24.0,13,77.14,21.0
9,2026-03-31 14:51:32.138434,51.4,2.8167,25.0,14,77.12,20.0
9,2026-03-31 15:51:32.138434,52.78,2.4433,26.0,15,77.1,19.0
9,2026-03-31 16:51:32.138434,54.29,1.6533,27.0,16,77.06,18.0
9,2026-03-31 17:51:32.138434,57.63,2.0767,28.0,17,77.02,17.0
9,2026-03-31 18:51:32.138434,61.66,2.96,29.0,18,77.01,16.0
9,2026-03-31 19:51:32.138434,63.94,3.2167,30.0,19,76.96,15.0
9,2026-03-31 20:51:32.138434,65.05,2.4733,31.0,20,76.93,14.0
9,2026-03-31 21:51:32.138434,65.85,1.3967,32.0,21,76.89,13.0
9,2026-03-31 22:51:32.138434,66.97,1.01,33.0,22,76.88,12.0
9,2026-03-31 23:51:32.138434,67.82,0.9233,34.0,23,76.86,11.0
9,2026-04-01 00:51:32.138434,68.3,0.8167,35.0,0,76.84,10.0
9,2026-04-01 01:51:32.138434,68.51,0.5133,36.0,1,76.8,9.0
9,2026-04-01 02:51:32.138434,68.75,0.31,37.0,2,76.78,8.0
9,2026-04-01 03:51:32.138434,68.82,0.1733,38.0,3,76.75,7.0
9,2026-04-01 04:51:32.138434,69.16,0.2167,39.0,4,76.7,6.0
9,2026-04-01 05:51:32.138434,69.57,0.2733,40.0,5,76.66,5.0
9,2026-04-01 06:51:32.138434,71.35,0.8433,41.0,6,76.64,4.0
9,2026-04-01 07:51:32.138434,72.38,1.0733,42.0,7,76.61,3.0
9,2026-04-01 08:51:32.138434,74.78,1.7367,43.0,8,76.6,2.0
9,2026-04-01 09:51:32.138434,79.69,2.78,44.0,9,76.59,1.0
9,2026-04-01 10:51:32.138434,82.08,3.2333,45.0,10,76.54,0.0
9,2026-04-01 23:51:32.138434,37.37,1.2267,12.0,23,76.16,24.0
9,2026-04-02 00:51:32.138434,37.72,1.1033,13.0,0,76.12,23.0
9,2026-04-02 01:51:32.138434,37.8,0.6967,14.0,1,76.08,22.0
9,2026-04-02 02:51:32.138434,38.28,0.3033,15.0,2,76.07,21.0
9,2026-04-02 03:51:32.138434,38.67,0.3167,16.0,3,76.05,20.0
9,2026-04-02 04:51:32.138434,38.86,0.3533,17.0,4,76.04,19.0
9,2026-04-02 05:51:32.138434,39.31,0.3433,18.0,5,76.02,18.0
9,2026-04-02 06:51:32.138434,39.96,0.43,19.0,6,75.98,17.0
9,2026-04-02 07:51:32.138434,40.84,0.66,20.0,7,75.95,16.0
9,2026-04-02 08:51:32.138434,43.95,1.5467,21.0,8,75.91,15.0
9,2026-04-02 09:51:32.138434,47.06,2.3667,22.0,9,75.89,14.0
9,2026-04-02 10:51:32.138434,51.92,3.6933,23.0,10,75.87,13.0
9,2026-04-02 11:51:32.138434,53.53,3.1933,24.0,11,75.85,12.0
9,2026-04-02 12:51:32.138434,55.59,2.8433,25.0,12,75.82,11.0
9,2026-04-02 13:51:32.138434,59.37,2.4833,26.0,13,75.81,10.0
9,2026-04-02 14:51:32.138434,63.01,3.16,27.0,14,75.77,9.0
9,2026-04-02 15:51:32.138434,63.52,2.6433,28.0,15,75.74,8.0
9,2026-04-02 16:51:32.138434,65.32,1.9833,29.0,16,75.71,7.0
9,2026-04-02 17:51:32.138434,68.02,1.67,30.0,17,75.66,6.0
9,2026-04-02 18:51:32.138434,70.86,2.4467,31.0,18,75.61,5.0
9,2026-04-02 19:51:32.138434,74.56,3.08,32.0,19,75.58,4.0
9,2026-04-02 20:51:32.138434,76.29,2.7567,33.0,20,75.53,3.0
9,2026-04-02 21:51:32.138434,77.22,2.12,34.0,21,75.49,2.0
9,2026-04-02 22:51:32.138434,79.22,1.5533,35.0,22,75.44,1.0
9,2026-04-02 23:51:32.138434,80.35,1.3533,36.0,23,75.4,0.0
9,2026-04-03 19:51:32.138434,39.88,3.7733,19.0,19,74.82,24.0
9,2026-04-03 20:51:32.138434,41.81,3.1267,20.0,20,74.79,23.0
9,2026-04-03 21:51:32.138434,43.48,2.64,21.0,21,74.77,22.0
9,2026-04-03 22:51:32.138434,44.08,1.4,22.0,22,74.74,21.0
9,2026-04-03 23:51:32.138434,44.8,0.9967,23.0,23,74.7,20.0
9,2026-04-04 00:51:32.138434,44.9,0.4733,24.0,0,74.67,19.0
9,2026-04-04 01:51:32.138434,45.07,0.33,25.0,1,74.65,18.0
9,2026-04-04 02:51:32.138434,45.07,0.09,26.0,2,74.63,17.0
9,2026-04-04 03:51:32.138434,45.32,0.14,27.0,3,74.62,16.0
9,2026-04-04 04:51:32.138434,45.38,0.1033,28.0,4,74.61,15.0
9,2026-04-04 05:51:32.138434,45.44,0.1233,29.0,5,74.57,14.0
9,2026-04-04 06:51:32.138434,47.04,0.5733,30.0,6,74.53,13.0
9,2026-04-04 07:51:32.138434,47.56,0.7267,31.0,7,74.49,12.0
9,2026-04-04 08:51:32.138434,50.25,1.6033,32.0,8,74.48,11.0
9,2026-04-04 09:51:32.138434,53.86,2.2733,33.0,9,74.46,10.0
9,2026-04-04 10:51:32.138434,56.38,2.94,34.0,10,74.42,9.0
9,2026-04-04 11:51:32.138434,57.6,2.45,35.0,11,74.4,8.0
9,2026-04-04 12:51:32.138434,61.73,2.6233,36.0,12,74.37,7.0
9,2026-04-04 13:51:32.138434,63.76,2.46,37.0,13,74.34,6.0
9,2026-04-04 14:51:32.138434,68.73,3.71,38.0,14,74.29,5.0
9,2026-04-04 15:51:32.138434,70.17,2.8133,39.0,15,74.28,4.0
9,2026-04-04 16:51:32.138434,72.17,2.8033,40.0,16,74.25,3.0
9,2026-04-04 17:51:32.138434,74.38,1.8833,41.0,17,74.21,2.0
9,2026-04-04 18:51:32.138434,77.85,2.56,42.0,18,74.19,1.0
9,2026-04-04 19:51:32.138434,82.66,3.4967,43.0,19,74.17,0.0
9,2026-04-05 16:51:32.138434,37.35,2.27,20.0,16,73.61,24.0
9,2026-04-05 17:51:32.138434,42.23,2.8067,21.0,17,73.59,23.0
9,2026-04-05 18:51:32.138434,46.89,3.78,22.0,18,73.56,22.0
9,2026-04-05 19:51:32.138434,48.94,3.8633,23.0,19,73.53,21.0
9,2026-04-05 20:51:32.138434,49.48,2.4167,24.0,20,73.52,20.0
9,2026-04-05 21:51:32.138434,50.64,1.25,25.0,21,73.48,19.0
9,2026-04-05 22:51:32.138434,52.48,1.18,26.0,22,73.45,18.0
9,2026-04-05 23:51:32.138434,53.21,1.2433,27.0,23,73.42,17.0
9,2026-04-06 00:51:32.138434,53.26,0.8733,28.0,0,73.38,16.0
9,2026-04-06 01:51:32.138434,53.51,0.3433,29.0,1,73.34,15.0
9,2026-04-06 02:51:32.138434,53.52,0.1033,30.0,2,73.29,14.0
9,2026-04-06 03:51:32.138434,53.72,0.1533,31.0,3,73.25,13.0
9,2026-04-06 04:51:32.138434,53.91,0.1333,32.0,4,73.23,12.0
9,2026-04-06 05:51:32.138434,53.96,0.1467,33.0,5,73.2,11.0
9,2026-04-06 06:51:32.138434,55.32,0.5333,34.0,6,73.19,10.0
9,2026-04-06 07:51:32.138434,56.37,0.82,35.0,7,73.14,9.0
9,2026-04-06 08:51:32.138434,59.92,1.9867,36.0,8,73.11,8.0
9,2026-04-06 09:51:32.138434,64.84,3.1733,37.0,9,73.09,7.0
9,2026-04-06 10:51:32.138434,67.26,3.63,38.0,10,73.04,6.0
9,2026-04-06 11:51:32.138434,68.5,2.86,39.0,11,73.02,5.0
9,2026-04-06 12:51:32.138434,72.79,2.65,40.0,12,72.98,4.0
9,2026-04-06 13:51:32.138434,75.88,2.8733,41.0,13,72.94,3.0
9,2026-04-06 14:51:32.138434,78.07,3.19,42.0,14,72.92,2.0
9,2026-04-06 15:51:32.138434,79.61,2.2733,43.0,15,72.91,1.0
9,2026-04-06 16:51:32.138434,80.52,1.5467,44.0,16,72.86,0.0
9,2026-04-07 10:51:32.138434,38.01,3.58,17.0,10,72.32,24.0
9,2026-04-07 11:51:32.138434,39.21,3.1833,18.0,11,72.28,23.0
9,2026-04-07 12:51:32.138434,41.49,2.51,19.0,12,72.27,22.0
9,2026-04-07 13:51:32.138434,45.4,2.4633,20.0,13,72.26,21.0
9,2026-04-07 14:51:32.138434,50.28,3.69,21.0,14,72.23,20.0
9,2026-04-07 15:51:32.138434,50.86,3.1233,22.0,15,72.2,19.0
9,2026-04-07 16:51:32.138434,52.12,2.24,23.0,16,72.18,18.0
9,2026-04-07 17:51:32.138434,56.94,2.22,24.0,17,72.14,17.0
9,2026-04-07 18:51:32.138434,61.42,3.52,25.0,18,72.12,16.0
9,2026-04-07 19:51:32.138434,64.02,3.9667,26.0,19,72.09,15.0
9,2026-04-07 20:51:32.138434,65.87,2.9767,27.0,20,72.08,14.0
9,2026-04-07 21:51:32.138434,67.04,1.8733,28.0,21,72.05,13.0
9,2026-04-07 22:51:32.138434,67.69,1.2233,29.0,22,72.04,12.0
9,2026-04-07 23:51:32.138434,68.25,0.7933,30.0,23,72.0,11.0
9,2026-04-08 00:51:32.138434,68.4,0.4533,31.0,0,71.97,10.0
9,2026-04-08 01:51:32.138434,68.56,0.29,32.0,1,71.95,9.0
9,2026-04-08 02:51:32.138434,68.73,0.16,33.0,2,71.93,8.0
9,2026-04-08 03:51:32.138434,69.18,0.26,34.0,3,71.91,7.0
9,2026-04-08 04:51:32.138434,69.63,0.3567,35.0,4,71.88,6.0
9,2026-04-08 05:51:32.138434,69.97,0.4133,36.0,5,71.84,5.0
9,2026-04-08 06:51:32.138434,70.91,0.5767,37.0,6,71.81,4.0
9,2026-04-08 07:51:32.138434,72.73,1.0333,38.0,7,71.79,3.0
9,2026-04-08 08:51:32.138434,77.28,2.4367,39.0,8,71.75,2.0
9,2026-04-08 09:51:32.138434,79.44,2.8433,40.0,9,71.73,1.0
9,2026-04-08 10:51:32.138434,83.63,3.6333,41.0,10,71.69,0.0
9,2026-04-08 23:51:32.138434,35.62,1.2133,12.0,23,71.25,24.0
9,2026-04-09 00:51:32.138434,35.92,1.1133,13.0,0,71.21,23.0
9,2026-04-09 01:51:32.138434,36.08,0.71,14.0,1,71.18,22.0
9,2026-04-09 02:51:32.138434,36.33,0.2367,15.0,2,71.16,21.0
9,2026-04-09 03:51:32.138434,36.44,0.1733,16.0,3,71.14,20.0
9,2026-04-09 04:51:32.138434,36.59,0.17,17.0,4,71.09,19.0
9,2026-04-09 05:51:32.138434,36.9,0.19,18.0,5,71.08,18.0
9,2026-04-09 06:51:32.138434,38.73,0.7633,19.0,6,71.05,17.0
9,2026-04-09 07:51:32.138434,40.24,1.2167,20.0,7,71.03,16.0
9,2026-04-09 08:51:32.138434,45.19,2.7633,21.0,8,70.99,15.0
9,2026-04-09 09:51:32.138434,49.72,3.6633,22.0,9,70.97,14.0
9,2026-04-09 10:51:32.138434,53.95,4.57,23.0,10,70.92,13.0
9,2026-04-09 11:51:32.138434,55.24,3.35,24.0,11,70.9,12.0
9,2026-04-09 12:51:32.138434,57.52,2.6,25.0,12,70.88,11.0
9,2026-04-09 13:51:32.138434,59.88,1.9767,26.0,13,70.87,10.0
9,2026-04-09 14:51:32.138434,64.12,2.96,27.0,14,70.82,9.0
9,2026-04-09 15:51:32.138434,65.27,2.5833,28.0,15,70.79,8.0
9,2026-04-09 16:51:32.138434,66.66,2.26,29.0,16,70.75,7.0
9,2026-04-09 17:51:32.138434,69.91,1.93,30.0,17,70.74,6.0
9,2026-04-09 18:51:32.138434,72.35,2.36,31.0,18,70.73,5.0
9,2026-04-09 19:51:32.138434,77.33,3.5567,32.0,19,70.69,4.0
9,2026-04-09 20:51:32.138434,78.2,2.7633,33.0,20,70.68,3.0
9,2026-04-09 21:51:32.138434,78.81,2.1533,34.0,21,70.65,2.0
9,2026-04-09 22:51:32.138434,79.93,0.8667,35.0,22,70.62,1.0
9,2026-04-09 23:51:32.138434,81.34,1.0467,36.0,23,70.58,0.0
9,2026-04-10 16:51:32.138434,34.29,1.3833,16.0,16,70.07,24.0
9,2026-04-10 17:51:32.138434,36.88,1.37,17.0,17,70.04,23.0
9,2026-04-10 18:51:32.138434,41.75,2.7133,18.0,18,70.02,22.0
9,2026-04-10 19:51:32.138434,45.67,3.7933,19.0,19,69.98,21.0
9,2026-04-10 20:51:32.138434,47.3,3.4733,20.0,20,69.95,20.0
9,2026-04-10 21:51:32.138434,49.12,2.4567,21.0,21,69.93,19.0
9,2026-04-10 22:51:32.138434,50.95,1.76,22.0,22,69.91,18.0
9,2026-04-10 23:51:32.138434,51.7,1.4667,23.0,23,69.88,17.0
9,2026-04-11 00:51:32.138434,51.87,0.9167,24.0,0,69.84,16.0
9,2026-04-11 01:51:32.138434,52.06,0.37,25.0,1,69.82,15.0
9,2026-04-11 02:51:32.138434,52.32,0.2067,26.0,2,69.77,14.0
9,2026-04-11 03:51:32.138434,52.62,0.25,27.0,3,69.75,13.0
9,2026-04-11 04:51:32.138434,52.97,0.3033,28.0,4,69.71,12.0
9,2026-04-11 05:51:32.138434,53.07,0.25,29.0,5,69.69,11.0
9,2026-04-11 06:51:32.138434,54.92,0.7667,30.0,6,69.68,10.0
9,2026-04-11 07:51:32.138434,56.37,1.1333,31.0,7,69.64,9.0
9,2026-04-11 08:51:32.138434,60.21,2.38,32.0,8,69.59,8.0
9,2026-04-11 09:51:32.138434,63.57,2.8833,33.0,9,69.57,7.0
9,2026-04-11 10:51:32.138434,67.55,3.7267,34.0,10,69.53,6.0
9,2026-04-11 11:51:32.138434,68.88,2.89,35.0,11,69.49,5.0
9,2026-04-11 12:51:32.138434,71.69,2.7067,36.0,12,69.48,4.0
9,2026-04-11 13:51:32.138434,74.72,2.39,37.0,13,69.43,3.0
9,2026-04-11 14:51:32.138434,78.08,3.0667,38.0,14,69.39,2.0
9,2026-04-11 15:51:32.138434,78.8,2.37,39.0,15,69.36,1.0
9,2026-04-11 16:51:32.138434,80.51,1.93,40.0,16,69.32,0.0
9,2026-04-12 10:51:32.138434,37.79,3.77,17.0,10,68.81,24.0
9,2026-04-12 11:51:32.138434,38.46,2.4767,18.0,11,68.77,23.0
9,2026-04-12 12:51:32.138434,41.37,1.9167,19.0,12,68.73,22.0
9,2026-04-12 13:51:32.138434,43.79,2.0,20.0,13,68.68,21.0
9,2026-04-12 14:51:32.138434,47.49,3.01,21.0,14,68.65,20.0
9,2026-04-12 15:51:32.138434,48.6,2.41,22.0,15,68.62,19.0
9,2026-04-12 16:51:32.138434,50.35,2.1867,23.0,16,68.58,18.0
9,2026-04-12 17:51:32.138434,53.78,2.0967,24.0,17,68.56,17.0
9,2026-04-12 18:51:32.138434,56.87,2.7567,25.0,18,68.54,16.0
9,2026-04-12 19:51:32.138434,60.13,3.26,26.0,19,68.53,15.0
9,2026-04-12 20:51:32.138434,61.96,2.7267,27.0,20,68.5,14.0
9,2026-04-12 21:51:32.138434,63.36,2.1633,28.0,21,68.48,13.0
9,2026-04-12 22:51:32.138434,64.86,1.5767,29.0,22,68.46,12.0
9,2026-04-12 23:51:32.138434,66.1,1.38,30.0,23,68.41,11.0
9,2026-04-13 00:51:32.138434,66.35,0.9967,31.0,0,68.4,10.0
9,2026-04-13 01:51:32.138434,66.82,0.6533,32.0,1,68.37,9.0
9,2026-04-13 02:51:32.138434,67.17,0.3567,33.0,2,68.35,8.0
9,2026-04-13 03:51:32.138434,67.56,0.4033,34.0,3,68.31,7.0
9,2026-04-13 04:51:32.138434,67.91,0.3633,35.0,4,68.28,6.0
9,2026-04-13 05:51:32.138434,68.32,0.3833,36.0,5,68.25,5.0
9,2026-04-13 06:51:32.138434,69.4,0.6133,37.0,6,68.24,4.0
9,2026-04-13 07:51:32.138434,71.11,1.0667,38.0,7,68.2,3.0
9,2026-04-13 08:51:32.138434,74.61,2.0967,39.0,8,68.17,2.0
9,2026-04-13 09:51:32.138434,77.71,2.77,40.0,9,68.15,1.0
9,2026-04-13 10:51:32.138434,80.03,2.9733,41.0,10,68.11,0.0
9,2026-04-14 08:51:32.138434,39.11,2.2467,21.0,8,67.46,24.0
9,2026-04-14 09:51:32.138434,43.93,3.5833,22.0,9,67.44,23.0
9,2026-04-14 10:51:32.138434,47.03,4.2533,23.0,10,67.42,22.0
9,2026-04-14 11:51:32.138434,48.19,3.0267,24.0,11,67.39,21.0
9,2026-04-14 12:51:32.138434,51.37,2.48,25.0,12,67.36,20.0
9,2026-04-14 13:51:32.138434,56.24,3.07,26.0,13,67.35,19.0
9,2026-04-14 14:51:32.138434,59.51,3.7733,27.0,14,67.31,18.0
9,2026-04-14 15:51:32.138434,60.45,3.0267,28.0,15,67.29,17.0
9,2026-04-14 16:51:32.138434,62.2,1.9867,29.0,16,67.25,16.0
9,2026-04-14 17:51:32.138434,64.3,1.5967,30.0,17,67.21,15.0
9,2026-04-14 18:51:32.138434,67.15,2.2333,31.0,18,67.17,14.0
9,2026-04-14 19:51:32.138434,69.56,2.4533,32.0,19,67.14,13.0
9,2026-04-14 20:51:32.138434,70.93,2.21,33.0,20,67.09,12.0
9,2026-04-14 21:51:32.138434,72.93,1.9267,34.0,21,67.05,11.0
9,2026-04-14 22:51:32.138434,74.18,1.54,35.0,22,67.03,10.0
9,2026-04-14 23:51:32.138434,75.01,1.36,36.0,23,67.01,9.0
9,2026-04-15 00:51:32.138434,75.04,0.7033,37.0,0,66.99,8.0
9,2026-04-15 01:51:32.138434,75.06,0.2933,38.0,1,66.95,7.0
9,2026-04-15 02:51:32.138434,75.17,0.0533,39.0,2,66.91,6.0
9,2026-04-15 03:51:32.138434,75.57,0.1767,40.0,3,66.89,5.0
9,2026-04-15 04:51:32.138434,75.91,0.2833,41.0,4,66.86,4.0
9,2026-04-15 05:51:32.138434,76.11,0.3133,42.0,5,66.83,3.0
9,2026-04-15 06:51:32.138434,77.83,0.7533,43.0,6,66.81,2.0
9,2026-04-15 07:51:32.138434,79.54,1.21,44.0,7,66.77,1.0
9,2026-04-15 08:51:32.138434,83.6,2.4967,45.0,8,66.74,0.0
9,2026-04-15 19:51:32.138434,38.45,3.0233,10.0,19,66.42,24.0
9,2026-04-15 20:51:32.138434,40.22,2.34,11.0,20,66.41,23.0
9,2026-04-15 21:51:32.138434,40.88,1.5967,12.0,21,66.36,22.0
9,2026-04-15 22:51:32.138434,41.85,1.1333,13.0,22,66.31,21.0
9,2026-04-15 23:51:32.138434,42.97,0.9167,14.0,23,66.29,20.0
9,2026-04-16 00:51:32.138434,43.39,0.8367,15.0,0,66.27,19.0
9,2026-04-16 01:51:32.138434,43.81,0.6533,16.0,1,66.25,18.0
9,2026-04-16 02:51:32.138434,44.09,0.3733,17.0,2,66.23,17.0
9,2026-04-16 03:51:32.138434,44.47,0.36,18.0,3,66.19,16.0
9,2026-04-16 04:51:32.138434,44.51,0.2333,19.0,4,66.16,15.0
9,2026-04-16 05:51:32.138434,44.99,0.3,20.0,5,66.13,14.0
9,2026-04-16 06:51:32.138434,46.69,0.74,21.0,6,66.08,13.0
9,2026-04-16 07:51:32.138434,47.41,0.9667,22.0,7,66.03,12.0
9,2026-04-16 08:51:32.138434,52.04,2.35,23.0,8,66.02,11.0
9,2026-04-16 09:51:32.138434,56.24,3.1833,24.0,9,65.99,10.0
9,2026-04-16 10:51:32.138434,59.12,3.9033,25.0,10,65.96,9.0
9,2026-04-16 11:51:32.138434,60.96,2.9733,26.0,11,65.93,8.0
9,2026-04-16 12:51:32.138434,65.26,3.0067,27.0,12,65.89,7.0
9,2026-04-16 13:51:32.138434,69.56,3.48,28.0,13,65.84,6.0
9,2026-04-16 14:51:32.138434,71.77,3.6033,29.0,14,65.81,5.0
9,2026-04-16 15:51:32.138434,72.78,2.5067,30.0,15,65.76,4.0
9,2026-04-16 16:51:32.138434,73.81,1.4167,31.0,16,65.73,3.0
9,2026-04-16 17:51:32.138434,76.67,1.6333,32.0,17,65.7,2.0
9,2026-04-16 18:51:32.138434,79.2,2.14,33.0,18,65.65,1.0
9,2026-04-16 19:51:32.138434,82.61,2.9333,34.0,19,65.63,0.0
9,2026-04-17 14:51:32.138434,40.17,3.8933,18.0,14,65.02,24.0
9,2026-04-17 15:51:32.138434,41.29,2.9233,19.0,15,64.97,23.0
9,2026-04-17 16:51:32.138434,42.8,2.41,20.0,16,64.94,22.0
9,2026-04-17 17:51:32.138434,47.12,2.3167,21.0,17,64.9,21.0
9,2026-04-17 18:51:32.138434,51.11,3.2733,22.0,18,64.87,20.0
9,2026-04-17 19:51:32.138434,54.93,4.0433,23.0,19,64.83,19.0
9,2026-04-17 20:51:32.138434,55.62,2.8333,24.0,20,64.81,18.0
9,2026-04-17 21:51:32.138434,56.3,1.73,25.0,21,64.78,17.0
9,2026-04-17 22:51:32.138434,57.17,0.7467,26.0,22,64.74,16.0
9,2026-04-17 23:51:32.138434,57.73,0.7033,27.0,23,64.7,15.0
9,2026-04-18 00:51:32.138434,57.86,0.52,28.0,0,64.69,14.0
9,2026-04-18 01:51:32.138434,57.98,0.27,29.0,1,64.66,13.0
9,2026-04-18 02:51:32.138434,58.18,0.15,30.0,2,64.64,12.0
9,2026-04-18 03:51:32.138434,58.56,0.2333,31.0,3,64.59,11.0
9,2026-04-18 04:51:32.138434,59.02,0.3467,32.0,4,64.55,10.0
9,2026-04-18 05:51:32.138434,59.36,0.3933,33.0,5,64.53,9.0
9,2026-04-18 06:51:32.138434,61.07,0.8367,34.0,6,64.51,8.0
9,2026-04-18 07:51:32.138434,62.5,1.16,35.0,7,64.5,7.0
9,2026-04-18 08:51:32.138434,64.7,1.78,36.0,8,64.47,6.0
9,2026-04-18 09:51:32.138434,67.92,2.2833,37.0,9,64.45,5.0
9,2026-04-18 10:51:32.138434,71.77,3.09,38.0,10,64.42,4.0
9,2026-04-18 11:51:32.138434,73.31,2.87,39.0,11,64.39,3.0
9,2026-04-18 12:51:32.138434,77.02,3.0333,40.0,12,64.37,2.0
9,2026-04-18 13:51:32.138434,79.34,2.5233,41.0,13,64.33,1.0
9,2026-04-18 14:51:32.138434,81.86,2.85,42.0,14,64.3,0.0
9,2026-04-19 12:51:32.138434,38.67,3.4867,21.0,12,63.74,24.0
9,2026-04-19 13:51:32.138434,40.68,2.8467,22.0,13,63.71,23.0
9,2026-04-19 14:51:32.138434,44.8,3.6067,23.0,14,63.69,22.0
9,2026-04-19 15:51:32.138434,46.25,2.5267,24.0,15,63.66,21.0
9,2026-04-19 16:51:32.138434,47.92,2.4133,25.0,16,63.61,20.0
9,2026-04-19 17:51:32.138434,50.63,1.9433,26.0,17,63.59,19.0
9,2026-04-19 18:51:32.138434,54.61,2.7867,27.0,18,63.55,18.0
9,2026-04-19 19:51:32.138434,58.23,3.4367,28.0,19,63.5,17.0
9,2026-04-19 20:51:32.138434,59.81,3.06,29.0,20,63.46,16.0
9,2026-04-19 21:51:32.138434,61.79,2.3933,30.0,21,63.45,15.0
9,2026-04-19 22:51:32.138434,63.49,1.7533,31.0,22,63.42,14.0
9,2026-04-19 23:51:32.138434,64.2,1.4633,32.0,23,63.37,13.0
9,2026-04-20 00:51:32.138434,64.49,0.9,33.0,0,63.35,12.0
9,2026-04-20 01:51:32.138434,64.97,0.4933,34.0,1,63.33,11.0
9,2026-04-20 02:51:32.138434,65.04,0.28,35.0,2,63.31,10.0
9,2026-04-20 03:51:32.138434,65.34,0.2833,36.0,3,63.29,9.0
9,2026-04-20 04:51:32.138434,65.5,0.1767,37.0,4,63.25,8.0
9,2026-04-20 05:51:32.138434,65.76,0.24,38.0,5,63.2,7.0
9,2026-04-20 06:51:32.138434,66.39,0.35,39.0,6,63.16,6.0
9,2026-04-20 07:51:32.138434,68.24,0.9133,40.0,7,63.12,5.0
9,2026-04-20 08:51:32.138434,70.58,1.6067,41.0,8,63.08,4.0
9,2026-04-20 09:51:32.138434,74.06,2.5567,42.0,9,63.03,3.0
9,2026-04-20 10:51:32.138434,77.25,3.0033,43.0,10,63.01,2.0
9,2026-04-20 11:51:32.138434,78.26,2.56,44.0,11,62.98,1.0
9,2026-04-20 12:51:32.138434,81.55,2.4967,45.0,12,62.93,0.0
9,2026-04-21 03:51:32.138434,33.1,0.39,14.0,3,62.53,24.0
9,2026-04-21 04:51:32.138434,33.1,0.24,15.0,4,62.5,23.0
9,2026-04-21 05:51:32.138434,33.12,0.0833,16.0,5,62.49,22.0
9,2026-04-21 06:51:32.138434,34.83,0.5767,17.0,6,62.48,21.0
9,2026-04-21 07:51:32.138434,36.6,1.1667,18.0,7,62.46,20.0
9,2026-04-21 08:51:32.138434,40.94,2.6067,19.0,8,62.44,19.0
9,2026-04-21 09:51:32.138434,45.55,3.5733,20.0,9,62.43,18.0
9,2026-04-21 10:51:32.138434,48.29,3.8967,21.0,10,62.4,17.0
9,2026-04-21 11:51:32.138434,49.47,2.8433,22.0,11,62.39,16.0
9,2026-04-21 12:51:32.138434,51.74,2.0633,23.0,12,62.37,15.0
9,2026-04-21 13:51:32.138434,55.38,2.3633,24.0,13,62.34,14.0
9,2026-04-21 14:51:32.138434,58.43,2.9867,25.0,14,62.31,13.0
9,2026-04-21 15:51:32.138434,59.36,2.54,26.0,15,62.29,12.0
9,2026-04-21 16:51:32.138434,60.65,1.7567,27.0,16,62.27,11.0
9,2026-04-21 17:51:32.138434,65.56,2.3767,28.0,17,62.25,10.0
9,2026-04-21 18:51:32.138434,70.28,3.64,29.0,18,62.21,9.0
9,2026-04-21 19:51:32.138434,74.26,4.5367,30.0,19,62.17,8.0
9,2026-04-21 20:51:32.138434,75.73,3.39,31.0,20,62.14,7.0
9,2026-04-21 21:51:32.138434,77.6,2.44,32.0,21,62.11,6.0
9,2026-04-21 22:51:32.138434,78.85,1.53,33.0,22,62.09,5.0
9,2026-04-21 23:51:32.138434,79.44,1.2367,34.0,23,62.08,4.0
9,2026-04-22 00:51:32.138434,79.64,0.68,35.0,0,62.03,3.0
9,2026-04-22 01:51:32.138434,79.85,0.3333,36.0,1,61.98,2.0
9,2026-04-22 02:51:32.138434,79.96,0.1733,37.0,2,61.96,1.0
9,2026-04-22 03:51:32.138434,80.22,0.1933,38.0,3,61.94,0.0
9,2026-04-22 14:51:32.138434,31.74,3.3033,10.0,14,61.61,24.0
9,2026-04-22 15:51:32.138434,32.41,2.76,11.0,15,61.59,23.0
9,2026-04-22 16:51:32.138434,34.08,1.9167,12.0,16,61.56,22.0
9,2026-04-22 17:51:32.138434,38.26,2.1733,13.0,17,61.54,21.0
9,2026-04-22 18:51:32.138434,42.69,3.4267,14.0,18,61.53,20.0
9,2026-04-22 19:51:32.138434,45.92,3.9467,15.0,19,61.49,19.0
9,2026-04-22 20:51:32.138434,47.69,3.1433,16.0,20,61.45,18.0
9,2026-04-22 21:51:32.138434,48.42,1.91,17.0,21,61.42,17.0
9,2026-04-22 22:51:32.138434,49.53,1.2033,18.0,22,61.38,16.0
9,2026-04-22 23:51:32.138434,51.18,1.1633,19.0,23,61.34,15.0
9,2026-04-23 00:51:32.138434,51.61,1.0633,20.0,0,61.33,14.0
9,2026-04-23 01:51:32.138434,51.64,0.7033,21.0,1,61.29,13.0
9,2026-04-23 02:51:32.138434,51.91,0.2433,22.0,2,61.27,12.0
9,2026-04-23 03:51:32.138434,52.06,0.15,23.0,3,61.24,11.0
9,2026-04-23 04:51:32.138434,52.26,0.2067,24.0,4,61.2,10.0
9,2026-04-23 05:51:32.138434,52.69,0.26,25.0,5,61.17,9.0
9,2026-04-23 06:51:32.138434,54.21,0.7167,26.0,6,61.15,8.0
9,2026-04-23 07:51:32.138434,54.72,0.82,27.0,7,61.11,7.0
9,2026-04-23 08:51:32.138434,59.01,2.1067,28.0,8,61.07,6.0
9,2026-04-23 09:51:32.138434,62.83,2.8733,29.0,9,61.03,5.0
9,2026-04-23 10:51:32.138434,67.34,4.2067,30.0,10,61.0,4.0
9,2026-04-23 11:51:32.138434,68.76,3.25,31.0,11,60.98,3.0
9,2026-04-23 12:51:32.138434,72.52,3.23,32.0,12,60.95,2.0
9,2026-04-23 13:51:32.138434,76.42,3.0267,33.0,13,60.9,1.0
9,2026-04-23 14:51:32.138434,80.61,3.95,34.0,14,60.87,0.0
9,2026-04-24 12:51:32.138434,40.47,1.94,21.0,12,60.1,24.0
9,2026-04-24 13:51:32.138434,42.83,1.8467,22.0,13,60.05,23.0
9,2026-04-24 14:51:32.138434,45.79,2.4933,23.0,14,60.02,22.0
9,2026-04-24 15:51:32.138434,46.99,2.1733,24.0,15,59.98,21.0
9,2026-04-24 16:51:32.138434,47.9,1.69,25.0,16,59.96,20.0
9,2026-04-24 17:51:32.138434,50.49,1.5667,26.0,17,59.94,19.0
9,2026-04-24 18:51:32.138434,52.94,1.9833,27.0,18,59.9,18.0
9,2026-04-24 19:51:32.138434,56.92,3.0067,28.0,19,59.86,17.0
9,2026-04-24 20:51:32.138434,57.79,2.4333,29.0,20,59.83,16.0
9,2026-04-24 21:51:32.138434,59.12,2.06,30.0,21,59.81,15.0
9,2026-04-24 22:51:32.138434,59.85,0.9767,31.0,22,59.76,14.0
9,2026-04-24 23:51:32.138434,60.78,0.9967,32.0,23,59.73,13.0
9,2026-04-25 00:51:32.138434,61.02,0.6333,33.0,0,59.72,12.0
9,2026-04-25 01:51:32.138434,61.48,0.5433,34.0,1,59.7,11.0
9,2026-04-25 02:51:32.138434,61.63,0.2833,35.0,2,59.68,10.0
9,2026-04-25 03:51:32.138434,61.88,0.2867,36.0,3,59.65,9.0
9,2026-04-25 04:51:32.138434,62.15,0.2233,37.0,4,59.6,8.0
9,2026-04-25 05:51:32.138434,62.43,0.2667,38.0,5,59.59,7.0
9,2026-04-25 06:51:32.138434,64.37,0.83,39.0,6,59.55,6.0
9,2026-04-25 07:51:32.138434,65.04,0.9633,40.0,7,59.52,5.0
9,2026-04-25 08:51:32.138434,69.18,2.25,41.0,8,59.48,4.0
9,2026-04-25 09:51:32.138434,73.61,3.08,42.0,9,59.46,3.0
9,2026-04-25 10:51:32.138434,76.65,3.87,43.0,10,59.44,2.0
9,2026-04-25 11:51:32.138434,78.12,2.98,44.0,11,59.39,1.0
9,2026-04-25 12:51:32.138434,83.01,3.1333,45.0,12,59.37,0.0
9,2026-04-26 06:51:32.138434,35.92,0.6867,17.0,6,58.9,24.0
9,2026-04-26 07:51:32.138434,37.4,1.15,18.0,7,58.87,23.0
9,2026-04-26 08:51:32.138434,41.07,2.3467,19.0,8,58.84,22.0
9,2026-04-26 09:51:32.138434,45.01,3.03,20.0,9,58.8,21.0
9,2026-04-26 10:51:32.138434,48.86,3.82,21.0,10,58.75,20.0
9,2026-04-26 11:51:32.138434,49.66,2.8633,22.0,11,58.73,19.0
9,2026-04-26 12:51:32.138434,54.5,3.1633,23.0,12,58.69,18.0
9,2026-04-26 13:51:32.138434,56.56,2.5667,24.0,13,58.67,17.0
9,2026-04-26 14:51:32.138434,59.22,3.1867,25.0,14,58.62,16.0
9,2026-04-26 15:51:32.138434,61.05,2.1833,26.0,15,58.58,15.0
9,2026-04-26 16:51:32.138434,62.6,2.0133,27.0,16,58.54,14.0
9,2026-04-26 17:51:32.138434,67.39,2.7233,28.0,17,58.51,13.0
9,2026-04-26 18:51:32.138434,70.13,3.0267,29.0,18,58.47,12.0
9,2026-04-26 19:51:32.138434,72.51,3.3033,30.0,19,58.45,11.0
9,2026-04-26 20:51:32.138434,73.16,1.9233,31.0,20,58.43,10.0
9,2026-04-26 21:51:32.138434,74.31,1.3933,32.0,21,58.41,9.0
9,2026-04-26 22:51:32.138434,75.57,1.02,33.0,22,58.38,8.0
9,2026-04-26 23:51:32.138434,77.41,1.4167,34.0,23,58.33,7.0
9,2026-04-27 00:51:32.138434,77.59,1.0933,35.0,0,58.3,6.0
9,2026-04-27 01:51:32.138434,77.94,0.79,36.0,1,58.26,5.0
9,2026-04-27 02:51:32.138434,78.17,0.2533,37.0,2,58.25,4.0
9,2026-04-27 03:51:32.138434,78.53,0.3133,38.0,3,58.21,3.0
9,2026-04-27 04:51:32.138434,78.75,0.27,39.0,4,58.16,2.0
9,2026-04-27 05:51:32.138434,79.05,0.2933,40.0,5,58.11,1.0
9,2026-04-27 06:51:32.138434,80.76,0.7433,41.0,6,58.09,0.0
9,2026-04-27 17:51:32.138434,36.71,2.2667,10.0,17,57.72,24.0
9,2026-04-27 18:51:32.138434,39.93,3.0767,11.0,18,57.7,23.0
9,2026-04-27 19:51:32.138434,42.28,3.2767,12.0,19,57.67,22.0
9,2026-04-27 20:51:32.138434,43.9,2.3967,13.0,20,57.64,21.0
9,2026-04-27 21:51:32.138434,45.47,1.8467,14.0,21,57.62,20.0
9,2026-04-27 22:51:32.138434,46.11,1.2767,15.0,22,57.58,19.0
9,2026-04-27 23:51:32.138434,47.97,1.3567,16.0,23,57.54,18.0
9,2026-04-28 00:51:32.138434,48.09,0.8733,17.0,0,57.52,17.0
9,2026-04-28 01:51:32.138434,48.48,0.79,18.0,1,57.47,16.0
9,2026-04-28 02:51:32.138434,48.85,0.2933,19.0,2,57.44,15.0
9,2026-04-28 03:51:32.138434,49.15,0.3533,20.0,3,57.4,14.0
9,2026-04-28 04:51:32.138434,49.62,0.38,21.0,4,57.39,13.0
9,2026-04-28 05:51:32.138434,49.94,0.3633,22.0,5,57.34,12.0
9,2026-04-28 06:51:32.138434,51.54,0.7967,23.0,6,57.3,11.0
9,2026-04-28 07:51:32.138434,52.62,1.0,24.0,7,57.26,10.0
9,2026-04-28 08:51:32.138434,57.42,2.4933,25.0,8,57.25,9.0
9,2026-04-28 09:51:32.138434,62.03,3.4967,26.0,9,57.23,8.0
9,2026-04-28 10:51:32.138434,65.28,4.22,27.0,10,57.2,7.0
9,2026-04-28 11:51:32.138434,66.91,3.1633,28.0,11,57.18,6.0
9,2026-04-28 12:51:32.138434,71.29,3.0867,29.0,12,57.16,5.0
9,2026-04-28 13:51:32.138434,74.41,3.0433,30.0,13,57.12,4.0
9,2026-04-28 14:51:32.138434,76.63,3.24,31.0,14,57.07,3.0
9,2026-04-28 15:51:32.138434,78.58,2.43,32.0,15,57.04,2.0
9,2026-04-28 16:51:32.138434,79.31,1.6333,33.0,16,57.0,1.0
9,2026-04-28 17:51:32.138434,82.77,2.0467,34.0,17,56.96,0.0
9,2026-04-29 12:51:32.138434,35.37,2.42,18.0,12,56.43,24.0
9,2026-04-29 13:51:32.138434,38.44,2.6167,19.0,13,56.42,23.0
9,2026-04-29 14:51:32.138434,41.99,3.2833,20.0,14,56.41,22.0
9,2026-04-29 15:51:32.138434,43.47,2.7,21.0,15,56.38,21.0
9,2026-04-29 16:51:32.138434,45.23,2.2633,22.0,16,56.36,20.0
9,2026-04-29 17:51:32.138434,49.75,2.5867,23.0,17,56.33,19.0
9,2026-04-29 18:51:32.138434,52.05,2.86,24.0,18,56.32,18.0
9,2026-04-29 19:51:32.138434,55.2,3.3233,25.0,19,56.28,17.0
9,2026-04-29 20:51:32.138434,55.9,2.05,26.0,20,56.26,16.0
9,2026-04-29 21:51:32.138434,56.83,1.5933,27.0,21,56.24,15.0
9,2026-04-29 22:51:32.138434,58.66,1.1533,28.0,22,56.22,14.0
9,2026-04-29 23:51:32.138434,60.5,1.5333,29.0,23,56.18,13.0
9,2026-04-30 00:51:32.138434,60.8,1.3233,30.0,0,56.16,12.0
9,2026-04-30 01:51:32.138434,61.2,0.8467,31.0,1,56.11,11.0
9,2026-04-30 02:51:32.138434,61.46,0.32,32.0,2,56.09,10.0
9,2026-04-30 03:51:32.138434,61.57,0.2567,33.0,3,56.07,9.0
9,2026-04-30 04:51:32.138434,61.63,0.1433,34.0,4,56.04,8.0
9,2026-04-30 05:51:32.138434,61.78,0.1067,35.0,5,56.01,7.0
9,2026-04-30 06:51:32.138434,63.61,0.68,36.0,6,55.99,6.0
9,2026-04-30 07:51:32.138434,65.16,1.1767,37.0,7,55.94,5.0
9,2026-04-30 08:51:32.138434,67.94,2.0533,38.0,8,55.91,4.0
9,2026-04-30 09:51:32.138434,70.93,2.44,39.0,9,55.89,3.0
9,2026-04-30 10:51:32.138434,74.99,3.2767,40.0,10,55.86,2.0
9,2026-04-30 11:51:32.138434,76.04,2.7,41.0,11,55.82,1.0
9,2026-04-30 12:51:32.138434,80.56,3.21,42.0,12,55.78,0.0
9,2026-05-01 07:51:32.138434,37.02,0.5367,18.0,7,55.22,24.0
9,2026-05-01 08:51:32.138434,39.25,1.2567,19.0,8,55.2,23.0
9,2026-05-01 09:51:32.138434,44.09,2.7033,20.0,9,55.19,22.0
9,2026-05-01 10:51:32.138434,48.28,3.7533,21.0,10,55.17,21.0
9,2026-05-01 11:51:32.138434,48.9,3.2167,22.0,11,55.14,20.0
9,2026-05-01 12:51:32.138434,52.53,2.8133,23.0,12,55.11,19.0
9,2026-05-01 13:51:32.138434,57.19,2.97,24.0,13,55.07,18.0
9,2026-05-01 14:51:32.138434,60.42,3.84,25.0,14,55.05,17.0
9,2026-05-01 15:51:32.138434,61.58,3.0167,26.0,15,55.03,16.0
9,2026-05-01 16:51:32.138434,63.54,2.1167,27.0,16,55.0,15.0
9,2026-05-01 17:51:32.138434,66.03,1.87,28.0,17,54.99,14.0
9,2026-05-01 18:51:32.138434,68.93,2.45,29.0,18,54.97,13.0
9,2026-05-01 19:51:32.138434,72.14,2.8667,30.0,19,54.92,12.0
9,2026-05-01 20:51:32.138434,73.05,2.34,31.0,20,54.88,11.0
9,2026-05-01 21:51:32.138434,74.44,1.8367,32.0,21,54.83,10.0
9,2026-05-01 22:51:32.138434,75.02,0.96,33.0,22,54.82,9.0
9,2026-05-01 23:51:32.138434,76.96,1.3033,34.0,23,54.79,8.0
9,2026-05-02 00:51:32.138434,77.04,0.8667,35.0,0,54.77,7.0
9,2026-05-02 01:51:32.138434,77.54,0.84,36.0,1,54.73,6.0
9,2026-05-02 02:51:32.138434,77.75,0.2633,37.0,2,54.71,5.0
9,2026-05-02 03:51:32.138434,77.76,0.24,38.0,3,54.68,4.0
9,2026-05-02 04:51:32.138434,77.81,0.09,39.0,4,54.64,3.0
9,2026-05-02 05:51:32.138434,77.91,0.0533,40.0,5,54.63,2.0
9,2026-05-02 06:51:32.138434,79.26,0.5,41.0,6,54.6,1.0
9,2026-05-02 07:51:32.138434,80.98,1.0567,42.0,7,54.56,0.0
9,2026-05-03 03:51:32.138434,42.91,0.1467,19.0,3,54.03,24.0
9,2026-05-03 04:51:32.138434,43.05,0.0933,20.0,4,54.0,23.0
9,2026-05-03 05:51:32.138434,43.29,0.16,21.0,5,53.98,22.0
9,2026-05-03 06:51:32.138434,44.14,0.41,22.0,6,53.94,21.0
9,2026-05-03 07:51:32.138434,45.09,0.68,23.0,7,53.92,20.0
9,2026-05-03 08:51:32.138434,47.37,1.36,24.0,8,53.89,19.0
9,2026-05-03 09:51:32.138434,49.77,1.8767,25.0,9,53.85,18.0
9,2026-05-03 10:51:32.138434,51.87,2.26,26.0,10,53.81,17.0
9,2026-05-03 11:51:32.138434,52.45,1.6933,27.0,11,53.79,16.0
9,2026-05-03 12:51:32.138434,55.32,1.85,28.0,12,53.77,15.0
9,2026-05-03 13:51:32.138434,58.77,2.3,29.0,13,53.72,14.0
9,2026-05-03 14:51:32.138434,62.11,3.22,30.0,14,53.69,13.0
9,2026-05-03 15:51:32.138434,63.43,2.7033,31.0,15,53.67,12.0
9,2026-05-03 16:51:32.138434,65.41,2.2133,32.0,16,53.66,11.0
9,2026-05-03 17:51:32.138434,68.16,2.0167,33.0,17,53.64,10.0
9,2026-05-03 18:51:32.138434,71.29,2.62,34.0,18,53.62,9.0
9,2026-05-03 19:51:32.138434,75.09,3.2267,35.0,19,53.58,8.0
9,2026-05-03 20:51:32.138434,75.76,2.5333,36.0,20,53.56,7.0
9,2026-05-03 21:51:32.138434,76.34,1.6833,37.0,21,53.53,6.0
9,2026-05-03 22:51:32.138434,77.17,0.6933,38.0,22,53.51,5.0
9,2026-05-03 23:51:32.138434,78.8,1.0133,39.0,23,53.46,4.0
9,2026-05-04 00:51:32.138434,79.28,0.98,40.0,0,53.42,3.0
9,2026-05-04 01:51:32.138434,79.61,0.8133,41.0,1,53.4,2.0
9,2026-05-04 02:51:32.138434,79.93,0.3767,42.0,2,53.39,1.0
9,2026-05-04 03:51:32.138434,80.32,0.3467,43.0,3,53.36,0.0
9,2026-05-04 17:51:32.138434,39.7,1.7467,13.0,17,52.97,24.0
9,2026-05-04 18:51:32.138434,44.24,2.9,14.0,18,52.94,23.0
9,2026-05-04 19:51:32.138434,47.13,3.2467,15.0,19,52.9,22.0
9,2026-05-04 20:51:32.138434,48.88,3.06,16.0,20,52.86,21.0
9,2026-05-04 21:51:32.138434,49.4,1.72,17.0,21,52.85,20.0
9,2026-05-04 22:51:32.138434,50.2,1.0233,18.0,22,52.83,19.0
9,2026-05-04 23:51:32.138434,50.88,0.6667,19.0,23,52.79,18.0
9,2026-05-05 00:51:32.138434,51.36,0.6533,20.0,0,52.77,17.0
9,2026-05-05 01:51:32.138434,51.55,0.45,21.0,1,52.73,16.0
9,2026-05-05 02:51:32.138434,51.87,0.33,22.0,2,52.7,15.0
9,2026-05-05 03:51:32.138434,52.18,0.2733,23.0,3,52.67,14.0
9,2026-05-05 04:51:32.138434,52.44,0.2967,24.0,4,52.65,13.0
9,2026-05-05 05:51:32.138434,52.76,0.2967,25.0,5,52.64,12.0
9,2026-05-05 06:51:32.138434,53.68,0.5,26.0,6,52.61,11.0
9,2026-05-05 07:51:32.138434,54.72,0.76,27.0,7,52.59,10.0
9,2026-05-05 08:51:32.138434,57.07,1.4367,28.0,8,52.55,9.0
9,2026-05-05 09:51:32.138434,61.22,2.5133,29.0,9,52.52,8.0
9,2026-05-05 10:51:32.138434,63.43,2.9033,30.0,10,52.48,7.0
9,2026-05-05 11:51:32.138434,64.64,2.5233,31.0,11,52.43,6.0
9,2026-05-05 12:51:32.138434,68.58,2.4533,32.0,12,52.4,5.0
9,2026-05-05 13:51:32.138434,72.8,3.1233,33.0,13,52.36,4.0
9,2026-05-05 14:51:32.138434,77.16,4.1733,34.0,14,52.35,3.0
9,2026-05-05 15:51:32.138434,78.52,3.3133,35.0,15,52.3,2.0
9,2026-05-05 16:51:32.138434,79.79,2.33,36.0,16,52.27,1.0
9,2026-05-05 17:51:32.138434,84.42,2.42,37.0,17,52.25,0.0
9,2026-05-06 14:51:32.138434,38.09,3.6933,20.0,14,51.61,24.0
9,2026-05-06 15:51:32.138434,39.97,3.3433,21.0,15,51.57,23.0
9,2026-05-06 16:51:32.138434,41.33,2.57,22.0,16,51.55,22.0
9,2026-05-06 17:51:32.138434,43.49,1.8,23.0,17,51.52,21.0
9,2026-05-06 18:51:32.138434,45.88,1.97,24.0,18,51.5,20.0
9,2026-05-06 19:51:32.138434,50.48,3.05,25.0,19,51.47,19.0
9,2026-05-06 20:51:32.138434,51.57,2.6933,26.0,20,51.43,18.0
9,2026-05-06 21:51:32.138434,53.21,2.4433,27.0,21,51.39,17.0
9,2026-05-06 22:51:32.138434,54.41,1.31,28.0,22,51.35,16.0
9,2026-05-06 23:51:32.138434,54.92,1.1167,29.0,23,51.33,15.0
9,2026-05-07 00:51:32.138434,55.41,0.7333,30.0,0,51.29,14.0
9,2026-05-07 01:51:32.138434,55.91,0.5,31.0,1,51.24,13.0
9,2026-05-07 02:51:32.138434,56.37,0.4833,32.0,2,51.23,12.0
9,2026-05-07 03:51:32.138434,56.82,0.47,33.0,3,51.19,11.0
9,2026-05-07 04:51:32.138434,57.28,0.4567,34.0,4,51.17,10.0
9,2026-05-07 05:51:32.138434,57.61,0.4133,35.0,5,51.13,9.0
9,2026-05-07 06:51:32.138434,59.59,0.9233,36.0,6,51.1,8.0
9,2026-05-07 07:51:32.138434,61.42,1.38,37.0,7,51.07,7.0
9,2026-05-07 08:51:32.138434,64.97,2.4533,38.0,8,51.04,6.0
9,2026-05-07 09:51:32.138434,67.33,2.58,39.0,9,51.02,5.0
9,2026-05-07 10:51:32.138434,70.93,3.17,40.0,10,50.97,4.0
9,2026-05-07 11:51:32.138434,71.55,2.1933,41.0,11,50.95,3.0
9,2026-05-07 12:51:32.138434,75.54,2.7367,42.0,12,50.94,2.0
9,2026-05-07 13:51:32.138434,79.63,2.9,43.0,13,50.9,1.0
9,2026-05-07 14:51:32.138434,83.46,3.97,44.0,14,50.86,0.0
10,2026-03-09 10:51:32.159961,26.44,3.87,999.0,10,87.38,24.0
10,2026-03-09 11:51:32.159961,28.28,3.22,999.0,11,87.36,23.0
10,2026-03-09 12:51:32.159961,32.01,3.1867,999.0,12,87.33,22.0
10,2026-03-09 13:51:32.159961,36.88,3.48,999.0,13,87.28,21.0
10,2026-03-09 14:51:32.159961,41.65,4.4567,999.0,14,87.26,20.0
10,2026-03-09 15:51:32.159961,43.41,3.8,999.0,15,87.24,19.0
10,2026-03-09 16:51:32.159961,44.96,2.6933,999.0,16,87.22,18.0
10,2026-03-09 17:51:32.159961,49.95,2.7667,999.0,17,87.19,17.0
10,2026-03-09 18:51:32.159961,54.79,3.7933,999.0,18,87.14,16.0
10,2026-03-09 19:51:32.159961,59.7,4.9133,999.0,19,87.12,15.0
10,2026-03-09 20:51:32.159961,60.5,3.5167,999.0,20,87.11,14.0
10,2026-03-09 21:51:32.159961,61.24,2.15,999.0,21,87.06,13.0
10,2026-03-09 22:51:32.159961,63.02,1.1067,999.0,22,87.01,12.0
10,2026-03-09 23:51:32.159961,65.01,1.5033,999.0,23,86.97,11.0
10,2026-03-10 00:51:32.159961,65.37,1.3767,999.0,0,86.94,10.0
10,2026-03-10 01:51:32.159961,65.4,0.7933,999.0,1,86.92,9.0
10,2026-03-10 02:51:32.159961,65.62,0.2033,999.0,2,86.9,8.0
10,2026-03-10 03:51:32.159961,65.9,0.1767,999.0,3,86.89,7.0
10,2026-03-10 04:51:32.159961,66.16,0.2533,999.0,4,86.87,6.0
10,2026-03-10 05:51:32.159961,66.29,0.2233,999.0,5,86.84,5.0
10,2026-03-10 06:51:32.159961,67.3,0.4667,999.0,6,86.82,4.0
10,2026-03-10 07:51:32.159961,68.66,0.8333,999.0,7,86.79,3.0
10,2026-03-10 08:51:32.159961,73.46,2.39,999.0,8,86.75,2.0
10,2026-03-10 09:51:32.159961,77.36,3.3533,999.0,9,86.72,1.0
10,2026-03-10 10:51:32.159961,80.89,4.0767,999.0,10,86.7,0.0
10,2026-03-10 22:51:32.159961,35.67,1.5867,11.0,22,86.3,24.0
10,2026-03-10 23:51:32.159961,36.31,1.38,12.0,23,86.28,23.0
10,2026-03-11 00:51:32.159961,36.36,0.7433,13.0,0,86.26,22.0
10,2026-03-11 01:51:32.159961,36.63,0.32,14.0,1,86.23,21.0
10,2026-03-11 02:51:32.159961,36.63,0.1067,15.0,2,86.2,20.0
10,2026-03-11 03:51:32.159961,36.78,0.14,16.0,3,86.19,19.0
10,2026-03-11 04:51:32.159961,37.14,0.17,17.0,4,86.17,18.0
10,2026-03-11 05:51:32.159961,37.2,0.19,18.0,5,86.12,17.0
10,2026-03-11 06:51:32.159961,37.83,0.35,19.0,6,86.09,16.0
10,2026-03-11 07:51:32.159961,39.22,0.6933,20.0,7,86.08,15.0
10,2026-03-11 08:51:32.159961,43.14,1.98,21.0,8,86.05,14.0
10,2026-03-11 09:51:32.159961,45.89,2.6867,22.0,9,86.02,13.0
10,2026-03-11 10:51:32.159961,49.44,3.4067,23.0,10,85.97,12.0
10,2026-03-11 11:51:32.159961,50.41,2.4233,24.0,11,85.95,11.0
10,2026-03-11 12:51:32.159961,52.82,2.31,25.0,12,85.91,10.0
10,2026-03-11 13:51:32.159961,56.89,2.4833,26.0,13,85.89,9.0
10,2026-03-11 14:51:32.159961,60.73,3.44,27.0,14,85.85,8.0
10,2026-03-11 15:51:32.159961,61.66,2.9467,28.0,15,85.83,7.0
10,2026-03-11 16:51:32.159961,63.62,2.2433,29.0,16,85.82,6.0
10,2026-03-11 17:51:32.159961,66.38,1.8833,30.0,17,85.8,5.0
10,2026-03-11 18:51:32.159961,71.11,3.15,31.0,18,85.77,4.0
10,2026-03-11 19:51:32.159961,75.61,3.9967,32.0,19,85.73,3.0
10,2026-03-11 20:51:32.159961,77.5,3.7067,33.0,20,85.71,2.0
10,2026-03-11 21:51:32.159961,79.39,2.76,34.0,21,85.68,1.0
10,2026-03-11 22:51:32.159961,81.33,1.9067,35.0,22,85.66,0.0
10,2026-03-12 17:51:32.159961,40.08,2.16,18.0,17,85.0,24.0
10,2026-03-12 18:51:32.159961,44.09,2.93,19.0,18,84.95,23.0
10,2026-03-12 19:51:32.159961,46.18,3.0733,20.0,19,84.92,22.0
10,2026-03-12 20:51:32.159961,47.9,2.6067,21.0,20,84.89,21.0
10,2026-03-12 21:51:32.159961,49.16,1.69,22.0,21,84.86,20.0
10,2026-03-12 22:51:32.159961,50.2,1.34,23.0,22,84.83,19.0
10,2026-03-12 23:51:32.159961,51.22,1.1067,24.0,23,84.81,18.0
10,2026-03-13 00:51:32.159961,51.42,0.7533,25.0,0,84.8,17.0
10,2026-03-13 01:51:32.159961,51.49,0.43,26.0,1,84.76,16.0
10,2026-03-13 02:51:32.159961,51.57,0.1167,27.0,2,84.71,15.0
10,2026-03-13 03:51:32.159961,51.7,0.0933,28.0,3,84.67,14.0
10,2026-03-13 04:51:32.159961,51.73,0.08,29.0,4,84.63,13.0
10,2026-03-13 05:51:32.159961,51.87,0.1,30.0,5,84.58,12.0
10,2026-03-13 06:51:32.159961,52.95,0.4167,31.0,6,84.55,11.0
10,2026-03-13 07:51:32.159961,54.33,0.8667,32.0,7,84.51,10.0
10,2026-03-13 08:51:32.159961,57.6,1.91,33.0,8,84.46,9.0
10,2026-03-13 09:51:32.159961,59.62,2.2233,34.0,9,84.44,8.0
10,2026-03-13 10:51:32.159961,64.41,3.36,35.0,10,84.41,7.0
10,2026-03-13 11:51:32.159961,65.36,2.5867,36.0,11,84.36,6.0
10,2026-03-13 12:51:32.159961,69.69,3.3567,37.0,12,84.34,5.0
10,2026-03-13 13:51:32.159961,72.82,2.8033,38.0,13,84.32,4.0
10,2026-03-13 14:51:32.159961,75.2,3.28,39.0,14,84.3,3.0
10,2026-03-13 15:51:32.159961,76.77,2.36,40.0,15,84.29,2.0
10,2026-03-13 16:51:32.159961,77.92,1.7,41.0,16,84.25,1.0
10,2026-03-13 17:51:32.159961,81.04,1.9467,42.0,17,84.23,0.0
10,2026-03-14 10:51:32.159961,30.86,3.8733,16.0,10,83.76,24.0
10,2026-03-14 11:51:32.159961,32.74,2.8467,17.0,11,83.73,23.0
10,2026-03-14 12:51:32.159961,37.2,3.61,18.0,12,83.69,22.0
10,2026-03-14 13:51:32.159961,41.38,3.5067,19.0,13,83.66,21.0
10,2026-03-14 14:51:32.159961,45.65,4.3033,20.0,14,83.63,20.0
10,2026-03-14 15:51:32.159961,46.37,3.0567,21.0,15,83.6,19.0
10,2026-03-14 16:51:32.159961,47.59,2.07,22.0,16,83.55,18.0
10,2026-03-14 17:51:32.159961,49.62,1.3233,23.0,17,83.5,17.0
10,2026-03-14 18:51:32.159961,53.4,2.3433,24.0,18,83.49,16.0
10,2026-03-14 19:51:32.159961,58.29,3.5667,25.0,19,83.47,15.0
10,2026-03-14 20:51:32.159961,59.22,3.2,26.0,20,83.44,14.0
10,2026-03-14 21:51:32.159961,61.11,2.57,27.0,21,83.39,13.0
10,2026-03-14 22:51:32.159961,61.86,1.19,28.0,22,83.38,12.0
10,2026-03-14 23:51:32.159961,63.84,1.54,29.0,23,83.35,11.0
10,2026-03-15 00:51:32.159961,63.98,0.9567,30.0,0,83.3,10.0
10,2026-03-15 01:51:32.159961,64.22,0.7867,31.0,1,83.27,9.0
10,2026-03-15 02:51:32.159961,64.7,0.2867,32.0,2,83.24,8.0
10,2026-03-15 03:51:32.159961,64.83,0.2833,33.0,3,83.21,7.0
10,2026-03-15 04:51:32.159961,65.25,0.3433,34.0,4,83.18,6.0
10,2026-03-15 05:51:32.159961,65.53,0.2767,35.0,5,83.15,5.0
10,2026-03-15 06:51:32.159961,67.37,0.8467,36.0,6,83.11,4.0
10,2026-03-15 07:51:32.159961,69.03,1.26,37.0,7,83.06,3.0
10,2026-03-15 08:51:32.159961,72.47,2.3133,38.0,8,83.05,2.0
10,2026-03-15 09:51:32.159961,76.32,2.9833,39.0,9,83.01,1.0
10,2026-03-15 10:51:32.159961,80.67,3.88,40.0,10,82.99,0.0
10,2026-03-15 20:51:32.159961,37.39,2.5267,9.0,20,82.7,24.0
10,2026-03-15 21:51:32.159961,39.22,1.75,10.0,21,82.68,23.0
10,2026-03-15 22:51:32.159961,40.3,1.43,11.0,22,82.64,22.0
10,2026-03-15 23:51:32.159961,41.48,1.3633,12.0,23,82.59,21.0
10,2026-03-16 00:51:32.159961,41.86,0.88,13.0,0,82.54,20.0
10,2026-03-16 01:51:32.159961,42.13,0.61,14.0,1,82.51,19.0
10,2026-03-16 02:51:32.159961,42.47,0.33,15.0,2,82.49,18.0
10,2026-03-16 03:51:32.159961,42.6,0.2467,16.0,3,82.44,17.0
10,2026-03-16 04:51:32.159961,42.67,0.18,17.0,4,82.41,16.0
10,2026-03-16 05:51:32.159961,42.74,0.09,18.0,5,82.38,15.0
10,2026-03-16 06:51:32.159961,44.67,0.69,19.0,6,82.35,14.0
10,2026-03-16 07:51:32.159961,45.47,0.9333,20.0,7,82.33,13.0
10,2026-03-16 08:51:32.159961,48.91,2.0567,21.0,8,82.28,12.0
10,2026-03-16 09:51:32.159961,50.98,2.1033,22.0,9,82.25,11.0
10,2026-03-16 10:51:32.159961,54.97,3.1667,23.0,10,82.21,10.0
10,2026-03-16 11:51:32.159961,56.27,2.4533,24.0,11,82.19,9.0
10,2026-03-16 12:51:32.159961,61.15,3.39,25.0,12,82.15,8.0
10,2026-03-16 13:51:32.159961,64.2,3.0767,26.0,13,82.13,7.0
10,2026-03-16 14:51:32.159961,67.67,3.8,27.0,14,82.12,6.0
10,2026-03-16 15:51:32.159961,69.57,2.8067,28.0,15,82.08,5.0
10,2026-03-16 16:51:32.159961,71.4,2.4,29.0,16,82.07,4.0
10,2026-03-16 17:51:32.159961,73.78,2.0367,30.0,17,82.03,3.0
10,2026-03-16 18:51:32.159961,77.16,2.53,31.0,18,82.01,2.0
10,2026-03-16 19:51:32.159961,79.47,2.69,32.0,19,81.98,1.0
10,2026-03-16 20:51:32.159961,80.85,2.3567,33.0,20,81.96,0.0
10,2026-03-17 13:51:32.159961,34.63,3.0667,16.0,13,81.38,24.0
10,2026-03-17 14:51:32.159961,39.28,3.98,17.0,14,81.35,23.0
10,2026-03-17 15:51:32.159961,40.65,3.11,18.0,15,81.32,22.0
10,2026-03-17 16:51:32.159961,41.86,2.41,19.0,16,81.29,21.0
10,2026-03-17 17:51:32.159961,44.18,1.6333,20.0,17,81.26,20.0
10,2026-03-17 18:51:32.159961,48.98,2.7767,21.0,18,81.25,19.0
10,2026-03-17 19:51:32.159961,52.94,3.6933,22.0,19,81.22,18.0
10,2026-03-17 20:51:32.159961,54.74,3.52,23.0,20,81.19,17.0
10,2026-03-17 21:51:32.159961,55.88,2.3,24.0,21,81.16,16.0
10,2026-03-17 22:51:32.159961,56.49,1.1833,25.0,22,81.14,15.0
10,2026-03-17 23:51:32.159961,58.46,1.24,26.0,23,81.11,14.0
10,2026-03-18 00:51:32.159961,58.84,0.9867,27.0,0,81.06,13.0
10,2026-03-18 01:51:32.159961,59.13,0.88,28.0,1,81.04,12.0
10,2026-03-18 02:51:32.159961,59.28,0.2733,29.0,2,81.02,11.0
10,2026-03-18 03:51:32.159961,59.29,0.15,30.0,3,81.0,10.0
10,2026-03-18 04:51:32.159961,59.62,0.1633,31.0,4,80.99,9.0
10,2026-03-18 05:51:32.159961,60.1,0.2733,32.0,5,80.97,8.0
10,2026-03-18 06:51:32.159961,60.85,0.52,33.0,6,80.94,7.0
10,2026-03-18 07:51:32.159961,62.01,0.7967,34.0,7,80.92,6.0
10,2026-03-18 08:51:32.159961,66.8,2.2333,35.0,8,80.89,5.0
10,2026-03-18 09:51:32.159961,70.46,3.2033,36.0,9,80.85,4.0
10,2026-03-18 10:51:32.159961,73.08,3.69,37.0,10,80.81,3.0
10,2026-03-18 11:51:32.159961,74.77,2.6567,38.0,11,80.78,2.0
10,2026-03-18 12:51:32.159961,77.4,2.3133,39.0,12,80.74,1.0
10,2026-03-18 13:51:32.159961,81.51,2.81,40.0,13,80.71,0.0
10,2026-03-19 10:51:32.159961,41.24,2.8367,20.0,10,80.06,24.0
10,2026-03-19 11:51:32.159961,42.77,2.1833,21.0,11,80.04,23.0
10,2026-03-19 12:51:32.159961,45.43,2.15,22.0,12,80.0,22.0
10,2026-03-19 13:51:32.159961,49.15,2.6367,23.0,13,79.97,21.0
10,2026-03-19 14:51:32.159961,51.83,3.02,24.0,14,79.92,20.0
10,2026-03-19 15:51:32.159961,53.3,2.6233,25.0,15,79.91,19.0
10,2026-03-19 16:51:32.159961,54.4,1.75,26.0,16,79.86,18.0
10,2026-03-19 17:51:32.159961,56.42,1.53,27.0,17,79.82,17.0
10,2026-03-19 18:51:32.159961,58.69,1.7967,28.0,18,79.77,16.0
10,2026-03-19 19:51:32.159961,61.41,2.3367,29.0,19,79.75,15.0
10,2026-03-19 20:51:32.159961,62.73,2.1033,30.0,20,79.71,14.0
10,2026-03-19 21:51:32.159961,63.83,1.7133,31.0,21,79.66,13.0
10,2026-03-19 22:51:32.159961,65.51,1.3667,32.0,22,79.62,12.0
10,2026-03-19 23:51:32.159961,67.12,1.4633,33.0,23,79.61,11.0
10,2026-03-20 00:51:32.159961,67.14,1.1033,34.0,0,79.56,10.0
10,2026-03-20 01:51:32.159961,67.15,0.5467,35.0,1,79.52,9.0
10,2026-03-20 02:51:32.159961,67.43,0.1033,36.0,2,79.51,8.0
10,2026-03-20 03:51:32.159961,67.9,0.2533,37.0,3,79.49,7.0
10,2026-03-20 04:51:32.159961,68.06,0.3033,38.0,4,79.47,6.0
10,2026-03-20 05:51:32.159961,68.28,0.2833,39.0,5,79.45,5.0
10,2026-03-20 06:51:32.159961,69.47,0.5233,40.0,6,79.4,4.0
10,2026-03-20 07:51:32.159961,70.01,0.65,41.0,7,79.39,3.0
10,2026-03-20 08:51:32.159961,74.44,2.0533,42.0,8,79.35,2.0
10,2026-03-20 09:51:32.159961,78.68,3.07,43.0,9,79.31,1.0
10,2026-03-20 10:51:32.159961,81.51,3.8333,44.0,10,79.29,0.0
10,2026-03-21 09:51:32.159961,42.59,2.7533,22.0,9,78.53,24.0
10,2026-03-21 10:51:32.159961,45.03,3.19,23.0,10,78.52,23.0
10,2026-03-21 11:51:32.159961,46.12,2.37,24.0,11,78.51,22.0
10,2026-03-21 12:51:32.159961,48.43,1.9467,25.0,12,78.48,21.0
10,2026-03-21 13:51:32.159961,52.81,2.5933,26.0,13,78.46,20.0
10,2026-03-21 14:51:32.159961,57.27,3.7167,27.0,14,78.41,19.0
10,2026-03-21 15:51:32.159961,58.33,3.3,28.0,15,78.36,18.0
10,2026-03-21 16:51:32.159961,59.66,2.2833,29.0,16,78.33,17.0
10,2026-03-21 17:51:32.159961,62.08,1.6033,30.0,17,78.32,16.0
10,2026-03-21 18:51:32.159961,64.14,1.9367,31.0,18,78.28,15.0
10,2026-03-21 19:51:32.159961,67.02,2.4533,32.0,19,78.25,14.0
10,2026-03-21 20:51:32.159961,68.89,2.27,33.0,20,78.22,13.0
10,2026-03-21 21:51:32.159961,70.4,2.0867,34.0,21,78.18,12.0
10,2026-03-21 22:51:32.159961,71.59,1.5233,35.0,22,78.16,11.0
10,2026-03-21 23:51:32.159961,72.86,1.3233,36.0,23,78.12,10.0
10,2026-03-22 00:51:32.159961,72.95,0.85,37.0,0,78.07,9.0
10,2026-03-22 01:51:32.159961,73.02,0.4767,38.0,1,78.05,8.0
10,2026-03-22 02:51:32.159961,73.03,0.0567,39.0,2,78.04,7.0
10,2026-03-22 03:51:32.159961,73.4,0.15,40.0,3,78.01,6.0
10,2026-03-22 04:51:32.159961,73.66,0.2133,41.0,4,77.97,5.0
10,2026-03-22 05:51:32.159961,73.92,0.2967,42.0,5,77.95,4.0
10,2026-03-22 06:51:32.159961,74.44,0.3467,43.0,6,77.92,3.0
10,2026-03-22 07:51:32.159961,75.19,0.51,44.0,7,77.89,2.0
10,2026-03-22 08:51:32.159961,77.47,1.1833,45.0,8,77.88,1.0
10,2026-03-22 09:51:32.159961,80.97,2.1767,46.0,9,77.87,0.0
10,2026-03-22 20:51:32.159961,39.72,3.1633,10.0,20,77.58,24.0
10,2026-03-22 21:51:32.159961,41.29,2.15,11.0,21,77.55,23.0
10,2026-03-22 22:51:32.159961,42.19,1.2367,12.0,22,77.5,22.0
10,2026-03-22 23:51:32.159961,42.95,1.0767,13.0,23,77.48,21.0
10,2026-03-23 00:51:32.159961,43.15,0.62,14.0,0,77.44,20.0
10,2026-03-23 01:51:32.159961,43.6,0.47,15.0,1,77.43,19.0
10,2026-03-23 02:51:32.159961,43.69,0.2467,16.0,2,77.38,18.0
10,2026-03-23 03:51:32.159961,43.99,0.28,17.0,3,77.34,17.0
10,2026-03-23 04:51:32.159961,44.2,0.2,18.0,4,77.3,16.0
10,2026-03-23 05:51:32.159961,44.56,0.29,19.0,5,77.28,15.0
10,2026-03-23 06:51:32.159961,45.91,0.64,20.0,6,77.24,14.0
10,2026-03-23 07:51:32.159961,47.6,1.1333,21.0,7,77.21,13.0
10,2026-03-23 08:51:32.159961,49.87,1.77,22.0,8,77.16,12.0
10,2026-03-23 09:51:32.159961,52.0,2.03,23.0,9,77.12,11.0
10,2026-03-23 10:51:32.159961,56.16,2.8533,24.0,10,77.11,10.0
10,2026-03-23 11:51:32.159961,57.11,2.4133,25.0,11,77.07,9.0
10,2026-03-23 12:51:32.159961,60.26,2.7533,26.0,12,77.03,8.0
10,2026-03-23 13:51:32.159961,64.25,2.6967,27.0,13,77.01,7.0
10,2026-03-23 14:51:32.159961,66.84,3.2433,28.0,14,76.97,6.0
10,2026-03-23 15:51:32.159961,67.88,2.54,29.0,15,76.94,5.0
10,2026-03-23 16:51:32.159961,69.5,1.75,30.0,16,76.89,4.0
10,2026-03-23 17:51:32.159961,73.2,2.12,31.0,17,76.88,3.0
10,2026-03-23 18:51:32.159961,75.55,2.5567,32.0,18,76.85,2.0
10,2026-03-23 19:51:32.159961,78.95,3.15,33.0,19,76.83,1.0
10,2026-03-23 20:51:32.159961,80.53,2.4433,34.0,20,76.79,0.0
10,2026-03-24 17:51:32.159961,37.23,2.2,20.0,17,76.07,24.0
10,2026-03-24 18:51:32.159961,39.27,2.4967,21.0,18,76.02,23.0
10,2026-03-24 19:51:32.159961,42.93,3.2533,22.0,19,75.99,22.0
10,2026-03-24 20:51:32.159961,43.94,2.2367,23.0,20,75.96,21.0
10,2026-03-24 21:51:32.159961,44.78,1.8367,24.0,21,75.94,20.0
10,2026-03-24 22:51:32.159961,46.51,1.1933,25.0,22,75.92,19.0
10,2026-03-24 23:51:32.159961,48.06,1.3733,26.0,23,75.89,18.0
10,2026-03-25 00:51:32.159961,48.11,1.11,27.0,0,75.87,17.0
10,2026-03-25 01:51:32.159961,48.36,0.6167,28.0,1,75.84,16.0
10,2026-03-25 02:51:32.159961,48.57,0.17,29.0,2,75.83,15.0
10,2026-03-25 03:51:32.159961,48.87,0.2533,30.0,3,75.79,14.0
10,2026-03-25 04:51:32.159961,49.17,0.27,31.0,4,75.75,13.0
10,2026-03-25 05:51:32.159961,49.51,0.3133,32.0,5,75.73,12.0
10,2026-03-25 06:51:32.159961,51.44,0.8567,33.0,6,75.71,11.0
10,2026-03-25 07:51:32.159961,52.85,1.2267,34.0,7,75.69,10.0
10,2026-03-25 08:51:32.159961,57.69,2.7267,35.0,8,75.67,9.0
10,2026-03-25 09:51:32.159961,60.79,3.1167,36.0,9,75.63,8.0
10,2026-03-25 10:51:32.159961,63.17,3.44,37.0,10,75.6,7.0
10,2026-03-25 11:51:32.159961,64.1,2.1367,38.0,11,75.57,6.0
10,2026-03-25 12:51:32.159961,69.02,2.7433,39.0,12,75.56,5.0
10,2026-03-25 13:51:32.159961,71.96,2.93,40.0,13,75.52,4.0
10,2026-03-25 14:51:32.159961,75.61,3.8367,41.0,14,75.49,3.0
10,2026-03-25 15:51:32.159961,77.3,2.76,42.0,15,75.46,2.0
10,2026-03-25 16:51:32.159961,79.03,2.3567,43.0,16,75.41,1.0
10,2026-03-25 17:51:32.159961,84.03,2.8067,44.0,17,75.38,0.0
10,2026-03-26 12:51:32.159961,35.1,2.81,18.0,12,74.81,24.0
10,2026-03-26 13:51:32.159961,39.47,3.2767,19.0,13,74.78,23.0
10,2026-03-26 14:51:32.159961,43.75,4.37,20.0,14,74.76,22.0
10,2026-03-26 15:51:32.159961,44.66,3.1867,21.0,15,74.73,21.0
10,2026-03-26 16:51:32.159961,46.64,2.39,22.0,16,74.7,20.0
10,2026-03-26 17:51:32.159961,50.75,2.3333,23.0,17,74.65,19.0
10,2026-03-26 18:51:32.159961,54.38,3.24,24.0,18,74.64,18.0
10,2026-03-26 19:51:32.159961,58.46,3.94,25.0,19,74.63,17.0
10,2026-03-26 20:51:32.159961,60.45,3.2333,26.0,20,74.6,16.0
10,2026-03-26 21:51:32.159961,61.32,2.3133,27.0,21,74.57,15.0
10,2026-03-26 22:51:32.159961,63.24,1.5933,28.0,22,74.55,14.0
10,2026-03-26 23:51:32.159961,64.9,1.4833,29.0,23,74.52,13.0
10,2026-03-27 00:51:32.159961,64.91,1.1967,30.0,0,74.49,12.0
10,2026-03-27 01:51:32.159961,65.05,0.6033,31.0,1,74.47,11.0
10,2026-03-27 02:51:32.159961,65.49,0.1967,32.0,2,74.44,10.0
10,2026-03-27 03:51:32.159961,65.77,0.2867,33.0,3,74.39,9.0
10,2026-03-27 04:51:32.159961,65.85,0.2667,34.0,4,74.38,8.0
10,2026-03-27 05:51:32.159961,66.11,0.2067,35.0,5,74.34,7.0
10,2026-03-27 06:51:32.159961,66.82,0.35,36.0,6,74.33,6.0
10,2026-03-27 07:51:32.159961,68.08,0.7433,37.0,7,74.3,5.0
10,2026-03-27 08:51:32.159961,71.29,1.7267,38.0,8,74.26,4.0
10,2026-03-27 09:51:32.159961,74.65,2.61,39.0,9,74.24,3.0
10,2026-03-27 10:51:32.159961,78.14,3.3533,40.0,10,74.22,2.0
10,2026-03-27 11:51:32.159961,79.5,2.7367,41.0,11,74.17,1.0
10,2026-03-27 12:51:32.159961,82.81,2.72,42.0,12,74.15,0.0
10,2026-03-28 08:51:32.159961,36.57,2.2667,19.0,8,73.53,24.0
10,2026-03-28 09:51:32.159961,39.68,2.7133,20.0,9,73.48,23.0
10,2026-03-28 10:51:32.159961,42.45,2.9933,21.0,10,73.46,22.0
10,2026-03-28 11:51:32.159961,43.61,2.3467,22.0,11,73.42,21.0
10,2026-03-28 12:51:32.159961,48.12,2.8133,23.0,12,73.41,20.0
10,2026-03-28 13:51:32.159961,52.57,3.3733,24.0,13,73.38,19.0
10,2026-03-28 14:51:32.159961,55.71,4.0333,25.0,14,73.37,18.0
10,2026-03-28 15:51:32.159961,57.66,3.18,26.0,15,73.35,17.0
10,2026-03-28 16:51:32.159961,58.43,1.9533,27.0,16,73.33,16.0
10,2026-03-28 17:51:32.159961,60.76,1.6833,28.0,17,73.29,15.0
10,2026-03-28 18:51:32.159961,64.41,2.25,29.0,18,73.25,14.0
10,2026-03-28 19:51:32.159961,68.43,3.3333,30.0,19,73.22,13.0
10,2026-03-28 20:51:32.159961,69.39,2.8767,31.0,20,73.18,12.0
10,2026-03-28 21:51:32.159961,71.02,2.2033,32.0,21,73.14,11.0
10,2026-03-28 22:51:32.159961,72.24,1.27,33.0,22,73.11,10.0
10,2026-03-28 23:51:32.159961,72.85,1.1533,34.0,23,73.06,9.0
10,2026-03-29 00:51:32.159961,73.11,0.6967,35.0,0,73.05,8.0
10,2026-03-29 01:51:32.159961,73.42,0.3933,36.0,1,73.0,7.0
10,2026-03-29 02:51:32.159961,73.76,0.3033,37.0,2,72.95,6.0
10,2026-03-29 03:51:32.159961,74.07,0.32,38.0,3,72.91,5.0
10,2026-03-29 04:51:32.159961,74.24,0.2733,39.0,4,72.9,4.0
10,2026-03-29 05:51:32.159961,74.59,0.2767,40.0,5,72.88,3.0
10,2026-03-29 06:51:32.159961,76.22,0.7167,41.0,6,72.85,2.0
10,2026-03-29 07:51:32.159961,77.78,1.18,42.0,7,72.83,1.0
10,2026-03-29 08:51:32.159961,80.15,1.8533,43.0,8,72.78,0.0
10,2026-03-29 19:51:32.159961,40.42,2.7667,10.0,19,72.5,24.0
10,2026-03-29 20:51:32.159961,42.01,2.2333,11.0,20,72.48,23.0
10,2026-03-29 21:51:32.159961,43.33,1.9033,12.0,21,72.47,22.0
10,2026-03-29 22:51:32.159961,44.46,1.3467,13.0,22,72.43,21.0
10,2026-03-29 23:51:32.159961,45.69,1.2267,14.0,23,72.38,20.0
10,2026-03-30 00:51:32.159961,46.06,0.91,15.0,0,72.34,19.0
10,2026-03-30 01:51:32.159961,46.16,0.5667,16.0,1,72.29,18.0
10,2026-03-30 02:51:32.159961,46.38,0.23,17.0,2,72.26,17.0
10,2026-03-30 03:51:32.159961,46.48,0.14,18.0,3,72.23,16.0
10,2026-03-30 04:51:32.159961,46.48,0.1067,19.0,4,72.22,15.0
10,2026-03-30 05:51:32.159961,46.65,0.09,20.0,5,72.2,14.0
10,2026-03-30 06:51:32.159961,47.96,0.4933,21.0,6,72.18,13.0
10,2026-03-30 07:51:32.159961,48.97,0.83,22.0,7,72.16,12.0
10,2026-03-30 08:51:32.159961,53.02,2.1233,23.0,8,72.14,11.0
10,2026-03-30 09:51:32.159961,56.43,2.8233,24.0,9,72.12,10.0
10,2026-03-30 10:51:32.159961,59.15,3.3933,25.0,10,72.11,9.0
10,2026-03-30 11:51:32.159961,60.52,2.5,26.0,11,72.1,8.0
10,2026-03-30 12:51:32.159961,62.94,2.17,27.0,12,72.05,7.0
10,2026-03-30 13:51:32.159961,66.05,2.3,28.0,13,72.01,6.0
10,2026-03-30 14:51:32.159961,69.54,3.0067,29.0,14,71.99,5.0
10,2026-03-30 15:51:32.159961,70.91,2.6567,30.0,15,71.94,4.0
10,2026-03-30 16:51:32.159961,72.58,2.1767,31.0,16,71.92,3.0
10,2026-03-30 17:51:32.159961,76.99,2.4833,32.0,17,71.91,2.0
10,2026-03-30 18:51:32.159961,79.9,2.9967,33.0,18,71.9,1.0
10,2026-03-30 19:51:32.159961,82.94,3.4533,34.0,19,71.88,0.0
10,2026-03-31 14:51:32.159961,39.48,4.01,18.0,14,71.25,24.0
10,2026-03-31 15:51:32.159961,40.11,2.65,19.0,15,71.24,23.0
10,2026-03-31 16:51:32.159961,41.25,1.8767,20.0,16,71.19,22.0
10,2026-03-31 17:51:32.159961,44.15,1.5567,21.0,17,71.15,21.0
10,2026-03-31 18:51:32.159961,48.86,2.9167,22.0,18,71.14,20.0
10,2026-03-31 19:51:32.159961,52.38,3.71,23.0,19,71.11,19.0
10,2026-03-31 20:51:32.159961,52.94,2.93,24.0,20,71.09,18.0
10,2026-03-31 21:51:32.159961,53.61,1.5833,25.0,21,71.04,17.0
10,2026-03-31 22:51:32.159961,54.19,0.6033,26.0,22,71.02,16.0
10,2026-03-31 23:51:32.159961,55.93,0.9967,27.0,23,71.0,15.0
10,2026-04-01 00:51:32.159961,56.31,0.9,28.0,0,70.97,14.0
10,2026-04-01 01:51:32.159961,56.8,0.87,29.0,1,70.93,13.0
10,2026-04-01 02:51:32.159961,57.01,0.36,30.0,2,70.91,12.0
10,2026-04-01 03:51:32.159961,57.1,0.2633,31.0,3,70.86,11.0
10,2026-04-01 04:51:32.159961,57.52,0.24,32.0,4,70.84,10.0
10,2026-04-01 05:51:32.159961,57.79,0.26,33.0,5,70.8,9.0
10,2026-04-01 06:51:32.159961,59.36,0.7533,34.0,6,70.77,8.0
10,2026-04-01 07:51:32.159961,60.72,1.0667,35.0,7,70.74,7.0
10,2026-04-01 08:51:32.159961,64.83,2.3467,36.0,8,70.71,6.0
10,2026-04-01 09:51:32.159961,66.84,2.4933,37.0,9,70.69,5.0
10,2026-04-01 10:51:32.159961,69.77,3.0167,38.0,10,70.66,4.0
10,2026-04-01 11:51:32.159961,70.76,1.9767,39.0,11,70.63,3.0
10,2026-04-01 12:51:32.159961,74.84,2.6667,40.0,12,70.62,2.0
10,2026-04-01 13:51:32.159961,77.12,2.45,41.0,13,70.57,1.0
10,2026-04-01 14:51:32.159961,80.36,3.2,42.0,14,70.55,0.0
10,2026-04-02 09:51:32.159961,35.16,3.2667,18.0,9,70.02,24.0
10,2026-04-02 10:51:32.159961,39.76,4.48,19.0,10,69.98,23.0
10,2026-04-02 11:51:32.159961,41.26,3.53,20.0,11,69.97,22.0
10,2026-04-02 12:51:32.159961,44.3,3.0467,21.0,12,69.93,21.0
10,2026-04-02 13:51:32.159961,47.54,2.5933,22.0,13,69.9,20.0
10,2026-04-02 14:51:32.159961,51.33,3.3567,23.0,14,69.87,19.0
10,2026-04-02 15:51:32.159961,52.79,2.83,24.0,15,69.86,18.0
10,2026-04-02 16:51:32.159961,54.0,2.1533,25.0,16,69.84,17.0
10,2026-04-02 17:51:32.159961,56.27,1.6467,26.0,17,69.79,16.0
10,2026-04-02 18:51:32.159961,59.54,2.25,27.0,18,69.74,15.0
10,2026-04-02 19:51:32.159961,64.52,3.5067,28.0,19,69.72,14.0
10,2026-04-02 20:51:32.159961,66.06,3.2633,29.0,20,69.7,13.0
10,2026-04-02 21:51:32.159961,67.95,2.8033,30.0,21,69.65,12.0
10,2026-04-02 22:51:32.159961,68.58,1.3533,31.0,22,69.63,11.0
10,2026-04-02 23:51:32.159961,69.52,1.1533,32.0,23,69.59,10.0
10,2026-04-03 00:51:32.159961,69.8,0.6167,33.0,0,69.55,9.0
10,2026-04-03 01:51:32.159961,70.22,0.5467,34.0,1,69.54,8.0
10,2026-04-03 02:51:32.159961,70.55,0.3433,35.0,2,69.51,7.0
10,2026-04-03 03:51:32.159961,70.97,0.39,36.0,3,69.47,6.0
10,2026-04-03 04:51:32.159961,71.37,0.3833,37.0,4,69.43,5.0
10,2026-04-03 05:51:32.159961,71.86,0.4367,38.0,5,69.39,4.0
10,2026-04-03 06:51:32.159961,73.77,0.9333,39.0,6,69.36,3.0
10,2026-04-03 07:51:32.159961,75.69,1.44,40.0,7,69.32,2.0
10,2026-04-03 08:51:32.159961,79.55,2.5633,41.0,8,69.29,1.0
10,2026-04-03 09:51:32.159961,82.74,2.99,42.0,9,69.24,0.0
10,2026-04-03 21:51:32.159961,39.51,2.09,11.0,21,68.9,24.0
10,2026-04-03 22:51:32.159961,40.75,1.1633,12.0,22,68.89,23.0
10,2026-04-03 23:51:32.159961,41.87,1.0967,13.0,23,68.85,22.0
10,2026-04-04 00:51:32.159961,42.16,0.8833,14.0,0,68.81,21.0
10,2026-04-04 01:51:32.159961,42.42,0.5567,15.0,1,68.78,20.0
10,2026-04-04 02:51:32.159961,42.85,0.3267,16.0,2,68.74,19.0
10,2026-04-04 03:51:32.159961,43.19,0.3433,17.0,3,68.71,18.0
10,2026-04-04 04:51:32.159961,43.37,0.3167,18.0,4,68.66,17.0
10,2026-04-04 05:51:32.159961,43.6,0.25,19.0,5,68.65,16.0
10,2026-04-04 06:51:32.159961,44.83,0.5467,20.0,6,68.63,15.0
10,2026-04-04 07:51:32.159961,45.55,0.7267,21.0,7,68.61,14.0
10,2026-04-04 08:51:32.159961,48.5,1.6333,22.0,8,68.59,13.0
10,2026-04-04 09:51:32.159961,50.62,1.93,23.0,9,68.54,12.0
10,2026-04-04 10:51:32.159961,53.29,2.58,24.0,10,68.51,11.0
10,2026-04-04 11:51:32.159961,54.27,1.9233,25.0,11,68.48,10.0
10,2026-04-04 12:51:32.159961,57.88,2.42,26.0,12,68.43,9.0
10,2026-04-04 13:51:32.159961,62.7,3.1367,27.0,13,68.42,8.0
10,2026-04-04 14:51:32.159961,66.3,4.01,28.0,14,68.39,7.0
10,2026-04-04 15:51:32.159961,67.91,3.3433,29.0,15,68.34,6.0
10,2026-04-04 16:51:32.159961,69.09,2.13,30.0,16,68.3,5.0
10,2026-04-04 17:51:32.159961,71.84,1.8467,31.0,17,68.27,4.0
10,2026-04-04 18:51:32.159961,74.04,2.0433,32.0,18,68.23,3.0
10,2026-04-04 19:51:32.159961,78.5,3.1367,33.0,19,68.21,2.0
10,2026-04-04 20:51:32.159961,79.17,2.4433,34.0,20,68.16,1.0
10,2026-04-04 21:51:32.159961,80.79,2.25,35.0,21,68.14,0.0
10,2026-04-05 18:51:32.159961,41.92,2.8167,20.0,18,67.55,24.0
10,2026-04-05 19:51:32.159961,45.67,3.5633,21.0,19,67.51,23.0
10,2026-04-05 20:51:32.159961,47.06,3.2133,22.0,20,67.48,22.0
10,2026-04-05 21:51:32.159961,48.73,2.27,23.0,21,67.45,21.0
10,2026-04-05 22:51:32.159961,49.27,1.2,24.0,22,67.41,20.0
10,2026-04-05 23:51:32.159961,50.07,1.0033,25.0,23,67.4,19.0
10,2026-04-06 00:51:32.159961,50.55,0.6067,26.0,0,67.36,18.0
10,2026-04-06 01:51:32.159961,50.6,0.4433,27.0,1,67.32,17.0
10,2026-04-06 02:51:32.159961,50.82,0.25,28.0,2,67.27,16.0
10,2026-04-06 03:51:32.159961,51.25,0.2333,29.0,3,67.26,15.0
10,2026-04-06 04:51:32.159961,51.51,0.3033,30.0,4,67.24,14.0
10,2026-04-06 05:51:32.159961,51.69,0.29,31.0,5,67.22,13.0
10,2026-04-06 06:51:32.159961,53.35,0.7,32.0,6,67.17,12.0
10,2026-04-06 07:51:32.159961,54.72,1.07,33.0,7,67.14,11.0
10,2026-04-06 08:51:32.159961,57.33,1.88,34.0,8,67.12,10.0
10,2026-04-06 09:51:32.159961,59.63,2.0933,35.0,9,67.07,9.0
10,2026-04-06 10:51:32.159961,62.62,2.6333,36.0,10,67.02,8.0
10,2026-04-06 11:51:32.159961,64.62,2.43,37.0,11,67.0,7.0
10,2026-04-06 12:51:32.159961,68.24,2.87,38.0,12,66.97,6.0
10,2026-04-06 13:51:32.159961,71.08,2.82,39.0,13,66.95,5.0
10,2026-04-06 14:51:32.159961,73.95,3.11,40.0,14,66.92,4.0
10,2026-04-06 15:51:32.159961,75.06,2.2733,41.0,15,66.89,3.0
10,2026-04-06 16:51:32.159961,76.68,1.8667,42.0,16,66.86,2.0
10,2026-04-06 17:51:32.159961,79.18,1.7433,43.0,17,66.84,1.0
10,2026-04-06 18:51:32.159961,83.4,2.78,44.0,18,66.82,0.0
10,2026-04-07 13:51:32.159961,37.35,2.4633,18.0,13,66.26,24.0
10,2026-04-07 14:51:32.159961,40.16,2.7767,19.0,14,66.23,23.0
10,2026-04-07 15:51:32.159961,42.02,2.5967,20.0,15,66.19,22.0
10,2026-04-07 16:51:32.159961,43.42,2.0233,21.0,16,66.17,21.0
10,2026-04-07 17:51:32.159961,46.67,2.17,22.0,17,66.15,20.0
10,2026-04-07 18:51:32.159961,50.37,2.7833,23.0,18,66.11,19.0
10,2026-04-07 19:51:32.159961,52.89,3.1567,24.0,19,66.09,18.0
10,2026-04-07 20:51:32.159961,53.47,2.2667,25.0,20,66.06,17.0
10,2026-04-07 21:51:32.159961,54.46,1.3633,26.0,21,66.02,16.0
10,2026-04-07 22:51:32.159961,56.0,1.0367,27.0,22,66.01,15.0
10,2026-04-07 23:51:32.159961,56.51,1.0133,28.0,23,65.98,14.0
10,2026-04-08 00:51:32.159961,56.79,0.7767,29.0,0,65.96,13.0
10,2026-04-08 01:51:32.159961,57.25,0.4167,30.0,1,65.91,12.0
10,2026-04-08 02:51:32.159961,57.55,0.3467,31.0,2,65.9,11.0
10,2026-04-08 03:51:32.159961,57.67,0.2933,32.0,3,65.85,10.0
10,2026-04-08 04:51:32.159961,58.1,0.2833,33.0,4,65.82,9.0
10,2026-04-08 05:51:32.159961,58.53,0.3267,34.0,5,65.78,8.0
10,2026-04-08 06:51:32.159961,59.5,0.61,35.0,6,65.75,7.0
10,2026-04-08 07:51:32.159961,60.94,0.9467,36.0,7,65.74,6.0
10,2026-04-08 08:51:32.159961,64.75,2.0733,37.0,8,65.71,5.0
10,2026-04-08 09:51:32.159961,69.11,3.2033,38.0,9,65.68,4.0
10,2026-04-08 10:51:32.159961,71.44,3.5,39.0,10,65.66,3.0
10,2026-04-08 11:51:32.159961,73.33,2.86,40.0,11,65.62,2.0
10,2026-04-08 12:51:32.159961,77.78,2.89,41.0,12,65.58,1.0
10,2026-04-08 13:51:32.159961,81.59,3.3833,42.0,13,65.54,0.0
10,2026-04-09 10:51:32.159961,38.65,3.1733,20.0,10,64.96,24.0
10,2026-04-09 11:51:32.159961,39.34,2.5067,21.0,11,64.93,23.0
10,2026-04-09 12:51:32.159961,41.5,1.79,22.0,12,64.92,22.0
10,2026-04-09 13:51:32.159961,44.66,2.0033,23.0,13,64.87,21.0
10,2026-04-09 14:51:32.159961,49.39,3.35,24.0,14,64.85,20.0
10,2026-04-09 15:51:32.159961,50.56,3.02,25.0,15,64.84,19.0
10,2026-04-09 16:51:32.159961,51.67,2.3367,26.0,16,64.81,18.0
10,2026-04-09 17:51:32.159961,54.49,1.7,27.0,17,64.78,17.0
10,2026-04-09 18:51:32.159961,59.04,2.8267,28.0,18,64.74,16.0
10,2026-04-09 19:51:32.159961,63.0,3.7767,29.0,19,64.72,15.0
10,2026-04-09 20:51:32.159961,64.94,3.4833,30.0,20,64.68,14.0
10,2026-04-09 21:51:32.159961,66.35,2.4367,31.0,21,64.64,13.0
10,2026-04-09 22:51:32.159961,67.53,1.51,32.0,22,64.59,12.0
10,2026-04-09 23:51:32.159961,68.1,1.0533,33.0,23,64.55,11.0
10,2026-04-10 00:51:32.159961,68.15,0.6,34.0,0,64.51,10.0
10,2026-04-10 01:51:32.159961,68.59,0.3533,35.0,1,64.47,9.0
10,2026-04-10 02:51:32.159961,68.92,0.2733,36.0,2,64.42,8.0
10,2026-04-10 03:51:32.159961,69.18,0.3433,37.0,3,64.39,7.0
10,2026-04-10 04:51:32.159961,69.44,0.2833,38.0,4,64.36,6.0
10,2026-04-10 05:51:32.159961,69.74,0.2733,39.0,5,64.33,5.0
10,2026-04-10 06:51:32.159961,71.48,0.7667,40.0,6,64.3,4.0
10,2026-04-10 07:51:32.159961,73.21,1.2567,41.0,7,64.27,3.0
10,2026-04-10 08:51:32.159961,75.25,1.8367,42.0,8,64.26,2.0
10,2026-04-10 09:51:32.159961,77.77,2.0967,43.0,9,64.22,1.0
10,2026-04-10 10:51:32.159961,80.65,2.48,44.0,10,64.18,0.0
10,2026-04-11 06:51:32.159961,37.89,0.7567,19.0,6,63.54,24.0
10,2026-04-11 07:51:32.159961,39.81,1.3167,20.0,7,63.53,23.0
10,2026-04-11 08:51:32.159961,44.79,2.8167,21.0,8,63.48,22.0
10,2026-04-11 09:51:32.159961,49.22,3.7767,22.0,9,63.45,21.0
10,2026-04-11 10:51:32.159961,51.96,4.05,23.0,10,63.42,20.0
10,2026-04-11 11:51:32.159961,53.34,2.85,24.0,11,63.37,19.0
10,2026-04-11 12:51:32.159961,56.49,2.4233,25.0,12,63.33,18.0
10,2026-04-11 13:51:32.159961,59.72,2.5867,26.0,13,63.3,17.0
10,2026-04-11 14:51:32.159961,62.36,3.0067,27.0,14,63.28,16.0
10,2026-04-11 15:51:32.159961,62.97,2.16,28.0,15,63.24,15.0
10,2026-04-11 16:51:32.159961,63.92,1.4,29.0,16,63.2,14.0
10,2026-04-11 17:51:32.159961,67.07,1.57,30.0,17,63.18,13.0
10,2026-04-11 18:51:32.159961,70.04,2.3567,31.0,18,63.14,12.0
10,2026-04-11 19:51:32.159961,72.55,2.8767,32.0,19,63.1,11.0
10,2026-04-11 20:51:32.159961,73.89,2.2733,33.0,20,63.06,10.0
10,2026-04-11 21:51:32.159961,74.83,1.5967,34.0,21,63.05,9.0
10,2026-04-11 22:51:32.159961,75.75,1.0667,35.0,22,63.03,8.0
10,2026-04-11 23:51:32.159961,77.1,1.07,36.0,23,62.99,7.0
10,2026-04-12 00:51:32.159961,77.27,0.8133,37.0,0,62.95,6.0
10,2026-04-12 01:51:32.159961,77.7,0.65,38.0,1,62.91,5.0
10,2026-04-12 02:51:32.159961,78.08,0.3267,39.0,2,62.89,4.0
10,2026-04-12 03:51:32.159961,78.55,0.4267,40.0,3,62.86,3.0
10,2026-04-12 04:51:32.159961,78.75,0.35,41.0,4,62.83,2.0
10,2026-04-12 05:51:32.159961,79.07,0.33,42.0,5,62.8,1.0
10,2026-04-12 06:51:32.159961,80.23,0.56,43.0,6,62.78,0.0
10,2026-04-12 20:51:32.159961,39.73,3.4067,13.0,20,62.33,24.0
10,2026-04-12 21:51:32.159961,40.9,2.4167,14.0,21,62.3,23.0
10,2026-04-12 22:51:32.159961,41.66,1.1,15.0,22,62.26,22.0
10,2026-04-12 23:51:32.159961,42.9,1.0567,16.0,23,62.21,21.0
10,2026-04-13 00:51:32.159961,42.95,0.6833,17.0,0,62.18,20.0
10,2026-04-13 01:51:32.159961,43.26,0.5333,18.0,1,62.13,19.0
10,2026-04-13 02:51:32.159961,43.53,0.21,19.0,2,62.09,18.0
10,2026-04-13 03:51:32.159961,43.95,0.3333,20.0,3,62.07,17.0
10,2026-04-13 04:51:32.159961,44.41,0.3833,21.0,4,62.06,16.0
10,2026-04-13 05:51:32.159961,44.58,0.35,22.0,5,62.03,15.0
10,2026-04-13 06:51:32.159961,46.14,0.73,23.0,6,61.99,14.0
10,2026-04-13 07:51:32.159961,47.31,0.9667,24.0,7,61.98,13.0
10,2026-04-13 08:51:32.159961,49.82,1.7467,25.0,8,61.97,12.0
10,2026-04-13 09:51:32.159961,52.78,2.2133,26.0,9,61.93,11.0
10,2026-04-13 10:51:32.159961,56.03,2.9067,27.0,10,61.91,10.0
10,2026-04-13 11:51:32.159961,57.03,2.4033,28.0,11,61.9,9.0
10,2026-04-13 12:51:32.159961,59.59,2.27,29.0,12,61.87,8.0
10,2026-04-13 13:51:32.159961,62.05,2.0067,30.0,13,61.84,7.0
10,2026-04-13 14:51:32.159961,65.63,2.8667,31.0,14,61.82,6.0
10,2026-04-13 15:51:32.159961,66.21,2.2067,32.0,15,61.78,5.0
10,2026-04-13 16:51:32.159961,67.02,1.6567,33.0,16,61.74,4.0
10,2026-04-13 17:51:32.159961,69.68,1.35,34.0,17,61.69,3.0
10,2026-04-13 18:51:32.159961,74.5,2.7633,35.0,18,61.68,2.0
10,2026-04-13 19:51:32.159961,79.45,4.1433,36.0,19,61.64,1.0
10,2026-04-13 20:51:32.159961,80.36,3.56,37.0,20,61.61,0.0
10,2026-04-14 14:51:32.159961,36.22,3.42,17.0,14,61.12,24.0
10,2026-04-14 15:51:32.159961,37.97,3.1067,18.0,15,61.09,23.0
10,2026-04-14 16:51:32.159961,38.9,2.2,19.0,16,61.05,22.0
10,2026-04-14 17:51:32.159961,42.28,2.02,20.0,17,61.0,21.0
10,2026-04-14 18:51:32.159961,44.49,2.1733,21.0,18,60.96,20.0
10,2026-04-14 19:51:32.159961,49.3,3.4667,22.0,19,60.91,19.0
10,2026-04-14 20:51:32.159961,50.43,2.7167,23.0,20,60.87,18.0
10,2026-04-14 21:51:32.159961,52.3,2.6033,24.0,21,60.83,17.0
10,2026-04-14 22:51:32.159961,53.98,1.56,25.0,22,60.81,16.0
10,2026-04-14 23:51:32.159961,55.79,1.7867,26.0,23,60.77,15.0
10,2026-04-15 00:51:32.159961,56.18,1.2933,27.0,0,60.74,14.0
10,2026-04-15 01:51:32.159961,56.23,0.75,28.0,1,60.69,13.0
10,2026-04-15 02:51:32.159961,56.52,0.2433,29.0,2,60.68,12.0
10,2026-04-15 03:51:32.159961,56.68,0.1667,30.0,3,60.67,11.0
10,2026-04-15 04:51:32.159961,56.94,0.2367,31.0,4,60.64,10.0
10,2026-04-15 05:51:32.159961,57.28,0.2533,32.0,5,60.62,9.0
10,2026-04-15 06:51:32.159961,58.15,0.49,33.0,6,60.57,8.0
10,2026-04-15 07:51:32.159961,58.72,0.5933,34.0,7,60.55,7.0
10,2026-04-15 08:51:32.159961,62.69,1.8033,35.0,8,60.54,6.0
10,2026-04-15 09:51:32.159961,66.51,2.7867,36.0,9,60.52,5.0
10,2026-04-15 10:51:32.159961,71.05,4.11,37.0,10,60.5,4.0
10,2026-04-15 11:51:32.159961,72.71,3.34,38.0,11,60.48,3.0
10,2026-04-15 12:51:32.159961,77.6,3.6967,39.0,12,60.46,2.0
10,2026-04-15 13:51:32.159961,79.95,2.9667,40.0,13,60.43,1.0
10,2026-04-15 14:51:32.159961,82.07,3.12,41.0,14,60.39,0.0
10,2026-04-16 10:51:32.159961,38.47,3.5367,19.0,10,59.79,24.0
10,2026-04-16 11:51:32.159961,39.5,3.0733,20.0,11,59.76,23.0
10,2026-04-16 12:51:32.159961,41.74,2.2133,21.0,12,59.72,22.0
10,2026-04-16 13:51:32.159961,45.92,2.4833,22.0,13,59.68,21.0
10,2026-04-16 14:51:32.159961,48.89,3.13,23.0,14,59.64,20.0
10,2026-04-16 15:51:32.159961,49.67,2.6433,24.0,15,59.6,19.0
10,2026-04-16 16:51:32.159961,51.11,1.73,25.0,16,59.56,18.0
10,2026-04-16 17:51:32.159961,54.48,1.8633,26.0,17,59.52,17.0
10,2026-04-16 18:51:32.159961,59.23,3.1867,27.0,18,59.5,16.0
10,2026-04-16 19:51:32.159961,61.53,3.4733,28.0,19,59.46,15.0
10,2026-04-16 20:51:32.159961,62.94,2.82,29.0,20,59.42,14.0
10,2026-04-16 21:51:32.159961,63.86,1.5433,30.0,21,59.38,13.0
10,2026-04-16 22:51:32.159961,65.55,1.34,31.0,22,59.34,12.0
10,2026-04-16 23:51:32.159961,66.75,1.27,32.0,23,59.33,11.0
10,2026-04-17 00:51:32.159961,66.95,1.03,33.0,0,59.3,10.0
10,2026-04-17 01:51:32.159961,67.35,0.6,34.0,1,59.28,9.0
10,2026-04-17 02:51:32.159961,67.75,0.3333,35.0,2,59.23,8.0
10,2026-04-17 03:51:32.159961,68.24,0.43,36.0,3,59.22,7.0
10,2026-04-17 04:51:32.159961,68.47,0.3733,37.0,4,59.19,6.0
10,2026-04-17 05:51:32.159961,68.7,0.3167,38.0,5,59.18,5.0
10,2026-04-17 06:51:32.159961,70.43,0.73,39.0,6,59.17,4.0
10,2026-04-17 07:51:32.159961,71.5,1.01,40.0,7,59.13,3.0
10,2026-04-17 08:51:32.159961,74.58,1.96,41.0,8,59.1,2.0
10,2026-04-17 09:51:32.159961,78.32,2.63,42.0,9,59.08,1.0
10,2026-04-17 10:51:32.159961,82.92,3.8067,43.0,10,59.07,0.0
10,2026-04-17 21:51:32.159961,36.88,1.81,10.0,21,58.74,24.0
10,2026-04-17 22:51:32.159961,38.69,1.2633,11.0,22,58.69,23.0
10,2026-04-17 23:51:32.159961,40.34,1.39,12.0,23,58.67,22.0
10,2026-04-18 00:51:32.159961,40.35,1.1567,13.0,0,58.63,21.0
10,2026-04-18 01:51:32.159961,40.59,0.6333,14.0,1,58.61,20.0
10,2026-04-18 02:51:32.159961,40.71,0.1233,15.0,2,58.59,19.0
10,2026-04-18 03:51:32.159961,40.77,0.14,16.0,3,58.55,18.0
10,2026-04-18 04:51:32.159961,41.27,0.2267,17.0,4,58.53,17.0
10,2026-04-18 05:51:32.159961,41.44,0.2433,18.0,5,58.51,16.0
10,2026-04-18 06:51:32.159961,42.04,0.4233,19.0,6,58.48,15.0
10,2026-04-18 07:51:32.159961,43.3,0.6767,20.0,7,58.47,14.0
10,2026-04-18 08:51:32.159961,46.31,1.6233,21.0,8,58.43,13.0
10,2026-04-18 09:51:32.159961,50.06,2.6733,22.0,9,58.38,12.0
10,2026-04-18 10:51:32.159961,53.23,3.31,23.0,10,58.33,11.0
10,2026-04-18 11:51:32.159961,54.28,2.6567,24.0,11,58.3,10.0
10,2026-04-18 12:51:32.159961,57.72,2.5533,25.0,12,58.26,9.0
10,2026-04-18 13:51:32.159961,61.18,2.65,26.0,13,58.22,8.0
10,2026-04-18 14:51:32.159961,65.27,3.6633,27.0,14,58.18,7.0
10,2026-04-18 15:51:32.159961,66.95,3.0767,28.0,15,58.14,6.0
10,2026-04-18 16:51:32.159961,68.81,2.5433,29.0,16,58.12,5.0
10,2026-04-18 17:51:32.159961,72.01,2.2467,30.0,17,58.08,4.0
10,2026-04-18 18:51:32.159961,74.37,2.4733,31.0,18,58.06,3.0
10,2026-04-18 19:51:32.159961,77.89,3.0267,32.0,19,58.03,2.0
10,2026-04-18 20:51:32.159961,79.7,2.5633,33.0,20,57.99,1.0
10,2026-04-18 21:51:32.159961,80.65,2.0933,34.0,21,57.96,0.0
10,2026-04-19 14:51:32.159961,34.36,4.0933,16.0,14,57.47,24.0
10,2026-04-19 15:51:32.159961,36.02,3.4933,17.0,15,57.42,23.0
10,2026-04-19 16:51:32.159961,37.41,2.3833,18.0,16,57.4,22.0
10,2026-04-19 17:51:32.159961,40.83,2.1567,19.0,17,57.38,21.0
10,2026-04-19 18:51:32.159961,43.86,2.6133,20.0,18,57.33,20.0
10,2026-04-19 19:51:32.159961,46.16,2.9167,21.0,19,57.31,19.0
10,2026-04-19 20:51:32.159961,47.73,2.3,22.0,20,57.27,18.0
10,2026-04-19 21:51:32.159961,48.82,1.6533,23.0,21,57.23,17.0
10,2026-04-19 22:51:32.159961,49.4,1.08,24.0,22,57.21,16.0
10,2026-04-19 23:51:32.159961,50.95,1.0733,25.0,23,57.2,15.0
10,2026-04-20 00:51:32.159961,51.02,0.7333,26.0,0,57.16,14.0
10,2026-04-20 01:51:32.159961,51.3,0.6333,27.0,1,57.14,13.0
10,2026-04-20 02:51:32.159961,51.54,0.1967,28.0,2,57.12,12.0
10,2026-04-20 03:51:32.159961,51.86,0.28,29.0,3,57.08,11.0
10,2026-04-20 04:51:32.159961,52.34,0.3467,30.0,4,57.07,10.0
10,2026-04-20 05:51:32.159961,52.53,0.33,31.0,5,57.05,9.0
10,2026-04-20 06:51:32.159961,54.51,0.8833,32.0,6,57.03,8.0
10,2026-04-20 07:51:32.159961,55.42,1.0267,33.0,7,57.0,7.0
10,2026-04-20 08:51:32.159961,58.58,2.0167,34.0,8,56.97,6.0
10,2026-04-20 09:51:32.159961,61.59,2.36,35.0,9,56.93,5.0
10,2026-04-20 10:51:32.159961,65.59,3.39,36.0,10,56.89,4.0
10,2026-04-20 11:51:32.159961,66.74,2.72,37.0,11,56.87,3.0
10,2026-04-20 12:51:32.159961,71.59,3.3333,38.0,12,56.85,2.0
10,2026-04-20 13:51:32.159961,76.07,3.4933,39.0,13,56.82,1.0
10,2026-04-20 14:51:32.159961,80.09,4.45,40.0,14,56.8,0.0
10,2026-04-21 11:51:32.159961,37.8,2.15,20.0,11,56.25,24.0
10,2026-04-21 12:51:32.159961,40.2,1.8,21.0,12,56.23,23.0
10,2026-04-21 13:51:32.159961,43.29,2.0533,22.0,13,56.2,22.0
10,2026-04-21 14:51:32.159961,47.75,3.3167,23.0,14,56.18,21.0
10,2026-04-21 15:51:32.159961,48.41,2.7367,24.0,15,56.15,20.0
10,2026-04-21 16:51:32.159961,50.14,2.2833,25.0,16,56.11,19.0
10,2026-04-21 17:51:32.159961,52.31,1.52,26.0,17,56.08,18.0
10,2026-04-21 18:51:32.159961,56.69,2.76,27.0,18,56.03,17.0
10,2026-04-21 19:51:32.159961,61.3,3.72,28.0,19,55.98,16.0
10,2026-04-21 20:51:32.159961,61.88,3.19,29.0,20,55.97,15.0
10,2026-04-21 21:51:32.159961,62.43,1.9133,30.0,21,55.96,14.0
10,2026-04-21 22:51:32.159961,63.83,0.8433,31.0,22,55.93,13.0
10,2026-04-21 23:51:32.159961,65.51,1.21,32.0,23,55.9,12.0
10,2026-04-22 00:51:32.159961,65.61,1.06,33.0,0,55.88,11.0
10,2026-04-22 01:51:32.159961,65.95,0.7067,34.0,1,55.84,10.0
10,2026-04-22 02:51:32.159961,66.26,0.25,35.0,2,55.81,9.0
10,2026-04-22 03:51:32.159961,66.6,0.33,36.0,3,55.76,8.0
10,2026-04-22 04:51:32.159961,67.04,0.3633,37.0,4,55.73,7.0
10,2026-04-22 05:51:32.159961,67.24,0.3267,38.0,5,55.7,6.0
10,2026-04-22 06:51:32.159961,68.67,0.69,39.0,6,55.67,5.0
10,2026-04-22 07:51:32.159961,69.31,0.7567,40.0,7,55.63,4.0
10,2026-04-22 08:51:32.159961,72.4,1.72,41.0,8,55.62,3.0
10,2026-04-22 09:51:32.159961,76.27,2.5333,42.0,9,55.58,2.0
10,2026-04-22 10:51:32.159961,78.48,3.0567,43.0,10,55.55,1.0
10,2026-04-22 11:51:32.159961,80.12,2.5733,44.0,11,55.53,0.0
10,2026-04-23 01:51:32.159961,32.0,0.3933,13.0,1,55.17,24.0
10,2026-04-23 02:51:32.159961,32.21,0.1867,14.0,2,55.13,23.0
10,2026-04-23 03:51:32.159961,32.44,0.1933,15.0,3,55.11,22.0
10,2026-04-23 04:51:32.159961,32.48,0.16,16.0,4,55.1,21.0
10,2026-04-23 05:51:32.159961,32.65,0.1467,17.0,5,55.08,20.0
10,2026-04-23 06:51:32.159961,33.57,0.3767,18.0,6,55.06,19.0
10,2026-04-23 07:51:32.159961,34.57,0.6967,19.0,7,55.01,18.0
10,2026-04-23 08:51:32.159961,36.7,1.35,20.0,8,54.99,17.0
10,2026-04-23 09:51:32.159961,41.51,2.6467,21.0,9,54.94,16.0
10,2026-04-23 10:51:32.159961,45.52,3.65,22.0,10,54.92,15.0
10,2026-04-23 11:51:32.159961,46.43,3.2433,23.0,11,54.88,14.0
10,2026-04-23 12:51:32.159961,50.01,2.8333,24.0,12,54.84,13.0
10,2026-04-23 13:51:32.159961,53.76,2.7467,25.0,13,54.82,12.0
10,2026-04-23 14:51:32.159961,58.23,3.9333,26.0,14,54.8,11.0
10,2026-04-23 15:51:32.159961,59.46,3.15,27.0,15,54.76,10.0
10,2026-04-23 16:51:32.159961,60.69,2.31,28.0,16,54.72,9.0
10,2026-04-23 17:51:32.159961,63.87,1.88,29.0,17,54.68,8.0
10,2026-04-23 18:51:32.159961,68.76,3.1,30.0,18,54.64,7.0
10,2026-04-23 19:51:32.159961,73.43,4.2467,31.0,19,54.61,6.0
10,2026-04-23 20:51:32.159961,75.09,3.74,32.0,20,54.58,5.0
10,2026-04-23 21:51:32.159961,76.94,2.7267,33.0,21,54.55,4.0
10,2026-04-23 22:51:32.159961,78.72,1.7633,34.0,22,54.51,3.0
10,2026-04-23 23:51:32.159961,79.65,1.52,35.0,23,54.48,2.0
10,2026-04-24 00:51:32.159961,79.95,1.0033,36.0,0,54.45,1.0
10,2026-04-24 01:51:32.159961,80.43,0.57,37.0,1,54.44,0.0
10,2026-04-24 15:51:32.159961,34.47,1.8,13.0,15,53.97,24.0
10,2026-04-24 16:51:32.159961,35.55,1.37,14.0,16,53.93,23.0
10,2026-04-24 17:51:32.159961,38.16,1.5633,15.0,17,53.9,22.0
10,2026-04-24 18:51:32.159961,42.86,2.7967,16.0,18,53.89,21.0
10,2026-04-24 19:51:32.159961,45.82,3.4233,17.0,19,53.84,20.0
10,2026-04-24 20:51:32.159961,46.72,2.8533,18.0,20,53.82,19.0
10,2026-04-24 21:51:32.159961,47.77,1.6367,19.0,21,53.81,18.0
10,2026-04-24 22:51:32.159961,48.68,0.9533,20.0,22,53.78,17.0
10,2026-04-24 23:51:32.159961,50.34,1.2067,21.0,23,53.76,16.0
10,2026-04-25 00:51:32.159961,50.62,0.95,22.0,0,53.72,15.0
10,2026-04-25 01:51:32.159961,50.89,0.7367,23.0,1,53.69,14.0
10,2026-04-25 02:51:32.159961,51.32,0.3267,24.0,2,53.66,13.0
10,2026-04-25 03:51:32.159961,51.58,0.32,25.0,3,53.64,12.0
10,2026-04-25 04:51:32.159961,51.95,0.3533,26.0,4,53.61,11.0
10,2026-04-25 05:51:32.159961,52.37,0.35,27.0,5,53.59,10.0
10,2026-04-25 06:51:32.159961,53.68,0.7,28.0,6,53.57,9.0
10,2026-04-25 07:51:32.159961,55.6,1.2167,29.0,7,53.55,8.0
10,2026-04-25 08:51:32.159961,59.1,2.2433,30.0,8,53.54,7.0
10,2026-04-25 09:51:32.159961,61.19,2.5033,31.0,9,53.5,6.0
10,2026-04-25 10:51:32.159961,65.84,3.4133,32.0,10,53.46,5.0
10,2026-04-25 11:51:32.159961,67.36,2.7533,33.0,11,53.44,4.0
10,2026-04-25 12:51:32.159961,70.24,3.0167,34.0,12,53.42,3.0
10,2026-04-25 13:51:32.159961,74.35,2.8367,35.0,13,53.4,2.0
10,2026-04-25 14:51:32.159961,78.79,3.81,36.0,14,53.36,1.0
10,2026-04-25 15:51:32.159961,80.34,3.3667,37.0,15,53.34,0.0
10,2026-04-26 09:51:32.159961,35.71,2.5067,17.0,9,52.8,24.0
10,2026-04-26 10:51:32.159961,39.62,3.3467,18.0,10,52.78,23.0
10,2026-04-26 11:51:32.159961,40.7,2.5567,19.0,11,52.74,22.0
10,2026-04-26 12:51:32.159961,43.95,2.7467,20.0,12,52.69,21.0
10,2026-04-26 13:51:32.159961,47.52,2.6333,21.0,13,52.67,20.0
10,2026-04-26 14:51:32.159961,52.05,3.7833,22.0,14,52.64,19.0
10,2026-04-26 15:51:32.159961,53.99,3.3467,23.0,15,52.61,18.0
10,2026-04-26 16:51:32.159961,54.76,2.4133,24.0,16,52.59,17.0
10,2026-04-26 17:51:32.159961,57.18,1.71,25.0,17,52.56,16.0
10,2026-04-26 18:51:32.159961,60.56,2.19,26.0,18,52.53,15.0
10,2026-04-26 19:51:32.159961,64.41,3.2167,27.0,19,52.48,14.0
10,2026-04-26 20:51:32.159961,66.12,2.98,28.0,20,52.46,13.0
10,2026-04-26 21:51:32.159961,67.53,2.3233,29.0,21,52.42,12.0
10,2026-04-26 22:51:32.159961,68.19,1.26,30.0,22,52.39,11.0
10,2026-04-26 23:51:32.159961,69.65,1.1767,31.0,23,52.34,10.0
10,2026-04-27 00:51:32.159961,70.1,0.8567,32.0,0,52.31,9.0
10,2026-04-27 01:51:32.159961,70.16,0.6567,33.0,1,52.28,8.0
10,2026-04-27 02:51:32.159961,70.39,0.2467,34.0,2,52.23,7.0
10,2026-04-27 03:51:32.159961,70.57,0.1567,35.0,3,52.22,6.0
10,2026-04-27 04:51:32.159961,71.04,0.2933,36.0,4,52.18,5.0
10,2026-04-27 05:51:32.159961,71.11,0.24,37.0,5,52.16,4.0
10,2026-04-27 06:51:32.159961,72.63,0.6867,38.0,6,52.13,3.0
10,2026-04-27 07:51:32.159961,74.55,1.17,39.0,7,52.11,2.0
10,2026-04-27 08:51:32.159961,79.19,2.6933,40.0,8,52.08,1.0
10,2026-04-27 09:51:32.159961,81.39,2.92,41.0,9,52.07,0.0
10,2026-04-27 19:51:32.159961,37.9,3.8767,9.0,19,51.72,24.0
10,2026-04-27 20:51:32.159961,39.47,2.81,10.0,20,51.67,23.0
10,2026-04-27 21:51:32.159961,40.09,2.1233,11.0,21,51.65,22.0
10,2026-04-27 22:51:32.159961,41.86,1.32,12.0,22,51.63,21.0
10,2026-04-27 23:51:32.159961,42.42,0.9833,13.0,23,51.6,20.0
10,2026-04-28 00:51:32.159961,42.48,0.7967,14.0,0,51.57,19.0
10,2026-04-28 01:51:32.159961,42.66,0.2667,15.0,1,51.55,18.0
10,2026-04-28 02:51:32.159961,43.13,0.2367,16.0,2,51.53,17.0
10,2026-04-28 03:51:32.159961,43.51,0.3433,17.0,3,51.5,16.0
10,2026-04-28 04:51:32.159961,43.97,0.4367,18.0,4,51.47,15.0
10,2026-04-28 05:51:32.159961,44.24,0.37,19.0,5,51.46,14.0
10,2026-04-28 06:51:32.159961,45.4,0.63,20.0,6,51.43,13.0
10,2026-04-28 07:51:32.159961,47.14,1.0567,21.0,7,51.39,12.0
10,2026-04-28 08:51:32.159961,49.33,1.6967,22.0,8,51.34,11.0
10,2026-04-28 09:51:32.159961,52.25,2.2833,23.0,9,51.29,10.0
10,2026-04-28 10:51:32.159961,56.65,3.17,24.0,10,51.27,9.0
10,2026-04-28 11:51:32.159961,57.79,2.82,25.0,11,51.24,8.0
10,2026-04-28 12:51:32.159961,61.1,2.95,26.0,12,51.22,7.0
10,2026-04-28 13:51:32.159961,64.88,2.7433,27.0,13,51.19,6.0
10,2026-04-28 14:51:32.159961,68.13,3.4467,28.0,14,51.15,5.0
10,2026-04-28 15:51:32.159961,69.53,2.81,29.0,15,51.12,4.0
10,2026-04-28 16:51:32.159961,71.44,2.1867,30.0,16,51.08,3.0
10,2026-04-28 17:51:32.159961,75.64,2.5033,31.0,17,51.05,2.0
10,2026-04-28 18:51:32.159961,79.99,3.4867,32.0,18,51.01,1.0
10,2026-04-28 19:51:32.159961,83.08,3.88,33.0,19,50.99,0.0
10,2026-04-29 15:51:32.159961,36.61,2.4767,19.0,15,50.4,24.0
10,2026-04-29 16:51:32.159961,38.11,2.2233,20.0,16,50.38,23.0
10,2026-04-29 17:51:32.159961,42.51,2.2233,21.0,17,50.34,22.0
10,2026-04-29 18:51:32.159961,44.66,2.6833,22.0,18,50.29,21.0
10,2026-04-29 19:51:32.159961,48.14,3.3433,23.0,19,50.26,20.0
10,2026-04-29 20:51:32.159961,48.96,2.15,24.0,20,50.22,19.0
10,2026-04-29 21:51:32.159961,49.98,1.7733,25.0,21,50.19,18.0
10,2026-04-29 22:51:32.159961,51.8,1.22,26.0,22,50.18,17.0
10,2026-04-29 23:51:32.159961,53.5,1.5133,27.0,23,50.14,16.0
10,2026-04-30 00:51:32.159961,53.74,1.2533,28.0,0,50.1,15.0
10,2026-04-30 01:51:32.159961,54.09,0.7633,29.0,1,50.08,14.0
10,2026-04-30 02:51:32.159961,54.31,0.27,30.0,2,50.05,13.0
10,2026-04-30 03:51:32.159961,54.45,0.2367,31.0,3,50.02,12.0
10,2026-04-30 04:51:32.159961,54.53,0.1467,32.0,4,49.99,11.0
10,2026-04-30 05:51:32.159961,54.92,0.2033,33.0,5,49.96,10.0
10,2026-04-30 06:51:32.159961,56.76,0.77,34.0,6,49.93,9.0
10,2026-04-30 07:51:32.159961,58.51,1.3267,35.0,7,49.9,8.0
10,2026-04-30 08:51:32.159961,61.66,2.2467,36.0,8,49.86,7.0
10,2026-04-30 09:51:32.159961,65.66,2.9667,37.0,9,49.81,6.0
10,2026-04-30 10:51:32.159961,67.69,3.06,38.0,10,49.79,5.0
10,2026-04-30 11:51:32.159961,69.68,2.6733,39.0,11,49.76,4.0
10,2026-04-30 12:51:32.159961,74.24,2.86,40.0,12,49.73,3.0
10,2026-04-30 13:51:32.159961,76.87,3.06,41.0,13,49.71,2.0
10,2026-04-30 14:51:32.159961,79.81,3.3767,42.0,14,49.68,1.0
10,2026-04-30 15:51:32.159961,80.47,2.0767,43.0,15,49.63,0.0
10,2026-05-01 08:51:32.159961,34.01,2.5933,16.0,8,49.16,24.0
10,2026-05-01 09:51:32.159961,38.49,3.5533,17.0,9,49.11,23.0
10,2026-05-01 10:51:32.159961,43.28,4.6967,18.0,10,49.07,22.0
10,2026-05-01 11:51:32.159961,44.88,3.6233,19.0,11,49.04,21.0
10,2026-05-01 12:51:32.159961,47.36,2.9567,20.0,12,49.02,20.0
10,2026-05-01 13:51:32.159961,50.83,2.5167,21.0,13,48.97,19.0
10,2026-05-01 14:51:32.159961,53.68,2.9333,22.0,14,48.93,18.0
10,2026-05-01 15:51:32.159961,55.24,2.6267,23.0,15,48.9,17.0
10,2026-05-01 16:51:32.159961,55.92,1.6967,24.0,16,48.89,16.0
10,2026-05-01 17:51:32.159961,60.86,2.3933,25.0,17,48.86,15.0
10,2026-05-01 18:51:32.159961,65.37,3.3767,26.0,18,48.82,14.0
10,2026-05-01 19:51:32.159961,68.17,4.0833,27.0,19,48.78,13.0
10,2026-05-01 20:51:32.159961,69.15,2.7633,28.0,20,48.76,12.0
10,2026-05-01 21:51:32.159961,70.48,1.7033,29.0,21,48.72,11.0
10,2026-05-01 22:51:32.159961,71.22,1.0167,30.0,22,48.7,10.0
10,2026-05-01 23:51:32.159961,72.84,1.23,31.0,23,48.66,9.0
10,2026-05-02 00:51:32.159961,73.31,0.9433,32.0,0,48.62,8.0
10,2026-05-02 01:51:32.159961,73.69,0.8233,33.0,1,48.6,7.0
10,2026-05-02 02:51:32.159961,74.18,0.4467,34.0,2,48.57,6.0
10,2026-05-02 03:51:32.159961,74.33,0.34,35.0,3,48.52,5.0
10,2026-05-02 04:51:32.159961,74.63,0.3133,36.0,4,48.51,4.0
10,2026-05-02 05:51:32.159961,75.04,0.2867,37.0,5,48.49,3.0
10,2026-05-02 06:51:32.159961,75.68,0.45,38.0,6,48.46,2.0
10,2026-05-02 07:51:32.159961,77.39,0.92,39.0,7,48.42,1.0
10,2026-05-02 08:51:32.159961,80.98,1.98,40.0,8,48.38,0.0
10,2026-05-02 18:51:32.159961,35.41,3.4333,9.0,18,48.07,24.0
10,2026-05-02 19:51:32.159961,38.59,4.0,10.0,19,48.03,23.0
10,2026-05-02 20:51:32.159961,40.0,3.17,11.0,20,48.0,22.0
10,2026-05-02 21:51:32.159961,41.01,1.8667,12.0,21,47.98,21.0
10,2026-05-02 22:51:32.159961,42.55,1.32,13.0,22,47.97,20.0
10,2026-05-02 23:51:32.159961,44.0,1.3333,14.0,23,47.93,19.0
10,2026-05-03 00:51:32.159961,44.5,1.1633,15.0,0,47.88,18.0
10,2026-05-03 01:51:32.159961,44.71,0.72,16.0,1,47.85,17.0
10,2026-05-03 02:51:32.159961,44.96,0.32,17.0,2,47.83,16.0
10,2026-05-03 03:51:32.159961,45.16,0.22,18.0,3,47.8,15.0
10,2026-05-03 04:51:32.159961,45.32,0.2033,19.0,4,47.78,14.0
10,2026-05-03 05:51:32.159961,45.81,0.2833,20.0,5,47.73,13.0
10,2026-05-03 06:51:32.159961,47.72,0.8533,21.0,6,47.7,12.0
10,2026-05-03 07:51:32.159961,49.16,1.28,22.0,7,47.67,11.0
10,2026-05-03 08:51:32.159961,53.34,2.51,23.0,8,47.65,10.0
10,2026-05-03 09:51:32.159961,56.88,3.0533,24.0,9,47.61,9.0
10,2026-05-03 10:51:32.159961,61.44,4.0933,25.0,10,47.59,8.0
10,2026-05-03 11:51:32.159961,62.68,3.1133,26.0,11,47.56,7.0
10,2026-05-03 12:51:32.159961,67.6,3.5733,27.0,12,47.51,6.0
10,2026-05-03 13:51:32.159961,71.4,3.32,28.0,13,47.48,5.0
10,2026-05-03 14:51:32.159961,75.13,4.15,29.0,14,47.45,4.0
10,2026-05-03 15:51:32.159961,75.94,2.78,30.0,15,47.43,3.0
10,2026-05-03 16:51:32.159961,76.71,1.77,31.0,16,47.38,2.0
10,2026-05-03 17:51:32.159961,79.28,1.3833,32.0,17,47.35,1.0
10,2026-05-03 18:51:32.159961,84.2,2.7533,33.0,18,47.31,0.0
10,2026-05-04 15:51:32.159961,39.67,2.71,20.0,15,46.74,24.0
10,2026-05-04 16:51:32.159961,40.34,1.6967,21.0,16,46.72,23.0
10,2026-05-04 17:51:32.159961,45.13,2.3833,22.0,17,46.7,22.0
10,2026-05-04 18:51:32.159961,47.2,2.51,23.0,18,46.65,21.0
10,2026-05-04 19:51:32.159961,49.21,2.9567,24.0,19,46.61,20.0
10,2026-05-04 20:51:32.159961,51.18,2.0167,25.0,20,46.58,19.0
10,2026-05-04 21:51:32.159961,52.18,1.66,26.0,21,46.54,18.0
10,2026-05-04 22:51:32.159961,53.56,1.45,27.0,22,46.51,17.0
10,2026-05-04 23:51:32.159961,54.71,1.1767,28.0,23,46.48,16.0
10,2026-05-05 00:51:32.159961,55.1,0.9733,29.0,0,46.44,15.0
10,2026-05-05 01:51:32.159961,55.29,0.5767,30.0,1,46.42,14.0
10,2026-05-05 02:51:32.159961,55.43,0.24,31.0,2,46.41,13.0
10,2026-05-05 03:51:32.159961,55.84,0.2467,32.0,3,46.36,12.0
10,2026-05-05 04:51:32.159961,56.01,0.24,33.0,4,46.34,11.0
10,2026-05-05 05:51:32.159961,56.27,0.28,34.0,5,46.32,10.0
10,2026-05-05 06:51:32.159961,57.27,0.4767,35.0,6,46.28,9.0
10,2026-05-05 07:51:32.159961,58.94,0.9767,36.0,7,46.26,8.0
10,2026-05-05 08:51:32.159961,62.29,2.0067,37.0,8,46.22,7.0
10,2026-05-05 09:51:32.159961,65.93,2.8867,38.0,9,46.2,6.0
10,2026-05-05 10:51:32.159961,67.98,3.0133,39.0,10,46.18,5.0
10,2026-05-05 11:51:32.159961,69.24,2.3167,40.0,11,46.17,4.0
10,2026-05-05 12:51:32.159961,71.63,1.9,41.0,12,46.13,3.0
10,2026-05-05 13:51:32.159961,76.08,2.7,42.0,13,46.12,2.0
10,2026-05-05 14:51:32.159961,78.93,3.23,43.0,14,46.1,1.0
10,2026-05-05 15:51:32.159961,80.74,3.0367,44.0,15,46.08,0.0
10,2026-05-06 12:51:32.159961,39.58,2.9067,20.0,12,45.31,24.0
10,2026-05-06 13:51:32.159961,44.49,3.2767,21.0,13,45.27,23.0
10,2026-05-06 14:51:32.159961,48.71,4.5,22.0,14,45.23,22.0
10,2026-05-06 15:51:32.159961,50.16,3.5267,23.0,15,45.2,21.0
10,2026-05-06 16:51:32.159961,51.89,2.4667,24.0,16,45.17,20.0
10,2026-05-06 17:51:32.159961,54.48,1.9233,25.0,17,45.16,19.0
10,2026-05-06 18:51:32.159961,57.86,2.5667,26.0,18,45.11,18.0
10,2026-05-06 19:51:32.159961,60.11,2.74,27.0,19,45.08,17.0
10,2026-05-06 20:51:32.159961,60.86,2.1267,28.0,20,45.05,16.0
10,2026-05-06 21:51:32.159961,61.81,1.3167,29.0,21,45.03,15.0
10,2026-05-06 22:51:32.159961,62.47,0.7867,30.0,22,45.01,14.0
10,2026-05-06 23:51:32.159961,64.05,1.0633,31.0,23,45.0,13.0
10,2026-05-07 00:51:32.159961,64.26,0.8167,32.0,0,44.95,12.0
10,2026-05-07 01:51:32.159961,64.46,0.6633,33.0,1,44.92,11.0
10,2026-05-07 02:51:32.159961,64.8,0.25,34.0,2,44.88,10.0
10,2026-05-07 03:51:32.159961,64.89,0.21,35.0,3,44.85,9.0
10,2026-05-07 04:51:32.159961,65.32,0.2867,36.0,4,44.8,8.0
10,2026-05-07 05:51:32.159961,65.64,0.28,37.0,5,44.76,7.0
10,2026-05-07 06:51:32.159961,67.52,0.8767,38.0,6,44.73,6.0
10,2026-05-07 07:51:32.159961,69.05,1.2433,39.0,7,44.7,5.0
10,2026-05-07 08:51:32.159961,71.91,2.09,40.0,8,44.67,4.0
10,2026-05-07 09:51:32.159961,75.48,2.6533,41.0,9,44.65,3.0
10,2026-05-07 10:51:32.159961,77.81,2.92,42.0,10,44.62,2.0
10,2026-05-07 11:51:32.159961,79.6,2.5633,43.0,11,44.58,1.0
10,2026-05-07 12:51:32.159961,83.15,2.5567,44.0,12,44.55,0.0
