can_id,fill_level,battery_level,overflow_flag,log_time
1,10.5,95.83,False,2026-03-08 21:51:31.935883
1,11.17,95.8,False,2026-03-08 22:51:31.935883
1,12.27,95.78,False,2026-03-08 23:51:31.935883
1,12.71,95.73,False,2026-03-09 00:51:31.935883
1,12.75,95.7,False,2026-03-09 01:51:31.935883
1,12.89,95.69,False,2026-03-09 02:51:31.935883
1,13.17,95.64,False,2026-03-09 03:51:31.935883
1,13.22,95.61,False,2026-03-09 04:51:31.935883
1,13.25,95.58,False,2026-03-09 05:51:31.935883
1,14.68,95.55,False,2026-03-09 06:51:31.935883
1,15.52,95.53,False,2026-03-09 07:51:31.935883
1,19.64,95.51,False,2026-03-09 08:51:31.935883
1,24.51,95.46,False,2026-03-09 09:51:31.935883
1,26.73,95.43,False,2026-03-09 10:51:31.935883
1,27.23,95.4,False,2026-03-09 11:51:31.935883
1,29.58,95.38,False,2026-03-09 12:51:31.935883
1,32.16,95.33,False,2026-03-09 13:51:31.935883
1,36.99,95.28,False,2026-03-09 14:51:31.935883
1,37.53,95.27,False,2026-03-09 15:51:31.935883
1,39.39,95.25,False,2026-03-09 16:51:31.935883
1,44.18,95.21,False,2026-03-09 17:51:31.935883
1,47.56,95.18,False,2026-03-09 18:51:31.935883
1,52.54,95.15,False,2026-03-09 19:51:31.935883
1,53.93,95.14,False,2026-03-09 20:51:31.935883
1,55.04,95.1,False,2026-03-09 21:51:31.935883
1,56.28,95.05,False,2026-03-09 22:51:31.935883
1,56.96,95.01,False,2026-03-09 23:51:31.935883
1,57.09,94.98,False,2026-03-10 00:51:31.935883
1,57.26,94.96,False,2026-03-10 01:51:31.935883
1,57.52,94.94,False,2026-03-10 02:51:31.935883
1,57.81,94.89,False,2026-03-10 03:51:31.935883
1,57.89,94.88,False,2026-03-10 04:51:31.935883
1,58.2,94.87,False,2026-03-10 05:51:31.935883
1,59.24,94.82,False,2026-03-10 06:51:31.935883
1,60.0,94.77,False,2026-03-10 07:51:31.935883
1,63.05,94.75,False,2026-03-10 08:51:31.935883
1,67.16,94.71,False,2026-03-10 09:51:31.935883
1,71.03,94.68,False,2026-03-10 10:51:31.935883
1,71.72,94.64,False,2026-03-10 11:51:31.935883
1,75.06,94.62,False,2026-03-10 12:51:31.935883
1,78.36,94.59,False,2026-03-10 13:51:31.935883
1,82.51,94.58,False,2026-03-10 14:51:31.935883
1,10.93,94.55,False,2026-03-10 15:51:31.935883
1,12.36,94.53,False,2026-03-10 16:51:31.935883
1,14.95,94.51,False,2026-03-10 17:51:31.935883
1,17.84,94.47,False,2026-03-10 18:51:31.935883
1,21.1,94.46,False,2026-03-10 19:51:31.935883
1,22.95,94.44,False,2026-03-10 20:51:31.935883
1,23.81,94.39,False,2026-03-10 21:51:31.935883
1,24.55,94.37,False,2026-03-10 22:51:31.935883
1,25.86,94.33,False,2026-03-10 23:51:31.935883
1,26.15,94.31,False,2026-03-11 00:51:31.935883
1,26.52,94.3,False,2026-03-11 01:51:31.935883
1,26.86,94.29,False,2026-03-11 02:51:31.935883
1,27.27,94.28,False,2026-03-11 03:51:31.935883
1,27.71,94.26,False,2026-03-11 04:51:31.935883
1,27.85,94.21,False,2026-03-11 05:51:31.935883
1,28.83,94.19,False,2026-03-11 06:51:31.935883
1,29.44,94.16,False,2026-03-11 07:51:31.935883
1,33.87,94.11,False,2026-03-11 08:51:31.935883
1,37.56,94.1,False,2026-03-11 09:51:31.935883
1,42.04,94.05,False,2026-03-11 10:51:31.935883
1,43.45,94.01,False,2026-03-11 11:51:31.935883
1,48.28,94.0,False,2026-03-11 12:51:31.935883
1,51.76,93.96,False,2026-03-11 13:51:31.935883
1,56.27,93.93,False,2026-03-11 14:51:31.935883
1,58.15,93.91,False,2026-03-11 15:51:31.935883
1,59.45,93.87,False,2026-03-11 16:51:31.935883
1,64.36,93.83,False,2026-03-11 17:51:31.935883
1,68.75,93.78,False,2026-03-11 18:51:31.935883
1,71.58,93.76,False,2026-03-11 19:51:31.935883
1,73.29,93.74,False,2026-03-11 20:51:31.935883
1,75.12,93.72,False,2026-03-11 21:51:31.935883
1,75.66,93.68,False,2026-03-11 22:51:31.935883
1,77.14,93.66,False,2026-03-11 23:51:31.935883
1,77.2,93.63,False,2026-03-12 00:51:31.935883
1,77.33,93.59,False,2026-03-12 01:51:31.935883
1,77.72,93.54,False,2026-03-12 02:51:31.935883
1,77.73,93.53,False,2026-03-12 03:51:31.935883
1,77.73,93.49,False,2026-03-12 04:51:31.935883
1,77.74,93.48,False,2026-03-12 05:51:31.935883
1,78.5,93.45,False,2026-03-12 06:51:31.935883
1,80.03,93.41,False,2026-03-12 07:51:31.935883
1,10.64,93.39,False,2026-03-12 08:51:31.935883
1,13.49,93.36,False,2026-03-12 09:51:31.935883
1,17.15,93.31,False,2026-03-12 10:51:31.935883
1,18.08,93.29,False,2026-03-12 11:51:31.935883
1,20.27,93.26,False,2026-03-12 12:51:31.935883
1,24.41,93.24,False,2026-03-12 13:51:31.935883
1,28.57,93.22,False,2026-03-12 14:51:31.935883
1,30.28,93.18,False,2026-03-12 15:51:31.935883
1,31.53,93.16,False,2026-03-12 16:51:31.935883
1,35.25,93.13,False,2026-03-12 17:51:31.935883
1,39.13,93.1,False,2026-03-12 18:51:31.935883
1,42.42,93.06,False,2026-03-12 19:51:31.935883
1,44.41,93.02,False,2026-03-12 20:51:31.935883
1,45.98,92.98,False,2026-03-12 21:51:31.935883
1,47.55,92.93,False,2026-03-12 22:51:31.935883
1,49.1,92.91,False,2026-03-12 23:51:31.935883
1,49.32,92.9,False,2026-03-13 00:51:31.935883
1,49.42,92.87,False,2026-03-13 01:51:31.935883
1,49.82,92.84,False,2026-03-13 02:51:31.935883
1,50.31,92.8,False,2026-03-13 03:51:31.935883
1,50.81,92.76,False,2026-03-13 04:51:31.935883
1,51.12,92.75,False,2026-03-13 05:51:31.935883
1,52.57,92.74,False,2026-03-13 06:51:31.935883
1,54.25,92.71,False,2026-03-13 07:51:31.935883
1,58.77,92.68,False,2026-03-13 08:51:31.935883
1,60.77,92.67,False,2026-03-13 09:51:31.935883
1,62.89,92.63,False,2026-03-13 10:51:31.935883
1,64.75,92.59,False,2026-03-13 11:51:31.935883
1,67.08,92.56,False,2026-03-13 12:51:31.935883
1,69.19,92.52,False,2026-03-13 13:51:31.935883
1,72.89,92.48,False,2026-03-13 14:51:31.935883
1,74.86,92.46,False,2026-03-13 15:51:31.935883
1,75.94,92.43,False,2026-03-13 16:51:31.935883
1,78.11,92.4,False,2026-03-13 17:51:31.935883
1,80.18,92.35,False,2026-03-13 18:51:31.935883
1,7.95,92.31,False,2026-03-13 19:51:31.935883
1,9.61,92.27,False,2026-03-13 20:51:31.935883
1,10.62,92.23,False,2026-03-13 21:51:31.935883
1,12.37,92.2,False,2026-03-13 22:51:31.935883
1,12.87,92.17,False,2026-03-13 23:51:31.935883
1,12.91,92.14,False,2026-03-14 00:51:31.935883
1,13.05,92.12,False,2026-03-14 01:51:31.935883
1,13.17,92.09,False,2026-03-14 02:51:31.935883
1,13.21,92.05,False,2026-03-14 03:51:31.935883
1,13.61,92.01,False,2026-03-14 04:51:31.935883
1,14.09,92.0,False,2026-03-14 05:51:31.935883
1,14.9,91.96,False,2026-03-14 06:51:31.935883
1,15.76,91.94,False,2026-03-14 07:51:31.935883
1,20.31,91.9,False,2026-03-14 08:51:31.935883
1,23.88,91.86,False,2026-03-14 09:51:31.935883
1,28.73,91.84,False,2026-03-14 10:51:31.935883
1,29.42,91.81,False,2026-03-14 11:51:31.935883
1,33.47,91.78,False,2026-03-14 12:51:31.935883
1,35.89,91.74,False,2026-03-14 13:51:31.935883
1,38.52,91.71,False,2026-03-14 14:51:31.935883
1,40.07,91.66,False,2026-03-14 15:51:31.935883
1,40.64,91.64,False,2026-03-14 16:51:31.935883
1,44.77,91.6,False,2026-03-14 17:51:31.935883
1,47.3,91.58,False,2026-03-14 18:51:31.935883
1,51.47,91.55,False,2026-03-14 19:51:31.935883
1,52.4,91.51,False,2026-03-14 20:51:31.935883
1,52.92,91.47,False,2026-03-14 21:51:31.935883
1,54.87,91.45,False,2026-03-14 22:51:31.935883
1,56.56,91.43,False,2026-03-14 23:51:31.935883
1,56.99,91.39,False,2026-03-15 00:51:31.935883
1,57.07,91.38,False,2026-03-15 01:51:31.935883
1,57.13,91.34,False,2026-03-15 02:51:31.935883
1,57.44,91.31,False,2026-03-15 03:51:31.935883
1,57.82,91.3,False,2026-03-15 04:51:31.935883
1,57.97,91.27,False,2026-03-15 05:51:31.935883
1,59.25,91.24,False,2026-03-15 06:51:31.935883
1,61.14,91.22,False,2026-03-15 07:51:31.935883
1,64.55,91.2,False,2026-03-15 08:51:31.935883
1,68.65,91.18,False,2026-03-15 09:51:31.935883
1,72.25,91.13,False,2026-03-15 10:51:31.935883
1,74.21,91.1,False,2026-03-15 11:51:31.935883
1,78.17,91.08,False,2026-03-15 12:51:31.935883
1,81.45,91.05,False,2026-03-15 13:51:31.935883
1,10.43,91.02,False,2026-03-15 14:51:31.935883
1,12.43,91.0,False,2026-03-15 15:51:31.935883
1,13.27,90.95,False,2026-03-15 16:51:31.935883
1,16.79,90.93,False,2026-03-15 17:51:31.935883
1,21.67,90.9,False,2026-03-15 18:51:31.935883
1,25.21,90.87,False,2026-03-15 19:51:31.935883
1,26.4,90.83,False,2026-03-15 20:51:31.935883
1,28.19,90.79,False,2026-03-15 21:51:31.935883
1,30.17,90.75,False,2026-03-15 22:51:31.935883
1,31.84,90.7,False,2026-03-15 23:51:31.935883
1,31.96,90.65,False,2026-03-16 00:51:31.935883
1,32.23,90.64,False,2026-03-16 01:51:31.935883
1,32.37,90.63,False,2026-03-16 02:51:31.935883
1,32.5,90.59,False,2026-03-16 03:51:31.935883
1,32.86,90.54,False,2026-03-16 04:51:31.935883
1,33.28,90.53,False,2026-03-16 05:51:31.935883
1,35.23,90.51,False,2026-03-16 06:51:31.935883
1,36.19,90.47,False,2026-03-16 07:51:31.935883
1,39.88,90.45,False,2026-03-16 08:51:31.935883
1,42.68,90.41,False,2026-03-16 09:51:31.935883
1,46.4,90.39,False,2026-03-16 10:51:31.935883
1,47.32,90.35,False,2026-03-16 11:51:31.935883
1,49.58,90.3,False,2026-03-16 12:51:31.935883
1,53.94,90.28,False,2026-03-16 13:51:31.935883
1,58.55,90.24,False,2026-03-16 14:51:31.935883
1,59.44,90.21,False,2026-03-16 15:51:31.935883
1,60.13,90.19,False,2026-03-16 16:51:31.935883
1,63.87,90.14,False,2026-03-16 17:51:31.935883
1,68.19,90.12,False,2026-03-16 18:51:31.935883
1,70.58,90.08,False,2026-03-16 19:51:31.935883
1,71.86,90.06,False,2026-03-16 20:51:31.935883
1,73.57,90.03,False,2026-03-16 21:51:31.935883
1,74.84,90.0,False,2026-03-16 22:51:31.935883
1,76.08,89.98,False,2026-03-16 23:51:31.935883
1,76.14,89.95,False,2026-03-17 00:51:31.935883
1,76.41,89.92,False,2026-03-17 01:51:31.935883
1,76.65,89.91,False,2026-03-17 02:51:31.935883
1,77.02,89.86,False,2026-03-17 03:51:31.935883
1,77.07,89.84,False,2026-03-17 04:51:31.935883
1,77.14,89.8,False,2026-03-17 05:51:31.935883
1,78.8,89.76,False,2026-03-17 06:51:31.935883
1,79.42,89.72,False,2026-03-17 07:51:31.935883
1,82.08,89.69,False,2026-03-17 08:51:31.935883
1,12.18,89.67,False,2026-03-17 09:51:31.935883
1,14.28,89.64,False,2026-03-17 10:51:31.935883
1,16.21,89.62,False,2026-03-17 11:51:31.935883
1,19.95,89.6,False,2026-03-17 12:51:31.935883
1,23.53,89.59,False,2026-03-17 13:51:31.935883
1,27.41,89.55,False,2026-03-17 14:51:31.935883
1,28.28,89.51,False,2026-03-17 15:51:31.935883
1,29.05,89.49,False,2026-03-17 16:51:31.935883
1,33.21,89.48,False,2026-03-17 17:51:31.935883
1,37.33,89.45,False,2026-03-17 18:51:31.935883
1,40.0,89.44,False,2026-03-17 19:51:31.935883
1,40.78,89.4,False,2026-03-17 20:51:31.935883
1,41.42,89.37,False,2026-03-17 21:51:31.935883
1,42.3,89.32,False,2026-03-17 22:51:31.935883
1,43.22,89.31,False,2026-03-17 23:51:31.935883
1,43.43,89.26,False,2026-03-18 00:51:31.935883
1,43.68,89.24,False,2026-03-18 01:51:31.935883
1,43.95,89.2,False,2026-03-18 02:51:31.935883
1,44.17,89.17,False,2026-03-18 03:51:31.935883
1,44.49,89.14,False,2026-03-18 04:51:31.935883
1,44.53,89.13,False,2026-03-18 05:51:31.935883
1,46.51,89.11,False,2026-03-18 06:51:31.935883
1,48.25,89.06,False,2026-03-18 07:51:31.935883
1,53.23,89.02,False,2026-03-18 08:51:31.935883
1,58.1,89.0,False,2026-03-18 09:51:31.935883
1,62.25,88.97,False,2026-03-18 10:51:31.935883
1,63.63,88.96,False,2026-03-18 11:51:31.935883
1,66.12,88.92,False,2026-03-18 12:51:31.935883
1,69.36,88.91,False,2026-03-18 13:51:31.935883
1,74.24,88.87,False,2026-03-18 14:51:31.935883
1,75.92,88.86,False,2026-03-18 15:51:31.935883
1,77.35,88.81,False,2026-03-18 16:51:31.935883
1,79.77,88.77,False,2026-03-18 17:51:31.935883
1,82.31,88.73,False,2026-03-18 18:51:31.935883
1,11.76,88.72,False,2026-03-18 19:51:31.935883
1,12.61,88.69,False,2026-03-18 20:51:31.935883
1,13.43,88.65,False,2026-03-18 21:51:31.935883
1,13.96,88.62,False,2026-03-18 22:51:31.935883
1,14.97,88.6,False,2026-03-18 23:51:31.935883
1,15.25,88.57,False,2026-03-19 00:51:31.935883
1,15.54,88.56,False,2026-03-19 01:51:31.935883
1,16.04,88.53,False,2026-03-19 02:51:31.935883
1,16.08,88.5,False,2026-03-19 03:51:31.935883
1,16.47,88.46,False,2026-03-19 04:51:31.935883
1,16.72,88.43,False,2026-03-19 05:51:31.935883
1,18.46,88.41,False,2026-03-19 06:51:31.935883
1,19.03,88.39,False,2026-03-19 07:51:31.935883
1,22.68,88.35,False,2026-03-19 08:51:31.935883
1,26.42,88.3,False,2026-03-19 09:51:31.935883
1,29.15,88.29,False,2026-03-19 10:51:31.935883
1,29.72,88.27,False,2026-03-19 11:51:31.935883
1,33.84,88.23,False,2026-03-19 12:51:31.935883
1,38.24,88.19,False,2026-03-19 13:51:31.935883
1,41.34,88.17,False,2026-03-19 14:51:31.935883
1,42.13,88.14,False,2026-03-19 15:51:31.935883
1,43.62,88.11,False,2026-03-19 16:51:31.935883
1,45.87,88.07,False,2026-03-19 17:51:31.935883
1,48.12,88.05,False,2026-03-19 18:51:31.935883
1,52.19,88.01,False,2026-03-19 19:51:31.935883
1,54.01,87.99,False,2026-03-19 20:51:31.935883
1,55.15,87.97,False,2026-03-19 21:51:31.935883
1,55.9,87.94,False,2026-03-19 22:51:31.935883
1,56.64,87.9,False,2026-03-19 23:51:31.935883
1,56.94,87.87,False,2026-03-20 00:51:31.935883
1,57.08,87.85,False,2026-03-20 01:51:31.935883
1,57.55,87.81,False,2026-03-20 02:51:31.935883
1,58.01,87.8,False,2026-03-20 03:51:31.935883
1,58.05,87.78,False,2026-03-20 04:51:31.935883
1,58.21,87.75,False,2026-03-20 05:51:31.935883
1,59.6,87.74,False,2026-03-20 06:51:31.935883
1,61.43,87.72,False,2026-03-20 07:51:31.935883
1,63.63,87.7,False,2026-03-20 08:51:31.935883
1,66.33,87.66,False,2026-03-20 09:51:31.935883
1,70.2,87.64,False,2026-03-20 10:51:31.935883
1,71.08,87.63,False,2026-03-20 11:51:31.935883
1,73.34,87.58,False,2026-03-20 12:51:31.935883
1,77.7,87.54,False,2026-03-20 13:51:31.935883
1,82.35,87.5,False,2026-03-20 14:51:31.935883
1,10.56,87.48,False,2026-03-20 15:51:31.935883
1,12.46,87.44,False,2026-03-20 16:51:31.935883
1,14.96,87.42,False,2026-03-20 17:51:31.935883
1,17.57,87.4,False,2026-03-20 18:51:31.935883
1,21.25,87.35,False,2026-03-20 19:51:31.935883
1,22.82,87.34,False,2026-03-20 20:51:31.935883
1,24.6,87.3,False,2026-03-20 21:51:31.935883
1,25.2,87.29,False,2026-03-20 22:51:31.935883
1,25.96,87.27,False,2026-03-20 23:51:31.935883
1,26.3,87.25,False,2026-03-21 00:51:31.935883
1,26.71,87.21,False,2026-03-21 01:51:31.935883
1,27.05,87.19,False,2026-03-21 02:51:31.935883
1,27.07,87.17,False,2026-03-21 03:51:31.935883
1,27.34,87.14,False,2026-03-21 04:51:31.935883
1,27.66,87.09,False,2026-03-21 05:51:31.935883
1,28.38,87.05,False,2026-03-21 06:51:31.935883
1,29.78,87.03,False,2026-03-21 07:51:31.935883
1,32.06,86.99,False,2026-03-21 08:51:31.935883
1,36.75,86.95,False,2026-03-21 09:51:31.935883
1,39.78,86.92,False,2026-03-21 10:51:31.935883
1,40.54,86.89,False,2026-03-21 11:51:31.935883
1,43.87,86.87,False,2026-03-21 12:51:31.935883
1,46.69,86.86,False,2026-03-21 13:51:31.935883
1,51.22,86.81,False,2026-03-21 14:51:31.935883
1,52.28,86.8,False,2026-03-21 15:51:31.935883
1,54.16,86.78,False,2026-03-21 16:51:31.935883
1,58.96,86.74,False,2026-03-21 17:51:31.935883
1,62.95,86.69,False,2026-03-21 18:51:31.935883
1,65.05,86.65,False,2026-03-21 19:51:31.935883
1,66.01,86.61,False,2026-03-21 20:51:31.935883
1,67.91,86.6,False,2026-03-21 21:51:31.935883
1,68.71,86.56,False,2026-03-21 22:51:31.935883
1,70.21,86.55,False,2026-03-21 23:51:31.935883
1,70.23,86.53,False,2026-03-22 00:51:31.935883
1,70.42,86.49,False,2026-03-22 01:51:31.935883
1,70.67,86.46,False,2026-03-22 02:51:31.935883
1,71.13,86.42,False,2026-03-22 03:51:31.935883
1,71.41,86.4,False,2026-03-22 04:51:31.935883
1,71.56,86.35,False,2026-03-22 05:51:31.935883
1,73.54,86.33,False,2026-03-22 06:51:31.935883
1,75.23,86.32,False,2026-03-22 07:51:31.935883
1,79.98,86.29,False,2026-03-22 08:51:31.935883
1,83.52,86.26,False,2026-03-22 09:51:31.935883
1,7.72,86.25,False,2026-03-22 10:51:31.935883
1,8.37,86.23,False,2026-03-22 11:51:31.935883
1,12.53,86.19,False,2026-03-22 12:51:31.935883
1,17.08,86.17,False,2026-03-22 13:51:31.935883
1,22.05,86.14,False,2026-03-22 14:51:31.935883
1,23.61,86.09,False,2026-03-22 15:51:31.935883
1,24.52,86.06,False,2026-03-22 16:51:31.935883
1,27.94,86.05,False,2026-03-22 17:51:31.935883
1,31.66,86.02,False,2026-03-22 18:51:31.935883
1,34.22,86.0,False,2026-03-22 19:51:31.935883
1,35.09,85.98,False,2026-03-22 20:51:31.935883
1,36.16,85.95,False,2026-03-22 21:51:31.935883
1,37.57,85.93,False,2026-03-22 22:51:31.935883
1,38.32,85.91,False,2026-03-22 23:51:31.935883
1,38.43,85.89,False,2026-03-23 00:51:31.935883
1,38.69,85.87,False,2026-03-23 01:51:31.935883
1,38.93,85.85,False,2026-03-23 02:51:31.935883
1,39.18,85.81,False,2026-03-23 03:51:31.935883
1,39.49,85.79,False,2026-03-23 04:51:31.935883
1,39.73,85.76,False,2026-03-23 05:51:31.935883
1,41.62,85.72,False,2026-03-23 06:51:31.935883
1,42.48,85.68,False,2026-03-23 07:51:31.935883
1,45.63,85.64,False,2026-03-23 08:51:31.935883
1,50.35,85.62,False,2026-03-23 09:51:31.935883
1,55.02,85.6,False,2026-03-23 10:51:31.935883
1,56.28,85.57,False,2026-03-23 11:51:31.935883
1,60.76,85.54,False,2026-03-23 12:51:31.935883
1,65.13,85.52,False,2026-03-23 13:51:31.935883
1,69.4,85.49,False,2026-03-23 14:51:31.935883
1,70.5,85.45,False,2026-03-23 15:51:31.935883
1,71.71,85.42,False,2026-03-23 16:51:31.935883
1,74.02,85.41,False,2026-03-23 17:51:31.935883
1,78.81,85.37,False,2026-03-23 18:51:31.935883
1,82.36,85.33,False,2026-03-23 19:51:31.935883
1,8.45,85.3,False,2026-03-23 20:51:31.935883
1,9.55,85.25,False,2026-03-23 21:51:31.935883
1,10.78,85.21,False,2026-03-23 22:51:31.935883
1,12.44,85.2,False,2026-03-23 23:51:31.935883
1,12.45,85.16,False,2026-03-24 00:51:31.935883
1,12.79,85.11,False,2026-03-24 01:51:31.935883
1,12.97,85.08,False,2026-03-24 02:51:31.935883
1,13.11,85.03,False,2026-03-24 03:51:31.935883
1,13.34,84.98,False,2026-03-24 04:51:31.935883
1,13.46,84.97,False,2026-03-24 05:51:31.935883
1,14.96,84.93,False,2026-03-24 06:51:31.935883
1,16.25,84.89,False,2026-03-24 07:51:31.935883
1,20.25,84.84,False,2026-03-24 08:51:31.935883
1,24.63,84.82,False,2026-03-24 09:51:31.935883
1,27.42,84.77,False,2026-03-24 10:51:31.935883
1,28.3,84.75,False,2026-03-24 11:51:31.935883
1,30.57,84.7,False,2026-03-24 12:51:31.935883
1,35.01,84.65,False,2026-03-24 13:51:31.935883
1,37.36,84.63,False,2026-03-24 14:51:31.935883
1,39.25,84.59,False,2026-03-24 15:51:31.935883
1,40.31,84.57,False,2026-03-24 16:51:31.935883
1,43.69,84.56,False,2026-03-24 17:51:31.935883
1,48.63,84.52,False,2026-03-24 18:51:31.935883
1,51.55,84.5,False,2026-03-24 19:51:31.935883
1,53.05,84.46,False,2026-03-24 20:51:31.935883
1,54.04,84.43,False,2026-03-24 21:51:31.935883
1,54.79,84.42,False,2026-03-24 22:51:31.935883
1,55.7,84.4,False,2026-03-24 23:51:31.935883
1,55.91,84.35,False,2026-03-25 00:51:31.935883
1,56.19,84.3,False,2026-03-25 01:51:31.935883
1,56.52,84.29,False,2026-03-25 02:51:31.935883
1,56.57,84.27,False,2026-03-25 03:51:31.935883
1,56.7,84.22,False,2026-03-25 04:51:31.935883
1,56.84,84.19,False,2026-03-25 05:51:31.935883
1,57.64,84.14,False,2026-03-25 06:51:31.935883
1,59.12,84.11,False,2026-03-25 07:51:31.935883
1,63.5,84.09,False,2026-03-25 08:51:31.935883
1,66.06,84.06,False,2026-03-25 09:51:31.935883
1,69.36,84.04,False,2026-03-25 10:51:31.935883
1,70.45,83.99,False,2026-03-25 11:51:31.935883
1,72.6,83.98,False,2026-03-25 12:51:31.935883
1,77.5,83.95,False,2026-03-25 13:51:31.935883
1,82.22,83.91,False,2026-03-25 14:51:31.935883
1,9.2,83.89,False,2026-03-25 15:51:31.935883
1,10.45,83.86,False,2026-03-25 16:51:31.935883
1,14.33,83.82,False,2026-03-25 17:51:31.935883
1,17.03,83.77,False,2026-03-25 18:51:31.935883
1,21.69,83.75,False,2026-03-25 19:51:31.935883
1,22.57,83.71,False,2026-03-25 20:51:31.935883
1,23.16,83.7,False,2026-03-25 21:51:31.935883
1,23.81,83.68,False,2026-03-25 22:51:31.935883
1,24.83,83.63,False,2026-03-25 23:51:31.935883
1,25.24,83.59,False,2026-03-26 00:51:31.935883
1,25.61,83.58,False,2026-03-26 01:51:31.935883
1,26.03,83.55,False,2026-03-26 02:51:31.935883
1,26.25,83.5,False,2026-03-26 03:51:31.935883
1,26.55,83.46,False,2026-03-26 04:51:31.935883
1,26.88,83.43,False,2026-03-26 05:51:31.935883
1,28.51,83.38,False,2026-03-26 06:51:31.935883
1,29.65,83.33,False,2026-03-26 07:51:31.935883
1,33.89,83.3,False,2026-03-26 08:51:31.935883
1,36.51,83.28,False,2026-03-26 09:51:31.935883
1,39.09,83.25,False,2026-03-26 10:51:31.935883
1,40.81,83.2,False,2026-03-26 11:51:31.935883
1,42.88,83.17,False,2026-03-26 12:51:31.935883
1,46.5,83.14,False,2026-03-26 13:51:31.935883
1,50.06,83.09,False,2026-03-26 14:51:31.935883
1,51.41,83.06,False,2026-03-26 15:51:31.935883
1,52.9,83.02,False,2026-03-26 16:51:31.935883
1,57.9,82.97,False,2026-03-26 17:51:31.935883
1,61.45,82.96,False,2026-03-26 18:51:31.935883
1,66.34,82.93,False,2026-03-26 19:51:31.935883
1,68.06,82.91,False,2026-03-26 20:51:31.935883
1,69.42,82.87,False,2026-03-26 21:51:31.935883
1,70.39,82.83,False,2026-03-26 22:51:31.935883
1,71.8,82.79,False,2026-03-26 23:51:31.935883
1,71.94,82.78,False,2026-03-27 00:51:31.935883
1,72.12,82.74,False,2026-03-27 01:51:31.935883
1,72.38,82.71,False,2026-03-27 02:51:31.935883
1,72.59,82.69,False,2026-03-27 03:51:31.935883
1,72.78,82.64,False,2026-03-27 04:51:31.935883
1,72.96,82.6,False,2026-03-27 05:51:31.935883
1,73.93,82.59,False,2026-03-27 06:51:31.935883
1,75.78,82.55,False,2026-03-27 07:51:31.935883
1,78.61,82.54,False,2026-03-27 08:51:31.935883
1,83.61,82.49,False,2026-03-27 09:51:31.935883
1,10.02,82.46,False,2026-03-27 10:51:31.935883
1,11.99,82.41,False,2026-03-27 11:51:31.935883
1,14.9,82.4,False,2026-03-27 12:51:31.935883
1,18.14,82.36,False,2026-03-27 13:51:31.935883
1,21.82,82.34,False,2026-03-27 14:51:31.935883
1,22.87,82.32,False,2026-03-27 15:51:31.935883
1,24.86,82.28,False,2026-03-27 16:51:31.935883
1,28.22,82.26,False,2026-03-27 17:51:31.935883
1,30.62,82.21,False,2026-03-27 18:51:31.935883
1,35.38,82.17,False,2026-03-27 19:51:31.935883
1,35.89,82.13,False,2026-03-27 20:51:31.935883
1,37.74,82.1,False,2026-03-27 21:51:31.935883
1,38.29,82.08,False,2026-03-27 22:51:31.935883
1,38.81,82.07,False,2026-03-27 23:51:31.935883
1,39.1,82.04,False,2026-03-28 00:51:31.935883
1,39.48,82.01,False,2026-03-28 01:51:31.935883
1,39.77,81.97,False,2026-03-28 02:51:31.935883
1,39.86,81.93,False,2026-03-28 03:51:31.935883
1,40.08,81.9,False,2026-03-28 04:51:31.935883
1,40.54,81.87,False,2026-03-28 05:51:31.935883
1,41.12,81.86,False,2026-03-28 06:51:31.935883
1,42.42,81.83,False,2026-03-28 07:51:31.935883
1,46.29,81.8,False,2026-03-28 08:51:31.935883
1,49.11,81.76,False,2026-03-28 09:51:31.935883
1,51.13,81.72,False,2026-03-28 10:51:31.935883
1,52.97,81.7,False,2026-03-28 11:51:31.935883
1,56.29,81.67,False,2026-03-28 12:51:31.935883
1,60.84,81.63,False,2026-03-28 13:51:31.935883
1,64.37,81.6,False,2026-03-28 14:51:31.935883
1,66.22,81.59,False,2026-03-28 15:51:31.935883
1,67.0,81.58,False,2026-03-28 16:51:31.935883
1,69.07,81.54,False,2026-03-28 17:51:31.935883
1,72.46,81.51,False,2026-03-28 18:51:31.935883
1,77.45,81.49,False,2026-03-28 19:51:31.935883
1,78.25,81.48,False,2026-03-28 20:51:31.935883
1,79.74,81.46,False,2026-03-28 21:51:31.935883
1,81.27,81.42,False,2026-03-28 22:51:31.935883
1,9.77,81.39,False,2026-03-28 23:51:31.935883
1,10.14,81.35,False,2026-03-29 00:51:31.935883
1,10.31,81.3,False,2026-03-29 01:51:31.935883
1,10.78,81.27,False,2026-03-29 02:51:31.935883
1,11.11,81.26,False,2026-03-29 03:51:31.935883
1,11.54,81.22,False,2026-03-29 04:51:31.935883
1,11.9,81.2,False,2026-03-29 05:51:31.935883
1,13.57,81.18,False,2026-03-29 06:51:31.935883
1,14.22,81.13,False,2026-03-29 07:51:31.935883
1,17.24,81.1,False,2026-03-29 08:51:31.935883
1,20.97,81.06,False,2026-03-29 09:51:31.935883
1,24.53,81.05,False,2026-03-29 10:51:31.935883
1,25.56,81.02,False,2026-03-29 11:51:31.935883
1,29.54,81.0,False,2026-03-29 12:51:31.935883
1,33.89,80.97,False,2026-03-29 13:51:31.935883
1,38.13,80.92,False,2026-03-29 14:51:31.935883
1,39.16,80.87,False,2026-03-29 15:51:31.935883
1,40.33,80.83,False,2026-03-29 16:51:31.935883
1,43.41,80.8,False,2026-03-29 17:51:31.935883
1,48.03,80.76,False,2026-03-29 18:51:31.935883
1,51.58,80.74,False,2026-03-29 19:51:31.935883
1,53.36,80.7,False,2026-03-29 20:51:31.935883
1,54.18,80.69,False,2026-03-29 21:51:31.935883
1,55.37,80.65,False,2026-03-29 22:51:31.935883
1,57.23,80.62,False,2026-03-29 23:51:31.935883
1,57.29,80.61,False,2026-03-30 00:51:31.935883
1,57.77,80.59,False,2026-03-30 01:51:31.935883
1,58.02,80.57,False,2026-03-30 02:51:31.935883
1,58.32,80.52,False,2026-03-30 03:51:31.935883
1,58.78,80.5,False,2026-03-30 04:51:31.935883
1,58.9,80.48,False,2026-03-30 05:51:31.935883
1,60.85,80.46,False,2026-03-30 06:51:31.935883
1,62.1,80.43,False,2026-03-30 07:51:31.935883
1,64.55,80.41,False,2026-03-30 08:51:31.935883
1,68.07,80.39,False,2026-03-30 09:51:31.935883
1,71.15,80.38,False,2026-03-30 10:51:31.935883
1,71.88,80.37,False,2026-03-30 11:51:31.935883
1,76.37,80.32,False,2026-03-30 12:51:31.935883
1,80.48,80.3,False,2026-03-30 13:51:31.935883
1,13.4,80.27,False,2026-03-30 14:51:31.935883
1,15.03,80.24,False,2026-03-30 15:51:31.935883
1,16.45,80.2,False,2026-03-30 16:51:31.935883
1,18.6,80.15,False,2026-03-30 17:51:31.935883
1,22.82,80.13,False,2026-03-30 18:51:31.935883
1,26.93,80.11,False,2026-03-30 19:51:31.935883
1,28.41,80.08,False,2026-03-30 20:51:31.935883
1,29.25,80.07,False,2026-03-30 21:51:31.935883
1,31.19,80.04,False,2026-03-30 22:51:31.935883
1,32.93,80.01,False,2026-03-30 23:51:31.935883
1,33.08,80.0,False,2026-03-31 00:51:31.935883
1,33.27,79.97,False,2026-03-31 01:51:31.935883
1,33.56,79.95,False,2026-03-31 02:51:31.935883
1,33.81,79.91,False,2026-03-31 03:51:31.935883
1,33.98,79.86,False,2026-03-31 04:51:31.935883
1,34.05,79.83,False,2026-03-31 05:51:31.935883
1,35.32,79.81,False,2026-03-31 06:51:31.935883
1,36.29,79.8,False,2026-03-31 07:51:31.935883
1,39.78,79.76,False,2026-03-31 08:51:31.935883
1,44.09,79.74,False,2026-03-31 09:51:31.935883
1,46.77,79.7,False,2026-03-31 10:51:31.935883
1,48.76,79.68,False,2026-03-31 11:51:31.935883
1,53.31,79.67,False,2026-03-31 12:51:31.935883
1,55.35,79.64,False,2026-03-31 13:51:31.935883
1,57.63,79.61,False,2026-03-31 14:51:31.935883
1,58.4,79.58,False,2026-03-31 15:51:31.935883
1,60.36,79.55,False,2026-03-31 16:51:31.935883
1,62.77,79.51,False,2026-03-31 17:51:31.935883
1,65.96,79.48,False,2026-03-31 18:51:31.935883
1,68.55,79.44,False,2026-03-31 19:51:31.935883
1,70.22,79.4,False,2026-03-31 20:51:31.935883
1,71.87,79.36,False,2026-03-31 21:51:31.935883
1,73.37,79.32,False,2026-03-31 22:51:31.935883
1,74.76,79.3,False,2026-03-31 23:51:31.935883
1,74.98,79.26,False,2026-04-01 00:51:31.935883
1,75.01,79.24,False,2026-04-01 01:51:31.935883
1,75.23,79.2,False,2026-04-01 02:51:31.935883
1,75.7,79.17,False,2026-04-01 03:51:31.935883
1,76.14,79.16,False,2026-04-01 04:51:31.935883
1,76.14,79.14,False,2026-04-01 05:51:31.935883
1,77.82,79.11,False,2026-04-01 06:51:31.935883
1,79.11,79.07,False,2026-04-01 07:51:31.935883
1,82.53,79.03,False,2026-04-01 08:51:31.935883
1,12.74,79.0,False,2026-04-01 09:51:31.935883
1,15.01,78.96,False,2026-04-01 10:51:31.935883
1,16.34,78.91,False,2026-04-01 11:51:31.935883
1,19.99,78.9,False,2026-04-01 12:51:31.935883
1,24.72,78.86,False,2026-04-01 13:51:31.935883
1,28.85,78.83,False,2026-04-01 14:51:31.935883
1,29.53,78.79,False,2026-04-01 15:51:31.935883
1,30.05,78.78,False,2026-04-01 16:51:31.935883
1,32.34,78.74,False,2026-04-01 17:51:31.935883
1,36.74,78.72,False,2026-04-01 18:51:31.935883
1,41.26,78.71,False,2026-04-01 19:51:31.935883
1,42.37,78.68,False,2026-04-01 20:51:31.935883
1,43.06,78.66,False,2026-04-01 21:51:31.935883
1,44.53,78.62,False,2026-04-01 22:51:31.935883
1,45.64,78.58,False,2026-04-01 23:51:31.935883
1,46.14,78.56,False,2026-04-02 00:51:31.935883
1,46.36,78.53,False,2026-04-02 01:51:31.935883
1,46.71,78.51,False,2026-04-02 02:51:31.935883
1,46.76,78.49,False,2026-04-02 03:51:31.935883
1,47.06,78.47,False,2026-04-02 04:51:31.935883
1,47.36,78.46,False,2026-04-02 05:51:31.935883
1,48.85,78.42,False,2026-04-02 06:51:31.935883
1,49.84,78.39,False,2026-04-02 07:51:31.935883
1,54.31,78.37,False,2026-04-02 08:51:31.935883
1,56.62,78.35,False,2026-04-02 09:51:31.935883
1,58.89,78.31,False,2026-04-02 10:51:31.935883
1,59.97,78.3,False,2026-04-02 11:51:31.935883
1,64.33,78.28,False,2026-04-02 12:51:31.935883
1,69.09,78.27,False,2026-04-02 13:51:31.935883
1,72.35,78.25,False,2026-04-02 14:51:31.935883
1,73.94,78.21,False,2026-04-02 15:51:31.935883
1,74.81,78.19,False,2026-04-02 16:51:31.935883
1,78.22,78.15,False,2026-04-02 17:51:31.935883
1,82.9,78.13,False,2026-04-02 18:51:31.935883
1,13.25,78.11,False,2026-04-02 19:51:31.935883
1,15.24,78.1,False,2026-04-02 20:51:31.935883
1,16.23,78.07,False,2026-04-02 21:51:31.935883
1,17.06,78.04,False,2026-04-02 22:51:31.935883
1,17.77,78.0,False,2026-04-02 23:51:31.935883
1,18.13,77.99,False,2026-04-03 00:51:31.935883
1,18.53,77.96,False,2026-04-03 01:51:31.935883
1,18.72,77.95,False,2026-04-03 02:51:31.935883
1,18.79,77.91,False,2026-04-03 03:51:31.935883
1,19.23,77.86,False,2026-04-03 04:51:31.935883
1,19.7,77.83,False,2026-04-03 05:51:31.935883
1,20.62,77.81,False,2026-04-03 06:51:31.935883
1,21.23,77.78,False,2026-04-03 07:51:31.935883
1,23.58,77.75,False,2026-04-03 08:51:31.935883
1,26.92,77.73,False,2026-04-03 09:51:31.935883
1,30.12,77.72,False,2026-04-03 10:51:31.935883
1,31.12,77.68,False,2026-04-03 11:51:31.935883
1,35.21,77.66,False,2026-04-03 12:51:31.935883
1,38.43,77.63,False,2026-04-03 13:51:31.935883
1,41.47,77.62,False,2026-04-03 14:51:31.935883
1,43.46,77.58,False,2026-04-03 15:51:31.935883
1,44.45,77.55,False,2026-04-03 16:51:31.935883
1,49.07,77.5,False,2026-04-03 17:51:31.935883
1,53.78,77.46,False,2026-04-03 18:51:31.935883
1,56.57,77.42,False,2026-04-03 19:51:31.935883
1,57.32,77.4,False,2026-04-03 20:51:31.935883
1,59.05,77.37,False,2026-04-03 21:51:31.935883
1,59.78,77.35,False,2026-04-03 22:51:31.935883
1,60.4,77.32,False,2026-04-03 23:51:31.935883
1,60.74,77.28,False,2026-04-04 00:51:31.935883
1,61.16,77.26,False,2026-04-04 01:51:31.935883
1,61.41,77.25,False,2026-04-04 02:51:31.935883
1,61.71,77.22,False,2026-04-04 03:51:31.935883
1,62.07,77.17,False,2026-04-04 04:51:31.935883
1,62.4,77.12,False,2026-04-04 05:51:31.935883
1,63.72,77.08,False,2026-04-04 06:51:31.935883
1,64.66,77.06,False,2026-04-04 07:51:31.935883
1,67.98,77.04,False,2026-04-04 08:51:31.935883
1,71.59,77.0,False,2026-04-04 09:51:31.935883
1,75.11,76.98,False,2026-04-04 10:51:31.935883
1,76.99,76.96,False,2026-04-04 11:51:31.935883
1,79.52,76.93,False,2026-04-04 12:51:31.935883
1,82.05,76.88,False,2026-04-04 13:51:31.935883
1,13.23,76.87,False,2026-04-04 14:51:31.935883
1,14.18,76.82,False,2026-04-04 15:51:31.935883
1,15.77,76.79,False,2026-04-04 16:51:31.935883
1,18.06,76.74,False,2026-04-04 17:51:31.935883
1,22.6,76.72,False,2026-04-04 18:51:31.935883
1,25.71,76.7,False,2026-04-04 19:51:31.935883
1,27.71,76.66,False,2026-04-04 20:51:31.935883
1,29.55,76.62,False,2026-04-04 21:51:31.935883
1,30.32,76.6,False,2026-04-04 22:51:31.935883
1,30.91,76.59,False,2026-04-04 23:51:31.935883
1,31.36,76.56,False,2026-04-05 00:51:31.935883
1,31.49,76.53,False,2026-04-05 01:51:31.935883
1,31.95,76.49,False,2026-04-05 02:51:31.935883
1,32.14,76.47,False,2026-04-05 03:51:31.935883
1,32.21,76.44,False,2026-04-05 04:51:31.935883
1,32.37,76.42,False,2026-04-05 05:51:31.935883
1,33.67,76.38,False,2026-04-05 06:51:31.935883
1,35.56,76.37,False,2026-04-05 07:51:31.935883
1,38.9,76.32,False,2026-04-05 08:51:31.935883
1,41.44,76.31,False,2026-04-05 09:51:31.935883
1,45.93,76.27,False,2026-04-05 10:51:31.935883
1,46.67,76.22,False,2026-04-05 11:51:31.935883
1,51.64,76.18,False,2026-04-05 12:51:31.935883
1,55.43,76.16,False,2026-04-05 13:51:31.935883
1,57.48,76.14,False,2026-04-05 14:51:31.935883
1,58.96,76.1,False,2026-04-05 15:51:31.935883
1,60.63,76.09,False,2026-04-05 16:51:31.935883
1,64.33,76.06,False,2026-04-05 17:51:31.935883
1,67.68,76.05,False,2026-04-05 18:51:31.935883
1,70.96,76.04,False,2026-04-05 19:51:31.935883
1,72.17,75.99,False,2026-04-05 20:51:31.935883
1,74.12,75.97,False,2026-04-05 21:51:31.935883
1,75.03,75.96,False,2026-04-05 22:51:31.935883
1,75.61,75.91,False,2026-04-05 23:51:31.935883
1,75.86,75.86,False,2026-04-06 00:51:31.935883
1,76.18,75.85,False,2026-04-06 01:51:31.935883
1,76.58,75.8,False,2026-04-06 02:51:31.935883
1,77.05,75.77,False,2026-04-06 03:51:31.935883
1,77.25,75.73,False,2026-04-06 04:51:31.935883
1,77.54,75.69,False,2026-04-06 05:51:31.935883
1,79.37,75.65,False,2026-04-06 06:51:31.935883
1,80.19,75.61,False,2026-04-06 07:51:31.935883
1,11.43,75.59,False,2026-04-06 08:51:31.935883
1,14.8,75.57,False,2026-04-06 09:51:31.935883
1,16.97,75.54,False,2026-04-06 10:51:31.935883
1,18.25,75.51,False,2026-04-06 11:51:31.935883
1,21.64,75.48,False,2026-04-06 12:51:31.935883
1,24.84,75.46,False,2026-04-06 13:51:31.935883
1,27.68,75.42,False,2026-04-06 14:51:31.935883
1,29.66,75.39,False,2026-04-06 15:51:31.935883
1,31.34,75.35,False,2026-04-06 16:51:31.935883
1,35.28,75.34,False,2026-04-06 17:51:31.935883
1,39.22,75.32,False,2026-04-06 18:51:31.935883
1,41.45,75.29,False,2026-04-06 19:51:31.935883
1,43.37,75.27,False,2026-04-06 20:51:31.935883
1,45.25,75.24,False,2026-04-06 21:51:31.935883
1,46.17,75.23,False,2026-04-06 22:51:31.935883
1,47.81,75.2,False,2026-04-06 23:51:31.935883
1,48.03,75.18,False,2026-04-07 00:51:31.935883
1,48.41,75.17,False,2026-04-07 01:51:31.935883
1,48.72,75.15,False,2026-04-07 02:51:31.935883
1,48.81,75.12,False,2026-04-07 03:51:31.935883
1,49.13,75.11,False,2026-04-07 04:51:31.935883
1,49.3,75.06,False,2026-04-07 05:51:31.935883
1,50.17,75.01,False,2026-04-07 06:51:31.935883
1,51.42,74.96,False,2026-04-07 07:51:31.935883
1,53.68,74.92,False,2026-04-07 08:51:31.935883
1,57.42,74.88,False,2026-04-07 09:51:31.935883
1,62.26,74.84,False,2026-04-07 10:51:31.935883
1,64.0,74.82,False,2026-04-07 11:51:31.935883
1,67.24,74.77,False,2026-04-07 12:51:31.935883
1,71.56,74.73,False,2026-04-07 13:51:31.935883
1,73.57,74.69,False,2026-04-07 14:51:31.935883
1,74.85,74.66,False,2026-04-07 15:51:31.935883
1,76.17,74.64,False,2026-04-07 16:51:31.935883
1,78.78,74.6,False,2026-04-07 17:51:31.935883
1,82.62,74.56,False,2026-04-07 18:51:31.935883
1,11.63,74.54,False,2026-04-07 19:51:31.935883
1,12.49,74.5,False,2026-04-07 20:51:31.935883
1,13.88,74.48,False,2026-04-07 21:51:31.935883
1,15.58,74.46,False,2026-04-07 22:51:31.935883
1,17.29,74.43,False,2026-04-07 23:51:31.935883
1,17.74,74.41,False,2026-04-08 00:51:31.935883
1,17.89,74.37,False,2026-04-08 01:51:31.935883
1,18.09,74.34,False,2026-04-08 02:51:31.935883
1,18.51,74.31,False,2026-04-08 03:51:31.935883
1,18.77,74.29,False,2026-04-08 04:51:31.935883
1,19.1,74.27,False,2026-04-08 05:51:31.935883
1,20.31,74.24,False,2026-04-08 06:51:31.935883
1,21.45,74.22,False,2026-04-08 07:51:31.935883
1,26.08,74.18,False,2026-04-08 08:51:31.935883
1,30.44,74.16,False,2026-04-08 09:51:31.935883
1,33.88,74.12,False,2026-04-08 10:51:31.935883
1,34.44,74.08,False,2026-04-08 11:51:31.935883
1,36.64,74.03,False,2026-04-08 12:51:31.935883
1,40.0,73.99,False,2026-04-08 13:51:31.935883
1,44.91,73.96,False,2026-04-08 14:51:31.935883
1,46.14,73.95,False,2026-04-08 15:51:31.935883
1,47.31,73.93,False,2026-04-08 16:51:31.935883
1,50.02,73.89,False,2026-04-08 17:51:31.935883
1,54.8,73.85,False,2026-04-08 18:51:31.935883
1,58.6,73.82,False,2026-04-08 19:51:31.935883
1,59.97,73.8,False,2026-04-08 20:51:31.935883
1,60.92,73.79,False,2026-04-08 21:51:31.935883
1,61.65,73.77,False,2026-04-08 22:51:31.935883
1,62.32,73.74,False,2026-04-08 23:51:31.935883
1,62.79,73.72,False,2026-04-09 00:51:31.935883
1,62.98,73.68,False,2026-04-09 01:51:31.935883
1,63.4,73.64,False,2026-04-09 02:51:31.935883
1,63.49,73.61,False,2026-04-09 03:51:31.935883
1,63.7,73.57,False,2026-04-09 04:51:31.935883
1,64.04,73.55,False,2026-04-09 05:51:31.935883
1,64.67,73.5,False,2026-04-09 06:51:31.935883
1,66.05,73.47,False,2026-04-09 07:51:31.935883
1,69.58,73.46,False,2026-04-09 08:51:31.935883
1,72.89,73.43,False,2026-04-09 09:51:31.935883
1,76.0,73.39,False,2026-04-09 10:51:31.935883
1,77.58,73.34,False,2026-04-09 11:51:31.935883
1,81.15,73.32,False,2026-04-09 12:51:31.935883
1,11.95,73.28,False,2026-04-09 13:51:31.935883
1,14.6,73.26,False,2026-04-09 14:51:31.935883
1,15.49,73.22,False,2026-04-09 15:51:31.935883
1,17.49,73.2,False,2026-04-09 16:51:31.935883
1,20.33,73.17,False,2026-04-09 17:51:31.935883
1,24.94,73.14,False,2026-04-09 18:51:31.935883
1,29.25,73.12,False,2026-04-09 19:51:31.935883
1,30.68,73.1,False,2026-04-09 20:51:31.935883
1,32.38,73.06,False,2026-04-09 21:51:31.935883
1,33.15,73.05,False,2026-04-09 22:51:31.935883
1,33.72,73.03,False,2026-04-09 23:51:31.935883
1,33.88,73.01,False,2026-04-10 00:51:31.935883
1,33.98,73.0,False,2026-04-10 01:51:31.935883
1,34.34,72.98,False,2026-04-10 02:51:31.935883
1,34.57,72.93,False,2026-04-10 03:51:31.935883
1,34.7,72.9,False,2026-04-10 04:51:31.935883
1,35.17,72.87,False,2026-04-10 05:51:31.935883
1,36.6,72.83,False,2026-04-10 06:51:31.935883
1,38.56,72.79,False,2026-04-10 07:51:31.935883
1,42.26,72.75,False,2026-04-10 08:51:31.935883
1,47.2,72.72,False,2026-04-10 09:51:31.935883
1,50.38,72.7,False,2026-04-10 10:51:31.935883
1,51.77,72.68,False,2026-04-10 11:51:31.935883
1,55.28,72.65,False,2026-04-10 12:51:31.935883
1,59.41,72.62,False,2026-04-10 13:51:31.935883
1,61.82,72.59,False,2026-04-10 14:51:31.935883
1,63.29,72.57,False,2026-04-10 15:51:31.935883
1,64.64,72.54,False,2026-04-10 16:51:31.935883
1,68.67,72.5,False,2026-04-10 17:51:31.935883
1,71.27,72.48,False,2026-04-10 18:51:31.935883
1,74.4,72.47,False,2026-04-10 19:51:31.935883
1,75.48,72.44,False,2026-04-10 20:51:31.935883
1,77.2,72.41,False,2026-04-10 21:51:31.935883
1,77.76,72.38,False,2026-04-10 22:51:31.935883
1,78.82,72.36,False,2026-04-10 23:51:31.935883
1,78.85,72.33,False,2026-04-11 00:51:31.935883
1,78.88,72.29,False,2026-04-11 01:51:31.935883
1,78.93,72.24,False,2026-04-11 02:51:31.935883
1,79.19,72.21,False,2026-04-11 03:51:31.935883
1,79.37,72.17,False,2026-04-11 04:51:31.935883
1,79.39,72.15,False,2026-04-11 05:51:31.935883
1,80.91,72.1,False,2026-04-11 06:51:31.935883
1,11.57,72.07,False,2026-04-11 07:51:31.935883
1,14.53,72.05,False,2026-04-11 08:51:31.935883
1,17.57,72.03,False,2026-04-11 09:51:31.935883
1,22.0,72.01,False,2026-04-11 10:51:31.935883
1,22.93,71.98,False,2026-04-11 11:51:31.935883
1,26.65,71.96,False,2026-04-11 12:51:31.935883
1,29.77,71.91,False,2026-04-11 13:51:31.935883
1,32.19,71.87,False,2026-04-11 14:51:31.935883
1,33.32,71.84,False,2026-04-11 15:51:31.935883
1,34.0,71.8,False,2026-04-11 16:51:31.935883
1,38.2,71.77,False,2026-04-11 17:51:31.935883
1,41.31,71.72,False,2026-04-11 18:51:31.935883
1,43.79,71.69,False,2026-04-11 19:51:31.935883
1,45.22,71.65,False,2026-04-11 20:51:31.935883
1,45.76,71.61,False,2026-04-11 21:51:31.935883
1,46.7,71.59,False,2026-04-11 22:51:31.935883
1,48.21,71.56,False,2026-04-11 23:51:31.935883
1,48.53,71.52,False,2026-04-12 00:51:31.935883
1,48.81,71.49,False,2026-04-12 01:51:31.935883
1,49.21,71.48,False,2026-04-12 02:51:31.935883
1,49.33,71.47,False,2026-04-12 03:51:31.935883
1,49.61,71.44,False,2026-04-12 04:51:31.935883
1,49.67,71.4,False,2026-04-12 05:51:31.935883
1,51.5,71.39,False,2026-04-12 06:51:31.935883
1,53.11,71.36,False,2026-04-12 07:51:31.935883
1,56.71,71.34,False,2026-04-12 08:51:31.935883
1,59.38,71.31,False,2026-04-12 09:51:31.935883
1,62.59,71.27,False,2026-04-12 10:51:31.935883
1,63.57,71.24,False,2026-04-12 11:51:31.935883
1,68.55,71.19,False,2026-04-12 12:51:31.935883
1,70.9,71.17,False,2026-04-12 13:51:31.935883
1,74.21,71.13,False,2026-04-12 14:51:31.935883
1,74.95,71.12,False,2026-04-12 15:51:31.935883
1,75.85,71.08,False,2026-04-12 16:51:31.935883
1,78.48,71.07,False,2026-04-12 17:51:31.935883
1,81.75,71.05,False,2026-04-12 18:51:31.935883
1,9.95,71.01,False,2026-04-12 19:51:31.935883
1,10.62,71.0,False,2026-04-12 20:51:31.935883
1,12.29,70.96,False,2026-04-12 21:51:31.935883
1,13.88,70.93,False,2026-04-12 22:51:31.935883
1,15.72,70.9,False,2026-04-12 23:51:31.935883
1,16.02,70.88,False,2026-04-13 00:51:31.935883
1,16.12,70.84,False,2026-04-13 01:51:31.935883
1,16.17,70.8,False,2026-04-13 02:51:31.935883
1,16.52,70.78,False,2026-04-13 03:51:31.935883
1,16.9,70.76,False,2026-04-13 04:51:31.935883
1,17.18,70.71,False,2026-04-13 05:51:31.935883
1,18.3,70.69,False,2026-04-13 06:51:31.935883
1,18.83,70.64,False,2026-04-13 07:51:31.935883
1,21.75,70.61,False,2026-04-13 08:51:31.935883
1,25.86,70.57,False,2026-04-13 09:51:31.935883
1,29.37,70.54,False,2026-04-13 10:51:31.935883
1,30.01,70.49,False,2026-04-13 11:51:31.935883
1,34.5,70.47,False,2026-04-13 12:51:31.935883
1,38.62,70.43,False,2026-04-13 13:51:31.935883
1,41.92,70.4,False,2026-04-13 14:51:31.935883
1,43.72,70.37,False,2026-04-13 15:51:31.935883
1,44.46,70.35,False,2026-04-13 16:51:31.935883
1,47.34,70.31,False,2026-04-13 17:51:31.935883
1,51.03,70.26,False,2026-04-13 18:51:31.935883
1,53.62,70.24,False,2026-04-13 19:51:31.935883
1,55.3,70.22,False,2026-04-13 20:51:31.935883
1,56.09,70.18,False,2026-04-13 21:51:31.935883
1,57.92,70.15,False,2026-04-13 22:51:31.935883
1,59.89,70.12,False,2026-04-13 23:51:31.935883
1,60.2,70.09,False,2026-04-14 00:51:31.935883
1,60.26,70.06,False,2026-04-14 01:51:31.935883
1,60.28,70.04,False,2026-04-14 02:51:31.935883
1,60.59,70.01,False,2026-04-14 03:51:31.935883
1,60.87,69.98,False,2026-04-14 04:51:31.935883
1,61.23,69.96,False,2026-04-14 05:51:31.935883
1,62.17,69.92,False,2026-04-14 06:51:31.935883
1,63.95,69.88,False,2026-04-14 07:51:31.935883
1,67.24,69.85,False,2026-04-14 08:51:31.935883
1,72.11,69.82,False,2026-04-14 09:51:31.935883
1,74.25,69.8,False,2026-04-14 10:51:31.935883
1,75.22,69.78,False,2026-04-14 11:51:31.935883
1,79.82,69.74,False,2026-04-14 12:51:31.935883
1,82.63,69.71,False,2026-04-14 13:51:31.935883
1,8.9,69.68,False,2026-04-14 14:51:31.935883
1,10.15,69.67,False,2026-04-14 15:51:31.935883
1,10.71,69.62,False,2026-04-14 16:51:31.935883
1,13.89,69.61,False,2026-04-14 17:51:31.935883
1,18.47,69.59,False,2026-04-14 18:51:31.935883
1,22.77,69.57,False,2026-04-14 19:51:31.935883
1,24.67,69.56,False,2026-04-14 20:51:31.935883
1,25.95,69.51,False,2026-04-14 21:51:31.935883
1,26.68,69.49,False,2026-04-14 22:51:31.935883
1,28.42,69.45,False,2026-04-14 23:51:31.935883
1,28.8,69.44,False,2026-04-15 00:51:31.935883
1,29.24,69.4,False,2026-04-15 01:51:31.935883
1,29.62,69.37,False,2026-04-15 02:51:31.935883
1,30.01,69.35,False,2026-04-15 03:51:31.935883
1,30.45,69.32,False,2026-04-15 04:51:31.935883
1,30.53,69.31,False,2026-04-15 05:51:31.935883
1,31.78,69.26,False,2026-04-15 06:51:31.935883
1,33.63,69.24,False,2026-04-15 07:51:31.935883
1,36.47,69.2,False,2026-04-15 08:51:31.935883
1,40.34,69.16,False,2026-04-15 09:51:31.935883
1,43.01,69.11,False,2026-04-15 10:51:31.935883
1,43.82,69.09,False,2026-04-15 11:51:31.935883
1,46.49,69.08,False,2026-04-15 12:51:31.935883
1,49.11,69.04,False,2026-04-15 13:51:31.935883
1,52.19,68.99,False,2026-04-15 14:51:31.935883
1,53.29,68.97,False,2026-04-15 15:51:31.935883
1,54.59,68.93,False,2026-04-15 16:51:31.935883
1,57.74,68.91,False,2026-04-15 17:51:31.935883
1,60.47,68.88,False,2026-04-15 18:51:31.935883
1,64.13,68.85,False,2026-04-15 19:51:31.935883
1,65.56,68.82,False,2026-04-15 20:51:31.935883
1,67.43,68.78,False,2026-04-15 21:51:31.935883
1,68.26,68.75,False,2026-04-15 22:51:31.935883
1,68.93,68.73,False,2026-04-15 23:51:31.935883
1,69.31,68.68,False,2026-04-16 00:51:31.935883
1,69.5,68.67,False,2026-04-16 01:51:31.935883
1,69.59,68.65,False,2026-04-16 02:51:31.935883
1,69.97,68.6,False,2026-04-16 03:51:31.935883
1,70.18,68.58,False,2026-04-16 04:51:31.935883
1,70.31,68.54,False,2026-04-16 05:51:31.935883
1,70.89,68.51,False,2026-04-16 06:51:31.935883
1,72.16,68.5,False,2026-04-16 07:51:31.935883
1,75.88,68.48,False,2026-04-16 08:51:31.935883
1,80.59,68.45,False,2026-04-16 09:51:31.935883
1,10.68,68.41,False,2026-04-16 10:51:31.935883
1,12.58,68.4,False,2026-04-16 11:51:31.935883
1,15.51,68.38,False,2026-04-16 12:51:31.935883
1,18.97,68.34,False,2026-04-16 13:51:31.935883
1,23.22,68.31,False,2026-04-16 14:51:31.935883
1,24.32,68.29,False,2026-04-16 15:51:31.935883
1,26.11,68.27,False,2026-04-16 16:51:31.935883
1,30.08,68.22,False,2026-04-16 17:51:31.935883
1,33.75,68.17,False,2026-04-16 18:51:31.935883
1,38.45,68.14,False,2026-04-16 19:51:31.935883
1,39.86,68.12,False,2026-04-16 20:51:31.935883
1,40.74,68.09,False,2026-04-16 21:51:31.935883
1,42.67,68.04,False,2026-04-16 22:51:31.935883
1,43.33,67.99,False,2026-04-16 23:51:31.935883
1,43.61,67.96,False,2026-04-17 00:51:31.935883
1,44.02,67.92,False,2026-04-17 01:51:31.935883
1,44.41,67.88,False,2026-04-17 02:51:31.935883
1,44.75,67.86,False,2026-04-17 03:51:31.935883
1,45.11,67.81,False,2026-04-17 04:51:31.935883
1,45.23,67.79,False,2026-04-17 05:51:31.935883
1,46.82,67.75,False,2026-04-17 06:51:31.935883
1,48.22,67.72,False,2026-04-17 07:51:31.935883
1,51.32,67.68,False,2026-04-17 08:51:31.935883
1,54.63,67.66,False,2026-04-17 09:51:31.935883
1,58.74,67.64,False,2026-04-17 10:51:31.935883
1,59.43,67.62,False,2026-04-17 11:51:31.935883
1,61.91,67.59,False,2026-04-17 12:51:31.935883
1,66.41,67.57,False,2026-04-17 13:51:31.935883
1,69.77,67.55,False,2026-04-17 14:51:31.935883
1,71.03,67.52,False,2026-04-17 15:51:31.935883
1,72.93,67.49,False,2026-04-17 16:51:31.935883
1,77.57,67.47,False,2026-04-17 17:51:31.935883
1,81.39,67.45,False,2026-04-17 18:51:31.935883
1,13.13,67.44,False,2026-04-17 19:51:31.935883
1,14.63,67.42,False,2026-04-17 20:51:31.935883
1,16.45,67.4,False,2026-04-17 21:51:31.935883
1,17.45,67.36,False,2026-04-17 22:51:31.935883
1,18.9,67.32,False,2026-04-17 23:51:31.935883
1,19.32,67.27,False,2026-04-18 00:51:31.935883
1,19.56,67.22,False,2026-04-18 01:51:31.935883
1,19.98,67.18,False,2026-04-18 02:51:31.935883
1,20.26,67.13,False,2026-04-18 03:51:31.935883
1,20.37,67.11,False,2026-04-18 04:51:31.935883
1,20.44,67.08,False,2026-04-18 05:51:31.935883
1,21.84,67.04,False,2026-04-18 06:51:31.935883
1,23.39,67.0,False,2026-04-18 07:51:31.935883
1,27.68,66.98,False,2026-04-18 08:51:31.935883
1,31.62,66.94,False,2026-04-18 09:51:31.935883
1,35.78,66.92,False,2026-04-18 10:51:31.935883
1,36.47,66.88,False,2026-04-18 11:51:31.935883
1,38.59,66.86,False,2026-04-18 12:51:31.935883
1,42.31,66.83,False,2026-04-18 13:51:31.935883
1,45.47,66.81,False,2026-04-18 14:51:31.935883
1,46.47,66.8,False,2026-04-18 15:51:31.935883
1,47.5,66.78,False,2026-04-18 16:51:31.935883
1,50.95,66.73,False,2026-04-18 17:51:31.935883
1,54.92,66.69,False,2026-04-18 18:51:31.935883
1,59.73,66.66,False,2026-04-18 19:51:31.935883
1,60.46,66.62,False,2026-04-18 20:51:31.935883
1,62.37,66.61,False,2026-04-18 21:51:31.935883
1,64.0,66.58,False,2026-04-18 22:51:31.935883
1,65.13,66.54,False,2026-04-18 23:51:31.935883
1,65.48,66.49,False,2026-04-19 00:51:31.935883
1,65.95,66.45,False,2026-04-19 01:51:31.935883
1,66.37,66.43,False,2026-04-19 02:51:31.935883
1,66.47,66.4,False,2026-04-19 03:51:31.935883
1,66.65,66.37,False,2026-04-19 04:51:31.935883
1,66.96,66.33,False,2026-04-19 05:51:31.935883
1,68.86,66.32,False,2026-04-19 06:51:31.935883
1,69.87,66.3,False,2026-04-19 07:51:31.935883
1,73.64,66.28,False,2026-04-19 08:51:31.935883
1,78.55,66.26,False,2026-04-19 09:51:31.935883
1,81.24,66.22,False,2026-04-19 10:51:31.935883
1,6.71,66.19,False,2026-04-19 11:51:31.935883
1,10.46,66.15,False,2026-04-19 12:51:31.935883
1,13.17,66.11,False,2026-04-19 13:51:31.935883
1,15.53,66.1,False,2026-04-19 14:51:31.935883
1,16.04,66.06,False,2026-04-19 15:51:31.935883
1,17.41,66.04,False,2026-04-19 16:51:31.935883
1,21.0,66.03,False,2026-04-19 17:51:31.935883
1,25.74,66.0,False,2026-04-19 18:51:31.935883
1,30.15,65.95,False,2026-04-19 19:51:31.935883
1,30.92,65.94,False,2026-04-19 20:51:31.935883
1,31.74,65.91,False,2026-04-19 21:51:31.935883
1,32.75,65.88,False,2026-04-19 22:51:31.935883
1,34.71,65.86,False,2026-04-19 23:51:31.935883
1,34.83,65.83,False,2026-04-20 00:51:31.935883
1,35.22,65.82,False,2026-04-20 01:51:31.935883
1,35.22,65.79,False,2026-04-20 02:51:31.935883
1,35.42,65.74,False,2026-04-20 03:51:31.935883
1,35.85,65.72,False,2026-04-20 04:51:31.935883
1,35.99,65.67,False,2026-04-20 05:51:31.935883
1,37.87,65.64,False,2026-04-20 06:51:31.935883
1,38.76,65.62,False,2026-04-20 07:51:31.935883
1,42.34,65.6,False,2026-04-20 08:51:31.935883
1,44.71,65.56,False,2026-04-20 09:51:31.935883
1,47.45,65.51,False,2026-04-20 10:51:31.935883
1,48.93,65.48,False,2026-04-20 11:51:31.935883
1,53.24,65.43,False,2026-04-20 12:51:31.935883
1,58.14,65.4,False,2026-04-20 13:51:31.935883
1,62.64,65.38,False,2026-04-20 14:51:31.935883
1,64.51,65.35,False,2026-04-20 15:51:31.935883
1,66.48,65.33,False,2026-04-20 16:51:31.935883
1,69.54,65.3,False,2026-04-20 17:51:31.935883
1,71.82,65.25,False,2026-04-20 18:51:31.935883
1,74.83,65.22,False,2026-04-20 19:51:31.935883
1,76.34,65.2,False,2026-04-20 20:51:31.935883
1,77.16,65.18,False,2026-04-20 21:51:31.935883
1,79.11,65.14,False,2026-04-20 22:51:31.935883
1,80.27,65.11,False,2026-04-20 23:51:31.935883
1,6.2,65.09,False,2026-04-21 00:51:31.935883
1,6.47,65.08,False,2026-04-21 01:51:31.935883
1,6.81,65.05,False,2026-04-21 02:51:31.935883
1,7.27,65.02,False,2026-04-21 03:51:31.935883
1,7.77,65.0,False,2026-04-21 04:51:31.935883
1,7.92,64.96,False,2026-04-21 05:51:31.935883
1,9.24,64.92,False,2026-04-21 06:51:31.935883
1,10.55,64.88,False,2026-04-21 07:51:31.935883
1,14.22,64.84,False,2026-04-21 08:51:31.935883
1,16.46,64.8,False,2026-04-21 09:51:31.935883
1,19.2,64.78,False,2026-04-21 10:51:31.935883
1,20.42,64.73,False,2026-04-21 11:51:31.935883
1,24.63,64.71,False,2026-04-21 12:51:31.935883
1,28.3,64.68,False,2026-04-21 13:51:31.935883
1,31.3,64.64,False,2026-04-21 14:51:31.935883
1,32.95,64.62,False,2026-04-21 15:51:31.935883
1,33.76,64.59,False,2026-04-21 16:51:31.935883
1,37.49,64.56,False,2026-04-21 17:51:31.935883
1,40.15,64.54,False,2026-04-21 18:51:31.935883
1,42.37,64.49,False,2026-04-21 19:51:31.935883
1,43.46,64.45,False,2026-04-21 20:51:31.935883
1,44.22,64.44,False,2026-04-21 21:51:31.935883
1,44.73,64.39,False,2026-04-21 22:51:31.935883
1,45.74,64.36,False,2026-04-21 23:51:31.935883
1,45.87,64.33,False,2026-04-22 00:51:31.935883
1,46.11,64.29,False,2026-04-22 01:51:31.935883
1,46.52,64.25,False,2026-04-22 02:51:31.935883
1,46.93,64.23,False,2026-04-22 03:51:31.935883
1,47.09,64.22,False,2026-04-22 04:51:31.935883
1,47.32,64.2,False,2026-04-22 05:51:31.935883
1,48.24,64.19,False,2026-04-22 06:51:31.935883
1,49.47,64.18,False,2026-04-22 07:51:31.935883
1,54.17,64.16,False,2026-04-22 08:51:31.935883
1,57.01,64.12,False,2026-04-22 09:51:31.935883
1,61.29,64.1,False,2026-04-22 10:51:31.935883
1,62.11,64.05,False,2026-04-22 11:51:31.935883
1,64.81,64.03,False,2026-04-22 12:51:31.935883
1,67.45,63.99,False,2026-04-22 13:51:31.935883
1,72.15,63.95,False,2026-04-22 14:51:31.935883
1,73.78,63.91,False,2026-04-22 15:51:31.935883
1,75.59,63.88,False,2026-04-22 16:51:31.935883
1,80.33,63.84,False,2026-04-22 17:51:31.935883
1,11.1,63.82,False,2026-04-22 18:51:31.935883
1,15.59,63.8,False,2026-04-22 19:51:31.935883
1,17.57,63.77,False,2026-04-22 20:51:31.935883
1,18.16,63.74,False,2026-04-22 21:51:31.935883
1,19.97,63.7,False,2026-04-22 22:51:31.935883
1,21.16,63.66,False,2026-04-22 23:51:31.935883
1,21.35,63.61,False,2026-04-23 00:51:31.935883
1,21.56,63.58,False,2026-04-23 01:51:31.935883
1,21.99,63.57,False,2026-04-23 02:51:31.935883
1,22.05,63.54,False,2026-04-23 03:51:31.935883
1,22.18,63.52,False,2026-04-23 04:51:31.935883
1,22.35,63.51,False,2026-04-23 05:51:31.935883
1,23.19,63.48,False,2026-04-23 06:51:31.935883
1,23.81,63.47,False,2026-04-23 07:51:31.935883
1,26.8,63.43,False,2026-04-23 08:51:31.935883
1,31.6,63.38,False,2026-04-23 09:51:31.935883
1,35.02,63.37,False,2026-04-23 10:51:31.935883
1,36.71,63.34,False,2026-04-23 11:51:31.935883
1,40.85,63.3,False,2026-04-23 12:51:31.935883
1,43.97,63.27,False,2026-04-23 13:51:31.935883
1,48.76,63.25,False,2026-04-23 14:51:31.935883
1,49.67,63.22,False,2026-04-23 15:51:31.935883
1,51.49,63.19,False,2026-04-23 16:51:31.935883
1,55.4,63.16,False,2026-04-23 17:51:31.935883
1,58.98,63.11,False,2026-04-23 18:51:31.935883
1,63.94,63.07,False,2026-04-23 19:51:31.935883
1,65.66,63.03,False,2026-04-23 20:51:31.935883
1,66.43,63.01,False,2026-04-23 21:51:31.935883
1,67.33,62.97,False,2026-04-23 22:51:31.935883
1,68.54,62.96,False,2026-04-23 23:51:31.935883
1,68.59,62.92,False,2026-04-24 00:51:31.935883
1,69.04,62.89,False,2026-04-24 01:51:31.935883
1,69.06,62.87,False,2026-04-24 02:51:31.935883
1,69.15,62.85,False,2026-04-24 03:51:31.935883
1,69.28,62.83,False,2026-04-24 04:51:31.935883
1,69.48,62.8,False,2026-04-24 05:51:31.935883
1,70.69,62.76,False,2026-04-24 06:51:31.935883
1,72.38,62.75,False,2026-04-24 07:51:31.935883
1,77.07,62.73,False,2026-04-24 08:51:31.935883
1,79.85,62.68,False,2026-04-24 09:51:31.935883
1,84.42,62.67,False,2026-04-24 10:51:31.935883
1,4.31,62.62,False,2026-04-24 11:51:31.935883
1,7.76,62.57,False,2026-04-24 12:51:31.935883
1,12.73,62.53,False,2026-04-24 13:51:31.935883
1,16.82,62.51,False,2026-04-24 14:51:31.935883
1,18.4,62.49,False,2026-04-24 15:51:31.935883
1,19.69,62.47,False,2026-04-24 16:51:31.935883
1,22.55,62.45,False,2026-04-24 17:51:31.935883
1,25.34,62.41,False,2026-04-24 18:51:31.935883
1,30.29,62.38,False,2026-04-24 19:51:31.935883
1,31.65,62.33,False,2026-04-24 20:51:31.935883
1,33.1,62.3,False,2026-04-24 21:51:31.935883
1,34.45,62.26,False,2026-04-24 22:51:31.935883
1,35.95,62.23,False,2026-04-24 23:51:31.935883
1,36.3,62.19,False,2026-04-25 00:51:31.935883
1,36.74,62.14,False,2026-04-25 01:51:31.935883
1,37.14,62.11,False,2026-04-25 02:51:31.935883
1,37.49,62.08,False,2026-04-25 03:51:31.935883
1,37.94,62.06,False,2026-04-25 04:51:31.935883
1,38.22,62.03,False,2026-04-25 05:51:31.935883
1,39.61,62.01,False,2026-04-25 06:51:31.935883
1,41.31,61.98,False,2026-04-25 07:51:31.935883
1,44.85,61.94,False,2026-04-25 08:51:31.935883
1,48.21,61.89,False,2026-04-25 09:51:31.935883
1,52.02,61.85,False,2026-04-25 10:51:31.935883
1,53.32,61.83,False,2026-04-25 11:51:31.935883
1,55.96,61.81,False,2026-04-25 12:51:31.935883
1,58.67,61.76,False,2026-04-25 13:51:31.935883
1,62.03,61.73,False,2026-04-25 14:51:31.935883
1,63.93,61.71,False,2026-04-25 15:51:31.935883
1,64.85,61.67,False,2026-04-25 16:51:31.935883
1,69.8,61.63,False,2026-04-25 17:51:31.935883
1,72.7,61.61,False,2026-04-25 18:51:31.935883
1,76.97,61.57,False,2026-04-25 19:51:31.935883
1,78.59,61.54,False,2026-04-25 20:51:31.935883
1,79.89,61.5,False,2026-04-25 21:51:31.935883
1,80.86,61.47,False,2026-04-25 22:51:31.935883
1,9.62,61.42,False,2026-04-25 23:51:31.935883
1,9.78,61.4,False,2026-04-26 00:51:31.935883
1,10.06,61.37,False,2026-04-26 01:51:31.935883
1,10.39,61.34,False,2026-04-26 02:51:31.935883
1,10.6,61.33,False,2026-04-26 03:51:31.935883
1,11.08,61.28,False,2026-04-26 04:51:31.935883
1,11.37,61.25,False,2026-04-26 05:51:31.935883
1,13.29,61.23,False,2026-04-26 06:51:31.935883
1,14.94,61.2,False,2026-04-26 07:51:31.935883
1,17.55,61.16,False,2026-04-26 08:51:31.935883
1,19.85,61.14,False,2026-04-26 09:51:31.935883
1,22.74,61.12,False,2026-04-26 10:51:31.935883
1,23.5,61.07,False,2026-04-26 11:51:31.935883
1,26.02,61.05,False,2026-04-26 12:51:31.935883
1,30.64,61.01,False,2026-04-26 13:51:31.935883
1,34.59,60.98,False,2026-04-26 14:51:31.935883
1,35.14,60.96,False,2026-04-26 15:51:31.935883
1,35.91,60.94,False,2026-04-26 16:51:31.935883
1,40.58,60.9,False,2026-04-26 17:51:31.935883
1,45.44,60.88,False,2026-04-26 18:51:31.935883
1,48.95,60.87,False,2026-04-26 19:51:31.935883
1,50.55,60.85,False,2026-04-26 20:51:31.935883
1,51.33,60.81,False,2026-04-26 21:51:31.935883
1,52.74,60.76,False,2026-04-26 22:51:31.935883
1,54.26,60.73,False,2026-04-26 23:51:31.935883
1,54.55,60.7,False,2026-04-27 00:51:31.935883
1,54.97,60.67,False,2026-04-27 01:51:31.935883
1,55.34,60.62,False,2026-04-27 02:51:31.935883
1,55.79,60.61,False,2026-04-27 03:51:31.935883
1,56.23,60.58,False,2026-04-27 04:51:31.935883
1,56.44,60.54,False,2026-04-27 05:51:31.935883
1,57.12,60.51,False,2026-04-27 06:51:31.935883
1,58.39,60.5,False,2026-04-27 07:51:31.935883
1,63.31,60.46,False,2026-04-27 08:51:31.935883
1,67.78,60.42,False,2026-04-27 09:51:31.935883
1,70.26,60.39,False,2026-04-27 10:51:31.935883
1,72.26,60.34,False,2026-04-27 11:51:31.935883
1,74.38,60.33,False,2026-04-27 12:51:31.935883
1,77.84,60.28,False,2026-04-27 13:51:31.935883
1,80.57,60.24,False,2026-04-27 14:51:31.935883
1,6.69,60.2,False,2026-04-27 15:51:31.935883
1,7.28,60.18,False,2026-04-27 16:51:31.935883
1,9.46,60.13,False,2026-04-27 17:51:31.935883
1,13.36,60.12,False,2026-04-27 18:51:31.935883
1,17.43,60.11,False,2026-04-27 19:51:31.935883
1,19.38,60.07,False,2026-04-27 20:51:31.935883
1,20.23,60.05,False,2026-04-27 21:51:31.935883
1,21.28,60.03,False,2026-04-27 22:51:31.935883
1,21.89,60.0,False,2026-04-27 23:51:31.935883
1,22.36,59.96,False,2026-04-28 00:51:31.935883
1,22.68,59.91,False,2026-04-28 01:51:31.935883
1,23.04,59.89,False,2026-04-28 02:51:31.935883
1,23.08,59.87,False,2026-04-28 03:51:31.935883
1,23.4,59.84,False,2026-04-28 04:51:31.935883
1,23.8,59.8,False,2026-04-28 05:51:31.935883
1,25.58,59.75,False,2026-04-28 06:51:31.935883
1,26.51,59.71,False,2026-04-28 07:51:31.935883
1,30.67,59.69,False,2026-04-28 08:51:31.935883
1,34.27,59.65,False,2026-04-28 09:51:31.935883
1,38.34,59.62,False,2026-04-28 10:51:31.935883
1,39.71,59.58,False,2026-04-28 11:51:31.935883
1,42.5,59.55,False,2026-04-28 12:51:31.935883
1,45.32,59.53,False,2026-04-28 13:51:31.935883
1,49.96,59.51,False,2026-04-28 14:51:31.935883
1,50.71,59.5,False,2026-04-28 15:51:31.935883
1,52.4,59.47,False,2026-04-28 16:51:31.935883
1,56.03,59.46,False,2026-04-28 17:51:31.935883
1,58.86,59.43,False,2026-04-28 18:51:31.935883
1,60.95,59.41,False,2026-04-28 19:51:31.935883
1,61.47,59.39,False,2026-04-28 20:51:31.935883
1,62.73,59.37,False,2026-04-28 21:51:31.935883
1,63.52,59.35,False,2026-04-28 22:51:31.935883
1,65.22,59.34,False,2026-04-28 23:51:31.935883
1,65.23,59.32,False,2026-04-29 00:51:31.935883
1,65.46,59.29,False,2026-04-29 01:51:31.935883
1,65.47,59.26,False,2026-04-29 02:51:31.935883
1,65.64,59.23,False,2026-04-29 03:51:31.935883
1,65.75,59.18,False,2026-04-29 04:51:31.935883
1,66.2,59.14,False,2026-04-29 05:51:31.935883
1,67.64,59.13,False,2026-04-29 06:51:31.935883
1,69.41,59.09,False,2026-04-29 07:51:31.935883
1,72.85,59.06,False,2026-04-29 08:51:31.935883
1,75.0,59.01,False,2026-04-29 09:51:31.935883
1,78.92,58.98,False,2026-04-29 10:51:31.935883
1,80.14,58.93,False,2026-04-29 11:51:31.935883
1,7.63,58.88,False,2026-04-29 12:51:31.935883
1,9.73,58.85,False,2026-04-29 13:51:31.935883
1,12.25,58.8,False,2026-04-29 14:51:31.935883
1,13.03,58.77,False,2026-04-29 15:51:31.935883
1,14.98,58.75,False,2026-04-29 16:51:31.935883
1,17.11,58.73,False,2026-04-29 17:51:31.935883
1,21.08,58.71,False,2026-04-29 18:51:31.935883
1,24.08,58.67,False,2026-04-29 19:51:31.935883
1,25.46,58.65,False,2026-04-29 20:51:31.935883
1,26.33,58.62,False,2026-04-29 21:51:31.935883
1,27.12,58.59,False,2026-04-29 22:51:31.935883
1,28.81,58.54,False,2026-04-29 23:51:31.935883
1,29.27,58.51,False,2026-04-30 00:51:31.935883
1,29.55,58.46,False,2026-04-30 01:51:31.935883
1,29.65,58.44,False,2026-04-30 02:51:31.935883
1,29.86,58.42,False,2026-04-30 03:51:31.935883
1,30.2,58.39,False,2026-04-30 04:51:31.935883
1,30.67,58.37,False,2026-04-30 05:51:31.935883
1,32.12,58.35,False,2026-04-30 06:51:31.935883
1,32.87,58.34,False,2026-04-30 07:51:31.935883
1,35.36,58.32,False,2026-04-30 08:51:31.935883
1,39.0,58.27,False,2026-04-30 09:51:31.935883
1,42.25,58.22,False,2026-04-30 10:51:31.935883
1,43.74,58.19,False,2026-04-30 11:51:31.935883
1,45.76,58.17,False,2026-04-30 12:51:31.935883
1,49.16,58.13,False,2026-04-30 13:51:31.935883
1,53.73,58.1,False,2026-04-30 14:51:31.935883
1,55.48,58.08,False,2026-04-30 15:51:31.935883
1,57.1,58.04,False,2026-04-30 16:51:31.935883
1,61.82,58.01,False,2026-04-30 17:51:31.935883
1,64.6,57.96,False,2026-04-30 18:51:31.935883
1,69.12,57.91,False,2026-04-30 19:51:31.935883
1,70.74,57.87,False,2026-04-30 20:51:31.935883
1,71.99,57.85,False,2026-04-30 21:51:31.935883
1,73.44,57.83,False,2026-04-30 22:51:31.935883
1,75.18,57.81,False,2026-04-30 23:51:31.935883
1,75.57,57.77,False,2026-05-01 00:51:31.935883
1,75.9,57.75,False,2026-05-01 01:51:31.935883
1,76.12,57.72,False,2026-05-01 02:51:31.935883
1,76.2,57.7,False,2026-05-01 03:51:31.935883
1,76.42,57.66,False,2026-05-01 04:51:31.935883
1,76.69,57.61,False,2026-05-01 05:51:31.935883
1,77.58,57.6,False,2026-05-01 06:51:31.935883
1,78.9,57.58,False,2026-05-01 07:51:31.935883
1,83.45,57.53,False,2026-05-01 08:51:31.935883
1,7.79,57.5,False,2026-05-01 09:51:31.935883
1,12.1,57.49,False,2026-05-01 10:51:31.935883
1,13.71,57.45,False,2026-05-01 11:51:31.935883
1,17.88,57.4,False,2026-05-01 12:51:31.935883
1,22.4,57.37,False,2026-05-01 13:51:31.935883
1,25.69,57.34,False,2026-05-01 14:51:31.935883
1,26.47,57.32,False,2026-05-01 15:51:31.935883
1,28.15,57.28,False,2026-05-01 16:51:31.935883
1,30.25,57.25,False,2026-05-01 17:51:31.935883
1,34.56,57.21,False,2026-05-01 18:51:31.935883
1,38.47,57.17,False,2026-05-01 19:51:31.935883
1,39.86,57.14,False,2026-05-01 20:51:31.935883
1,41.44,57.11,False,2026-05-01 21:51:31.935883
1,43.35,57.07,False,2026-05-01 22:51:31.935883
1,45.23,57.03,False,2026-05-01 23:51:31.935883
1,45.62,56.99,False,2026-05-02 00:51:31.935883
1,45.93,56.96,False,2026-05-02 01:51:31.935883
1,45.94,56.91,False,2026-05-02 02:51:31.935883
1,46.34,56.86,False,2026-05-02 03:51:31.935883
1,46.49,56.83,False,2026-05-02 04:51:31.935883
1,46.52,56.81,False,2026-05-02 05:51:31.935883
1,48.0,56.77,False,2026-05-02 06:51:31.935883
1,49.2,56.73,False,2026-05-02 07:51:31.935883
1,51.31,56.71,False,2026-05-02 08:51:31.935883
1,54.22,56.68,False,2026-05-02 09:51:31.935883
1,58.77,56.66,False,2026-05-02 10:51:31.935883
1,60.68,56.63,False,2026-05-02 11:51:31.935883
1,65.4,56.6,False,2026-05-02 12:51:31.935883
1,69.0,56.56,False,2026-05-02 13:51:31.935883
1,72.56,56.53,False,2026-05-02 14:51:31.935883
1,74.45,56.5,False,2026-05-02 15:51:31.935883
1,76.28,56.49,False,2026-05-02 16:51:31.935883
1,78.76,56.44,False,2026-05-02 17:51:31.935883
1,81.55,56.4,False,2026-05-02 18:51:31.935883
1,13.29,56.36,False,2026-05-02 19:51:31.935883
1,14.77,56.31,False,2026-05-02 20:51:31.935883
1,16.16,56.27,False,2026-05-02 21:51:31.935883
1,16.89,56.22,False,2026-05-02 22:51:31.935883
1,18.05,56.2,False,2026-05-02 23:51:31.935883
1,18.46,56.16,False,2026-05-03 00:51:31.935883
1,18.7,56.13,False,2026-05-03 01:51:31.935883
1,18.94,56.09,False,2026-05-03 02:51:31.935883
1,19.31,56.05,False,2026-05-03 03:51:31.935883
1,19.42,56.04,False,2026-05-03 04:51:31.935883
1,19.92,56.0,False,2026-05-03 05:51:31.935883
1,21.6,55.98,False,2026-05-03 06:51:31.935883
1,22.26,55.94,False,2026-05-03 07:51:31.935883
1,24.6,55.91,False,2026-05-03 08:51:31.935883
1,27.3,55.9,False,2026-05-03 09:51:31.935883
1,30.22,55.87,False,2026-05-03 10:51:31.935883
1,31.65,55.82,False,2026-05-03 11:51:31.935883
1,35.31,55.78,False,2026-05-03 12:51:31.935883
1,37.8,55.75,False,2026-05-03 13:51:31.935883
1,41.71,55.71,False,2026-05-03 14:51:31.935883
1,43.26,55.68,False,2026-05-03 15:51:31.935883
1,44.54,55.65,False,2026-05-03 16:51:31.935883
1,47.0,55.6,False,2026-05-03 17:51:31.935883
1,49.63,55.56,False,2026-05-03 18:51:31.935883
1,52.79,55.53,False,2026-05-03 19:51:31.935883
1,53.53,55.49,False,2026-05-03 20:51:31.935883
1,55.4,55.46,False,2026-05-03 21:51:31.935883
1,56.76,55.43,False,2026-05-03 22:51:31.935883
1,58.02,55.4,False,2026-05-03 23:51:31.935883
1,58.34,55.39,False,2026-05-04 00:51:31.935883
1,58.49,55.35,False,2026-05-04 01:51:31.935883
1,58.85,55.3,False,2026-05-04 02:51:31.935883
1,59.05,55.28,False,2026-05-04 03:51:31.935883
1,59.44,55.25,False,2026-05-04 04:51:31.935883
1,59.54,55.21,False,2026-05-04 05:51:31.935883
1,61.09,55.2,False,2026-05-04 06:51:31.935883
1,62.97,55.19,False,2026-05-04 07:51:31.935883
1,65.13,55.17,False,2026-05-04 08:51:31.935883
1,69.43,55.13,False,2026-05-04 09:51:31.935883
1,73.66,55.09,False,2026-05-04 10:51:31.935883
1,75.25,55.07,False,2026-05-04 11:51:31.935883
1,78.02,55.03,False,2026-05-04 12:51:31.935883
1,81.56,54.99,False,2026-05-04 13:51:31.935883
1,7.32,54.94,False,2026-05-04 14:51:31.935883
1,8.19,54.92,False,2026-05-04 15:51:31.935883
1,9.74,54.9,False,2026-05-04 16:51:31.935883
1,13.63,54.89,False,2026-05-04 17:51:31.935883
1,15.89,54.85,False,2026-05-04 18:51:31.935883
1,18.5,54.82,False,2026-05-04 19:51:31.935883
1,19.97,54.79,False,2026-05-04 20:51:31.935883
1,20.81,54.75,False,2026-05-04 21:51:31.935883
1,22.31,54.74,False,2026-05-04 22:51:31.935883
1,23.24,54.72,False,2026-05-04 23:51:31.935883
1,23.68,54.7,False,2026-05-05 00:51:31.935883
1,23.68,54.65,False,2026-05-05 01:51:31.935883
1,23.76,54.64,False,2026-05-05 02:51:31.935883
1,23.92,54.59,False,2026-05-05 03:51:31.935883
1,24.29,54.55,False,2026-05-05 04:51:31.935883
1,24.51,54.52,False,2026-05-05 05:51:31.935883
1,26.04,54.5,False,2026-05-05 06:51:31.935883
1,27.66,54.47,False,2026-05-05 07:51:31.935883
1,30.22,54.44,False,2026-05-05 08:51:31.935883
1,32.79,54.42,False,2026-05-05 09:51:31.935883
1,36.35,54.38,False,2026-05-05 10:51:31.935883
1,37.9,54.34,False,2026-05-05 11:51:31.935883
1,42.09,54.31,False,2026-05-05 12:51:31.935883
1,45.1,54.28,False,2026-05-05 13:51:31.935883
1,49.82,54.26,False,2026-05-05 14:51:31.935883
1,51.44,54.22,False,2026-05-05 15:51:31.935883
1,51.97,54.19,False,2026-05-05 16:51:31.935883
1,55.8,54.15,False,2026-05-05 17:51:31.935883
1,59.9,54.12,False,2026-05-05 18:51:31.935883
1,63.54,54.08,False,2026-05-05 19:51:31.935883
1,64.94,54.03,False,2026-05-05 20:51:31.935883
1,66.7,53.99,False,2026-05-05 21:51:31.935883
1,68.23,53.95,False,2026-05-05 22:51:31.935883
1,69.18,53.92,False,2026-05-05 23:51:31.935883
1,69.27,53.9,False,2026-05-06 00:51:31.935883
1,69.43,53.87,False,2026-05-06 01:51:31.935883
1,69.67,53.83,False,2026-05-06 02:51:31.935883
1,70.08,53.79,False,2026-05-06 03:51:31.935883
1,70.11,53.76,False,2026-05-06 04:51:31.935883
1,70.15,53.73,False,2026-05-06 05:51:31.935883
1,71.01,53.7,False,2026-05-06 06:51:31.935883
1,72.55,53.68,False,2026-05-06 07:51:31.935883
1,77.21,53.66,False,2026-05-06 08:51:31.935883
1,79.51,53.61,False,2026-05-06 09:51:31.935883
1,84.02,53.59,False,2026-05-06 10:51:31.935883
1,4.87,53.56,False,2026-05-06 11:51:31.935883
1,9.52,53.53,False,2026-05-06 12:51:31.935883
1,12.02,53.51,False,2026-05-06 13:51:31.935883
1,14.57,53.48,False,2026-05-06 14:51:31.935883
1,15.67,53.46,False,2026-05-06 15:51:31.935883
1,17.38,53.43,False,2026-05-06 16:51:31.935883
1,20.15,53.41,False,2026-05-06 17:51:31.935883
1,24.44,53.37,False,2026-05-06 18:51:31.935883
1,28.78,53.33,False,2026-05-06 19:51:31.935883
1,30.63,53.31,False,2026-05-06 20:51:31.935883
1,32.17,53.27,False,2026-05-06 21:51:31.935883
1,33.21,53.24,False,2026-05-06 22:51:31.935883
1,35.06,53.22,False,2026-05-06 23:51:31.935883
1,35.35,53.19,False,2026-05-07 00:51:31.935883
1,35.36,53.17,False,2026-05-07 01:51:31.935883
1,35.79,53.16,False,2026-05-07 02:51:31.935883
1,36.22,53.13,False,2026-05-07 03:51:31.935883
1,36.28,53.11,False,2026-05-07 04:51:31.935883
1,36.54,53.09,False,2026-05-07 05:51:31.935883
1,38.28,53.06,False,2026-05-07 06:51:31.935883
1,39.86,53.02,False,2026-05-07 07:51:31.935883
1,43.18,53.0,False,2026-05-07 08:51:31.935883
1,45.39,52.98,False,2026-05-07 09:51:31.935883
1,48.96,52.95,False,2026-05-07 10:51:31.935883
1,50.69,52.93,False,2026-05-07 11:51:31.935883
1,54.28,52.88,False,2026-05-07 12:51:31.935883
1,56.57,52.85,False,2026-05-07 13:51:31.935883
1,58.73,52.83,False,2026-05-07 14:51:31.935883
1,60.06,52.81,False,2026-05-07 15:51:31.935883
1,60.99,52.78,False,2026-05-07 16:51:31.935883
1,65.48,52.75,False,2026-05-07 17:51:31.935883
1,69.55,52.73,False,2026-05-07 18:51:31.935883
1,72.35,52.71,False,2026-05-07 19:51:31.935883
1,73.92,52.69,False,2026-05-07 20:51:31.935883
2,10.85,95.7,False,2026-03-08 21:51:31.965220
2,12.82,95.66,False,2026-03-08 22:51:31.965220
2,14.7,95.64,False,2026-03-08 23:51:31.965220
2,14.79,95.62,False,2026-03-09 00:51:31.965220
2,15.23,95.61,False,2026-03-09 01:51:31.965220
2,15.6,95.6,False,2026-03-09 02:51:31.965220
2,15.92,95.55,False,2026-03-09 03:51:31.965220
2,16.26,95.52,False,2026-03-09 04:51:31.965220
2,16.58,95.47,False,2026-03-09 05:51:31.965220
2,18.42,95.42,False,2026-03-09 06:51:31.965220
2,20.29,95.4,False,2026-03-09 07:51:31.965220
2,24.61,95.39,False,2026-03-09 08:51:31.965220
2,27.0,95.38,False,2026-03-09 09:51:31.965220
2,29.51,95.34,False,2026-03-09 10:51:31.965220
2,31.33,95.3,False,2026-03-09 11:51:31.965220
2,35.47,95.28,False,2026-03-09 12:51:31.965220
2,40.05,95.26,False,2026-03-09 13:51:31.965220
2,44.41,95.25,False,2026-03-09 14:51:31.965220
2,46.3,95.21,False,2026-03-09 15:51:31.965220
2,48.14,95.2,False,2026-03-09 16:51:31.965220
2,50.66,95.15,False,2026-03-09 17:51:31.965220
2,55.29,95.13,False,2026-03-09 18:51:31.965220
2,59.31,95.09,False,2026-03-09 19:51:31.965220
2,60.59,95.05,False,2026-03-09 20:51:31.965220
2,61.1,95.03,False,2026-03-09 21:51:31.965220
2,62.53,95.0,False,2026-03-09 22:51:31.965220
2,63.54,94.97,False,2026-03-09 23:51:31.965220
2,63.84,94.95,False,2026-03-10 00:51:31.965220
2,63.91,94.92,False,2026-03-10 01:51:31.965220
2,64.22,94.89,False,2026-03-10 02:51:31.965220
2,64.31,94.87,False,2026-03-10 03:51:31.965220
2,64.62,94.85,False,2026-03-10 04:51:31.965220
2,65.05,94.82,False,2026-03-10 05:51:31.965220
2,66.27,94.77,False,2026-03-10 06:51:31.965220
2,67.13,94.74,False,2026-03-10 07:51:31.965220
2,71.22,94.73,False,2026-03-10 08:51:31.965220
2,73.24,94.7,False,2026-03-10 09:51:31.965220
2,75.78,94.66,False,2026-03-10 10:51:31.965220
2,76.68,94.64,False,2026-03-10 11:51:31.965220
2,78.76,94.62,False,2026-03-10 12:51:31.965220
2,81.55,94.6,False,2026-03-10 13:51:31.965220
2,12.08,94.58,False,2026-03-10 14:51:31.965220
2,12.63,94.56,False,2026-03-10 15:51:31.965220
2,14.35,94.52,False,2026-03-10 16:51:31.965220
2,16.93,94.49,False,2026-03-10 17:51:31.965220
2,21.6,94.47,False,2026-03-10 18:51:31.965220
2,24.25,94.45,False,2026-03-10 19:51:31.965220
2,25.65,94.41,False,2026-03-10 20:51:31.965220
2,27.42,94.39,False,2026-03-10 21:51:31.965220
2,28.86,94.36,False,2026-03-10 22:51:31.965220
2,29.84,94.33,False,2026-03-10 23:51:31.965220
2,30.04,94.29,False,2026-03-11 00:51:31.965220
2,30.12,94.25,False,2026-03-11 01:51:31.965220
2,30.24,94.21,False,2026-03-11 02:51:31.965220
2,30.47,94.17,False,2026-03-11 03:51:31.965220
2,30.94,94.12,False,2026-03-11 04:51:31.965220
2,31.23,94.11,False,2026-03-11 05:51:31.965220
2,32.73,94.06,False,2026-03-11 06:51:31.965220
2,33.57,94.04,False,2026-03-11 07:51:31.965220
2,37.75,94.01,False,2026-03-11 08:51:31.965220
2,41.13,93.97,False,2026-03-11 09:51:31.965220
2,43.18,93.93,False,2026-03-11 10:51:31.965220
2,45.06,93.91,False,2026-03-11 11:51:31.965220
2,47.07,93.87,False,2026-03-11 12:51:31.965220
2,49.25,93.86,False,2026-03-11 13:51:31.965220
2,52.45,93.84,False,2026-03-11 14:51:31.965220
2,52.96,93.79,False,2026-03-11 15:51:31.965220
2,54.44,93.75,False,2026-03-11 16:51:31.965220
2,58.05,93.72,False,2026-03-11 17:51:31.965220
2,62.93,93.69,False,2026-03-11 18:51:31.965220
2,65.96,93.65,False,2026-03-11 19:51:31.965220
2,66.57,93.62,False,2026-03-11 20:51:31.965220
2,68.26,93.58,False,2026-03-11 21:51:31.965220
2,69.77,93.57,False,2026-03-11 22:51:31.965220
2,71.34,93.53,False,2026-03-11 23:51:31.965220
2,71.49,93.49,False,2026-03-12 00:51:31.965220
2,71.54,93.44,False,2026-03-12 01:51:31.965220
2,71.74,93.4,False,2026-03-12 02:51:31.965220
2,71.77,93.35,False,2026-03-12 03:51:31.965220
2,72.17,93.34,False,2026-03-12 04:51:31.965220
2,72.22,93.3,False,2026-03-12 05:51:31.965220
2,73.49,93.27,False,2026-03-12 06:51:31.965220
2,74.4,93.23,False,2026-03-12 07:51:31.965220
2,79.02,93.19,False,2026-03-12 08:51:31.965220
2,82.91,93.15,False,2026-03-12 09:51:31.965220
2,10.98,93.14,False,2026-03-12 10:51:31.965220
2,12.8,93.09,False,2026-03-12 11:51:31.965220
2,16.22,93.05,False,2026-03-12 12:51:31.965220
2,20.3,93.0,False,2026-03-12 13:51:31.965220
2,23.48,92.97,False,2026-03-12 14:51:31.965220
2,24.36,92.95,False,2026-03-12 15:51:31.965220
2,25.5,92.92,False,2026-03-12 16:51:31.965220
2,29.6,92.88,False,2026-03-12 17:51:31.965220
2,32.46,92.86,False,2026-03-12 18:51:31.965220
2,35.7,92.82,False,2026-03-12 19:51:31.965220
2,36.84,92.8,False,2026-03-12 20:51:31.965220
2,38.61,92.78,False,2026-03-12 21:51:31.965220
2,39.35,92.76,False,2026-03-12 22:51:31.965220
2,40.13,92.73,False,2026-03-12 23:51:31.965220
2,40.24,92.69,False,2026-03-13 00:51:31.965220
2,40.32,92.68,False,2026-03-13 01:51:31.965220
2,40.71,92.64,False,2026-03-13 02:51:31.965220
2,40.84,92.62,False,2026-03-13 03:51:31.965220
2,41.21,92.61,False,2026-03-13 04:51:31.965220
2,41.45,92.58,False,2026-03-13 05:51:31.965220
2,42.1,92.56,False,2026-03-13 06:51:31.965220
2,42.73,92.55,False,2026-03-13 07:51:31.965220
2,46.13,92.53,False,2026-03-13 08:51:31.965220
2,48.83,92.49,False,2026-03-13 09:51:31.965220
2,52.63,92.45,False,2026-03-13 10:51:31.965220
2,53.32,92.44,False,2026-03-13 11:51:31.965220
2,55.57,92.41,False,2026-03-13 12:51:31.965220
2,57.91,92.39,False,2026-03-13 13:51:31.965220
2,60.78,92.35,False,2026-03-13 14:51:31.965220
2,62.59,92.31,False,2026-03-13 15:51:31.965220
2,63.69,92.29,False,2026-03-13 16:51:31.965220
2,67.36,92.28,False,2026-03-13 17:51:31.965220
2,71.0,92.24,False,2026-03-13 18:51:31.965220
2,75.84,92.2,False,2026-03-13 19:51:31.965220
2,77.83,92.16,False,2026-03-13 20:51:31.965220
2,79.0,92.15,False,2026-03-13 21:51:31.965220
2,79.9,92.11,False,2026-03-13 22:51:31.965220
2,80.43,92.1,False,2026-03-13 23:51:31.965220
2,3.44,92.05,False,2026-03-14 00:51:31.965220
2,3.64,92.03,False,2026-03-14 01:51:31.965220
2,3.71,92.0,False,2026-03-14 02:51:31.965220
2,3.94,91.99,False,2026-03-14 03:51:31.965220
2,4.07,91.97,False,2026-03-14 04:51:31.965220
2,4.55,91.93,False,2026-03-14 05:51:31.965220
2,6.19,91.9,False,2026-03-14 06:51:31.965220
2,7.76,91.89,False,2026-03-14 07:51:31.965220
2,10.13,91.86,False,2026-03-14 08:51:31.965220
2,14.31,91.85,False,2026-03-14 09:51:31.965220
2,18.81,91.8,False,2026-03-14 10:51:31.965220
2,20.29,91.77,False,2026-03-14 11:51:31.965220
2,25.21,91.75,False,2026-03-14 12:51:31.965220
2,29.64,91.72,False,2026-03-14 13:51:31.965220
2,34.06,91.68,False,2026-03-14 14:51:31.965220
2,35.05,91.66,False,2026-03-14 15:51:31.965220
2,36.92,91.61,False,2026-03-14 16:51:31.965220
2,39.29,91.58,False,2026-03-14 17:51:31.965220
2,43.74,91.56,False,2026-03-14 18:51:31.965220
2,46.17,91.54,False,2026-03-14 19:51:31.965220
2,47.45,91.5,False,2026-03-14 20:51:31.965220
2,48.47,91.49,False,2026-03-14 21:51:31.965220
2,49.16,91.44,False,2026-03-14 22:51:31.965220
2,49.99,91.4,False,2026-03-14 23:51:31.965220
2,50.28,91.39,False,2026-03-15 00:51:31.965220
2,50.73,91.36,False,2026-03-15 01:51:31.965220
2,51.14,91.35,False,2026-03-15 02:51:31.965220
2,51.6,91.3,False,2026-03-15 03:51:31.965220
2,51.61,91.27,False,2026-03-15 04:51:31.965220
2,51.97,91.23,False,2026-03-15 05:51:31.965220
2,52.84,91.21,False,2026-03-15 06:51:31.965220
2,54.46,91.16,False,2026-03-15 07:51:31.965220
2,58.05,91.13,False,2026-03-15 08:51:31.965220
2,62.26,91.12,False,2026-03-15 09:51:31.965220
2,64.61,91.1,False,2026-03-15 10:51:31.965220
2,65.26,91.06,False,2026-03-15 11:51:31.965220
2,68.14,91.01,False,2026-03-15 12:51:31.965220
2,72.28,90.98,False,2026-03-15 13:51:31.965220
2,76.45,90.96,False,2026-03-15 14:51:31.965220
2,76.97,90.95,False,2026-03-15 15:51:31.965220
2,77.92,90.93,False,2026-03-15 16:51:31.965220
2,81.42,90.92,False,2026-03-15 17:51:31.965220
2,6.04,90.88,False,2026-03-15 18:51:31.965220
2,8.34,90.85,False,2026-03-15 19:51:31.965220
2,9.14,90.82,False,2026-03-15 20:51:31.965220
2,10.38,90.79,False,2026-03-15 21:51:31.965220
2,12.28,90.76,False,2026-03-15 22:51:31.965220
2,13.42,90.74,False,2026-03-15 23:51:31.965220
2,13.85,90.73,False,2026-03-16 00:51:31.965220
2,13.97,90.72,False,2026-03-16 01:51:31.965220
2,14.41,90.68,False,2026-03-16 02:51:31.965220
2,14.84,90.65,False,2026-03-16 03:51:31.965220
2,15.12,90.62,False,2026-03-16 04:51:31.965220
2,15.22,90.58,False,2026-03-16 05:51:31.965220
2,16.03,90.56,False,2026-03-16 06:51:31.965220
2,16.56,90.51,False,2026-03-16 07:51:31.965220
2,18.76,90.47,False,2026-03-16 08:51:31.965220
2,23.52,90.45,False,2026-03-16 09:51:31.965220
2,25.81,90.41,False,2026-03-16 10:51:31.965220
2,27.24,90.39,False,2026-03-16 11:51:31.965220
2,29.37,90.36,False,2026-03-16 12:51:31.965220
2,33.06,90.33,False,2026-03-16 13:51:31.965220
2,35.36,90.3,False,2026-03-16 14:51:31.965220
2,37.17,90.28,False,2026-03-16 15:51:31.965220
2,38.97,90.27,False,2026-03-16 16:51:31.965220
2,43.12,90.23,False,2026-03-16 17:51:31.965220
2,45.93,90.18,False,2026-03-16 18:51:31.965220
2,48.46,90.16,False,2026-03-16 19:51:31.965220
2,49.53,90.11,False,2026-03-16 20:51:31.965220
2,50.98,90.07,False,2026-03-16 21:51:31.965220
2,51.62,90.04,False,2026-03-16 22:51:31.965220
2,52.83,90.01,False,2026-03-16 23:51:31.965220
2,52.93,89.99,False,2026-03-17 00:51:31.965220
2,53.36,89.97,False,2026-03-17 01:51:31.965220
2,53.59,89.93,False,2026-03-17 02:51:31.965220
2,53.62,89.88,False,2026-03-17 03:51:31.965220
2,53.91,89.87,False,2026-03-17 04:51:31.965220
2,53.96,89.85,False,2026-03-17 05:51:31.965220
2,55.5,89.82,False,2026-03-17 06:51:31.965220
2,56.82,89.79,False,2026-03-17 07:51:31.965220
2,60.6,89.75,False,2026-03-17 08:51:31.965220
2,63.43,89.72,False,2026-03-17 09:51:31.965220
2,66.99,89.69,False,2026-03-17 10:51:31.965220
2,68.32,89.68,False,2026-03-17 11:51:31.965220
2,72.05,89.65,False,2026-03-17 12:51:31.965220
2,74.27,89.62,False,2026-03-17 13:51:31.965220
2,79.18,89.6,False,2026-03-17 14:51:31.965220
2,80.44,89.59,False,2026-03-17 15:51:31.965220
2,9.77,89.56,False,2026-03-17 16:51:31.965220
2,14.66,89.54,False,2026-03-17 17:51:31.965220
2,18.93,89.51,False,2026-03-17 18:51:31.965220
2,21.3,89.5,False,2026-03-17 19:51:31.965220
2,22.61,89.45,False,2026-03-17 20:51:31.965220
2,23.6,89.41,False,2026-03-17 21:51:31.965220
2,25.47,89.4,False,2026-03-17 22:51:31.965220
2,26.05,89.37,False,2026-03-17 23:51:31.965220
2,26.11,89.33,False,2026-03-18 00:51:31.965220
2,26.28,89.31,False,2026-03-18 01:51:31.965220
2,26.78,89.26,False,2026-03-18 02:51:31.965220
2,27.01,89.25,False,2026-03-18 03:51:31.965220
2,27.4,89.21,False,2026-03-18 04:51:31.965220
2,27.55,89.16,False,2026-03-18 05:51:31.965220
2,28.42,89.15,False,2026-03-18 06:51:31.965220
2,30.36,89.1,False,2026-03-18 07:51:31.965220
2,33.95,89.09,False,2026-03-18 08:51:31.965220
2,35.95,89.05,False,2026-03-18 09:51:31.965220
2,40.2,89.03,False,2026-03-18 10:51:31.965220
2,40.86,88.99,False,2026-03-18 11:51:31.965220
2,43.75,88.97,False,2026-03-18 12:51:31.965220
2,47.74,88.94,False,2026-03-18 13:51:31.965220
2,49.91,88.93,False,2026-03-18 14:51:31.965220
2,50.52,88.89,False,2026-03-18 15:51:31.965220
2,52.08,88.86,False,2026-03-18 16:51:31.965220
2,55.02,88.85,False,2026-03-18 17:51:31.965220
2,59.79,88.83,False,2026-03-18 18:51:31.965220
2,62.04,88.8,False,2026-03-18 19:51:31.965220
2,62.86,88.78,False,2026-03-18 20:51:31.965220
2,63.44,88.76,False,2026-03-18 21:51:31.965220
2,65.37,88.72,False,2026-03-18 22:51:31.965220
2,66.76,88.7,False,2026-03-18 23:51:31.965220
2,67.21,88.69,False,2026-03-19 00:51:31.965220
2,67.66,88.67,False,2026-03-19 01:51:31.965220
2,68.13,88.64,False,2026-03-19 02:51:31.965220
2,68.27,88.61,False,2026-03-19 03:51:31.965220
2,68.4,88.57,False,2026-03-19 04:51:31.965220
2,68.9,88.54,False,2026-03-19 05:51:31.965220
2,70.06,88.5,False,2026-03-19 06:51:31.965220
2,70.7,88.49,False,2026-03-19 07:51:31.965220
2,75.19,88.47,False,2026-03-19 08:51:31.965220
2,79.79,88.43,False,2026-03-19 09:51:31.965220
2,83.57,88.41,False,2026-03-19 10:51:31.965220
2,5.78,88.39,False,2026-03-19 11:51:31.965220
2,8.57,88.36,False,2026-03-19 12:51:31.965220
2,13.05,88.31,False,2026-03-19 13:51:31.965220
2,16.26,88.27,False,2026-03-19 14:51:31.965220
2,17.6,88.24,False,2026-03-19 15:51:31.965220
2,18.59,88.19,False,2026-03-19 16:51:31.965220
2,22.19,88.15,False,2026-03-19 17:51:31.965220
2,25.45,88.12,False,2026-03-19 18:51:31.965220
2,27.78,88.07,False,2026-03-19 19:51:31.965220
2,28.89,88.04,False,2026-03-19 20:51:31.965220
2,29.97,88.02,False,2026-03-19 21:51:31.965220
2,31.33,87.99,False,2026-03-19 22:51:31.965220
2,32.24,87.95,False,2026-03-19 23:51:31.965220
2,32.52,87.92,False,2026-03-20 00:51:31.965220
2,32.57,87.9,False,2026-03-20 01:51:31.965220
2,32.91,87.87,False,2026-03-20 02:51:31.965220
2,33.07,87.85,False,2026-03-20 03:51:31.965220
2,33.22,87.84,False,2026-03-20 04:51:31.965220
2,33.6,87.81,False,2026-03-20 05:51:31.965220
2,35.23,87.77,False,2026-03-20 06:51:31.965220
2,36.27,87.74,False,2026-03-20 07:51:31.965220
2,38.44,87.7,False,2026-03-20 08:51:31.965220
2,40.59,87.68,False,2026-03-20 09:51:31.965220
2,44.42,87.64,False,2026-03-20 10:51:31.965220
2,45.63,87.6,False,2026-03-20 11:51:31.965220
2,48.97,87.57,False,2026-03-20 12:51:31.965220
2,52.69,87.55,False,2026-03-20 13:51:31.965220
2,55.11,87.52,False,2026-03-20 14:51:31.965220
2,56.73,87.5,False,2026-03-20 15:51:31.965220
2,57.87,87.47,False,2026-03-20 16:51:31.965220
2,60.94,87.43,False,2026-03-20 17:51:31.965220
2,63.44,87.4,False,2026-03-20 18:51:31.965220
2,66.27,87.38,False,2026-03-20 19:51:31.965220
2,67.44,87.33,False,2026-03-20 20:51:31.965220
2,67.95,87.32,False,2026-03-20 21:51:31.965220
2,69.83,87.27,False,2026-03-20 22:51:31.965220
2,71.05,87.22,False,2026-03-20 23:51:31.965220
2,71.13,87.21,False,2026-03-21 00:51:31.965220
2,71.33,87.19,False,2026-03-21 01:51:31.965220
2,71.76,87.16,False,2026-03-21 02:51:31.965220
2,71.9,87.12,False,2026-03-21 03:51:31.965220
2,71.95,87.09,False,2026-03-21 04:51:31.965220
2,72.36,87.06,False,2026-03-21 05:51:31.965220
2,72.88,87.04,False,2026-03-21 06:51:31.965220
2,74.01,87.01,False,2026-03-21 07:51:31.965220
2,78.61,86.99,False,2026-03-21 08:51:31.965220
2,81.12,86.96,False,2026-03-21 09:51:31.965220
2,11.47,86.92,False,2026-03-21 10:51:31.965220
2,13.06,86.88,False,2026-03-21 11:51:31.965220
2,17.38,86.85,False,2026-03-21 12:51:31.965220
2,19.48,86.82,False,2026-03-21 13:51:31.965220
2,23.74,86.8,False,2026-03-21 14:51:31.965220
2,25.5,86.78,False,2026-03-21 15:51:31.965220
2,26.25,86.77,False,2026-03-21 16:51:31.965220
2,30.79,86.73,False,2026-03-21 17:51:31.965220
2,35.68,86.71,False,2026-03-21 18:51:31.965220
2,38.26,86.66,False,2026-03-21 19:51:31.965220
2,38.95,86.63,False,2026-03-21 20:51:31.965220
2,40.89,86.61,False,2026-03-21 21:51:31.965220
2,42.02,86.58,False,2026-03-21 22:51:31.965220
2,43.55,86.54,False,2026-03-21 23:51:31.965220
2,43.79,86.53,False,2026-03-22 00:51:31.965220
2,44.2,86.49,False,2026-03-22 01:51:31.965220
2,44.59,86.48,False,2026-03-22 02:51:31.965220
2,44.73,86.43,False,2026-03-22 03:51:31.965220
2,44.82,86.41,False,2026-03-22 04:51:31.965220
2,44.89,86.39,False,2026-03-22 05:51:31.965220
2,45.91,86.36,False,2026-03-22 06:51:31.965220
2,47.78,86.33,False,2026-03-22 07:51:31.965220
2,52.58,86.29,False,2026-03-22 08:51:31.965220
2,56.09,86.26,False,2026-03-22 09:51:31.965220
2,59.4,86.22,False,2026-03-22 10:51:31.965220
2,61.31,86.2,False,2026-03-22 11:51:31.965220
2,66.02,86.19,False,2026-03-22 12:51:31.965220
2,68.52,86.18,False,2026-03-22 13:51:31.965220
2,71.05,86.14,False,2026-03-22 14:51:31.965220
2,71.84,86.12,False,2026-03-22 15:51:31.965220
2,72.47,86.09,False,2026-03-22 16:51:31.965220
2,76.52,86.07,False,2026-03-22 17:51:31.965220
2,80.9,86.04,False,2026-03-22 18:51:31.965220
2,9.48,85.99,False,2026-03-22 19:51:31.965220
2,10.18,85.98,False,2026-03-22 20:51:31.965220
2,10.71,85.94,False,2026-03-22 21:51:31.965220
2,12.69,85.92,False,2026-03-22 22:51:31.965220
2,13.94,85.9,False,2026-03-22 23:51:31.965220
2,14.17,85.89,False,2026-03-23 00:51:31.965220
2,14.45,85.87,False,2026-03-23 01:51:31.965220
2,14.53,85.84,False,2026-03-23 02:51:31.965220
2,14.69,85.81,False,2026-03-23 03:51:31.965220
2,14.69,85.78,False,2026-03-23 04:51:31.965220
2,15.1,85.76,False,2026-03-23 05:51:31.965220
2,16.12,85.74,False,2026-03-23 06:51:31.965220
2,16.69,85.72,False,2026-03-23 07:51:31.965220
2,20.02,85.69,False,2026-03-23 08:51:31.965220
2,24.73,85.65,False,2026-03-23 09:51:31.965220
2,28.45,85.63,False,2026-03-23 10:51:31.965220
2,30.18,85.6,False,2026-03-23 11:51:31.965220
2,34.45,85.55,False,2026-03-23 12:51:31.965220
2,39.25,85.52,False,2026-03-23 13:51:31.965220
2,41.4,85.5,False,2026-03-23 14:51:31.965220
2,42.95,85.46,False,2026-03-23 15:51:31.965220
2,43.86,85.43,False,2026-03-23 16:51:31.965220
2,48.43,85.39,False,2026-03-23 17:51:31.965220
2,52.29,85.38,False,2026-03-23 18:51:31.965220
2,57.28,85.37,False,2026-03-23 19:51:31.965220
2,58.43,85.34,False,2026-03-23 20:51:31.965220
2,59.14,85.3,False,2026-03-23 21:51:31.965220
2,60.33,85.28,False,2026-03-23 22:51:31.965220
2,61.96,85.25,False,2026-03-23 23:51:31.965220
2,62.36,85.23,False,2026-03-24 00:51:31.965220
2,62.75,85.18,False,2026-03-24 01:51:31.965220
2,62.81,85.15,False,2026-03-24 02:51:31.965220
2,62.9,85.11,False,2026-03-24 03:51:31.965220
2,63.02,85.08,False,2026-03-24 04:51:31.965220
2,63.2,85.05,False,2026-03-24 05:51:31.965220
2,63.92,85.01,False,2026-03-24 06:51:31.965220
2,65.68,84.97,False,2026-03-24 07:51:31.965220
2,68.27,84.95,False,2026-03-24 08:51:31.965220
2,73.21,84.91,False,2026-03-24 09:51:31.965220
2,77.83,84.87,False,2026-03-24 10:51:31.965220
2,79.11,84.85,False,2026-03-24 11:51:31.965220
2,81.67,84.82,False,2026-03-24 12:51:31.965220
2,8.21,84.8,False,2026-03-24 13:51:31.965220
2,13.07,84.78,False,2026-03-24 14:51:31.965220
2,13.81,84.75,False,2026-03-24 15:51:31.965220
2,15.0,84.73,False,2026-03-24 16:51:31.965220
2,19.45,84.71,False,2026-03-24 17:51:31.965220
2,24.18,84.68,False,2026-03-24 18:51:31.965220
2,26.22,84.64,False,2026-03-24 19:51:31.965220
2,27.75,84.59,False,2026-03-24 20:51:31.965220
2,29.4,84.56,False,2026-03-24 21:51:31.965220
2,30.99,84.52,False,2026-03-24 22:51:31.965220
2,31.59,84.48,False,2026-03-24 23:51:31.965220
2,31.88,84.46,False,2026-03-25 00:51:31.965220
2,32.34,84.43,False,2026-03-25 01:51:31.965220
2,32.8,84.4,False,2026-03-25 02:51:31.965220
2,33.0,84.37,False,2026-03-25 03:51:31.965220
2,33.07,84.35,False,2026-03-25 04:51:31.965220
2,33.54,84.34,False,2026-03-25 05:51:31.965220
2,34.9,84.3,False,2026-03-25 06:51:31.965220
2,36.17,84.26,False,2026-03-25 07:51:31.965220
2,38.21,84.23,False,2026-03-25 08:51:31.965220
2,40.25,84.18,False,2026-03-25 09:51:31.965220
2,42.94,84.14,False,2026-03-25 10:51:31.965220
2,44.35,84.1,False,2026-03-25 11:51:31.965220
2,47.34,84.08,False,2026-03-25 12:51:31.965220
2,50.0,84.03,False,2026-03-25 13:51:31.965220
2,52.65,84.01,False,2026-03-25 14:51:31.965220
2,54.38,83.99,False,2026-03-25 15:51:31.965220
2,55.12,83.94,False,2026-03-25 16:51:31.965220
2,58.83,83.93,False,2026-03-25 17:51:31.965220
2,61.03,83.89,False,2026-03-25 18:51:31.965220
2,63.23,83.85,False,2026-03-25 19:51:31.965220
2,64.23,83.81,False,2026-03-25 20:51:31.965220
2,64.73,83.78,False,2026-03-25 21:51:31.965220
2,66.2,83.74,False,2026-03-25 22:51:31.965220
2,67.92,83.71,False,2026-03-25 23:51:31.965220
2,68.1,83.67,False,2026-03-26 00:51:31.965220
2,68.29,83.62,False,2026-03-26 01:51:31.965220
2,68.64,83.58,False,2026-03-26 02:51:31.965220
2,68.85,83.54,False,2026-03-26 03:51:31.965220
2,69.2,83.5,False,2026-03-26 04:51:31.965220
2,69.24,83.49,False,2026-03-26 05:51:31.965220
2,70.34,83.44,False,2026-03-26 06:51:31.965220
2,71.23,83.42,False,2026-03-26 07:51:31.965220
2,75.79,83.38,False,2026-03-26 08:51:31.965220
2,78.52,83.37,False,2026-03-26 09:51:31.965220
2,81.0,83.34,False,2026-03-26 10:51:31.965220
2,6.49,83.31,False,2026-03-26 11:51:31.965220
2,8.77,83.26,False,2026-03-26 12:51:31.965220
2,13.6,83.22,False,2026-03-26 13:51:31.965220
2,16.72,83.21,False,2026-03-26 14:51:31.965220
2,18.17,83.16,False,2026-03-26 15:51:31.965220
2,19.88,83.12,False,2026-03-26 16:51:31.965220
2,22.1,83.09,False,2026-03-26 17:51:31.965220
2,26.11,83.08,False,2026-03-26 18:51:31.965220
2,29.7,83.04,False,2026-03-26 19:51:31.965220
2,30.95,83.01,False,2026-03-26 20:51:31.965220
2,31.76,83.0,False,2026-03-26 21:51:31.965220
2,32.48,82.95,False,2026-03-26 22:51:31.965220
2,34.23,82.91,False,2026-03-26 23:51:31.965220
2,34.68,82.88,False,2026-03-27 00:51:31.965220
2,35.02,82.86,False,2026-03-27 01:51:31.965220
2,35.48,82.82,False,2026-03-27 02:51:31.965220
2,35.91,82.8,False,2026-03-27 03:51:31.965220
2,36.29,82.77,False,2026-03-27 04:51:31.965220
2,36.46,82.74,False,2026-03-27 05:51:31.965220
2,37.36,82.72,False,2026-03-27 06:51:31.965220
2,38.16,82.7,False,2026-03-27 07:51:31.965220
2,40.71,82.65,False,2026-03-27 08:51:31.965220
2,44.98,82.63,False,2026-03-27 09:51:31.965220
2,47.68,82.61,False,2026-03-27 10:51:31.965220
2,48.57,82.6,False,2026-03-27 11:51:31.965220
2,52.04,82.58,False,2026-03-27 12:51:31.965220
2,56.22,82.55,False,2026-03-27 13:51:31.965220
2,60.66,82.51,False,2026-03-27 14:51:31.965220
2,61.22,82.48,False,2026-03-27 15:51:31.965220
2,62.44,82.45,False,2026-03-27 16:51:31.965220
2,64.76,82.41,False,2026-03-27 17:51:31.965220
2,69.63,82.36,False,2026-03-27 18:51:31.965220
2,73.72,82.34,False,2026-03-27 19:51:31.965220
2,75.28,82.32,False,2026-03-27 20:51:31.965220
2,75.84,82.29,False,2026-03-27 21:51:31.965220
2,77.6,82.27,False,2026-03-27 22:51:31.965220
2,79.38,82.22,False,2026-03-27 23:51:31.965220
2,79.43,82.19,False,2026-03-28 00:51:31.965220
2,79.47,82.15,False,2026-03-28 01:51:31.965220
2,79.75,82.1,False,2026-03-28 02:51:31.965220
2,80.22,82.06,False,2026-03-28 03:51:31.965220
2,5.8,82.04,False,2026-03-28 04:51:31.965220
2,6.22,81.99,False,2026-03-28 05:51:31.965220
2,8.2,81.96,False,2026-03-28 06:51:31.965220
2,9.1,81.94,False,2026-03-28 07:51:31.965220
2,11.75,81.92,False,2026-03-28 08:51:31.965220
2,14.54,81.88,False,2026-03-28 09:51:31.965220
2,19.42,81.86,False,2026-03-28 10:51:31.965220
2,20.04,81.82,False,2026-03-28 11:51:31.965220
2,24.16,81.8,False,2026-03-28 12:51:31.965220
2,28.48,81.77,False,2026-03-28 13:51:31.965220
2,33.29,81.75,False,2026-03-28 14:51:31.965220
2,34.25,81.71,False,2026-03-28 15:51:31.965220
2,35.01,81.69,False,2026-03-28 16:51:31.965220
2,37.84,81.67,False,2026-03-28 17:51:31.965220
2,40.62,81.65,False,2026-03-28 18:51:31.965220
2,44.6,81.61,False,2026-03-28 19:51:31.965220
2,45.97,81.58,False,2026-03-28 20:51:31.965220
2,47.12,81.55,False,2026-03-28 21:51:31.965220
2,47.96,81.51,False,2026-03-28 22:51:31.965220
2,48.97,81.49,False,2026-03-28 23:51:31.965220
2,49.02,81.45,False,2026-03-29 00:51:31.965220
2,49.38,81.41,False,2026-03-29 01:51:31.965220
2,49.42,81.36,False,2026-03-29 02:51:31.965220
2,49.53,81.35,False,2026-03-29 03:51:31.965220
2,49.76,81.32,False,2026-03-29 04:51:31.965220
2,49.83,81.3,False,2026-03-29 05:51:31.965220
2,51.09,81.29,False,2026-03-29 06:51:31.965220
2,52.98,81.25,False,2026-03-29 07:51:31.965220
2,55.62,81.23,False,2026-03-29 08:51:31.965220
2,58.42,81.19,False,2026-03-29 09:51:31.965220
2,62.97,81.15,False,2026-03-29 10:51:31.965220
2,64.05,81.11,False,2026-03-29 11:51:31.965220
2,66.92,81.08,False,2026-03-29 12:51:31.965220
2,70.68,81.05,False,2026-03-29 13:51:31.965220
2,74.65,81.02,False,2026-03-29 14:51:31.965220
2,76.52,80.98,False,2026-03-29 15:51:31.965220
2,78.46,80.94,False,2026-03-29 16:51:31.965220
2,81.72,80.91,False,2026-03-29 17:51:31.965220
2,8.56,80.86,False,2026-03-29 18:51:31.965220
2,12.38,80.85,False,2026-03-29 19:51:31.965220
2,13.65,80.81,False,2026-03-29 20:51:31.965220
2,14.95,80.77,False,2026-03-29 21:51:31.965220
2,15.49,80.76,False,2026-03-29 22:51:31.965220
2,17.06,80.74,False,2026-03-29 23:51:31.965220
2,17.51,80.7,False,2026-03-30 00:51:31.965220
2,17.79,80.66,False,2026-03-30 01:51:31.965220
2,18.03,80.62,False,2026-03-30 02:51:31.965220
2,18.49,80.58,False,2026-03-30 03:51:31.965220
2,18.72,80.56,False,2026-03-30 04:51:31.965220
2,19.21,80.54,False,2026-03-30 05:51:31.965220
2,20.09,80.52,False,2026-03-30 06:51:31.965220
2,21.0,80.5,False,2026-03-30 07:51:31.965220
2,25.58,80.48,False,2026-03-30 08:51:31.965220
2,28.58,80.47,False,2026-03-30 09:51:31.965220
2,31.99,80.44,False,2026-03-30 10:51:31.965220
2,32.94,80.41,False,2026-03-30 11:51:31.965220
2,36.71,80.4,False,2026-03-30 12:51:31.965220
2,41.12,80.36,False,2026-03-30 13:51:31.965220
2,45.32,80.34,False,2026-03-30 14:51:31.965220
2,46.7,80.31,False,2026-03-30 15:51:31.965220
2,47.48,80.29,False,2026-03-30 16:51:31.965220
2,50.83,80.26,False,2026-03-30 17:51:31.965220
2,53.41,80.24,False,2026-03-30 18:51:31.965220
2,57.21,80.2,False,2026-03-30 19:51:31.965220
2,59.18,80.18,False,2026-03-30 20:51:31.965220
2,60.31,80.13,False,2026-03-30 21:51:31.965220
2,61.78,80.11,False,2026-03-30 22:51:31.965220
2,63.39,80.1,False,2026-03-30 23:51:31.965220
2,63.82,80.08,False,2026-03-31 00:51:31.965220
2,63.88,80.05,False,2026-03-31 01:51:31.965220
2,64.36,80.02,False,2026-03-31 02:51:31.965220
2,64.45,79.99,False,2026-03-31 03:51:31.965220
2,64.49,79.96,False,2026-03-31 04:51:31.965220
2,64.89,79.93,False,2026-03-31 05:51:31.965220
2,66.65,79.92,False,2026-03-31 06:51:31.965220
2,68.45,79.87,False,2026-03-31 07:51:31.965220
2,71.21,79.86,False,2026-03-31 08:51:31.965220
2,75.7,79.83,False,2026-03-31 09:51:31.965220
2,78.14,79.79,False,2026-03-31 10:51:31.965220
2,78.9,79.76,False,2026-03-31 11:51:31.965220
2,82.4,79.72,False,2026-03-31 12:51:31.965220
2,12.75,79.7,False,2026-03-31 13:51:31.965220
2,14.89,79.68,False,2026-03-31 14:51:31.965220
2,16.54,79.66,False,2026-03-31 15:51:31.965220
2,17.73,79.61,False,2026-03-31 16:51:31.965220
2,20.71,79.59,False,2026-03-31 17:51:31.965220
2,25.33,79.57,False,2026-03-31 18:51:31.965220
2,27.98,79.55,False,2026-03-31 19:51:31.965220
2,29.49,79.54,False,2026-03-31 20:51:31.965220
2,31.14,79.53,False,2026-03-31 21:51:31.965220
2,32.44,79.51,False,2026-03-31 22:51:31.965220
2,33.37,79.46,False,2026-03-31 23:51:31.965220
2,33.74,79.44,False,2026-04-01 00:51:31.965220
2,33.97,79.41,False,2026-04-01 01:51:31.965220
2,34.45,79.38,False,2026-04-01 02:51:31.965220
2,34.64,79.35,False,2026-04-01 03:51:31.965220
2,35.03,79.33,False,2026-04-01 04:51:31.965220
2,35.1,79.29,False,2026-04-01 05:51:31.965220
2,37.01,79.27,False,2026-04-01 06:51:31.965220
2,38.37,79.22,False,2026-04-01 07:51:31.965220
2,41.51,79.18,False,2026-04-01 08:51:31.965220
2,45.43,79.14,False,2026-04-01 09:51:31.965220
2,49.19,79.1,False,2026-04-01 10:51:31.965220
2,50.88,79.08,False,2026-04-01 11:51:31.965220
2,53.15,79.06,False,2026-04-01 12:51:31.965220
2,57.89,79.02,False,2026-04-01 13:51:31.965220
2,61.8,78.97,False,2026-04-01 14:51:31.965220
2,62.83,78.93,False,2026-04-01 15:51:31.965220
2,63.38,78.88,False,2026-04-01 16:51:31.965220
2,67.3,78.83,False,2026-04-01 17:51:31.965220
2,71.01,78.81,False,2026-04-01 18:51:31.965220
2,75.51,78.78,False,2026-04-01 19:51:31.965220
2,76.36,78.75,False,2026-04-01 20:51:31.965220
2,77.82,78.74,False,2026-04-01 21:51:31.965220
2,78.47,78.69,False,2026-04-01 22:51:31.965220
2,79.38,78.65,False,2026-04-01 23:51:31.965220
2,79.65,78.63,False,2026-04-02 00:51:31.965220
2,80.01,78.6,False,2026-04-02 01:51:31.965220
2,7.72,78.57,False,2026-04-02 02:51:31.965220
2,7.98,78.56,False,2026-04-02 03:51:31.965220
2,8.43,78.53,False,2026-04-02 04:51:31.965220
2,8.62,78.52,False,2026-04-02 05:51:31.965220
2,10.42,78.49,False,2026-04-02 06:51:31.965220
2,11.54,78.45,False,2026-04-02 07:51:31.965220
2,14.16,78.41,False,2026-04-02 08:51:31.965220
2,17.65,78.39,False,2026-04-02 09:51:31.965220
2,22.31,78.35,False,2026-04-02 10:51:31.965220
2,23.16,78.34,False,2026-04-02 11:51:31.965220
2,28.09,78.29,False,2026-04-02 12:51:31.965220
2,33.08,78.27,False,2026-04-02 13:51:31.965220
2,37.54,78.23,False,2026-04-02 14:51:31.965220
2,38.15,78.2,False,2026-04-02 15:51:31.965220
2,40.06,78.18,False,2026-04-02 16:51:31.965220
2,44.74,78.13,False,2026-04-02 17:51:31.965220
2,49.3,78.09,False,2026-04-02 18:51:31.965220
2,51.37,78.05,False,2026-04-02 19:51:31.965220
2,52.09,78.02,False,2026-04-02 20:51:31.965220
2,53.23,77.97,False,2026-04-02 21:51:31.965220
2,54.3,77.95,False,2026-04-02 22:51:31.965220
2,55.39,77.93,False,2026-04-02 23:51:31.965220
2,55.8,77.89,False,2026-04-03 00:51:31.965220
2,56.05,77.88,False,2026-04-03 01:51:31.965220
2,56.29,77.83,False,2026-04-03 02:51:31.965220
2,56.47,77.8,False,2026-04-03 03:51:31.965220
2,56.8,77.76,False,2026-04-03 04:51:31.965220
2,56.81,77.73,False,2026-04-03 05:51:31.965220
2,58.64,77.68,False,2026-04-03 06:51:31.965220
2,59.5,77.65,False,2026-04-03 07:51:31.965220
2,63.66,77.62,False,2026-04-03 08:51:31.965220
2,68.4,77.59,False,2026-04-03 09:51:31.965220
2,70.88,77.57,False,2026-04-03 10:51:31.965220
2,71.46,77.53,False,2026-04-03 11:51:31.965220
2,76.16,77.5,False,2026-04-03 12:51:31.965220
2,80.66,77.48,False,2026-04-03 13:51:31.965220
2,12.46,77.45,False,2026-04-03 14:51:31.965220
2,13.71,77.41,False,2026-04-03 15:51:31.965220
2,14.84,77.39,False,2026-04-03 16:51:31.965220
2,17.26,77.34,False,2026-04-03 17:51:31.965220
2,20.66,77.31,False,2026-04-03 18:51:31.965220
2,25.41,77.26,False,2026-04-03 19:51:31.965220
2,27.08,77.24,False,2026-04-03 20:51:31.965220
2,28.43,77.23,False,2026-04-03 21:51:31.965220
2,30.28,77.2,False,2026-04-03 22:51:31.965220
2,31.45,77.19,False,2026-04-03 23:51:31.965220
2,31.78,77.15,False,2026-04-04 00:51:31.965220
2,31.86,77.14,False,2026-04-04 01:51:31.965220
2,32.2,77.11,False,2026-04-04 02:51:31.965220
2,32.58,77.07,False,2026-04-04 03:51:31.965220
2,32.59,77.05,False,2026-04-04 04:51:31.965220
2,33.08,77.02,False,2026-04-04 05:51:31.965220
2,34.8,77.0,False,2026-04-04 06:51:31.965220
2,35.49,76.96,False,2026-04-04 07:51:31.965220
2,39.44,76.92,False,2026-04-04 08:51:31.965220
2,41.74,76.9,False,2026-04-04 09:51:31.965220
2,44.03,76.85,False,2026-04-04 10:51:31.965220
2,44.75,76.82,False,2026-04-04 11:51:31.965220
2,48.93,76.77,False,2026-04-04 12:51:31.965220
2,51.34,76.75,False,2026-04-04 13:51:31.965220
2,53.4,76.73,False,2026-04-04 14:51:31.965220
2,54.1,76.68,False,2026-04-04 15:51:31.965220
2,55.16,76.65,False,2026-04-04 16:51:31.965220
2,58.74,76.62,False,2026-04-04 17:51:31.965220
2,63.31,76.61,False,2026-04-04 18:51:31.965220
2,67.93,76.58,False,2026-04-04 19:51:31.965220
2,68.95,76.54,False,2026-04-04 20:51:31.965220
2,69.87,76.52,False,2026-04-04 21:51:31.965220
2,71.74,76.5,False,2026-04-04 22:51:31.965220
2,72.38,76.46,False,2026-04-04 23:51:31.965220
2,72.72,76.44,False,2026-04-05 00:51:31.965220
2,73.0,76.42,False,2026-04-05 01:51:31.965220
2,73.07,76.38,False,2026-04-05 02:51:31.965220
2,73.44,76.36,False,2026-04-05 03:51:31.965220
2,73.66,76.35,False,2026-04-05 04:51:31.965220
2,73.75,76.32,False,2026-04-05 05:51:31.965220
2,75.39,76.29,False,2026-04-05 06:51:31.965220
2,76.27,76.25,False,2026-04-05 07:51:31.965220
2,78.73,76.24,False,2026-04-05 08:51:31.965220
2,81.87,76.2,False,2026-04-05 09:51:31.965220
2,9.82,76.16,False,2026-04-05 10:51:31.965220
2,11.81,76.14,False,2026-04-05 11:51:31.965220
2,13.89,76.1,False,2026-04-05 12:51:31.965220
2,17.48,76.07,False,2026-04-05 13:51:31.965220
2,19.77,76.03,False,2026-04-05 14:51:31.965220
2,21.16,76.01,False,2026-04-05 15:51:31.965220
2,22.13,75.98,False,2026-04-05 16:51:31.965220
2,24.32,75.97,False,2026-04-05 17:51:31.965220
2,28.17,75.93,False,2026-04-05 18:51:31.965220
2,32.36,75.92,False,2026-04-05 19:51:31.965220
2,32.97,75.9,False,2026-04-05 20:51:31.965220
2,34.03,75.87,False,2026-04-05 21:51:31.965220
2,34.53,75.82,False,2026-04-05 22:51:31.965220
2,36.33,75.81,False,2026-04-05 23:51:31.965220
2,36.71,75.77,False,2026-04-06 00:51:31.965220
2,36.83,75.74,False,2026-04-06 01:51:31.965220
2,37.08,75.71,False,2026-04-06 02:51:31.965220
2,37.49,75.68,False,2026-04-06 03:51:31.965220
2,37.79,75.65,False,2026-04-06 04:51:31.965220
2,38.14,75.61,False,2026-04-06 05:51:31.965220
2,39.87,75.57,False,2026-04-06 06:51:31.965220
2,41.47,75.56,False,2026-04-06 07:51:31.965220
2,44.04,75.55,False,2026-04-06 08:51:31.965220
2,47.89,75.5,False,2026-04-06 09:51:31.965220
2,52.37,75.46,False,2026-04-06 10:51:31.965220
2,53.51,75.42,False,2026-04-06 11:51:31.965220
2,57.25,75.4,False,2026-04-06 12:51:31.965220
2,61.61,75.38,False,2026-04-06 13:51:31.965220
2,63.79,75.35,False,2026-04-06 14:51:31.965220
2,65.4,75.31,False,2026-04-06 15:51:31.965220
2,67.25,75.29,False,2026-04-06 16:51:31.965220
2,69.55,75.26,False,2026-04-06 17:51:31.965220
2,73.23,75.25,False,2026-04-06 18:51:31.965220
2,77.46,75.22,False,2026-04-06 19:51:31.965220
2,78.47,75.2,False,2026-04-06 20:51:31.965220
2,80.09,75.19,False,2026-04-06 21:51:31.965220
2,6.02,75.14,False,2026-04-06 22:51:31.965220
2,6.54,75.12,False,2026-04-06 23:51:31.965220
2,6.84,75.09,False,2026-04-07 00:51:31.965220
2,7.31,75.06,False,2026-04-07 01:51:31.965220
2,7.62,75.01,False,2026-04-07 02:51:31.965220
2,7.71,74.98,False,2026-04-07 03:51:31.965220
2,7.93,74.96,False,2026-04-07 04:51:31.965220
2,8.08,74.95,False,2026-04-07 05:51:31.965220
2,10.01,74.91,False,2026-04-07 06:51:31.965220
2,10.52,74.86,False,2026-04-07 07:51:31.965220
2,14.11,74.85,False,2026-04-07 08:51:31.965220
2,16.57,74.83,False,2026-04-07 09:51:31.965220
2,21.1,74.79,False,2026-04-07 10:51:31.965220
2,21.8,74.75,False,2026-04-07 11:51:31.965220
2,24.95,74.72,False,2026-04-07 12:51:31.965220
2,29.85,74.71,False,2026-04-07 13:51:31.965220
2,32.68,74.67,False,2026-04-07 14:51:31.965220
2,34.45,74.64,False,2026-04-07 15:51:31.965220
2,35.13,74.62,False,2026-04-07 16:51:31.965220
2,39.49,74.58,False,2026-04-07 17:51:31.965220
2,41.74,74.53,False,2026-04-07 18:51:31.965220
2,46.57,74.52,False,2026-04-07 19:51:31.965220
2,47.61,74.48,False,2026-04-07 20:51:31.965220
2,49.05,74.46,False,2026-04-07 21:51:31.965220
2,50.26,74.42,False,2026-04-07 22:51:31.965220
2,51.24,74.38,False,2026-04-07 23:51:31.965220
2,51.26,74.36,False,2026-04-08 00:51:31.965220
2,51.66,74.33,False,2026-04-08 01:51:31.965220
2,51.88,74.29,False,2026-04-08 02:51:31.965220
2,51.92,74.28,False,2026-04-08 03:51:31.965220
2,52.07,74.24,False,2026-04-08 04:51:31.965220
2,52.48,74.19,False,2026-04-08 05:51:31.965220
2,53.34,74.18,False,2026-04-08 06:51:31.965220
2,53.9,74.14,False,2026-04-08 07:51:31.965220
2,58.31,74.1,False,2026-04-08 08:51:31.965220
2,60.47,74.07,False,2026-04-08 09:51:31.965220
2,64.68,74.05,False,2026-04-08 10:51:31.965220
2,65.23,74.04,False,2026-04-08 11:51:31.965220
2,68.31,74.02,False,2026-04-08 12:51:31.965220
2,71.82,73.99,False,2026-04-08 13:51:31.965220
2,75.53,73.94,False,2026-04-08 14:51:31.965220
2,76.38,73.92,False,2026-04-08 15:51:31.965220
2,77.2,73.9,False,2026-04-08 16:51:31.965220
2,79.48,73.86,False,2026-04-08 17:51:31.965220
2,83.05,73.84,False,2026-04-08 18:51:31.965220
2,6.86,73.83,False,2026-04-08 19:51:31.965220
2,7.46,73.8,False,2026-04-08 20:51:31.965220
2,8.1,73.79,False,2026-04-08 21:51:31.965220
2,9.37,73.76,False,2026-04-08 22:51:31.965220
2,10.09,73.73,False,2026-04-08 23:51:31.965220
2,10.4,73.69,False,2026-04-09 00:51:31.965220
2,10.75,73.68,False,2026-04-09 01:51:31.965220
2,10.77,73.67,False,2026-04-09 02:51:31.965220
2,10.82,73.64,False,2026-04-09 03:51:31.965220
2,11.13,73.62,False,2026-04-09 04:51:31.965220
2,11.34,73.6,False,2026-04-09 05:51:31.965220
2,13.11,73.58,False,2026-04-09 06:51:31.965220
2,13.78,73.56,False,2026-04-09 07:51:31.965220
2,16.15,73.53,False,2026-04-09 08:51:31.965220
2,19.78,73.48,False,2026-04-09 09:51:31.965220
2,24.38,73.47,False,2026-04-09 10:51:31.965220
2,24.99,73.45,False,2026-04-09 11:51:31.965220
2,27.21,73.42,False,2026-04-09 12:51:31.965220
2,31.34,73.4,False,2026-04-09 13:51:31.965220
2,33.88,73.37,False,2026-04-09 14:51:31.965220
2,35.21,73.34,False,2026-04-09 15:51:31.965220
2,36.82,73.32,False,2026-04-09 16:51:31.965220
2,40.13,73.27,False,2026-04-09 17:51:31.965220
2,43.43,73.25,False,2026-04-09 18:51:31.965220
2,45.72,73.24,False,2026-04-09 19:51:31.965220
2,46.32,73.19,False,2026-04-09 20:51:31.965220
2,48.26,73.15,False,2026-04-09 21:51:31.965220
2,49.41,73.12,False,2026-04-09 22:51:31.965220
2,50.48,73.09,False,2026-04-09 23:51:31.965220
2,50.54,73.07,False,2026-04-10 00:51:31.965220
2,50.71,73.05,False,2026-04-10 01:51:31.965220
2,50.72,73.02,False,2026-04-10 02:51:31.965220
2,50.84,72.97,False,2026-04-10 03:51:31.965220
2,51.1,72.94,False,2026-04-10 04:51:31.965220
2,51.12,72.92,False,2026-04-10 05:51:31.965220
2,52.06,72.91,False,2026-04-10 06:51:31.965220
2,53.01,72.86,False,2026-04-10 07:51:31.965220
2,55.62,72.82,False,2026-04-10 08:51:31.965220
2,57.81,72.8,False,2026-04-10 09:51:31.965220
2,60.89,72.76,False,2026-04-10 10:51:31.965220
2,62.76,72.74,False,2026-04-10 11:51:31.965220
2,65.55,72.7,False,2026-04-10 12:51:31.965220
2,68.26,72.67,False,2026-04-10 13:51:31.965220
2,71.91,72.63,False,2026-04-10 14:51:31.965220
2,73.73,72.61,False,2026-04-10 15:51:31.965220
2,75.39,72.58,False,2026-04-10 16:51:31.965220
2,77.99,72.55,False,2026-04-10 17:51:31.965220
2,80.03,72.51,False,2026-04-10 18:51:31.965220
2,11.65,72.48,False,2026-04-10 19:51:31.965220
2,13.0,72.44,False,2026-04-10 20:51:31.965220
2,14.28,72.4,False,2026-04-10 21:51:31.965220
2,15.22,72.36,False,2026-04-10 22:51:31.965220
2,17.09,72.33,False,2026-04-10 23:51:31.965220
2,17.37,72.29,False,2026-04-11 00:51:31.965220
2,17.58,72.25,False,2026-04-11 01:51:31.965220
2,17.85,72.22,False,2026-04-11 02:51:31.965220
2,18.17,72.21,False,2026-04-11 03:51:31.965220
2,18.53,72.17,False,2026-04-11 04:51:31.965220
2,18.74,72.15,False,2026-04-11 05:51:31.965220
2,19.75,72.11,False,2026-04-11 06:51:31.965220
2,21.27,72.08,False,2026-04-11 07:51:31.965220
2,25.82,72.06,False,2026-04-11 08:51:31.965220
2,27.97,72.05,False,2026-04-11 09:51:31.965220
2,30.73,72.01,False,2026-04-11 10:51:31.965220
2,32.6,71.99,False,2026-04-11 11:51:31.965220
2,34.66,71.96,False,2026-04-11 12:51:31.965220
2,38.37,71.93,False,2026-04-11 13:51:31.965220
2,41.35,71.89,False,2026-04-11 14:51:31.965220
2,42.52,71.88,False,2026-04-11 15:51:31.965220
2,43.43,71.86,False,2026-04-11 16:51:31.965220
2,47.22,71.82,False,2026-04-11 17:51:31.965220
2,51.79,71.77,False,2026-04-11 18:51:31.965220
2,55.07,71.73,False,2026-04-11 19:51:31.965220
2,55.96,71.71,False,2026-04-11 20:51:31.965220
2,57.94,71.69,False,2026-04-11 21:51:31.965220
2,59.69,71.67,False,2026-04-11 22:51:31.965220
2,60.74,71.62,False,2026-04-11 23:51:31.965220
2,60.86,71.59,False,2026-04-12 00:51:31.965220
2,60.94,71.56,False,2026-04-12 01:51:31.965220
2,61.03,71.54,False,2026-04-12 02:51:31.965220
2,61.07,71.52,False,2026-04-12 03:51:31.965220
2,61.34,71.5,False,2026-04-12 04:51:31.965220
2,61.38,71.49,False,2026-04-12 05:51:31.965220
2,61.9,71.47,False,2026-04-12 06:51:31.965220
2,62.83,71.43,False,2026-04-12 07:51:31.965220
2,65.39,71.38,False,2026-04-12 08:51:31.965220
2,69.5,71.34,False,2026-04-12 09:51:31.965220
2,72.5,71.32,False,2026-04-12 10:51:31.965220
2,73.42,71.27,False,2026-04-12 11:51:31.965220
2,77.77,71.26,False,2026-04-12 12:51:31.965220
2,80.83,71.23,False,2026-04-12 13:51:31.965220
2,13.85,71.2,False,2026-04-12 14:51:31.965220
2,15.39,71.16,False,2026-04-12 15:51:31.965220
2,17.15,71.12,False,2026-04-12 16:51:31.965220
2,19.65,71.08,False,2026-04-12 17:51:31.965220
2,21.81,71.06,False,2026-04-12 18:51:31.965220
2,25.17,71.05,False,2026-04-12 19:51:31.965220
2,25.78,71.02,False,2026-04-12 20:51:31.965220
2,27.11,71.0,False,2026-04-12 21:51:31.965220
2,27.89,70.97,False,2026-04-12 22:51:31.965220
2,29.22,70.93,False,2026-04-12 23:51:31.965220
2,29.35,70.89,False,2026-04-13 00:51:31.965220
2,29.75,70.88,False,2026-04-13 01:51:31.965220
2,29.82,70.85,False,2026-04-13 02:51:31.965220
2,30.03,70.8,False,2026-04-13 03:51:31.965220
2,30.39,70.78,False,2026-04-13 04:51:31.965220
2,30.68,70.74,False,2026-04-13 05:51:31.965220
2,31.48,70.72,False,2026-04-13 06:51:31.965220
2,33.18,70.68,False,2026-04-13 07:51:31.965220
2,37.84,70.65,False,2026-04-13 08:51:31.965220
2,40.19,70.62,False,2026-04-13 09:51:31.965220
2,43.95,70.57,False,2026-04-13 10:51:31.965220
2,45.75,70.52,False,2026-04-13 11:51:31.965220
2,48.91,70.48,False,2026-04-13 12:51:31.965220
2,51.85,70.44,False,2026-04-13 13:51:31.965220
2,55.59,70.41,False,2026-04-13 14:51:31.965220
2,56.94,70.4,False,2026-04-13 15:51:31.965220
2,57.91,70.38,False,2026-04-13 16:51:31.965220
2,60.66,70.37,False,2026-04-13 17:51:31.965220
2,63.79,70.32,False,2026-04-13 18:51:31.965220
2,67.72,70.29,False,2026-04-13 19:51:31.965220
2,69.31,70.25,False,2026-04-13 20:51:31.965220
2,70.4,70.23,False,2026-04-13 21:51:31.965220
2,71.05,70.22,False,2026-04-13 22:51:31.965220
2,72.35,70.17,False,2026-04-13 23:51:31.965220
2,72.5,70.15,False,2026-04-14 00:51:31.965220
2,72.72,70.13,False,2026-04-14 01:51:31.965220
2,72.78,70.1,False,2026-04-14 02:51:31.965220
2,72.86,70.06,False,2026-04-14 03:51:31.965220
2,72.88,70.03,False,2026-04-14 04:51:31.965220
2,73.25,69.99,False,2026-04-14 05:51:31.965220
2,74.91,69.95,False,2026-04-14 06:51:31.965220
2,76.9,69.91,False,2026-04-14 07:51:31.965220
2,81.0,69.89,False,2026-04-14 08:51:31.965220
2,8.48,69.84,False,2026-04-14 09:51:31.965220
2,11.44,69.81,False,2026-04-14 10:51:31.965220
2,13.31,69.79,False,2026-04-14 11:51:31.965220
2,17.12,69.77,False,2026-04-14 12:51:31.965220
2,19.15,69.74,False,2026-04-14 13:51:31.965220
2,21.91,69.69,False,2026-04-14 14:51:31.965220
2,23.63,69.67,False,2026-04-14 15:51:31.965220
2,24.46,69.65,False,2026-04-14 16:51:31.965220
2,29.28,69.63,False,2026-04-14 17:51:31.965220
2,32.1,69.58,False,2026-04-14 18:51:31.965220
2,36.85,69.56,False,2026-04-14 19:51:31.965220
2,38.83,69.52,False,2026-04-14 20:51:31.965220
2,39.82,69.49,False,2026-04-14 21:51:31.965220
2,41.3,69.46,False,2026-04-14 22:51:31.965220
2,41.81,69.43,False,2026-04-14 23:51:31.965220
2,41.86,69.38,False,2026-04-15 00:51:31.965220
2,42.17,69.37,False,2026-04-15 01:51:31.965220
2,42.27,69.35,False,2026-04-15 02:51:31.965220
2,42.68,69.34,False,2026-04-15 03:51:31.965220
2,43.02,69.32,False,2026-04-15 04:51:31.965220
2,43.1,69.28,False,2026-04-15 05:51:31.965220
2,43.95,69.24,False,2026-04-15 06:51:31.965220
2,45.45,69.21,False,2026-04-15 07:51:31.965220
2,49.2,69.16,False,2026-04-15 08:51:31.965220
2,53.44,69.12,False,2026-04-15 09:51:31.965220
2,56.48,69.09,False,2026-04-15 10:51:31.965220
2,57.78,69.07,False,2026-04-15 11:51:31.965220
2,60.51,69.04,False,2026-04-15 12:51:31.965220
2,62.62,69.02,False,2026-04-15 13:51:31.965220
2,66.93,68.98,False,2026-04-15 14:51:31.965220
2,67.58,68.95,False,2026-04-15 15:51:31.965220
2,69.52,68.92,False,2026-04-15 16:51:31.965220
2,74.39,68.89,False,2026-04-15 17:51:31.965220
2,79.1,68.87,False,2026-04-15 18:51:31.965220
2,83.69,68.85,False,2026-04-15 19:51:31.965220
2,7.36,68.81,False,2026-04-15 20:51:31.965220
2,8.39,68.78,False,2026-04-15 21:51:31.965220
2,9.89,68.76,False,2026-04-15 22:51:31.965220
2,11.77,68.73,False,2026-04-15 23:51:31.965220
2,11.94,68.68,False,2026-04-16 00:51:31.965220
2,12.43,68.64,False,2026-04-16 01:51:31.965220
2,12.7,68.61,False,2026-04-16 02:51:31.965220
2,12.75,68.57,False,2026-04-16 03:51:31.965220
2,13.13,68.53,False,2026-04-16 04:51:31.965220
2,13.37,68.51,False,2026-04-16 05:51:31.965220
2,14.48,68.5,False,2026-04-16 06:51:31.965220
2,15.76,68.49,False,2026-04-16 07:51:31.965220
2,18.15,68.46,False,2026-04-16 08:51:31.965220
2,22.61,68.44,False,2026-04-16 09:51:31.965220
2,25.55,68.39,False,2026-04-16 10:51:31.965220
2,27.03,68.38,False,2026-04-16 11:51:31.965220
2,30.55,68.35,False,2026-04-16 12:51:31.965220
2,32.58,68.33,False,2026-04-16 13:51:31.965220
2,35.3,68.3,False,2026-04-16 14:51:31.965220
2,36.64,68.27,False,2026-04-16 15:51:31.965220
2,37.61,68.23,False,2026-04-16 16:51:31.965220
2,41.23,68.19,False,2026-04-16 17:51:31.965220
2,44.77,68.17,False,2026-04-16 18:51:31.965220
2,49.33,68.13,False,2026-04-16 19:51:31.965220
2,51.11,68.08,False,2026-04-16 20:51:31.965220
2,51.74,68.05,False,2026-04-16 21:51:31.965220
2,53.57,68.01,False,2026-04-16 22:51:31.965220
2,55.21,67.97,False,2026-04-16 23:51:31.965220
2,55.35,67.94,False,2026-04-17 00:51:31.965220
2,55.51,67.89,False,2026-04-17 01:51:31.965220
2,55.62,67.88,False,2026-04-17 02:51:31.965220
2,55.85,67.86,False,2026-04-17 03:51:31.965220
2,55.91,67.84,False,2026-04-17 04:51:31.965220
2,56.29,67.8,False,2026-04-17 05:51:31.965220
2,58.19,67.76,False,2026-04-17 06:51:31.965220
2,59.68,67.71,False,2026-04-17 07:51:31.965220
2,64.05,67.67,False,2026-04-17 08:51:31.965220
2,68.75,67.65,False,2026-04-17 09:51:31.965220
2,72.19,67.63,False,2026-04-17 10:51:31.965220
2,73.07,67.61,False,2026-04-17 11:51:31.965220
2,75.47,67.57,False,2026-04-17 12:51:31.965220
2,77.56,67.55,False,2026-04-17 13:51:31.965220
2,81.25,67.51,False,2026-04-17 14:51:31.965220
2,11.38,67.48,False,2026-04-17 15:51:31.965220
2,12.79,67.46,False,2026-04-17 16:51:31.965220
2,15.28,67.43,False,2026-04-17 17:51:31.965220
2,18.84,67.41,False,2026-04-17 18:51:31.965220
2,23.45,67.36,False,2026-04-17 19:51:31.965220
2,24.02,67.32,False,2026-04-17 20:51:31.965220
2,25.55,67.27,False,2026-04-17 21:51:31.965220
2,27.32,67.25,False,2026-04-17 22:51:31.965220
2,29.15,67.21,False,2026-04-17 23:51:31.965220
2,29.43,67.16,False,2026-04-18 00:51:31.965220
2,29.64,67.15,False,2026-04-18 01:51:31.965220
2,29.99,67.13,False,2026-04-18 02:51:31.965220
2,30.1,67.09,False,2026-04-18 03:51:31.965220
2,30.26,67.07,False,2026-04-18 04:51:31.965220
2,30.59,67.03,False,2026-04-18 05:51:31.965220
2,32.35,67.01,False,2026-04-18 06:51:31.965220
2,33.72,66.96,False,2026-04-18 07:51:31.965220
2,37.05,66.93,False,2026-04-18 08:51:31.965220
2,40.02,66.92,False,2026-04-18 09:51:31.965220
2,43.56,66.91,False,2026-04-18 10:51:31.965220
2,44.56,66.87,False,2026-04-18 11:51:31.965220
2,47.6,66.85,False,2026-04-18 12:51:31.965220
2,52.56,66.83,False,2026-04-18 13:51:31.965220
2,55.65,66.81,False,2026-04-18 14:51:31.965220
2,57.06,66.76,False,2026-04-18 15:51:31.965220
2,58.0,66.73,False,2026-04-18 16:51:31.965220
2,60.99,66.7,False,2026-04-18 17:51:31.965220
2,65.15,66.69,False,2026-04-18 18:51:31.965220
2,67.16,66.65,False,2026-04-18 19:51:31.965220
2,68.37,66.62,False,2026-04-18 20:51:31.965220
2,69.85,66.58,False,2026-04-18 21:51:31.965220
2,70.76,66.57,False,2026-04-18 22:51:31.965220
2,72.56,66.55,False,2026-04-18 23:51:31.965220
2,72.89,66.5,False,2026-04-19 00:51:31.965220
2,73.31,66.49,False,2026-04-19 01:51:31.965220
2,73.35,66.48,False,2026-04-19 02:51:31.965220
2,73.51,66.45,False,2026-04-19 03:51:31.965220
2,73.72,66.41,False,2026-04-19 04:51:31.965220
2,73.8,66.36,False,2026-04-19 05:51:31.965220
2,74.81,66.34,False,2026-04-19 06:51:31.965220
2,75.44,66.31,False,2026-04-19 07:51:31.965220
2,77.82,66.3,False,2026-04-19 08:51:31.965220
2,82.32,66.26,False,2026-04-19 09:51:31.965220
2,7.43,66.23,False,2026-04-19 10:51:31.965220
2,8.57,66.2,False,2026-04-19 11:51:31.965220
2,11.52,66.16,False,2026-04-19 12:51:31.965220
2,14.87,66.13,False,2026-04-19 13:51:31.965220
2,18.49,66.09,False,2026-04-19 14:51:31.965220
2,19.54,66.07,False,2026-04-19 15:51:31.965220
2,20.09,66.04,False,2026-04-19 16:51:31.965220
2,23.27,66.02,False,2026-04-19 17:51:31.965220
2,26.84,65.98,False,2026-04-19 18:51:31.965220
2,30.47,65.94,False,2026-04-19 19:51:31.965220
2,32.15,65.92,False,2026-04-19 20:51:31.965220
2,34.01,65.88,False,2026-04-19 21:51:31.965220
2,35.23,65.86,False,2026-04-19 22:51:31.965220
2,36.48,65.83,False,2026-04-19 23:51:31.965220
2,36.88,65.79,False,2026-04-20 00:51:31.965220
2,37.06,65.74,False,2026-04-20 01:51:31.965220
2,37.33,65.73,False,2026-04-20 02:51:31.965220
2,37.76,65.71,False,2026-04-20 03:51:31.965220
2,38.23,65.67,False,2026-04-20 04:51:31.965220
2,38.25,65.66,False,2026-04-20 05:51:31.965220
2,39.29,65.62,False,2026-04-20 06:51:31.965220
2,41.1,65.58,False,2026-04-20 07:51:31.965220
2,43.69,65.53,False,2026-04-20 08:51:31.965220
2,48.53,65.52,False,2026-04-20 09:51:31.965220
2,51.46,65.49,False,2026-04-20 10:51:31.965220
2,52.01,65.48,False,2026-04-20 11:51:31.965220
2,56.26,65.43,False,2026-04-20 12:51:31.965220
2,61.25,65.4,False,2026-04-20 13:51:31.965220
2,66.21,65.38,False,2026-04-20 14:51:31.965220
2,67.21,65.35,False,2026-04-20 15:51:31.965220
2,67.8,65.34,False,2026-04-20 16:51:31.965220
2,70.49,65.32,False,2026-04-20 17:51:31.965220
2,72.6,65.27,False,2026-04-20 18:51:31.965220
2,75.37,65.23,False,2026-04-20 19:51:31.965220
2,76.56,65.21,False,2026-04-20 20:51:31.965220
2,77.89,65.17,False,2026-04-20 21:51:31.965220
2,78.79,65.15,False,2026-04-20 22:51:31.965220
2,80.57,65.1,False,2026-04-20 23:51:31.965220
2,9.04,65.07,False,2026-04-21 00:51:31.965220
2,9.23,65.02,False,2026-04-21 01:51:31.965220
2,9.48,64.99,False,2026-04-21 02:51:31.965220
2,9.67,64.96,False,2026-04-21 03:51:31.965220
2,9.76,64.93,False,2026-04-21 04:51:31.965220
2,9.96,64.91,False,2026-04-21 05:51:31.965220
2,10.56,64.88,False,2026-04-21 06:51:31.965220
2,12.09,64.87,False,2026-04-21 07:51:31.965220
2,15.99,64.84,False,2026-04-21 08:51:31.965220
2,20.89,64.81,False,2026-04-21 09:51:31.965220
2,23.2,64.78,False,2026-04-21 10:51:31.965220
2,24.84,64.77,False,2026-04-21 11:51:31.965220
2,28.61,64.73,False,2026-04-21 12:51:31.965220
2,33.38,64.68,False,2026-04-21 13:51:31.965220
2,38.34,64.67,False,2026-04-21 14:51:31.965220
2,38.96,64.62,False,2026-04-21 15:51:31.965220
2,40.08,64.6,False,2026-04-21 16:51:31.965220
2,43.91,64.59,False,2026-04-21 17:51:31.965220
2,47.66,64.55,False,2026-04-21 18:51:31.965220
2,51.5,64.53,False,2026-04-21 19:51:31.965220
2,53.44,64.52,False,2026-04-21 20:51:31.965220
2,55.16,64.49,False,2026-04-21 21:51:31.965220
2,56.63,64.45,False,2026-04-21 22:51:31.965220
2,57.88,64.4,False,2026-04-21 23:51:31.965220
2,58.35,64.36,False,2026-04-22 00:51:31.965220
2,58.49,64.32,False,2026-04-22 01:51:31.965220
2,58.64,64.28,False,2026-04-22 02:51:31.965220
2,58.66,64.27,False,2026-04-22 03:51:31.965220
2,58.73,64.24,False,2026-04-22 04:51:31.965220
2,59.06,64.2,False,2026-04-22 05:51:31.965220
2,61.04,64.19,False,2026-04-22 06:51:31.965220
2,62.58,64.16,False,2026-04-22 07:51:31.965220
2,66.12,64.14,False,2026-04-22 08:51:31.965220
2,70.01,64.11,False,2026-04-22 09:51:31.965220
2,74.17,64.08,False,2026-04-22 10:51:31.965220
2,75.11,64.05,False,2026-04-22 11:51:31.965220
2,79.23,64.01,False,2026-04-22 12:51:31.965220
2,83.31,63.96,False,2026-04-22 13:51:31.965220
2,6.71,63.95,False,2026-04-22 14:51:31.965220
2,7.58,63.93,False,2026-04-22 15:51:31.965220
2,8.86,63.89,False,2026-04-22 16:51:31.965220
2,13.64,63.84,False,2026-04-22 17:51:31.965220
2,16.09,63.81,False,2026-04-22 18:51:31.965220
2,19.56,63.79,False,2026-04-22 19:51:31.965220
2,21.46,63.74,False,2026-04-22 20:51:31.965220
2,22.41,63.72,False,2026-04-22 21:51:31.965220
2,23.1,63.71,False,2026-04-22 22:51:31.965220
2,24.32,63.67,False,2026-04-22 23:51:31.965220
2,24.74,63.66,False,2026-04-23 00:51:31.965220
2,25.2,63.62,False,2026-04-23 01:51:31.965220
2,25.48,63.58,False,2026-04-23 02:51:31.965220
2,25.81,63.55,False,2026-04-23 03:51:31.965220
2,26.28,63.51,False,2026-04-23 04:51:31.965220
2,26.65,63.47,False,2026-04-23 05:51:31.965220
2,27.75,63.44,False,2026-04-23 06:51:31.965220
2,28.49,63.41,False,2026-04-23 07:51:31.965220
2,33.43,63.38,False,2026-04-23 08:51:31.965220
2,36.41,63.36,False,2026-04-23 09:51:31.965220
2,39.56,63.34,False,2026-04-23 10:51:31.965220
2,40.96,63.32,False,2026-04-23 11:51:31.965220
2,44.53,63.3,False,2026-04-23 12:51:31.965220
2,47.58,63.27,False,2026-04-23 13:51:31.965220
2,50.73,63.25,False,2026-04-23 14:51:31.965220
2,51.9,63.2,False,2026-04-23 15:51:31.965220
2,52.49,63.17,False,2026-04-23 16:51:31.965220
2,56.02,63.14,False,2026-04-23 17:51:31.965220
2,60.9,63.12,False,2026-04-23 18:51:31.965220
2,63.96,63.09,False,2026-04-23 19:51:31.965220
2,65.38,63.07,False,2026-04-23 20:51:31.965220
2,67.1,63.05,False,2026-04-23 21:51:31.965220
2,67.86,63.01,False,2026-04-23 22:51:31.965220
2,68.54,62.97,False,2026-04-23 23:51:31.965220
2,69.0,62.92,False,2026-04-24 00:51:31.965220
2,69.3,62.88,False,2026-04-24 01:51:31.965220
2,69.36,62.83,False,2026-04-24 02:51:31.965220
2,69.38,62.81,False,2026-04-24 03:51:31.965220
2,69.43,62.77,False,2026-04-24 04:51:31.965220
2,69.75,62.74,False,2026-04-24 05:51:31.965220
2,71.47,62.7,False,2026-04-24 06:51:31.965220
2,72.67,62.65,False,2026-04-24 07:51:31.965220
2,75.7,62.63,False,2026-04-24 08:51:31.965220
2,79.36,62.6,False,2026-04-24 09:51:31.965220
2,83.5,62.55,False,2026-04-24 10:51:31.965220
2,5.99,62.52,False,2026-04-24 11:51:31.965220
2,10.26,62.5,False,2026-04-24 12:51:31.965220
2,13.3,62.46,False,2026-04-24 13:51:31.965220
2,16.18,62.44,False,2026-04-24 14:51:31.965220
2,17.33,62.41,False,2026-04-24 15:51:31.965220
2,18.04,62.37,False,2026-04-24 16:51:31.965220
2,20.46,62.34,False,2026-04-24 17:51:31.965220
2,23.33,62.32,False,2026-04-24 18:51:31.965220
2,26.38,62.3,False,2026-04-24 19:51:31.965220
2,27.3,62.26,False,2026-04-24 20:51:31.965220
2,28.49,62.21,False,2026-04-24 21:51:31.965220
2,29.64,62.2,False,2026-04-24 22:51:31.965220
2,30.4,62.17,False,2026-04-24 23:51:31.965220
2,30.49,62.14,False,2026-04-25 00:51:31.965220
2,30.94,62.1,False,2026-04-25 01:51:31.965220
2,31.39,62.08,False,2026-04-25 02:51:31.965220
2,31.79,62.05,False,2026-04-25 03:51:31.965220
2,31.82,62.02,False,2026-04-25 04:51:31.965220
2,32.01,62.01,False,2026-04-25 05:51:31.965220
2,33.17,61.98,False,2026-04-25 06:51:31.965220
2,34.24,61.94,False,2026-04-25 07:51:31.965220
2,37.89,61.9,False,2026-04-25 08:51:31.965220
2,42.74,61.86,False,2026-04-25 09:51:31.965220
2,46.97,61.82,False,2026-04-25 10:51:31.965220
2,48.28,61.78,False,2026-04-25 11:51:31.965220
2,52.21,61.74,False,2026-04-25 12:51:31.965220
2,57.14,61.72,False,2026-04-25 13:51:31.965220
2,61.73,61.68,False,2026-04-25 14:51:31.965220
2,62.65,61.65,False,2026-04-25 15:51:31.965220
2,63.93,61.61,False,2026-04-25 16:51:31.965220
2,68.6,61.59,False,2026-04-25 17:51:31.965220
2,72.87,61.56,False,2026-04-25 18:51:31.965220
2,77.07,61.52,False,2026-04-25 19:51:31.965220
2,78.41,61.5,False,2026-04-25 20:51:31.965220
2,79.69,61.49,False,2026-04-25 21:51:31.965220
2,80.32,61.46,False,2026-04-25 22:51:31.965220
2,10.12,61.42,False,2026-04-25 23:51:31.965220
2,10.44,61.39,False,2026-04-26 00:51:31.965220
2,10.49,61.36,False,2026-04-26 01:51:31.965220
2,10.54,61.34,False,2026-04-26 02:51:31.965220
2,10.69,61.32,False,2026-04-26 03:51:31.965220
2,10.89,61.31,False,2026-04-26 04:51:31.965220
2,11.11,61.28,False,2026-04-26 05:51:31.965220
2,11.87,61.24,False,2026-04-26 06:51:31.965220
2,12.88,61.21,False,2026-04-26 07:51:31.965220
2,17.81,61.2,False,2026-04-26 08:51:31.965220
2,20.27,61.17,False,2026-04-26 09:51:31.965220
2,24.22,61.12,False,2026-04-26 10:51:31.965220
2,25.27,61.1,False,2026-04-26 11:51:31.965220
2,27.37,61.08,False,2026-04-26 12:51:31.965220
2,30.36,61.04,False,2026-04-26 13:51:31.965220
2,34.05,61.02,False,2026-04-26 14:51:31.965220
2,34.74,60.99,False,2026-04-26 15:51:31.965220
2,35.65,60.97,False,2026-04-26 16:51:31.965220
2,39.74,60.95,False,2026-04-26 17:51:31.965220
2,44.1,60.93,False,2026-04-26 18:51:31.965220
2,47.4,60.92,False,2026-04-26 19:51:31.965220
2,48.36,60.87,False,2026-04-26 20:51:31.965220
2,49.41,60.82,False,2026-04-26 21:51:31.965220
2,50.38,60.78,False,2026-04-26 22:51:31.965220
2,51.74,60.74,False,2026-04-26 23:51:31.965220
2,52.24,60.71,False,2026-04-27 00:51:31.965220
2,52.66,60.66,False,2026-04-27 01:51:31.965220
2,52.79,60.63,False,2026-04-27 02:51:31.965220
2,52.85,60.58,False,2026-04-27 03:51:31.965220
2,52.89,60.55,False,2026-04-27 04:51:31.965220
2,53.07,60.52,False,2026-04-27 05:51:31.965220
2,54.17,60.48,False,2026-04-27 06:51:31.965220
2,55.07,60.43,False,2026-04-27 07:51:31.965220
2,58.22,60.41,False,2026-04-27 08:51:31.965220
2,61.5,60.4,False,2026-04-27 09:51:31.965220
2,65.69,60.38,False,2026-04-27 10:51:31.965220
2,67.13,60.35,False,2026-04-27 11:51:31.965220
2,71.03,60.34,False,2026-04-27 12:51:31.965220
2,73.14,60.31,False,2026-04-27 13:51:31.965220
2,76.97,60.28,False,2026-04-27 14:51:31.965220
2,78.48,60.27,False,2026-04-27 15:51:31.965220
2,79.8,60.24,False,2026-04-27 16:51:31.965220
2,82.64,60.22,False,2026-04-27 17:51:31.965220
2,11.17,60.21,False,2026-04-27 18:51:31.965220
2,13.36,60.18,False,2026-04-27 19:51:31.965220
2,15.18,60.14,False,2026-04-27 20:51:31.965220
2,16.08,60.11,False,2026-04-27 21:51:31.965220
2,16.67,60.09,False,2026-04-27 22:51:31.965220
2,17.35,60.05,False,2026-04-27 23:51:31.965220
2,17.53,60.03,False,2026-04-28 00:51:31.965220
2,17.81,59.99,False,2026-04-28 01:51:31.965220
2,18.24,59.95,False,2026-04-28 02:51:31.965220
2,18.65,59.93,False,2026-04-28 03:51:31.965220
2,19.11,59.89,False,2026-04-28 04:51:31.965220
2,19.44,59.85,False,2026-04-28 05:51:31.965220
2,20.68,59.82,False,2026-04-28 06:51:31.965220
2,22.27,59.78,False,2026-04-28 07:51:31.965220
2,25.87,59.76,False,2026-04-28 08:51:31.965220
2,29.55,59.71,False,2026-04-28 09:51:31.965220
2,32.03,59.69,False,2026-04-28 10:51:31.965220
2,33.22,59.65,False,2026-04-28 11:51:31.965220
2,37.23,59.6,False,2026-04-28 12:51:31.965220
2,41.36,59.59,False,2026-04-28 13:51:31.965220
2,44.63,59.56,False,2026-04-28 14:51:31.965220
2,45.98,59.53,False,2026-04-28 15:51:31.965220
2,46.57,59.52,False,2026-04-28 16:51:31.965220
2,50.83,59.48,False,2026-04-28 17:51:31.965220
2,52.89,59.47,False,2026-04-28 18:51:31.965220
2,56.15,59.43,False,2026-04-28 19:51:31.965220
2,57.73,59.41,False,2026-04-28 20:51:31.965220
2,59.58,59.38,False,2026-04-28 21:51:31.965220
2,60.13,59.33,False,2026-04-28 22:51:31.965220
2,62.1,59.32,False,2026-04-28 23:51:31.965220
2,62.14,59.28,False,2026-04-29 00:51:31.965220
2,62.39,59.27,False,2026-04-29 01:51:31.965220
2,62.73,59.23,False,2026-04-29 02:51:31.965220
2,62.95,59.2,False,2026-04-29 03:51:31.965220
2,63.31,59.16,False,2026-04-29 04:51:31.965220
2,63.54,59.15,False,2026-04-29 05:51:31.965220
2,64.74,59.13,False,2026-04-29 06:51:31.965220
2,66.27,59.1,False,2026-04-29 07:51:31.965220
2,70.53,59.08,False,2026-04-29 08:51:31.965220
2,73.94,59.06,False,2026-04-29 09:51:31.965220
2,77.95,59.03,False,2026-04-29 10:51:31.965220
2,79.54,59.02,False,2026-04-29 11:51:31.965220
2,83.29,59.01,False,2026-04-29 12:51:31.965220
2,11.62,58.96,False,2026-04-29 13:51:31.965220
2,14.66,58.94,False,2026-04-29 14:51:31.965220
2,16.38,58.89,False,2026-04-29 15:51:31.965220
2,17.36,58.87,False,2026-04-29 16:51:31.965220
2,22.05,58.84,False,2026-04-29 17:51:31.965220
2,24.08,58.81,False,2026-04-29 18:51:31.965220
2,26.28,58.78,False,2026-04-29 19:51:31.965220
2,27.91,58.74,False,2026-04-29 20:51:31.965220
2,29.45,58.7,False,2026-04-29 21:51:31.965220
2,30.17,58.65,False,2026-04-29 22:51:31.965220
2,31.05,58.62,False,2026-04-29 23:51:31.965220
2,31.19,58.6,False,2026-04-30 00:51:31.965220
2,31.62,58.55,False,2026-04-30 01:51:31.965220
2,31.94,58.53,False,2026-04-30 02:51:31.965220
2,32.06,58.48,False,2026-04-30 03:51:31.965220
2,32.39,58.45,False,2026-04-30 04:51:31.965220
2,32.85,58.42,False,2026-04-30 05:51:31.965220
2,34.53,58.41,False,2026-04-30 06:51:31.965220
2,36.33,58.36,False,2026-04-30 07:51:31.965220
2,39.2,58.34,False,2026-04-30 08:51:31.965220
2,41.7,58.3,False,2026-04-30 09:51:31.965220
2,45.99,58.28,False,2026-04-30 10:51:31.965220
2,47.95,58.26,False,2026-04-30 11:51:31.965220
2,52.71,58.22,False,2026-04-30 12:51:31.965220
2,57.09,58.2,False,2026-04-30 13:51:31.965220
2,60.98,58.18,False,2026-04-30 14:51:31.965220
2,61.82,58.14,False,2026-04-30 15:51:31.965220
2,62.61,58.13,False,2026-04-30 16:51:31.965220
2,65.45,58.09,False,2026-04-30 17:51:31.965220
2,69.32,58.05,False,2026-04-30 18:51:31.965220
2,73.91,58.03,False,2026-04-30 19:51:31.965220
2,74.88,58.02,False,2026-04-30 20:51:31.965220
2,76.36,58.01,False,2026-04-30 21:51:31.965220
2,77.21,57.99,False,2026-04-30 22:51:31.965220
2,77.8,57.98,False,2026-04-30 23:51:31.965220
2,77.88,57.94,False,2026-05-01 00:51:31.965220
2,77.88,57.93,False,2026-05-01 01:51:31.965220
2,78.29,57.9,False,2026-05-01 02:51:31.965220
2,78.36,57.89,False,2026-05-01 03:51:31.965220
2,78.58,57.85,False,2026-05-01 04:51:31.965220
2,78.68,57.82,False,2026-05-01 05:51:31.965220
2,80.67,57.79,False,2026-05-01 06:51:31.965220
2,7.7,57.74,False,2026-05-01 07:51:31.965220
2,10.75,57.72,False,2026-05-01 08:51:31.965220
2,15.51,57.68,False,2026-05-01 09:51:31.965220
2,18.23,57.64,False,2026-05-01 10:51:31.965220
2,19.8,57.61,False,2026-05-01 11:51:31.965220
2,24.79,57.59,False,2026-05-01 12:51:31.965220
2,28.5,57.56,False,2026-05-01 13:51:31.965220
2,30.62,57.53,False,2026-05-01 14:51:31.965220
2,32.36,57.51,False,2026-05-01 15:51:31.965220
2,33.31,57.49,False,2026-05-01 16:51:31.965220
2,37.0,57.46,False,2026-05-01 17:51:31.965220
2,41.6,57.44,False,2026-05-01 18:51:31.965220
2,46.27,57.41,False,2026-05-01 19:51:31.965220
2,47.08,57.38,False,2026-05-01 20:51:31.965220
2,49.08,57.37,False,2026-05-01 21:51:31.965220
2,51.04,57.34,False,2026-05-01 22:51:31.965220
2,52.3,57.31,False,2026-05-01 23:51:31.965220
2,52.79,57.29,False,2026-05-02 00:51:31.965220
2,53.05,57.26,False,2026-05-02 01:51:31.965220
2,53.37,57.25,False,2026-05-02 02:51:31.965220
2,53.63,57.23,False,2026-05-02 03:51:31.965220
2,53.64,57.21,False,2026-05-02 04:51:31.965220
2,53.93,57.17,False,2026-05-02 05:51:31.965220
2,55.29,57.16,False,2026-05-02 06:51:31.965220
2,55.82,57.15,False,2026-05-02 07:51:31.965220
2,58.59,57.12,False,2026-05-02 08:51:31.965220
2,61.61,57.09,False,2026-05-02 09:51:31.965220
2,64.36,57.04,False,2026-05-02 10:51:31.965220
2,66.27,57.0,False,2026-05-02 11:51:31.965220
2,68.55,56.95,False,2026-05-02 12:51:31.965220
2,72.81,56.93,False,2026-05-02 13:51:31.965220
2,77.41,56.89,False,2026-05-02 14:51:31.965220
2,79.0,56.86,False,2026-05-02 15:51:31.965220
2,79.98,56.83,False,2026-05-02 16:51:31.965220
2,82.49,56.78,False,2026-05-02 17:51:31.965220
2,9.68,56.75,False,2026-05-02 18:51:31.965220
2,13.97,56.7,False,2026-05-02 19:51:31.965220
2,15.96,56.66,False,2026-05-02 20:51:31.965220
2,17.5,56.64,False,2026-05-02 21:51:31.965220
2,19.06,56.61,False,2026-05-02 22:51:31.965220
2,20.95,56.58,False,2026-05-02 23:51:31.965220
2,21.11,56.53,False,2026-05-03 00:51:31.965220
2,21.46,56.49,False,2026-05-03 01:51:31.965220
2,21.49,56.47,False,2026-05-03 02:51:31.965220
2,21.82,56.45,False,2026-05-03 03:51:31.965220
2,22.08,56.42,False,2026-05-03 04:51:31.965220
2,22.31,56.39,False,2026-05-03 05:51:31.965220
2,23.04,56.36,False,2026-05-03 06:51:31.965220
2,24.16,56.31,False,2026-05-03 07:51:31.965220
2,26.53,56.3,False,2026-05-03 08:51:31.965220
2,28.96,56.28,False,2026-05-03 09:51:31.965220
2,32.81,56.24,False,2026-05-03 10:51:31.965220
2,34.65,56.21,False,2026-05-03 11:51:31.965220
2,39.07,56.17,False,2026-05-03 12:51:31.965220
2,43.05,56.12,False,2026-05-03 13:51:31.965220
2,45.64,56.08,False,2026-05-03 14:51:31.965220
2,46.41,56.03,False,2026-05-03 15:51:31.965220
2,47.77,55.99,False,2026-05-03 16:51:31.965220
2,52.45,55.96,False,2026-05-03 17:51:31.965220
2,57.44,55.95,False,2026-05-03 18:51:31.965220
2,61.67,55.92,False,2026-05-03 19:51:31.965220
2,63.59,55.9,False,2026-05-03 20:51:31.965220
2,65.05,55.88,False,2026-05-03 21:51:31.965220
2,66.71,55.83,False,2026-05-03 22:51:31.965220
2,67.63,55.78,False,2026-05-03 23:51:31.965220
2,67.73,55.74,False,2026-05-04 00:51:31.965220
2,67.92,55.72,False,2026-05-04 01:51:31.965220
2,67.95,55.67,False,2026-05-04 02:51:31.965220
2,68.33,55.66,False,2026-05-04 03:51:31.965220
2,68.5,55.62,False,2026-05-04 04:51:31.965220
2,68.76,55.59,False,2026-05-04 05:51:31.965220
2,70.49,55.56,False,2026-05-04 06:51:31.965220
2,72.29,55.54,False,2026-05-04 07:51:31.965220
2,77.04,55.51,False,2026-05-04 08:51:31.965220
2,79.37,55.49,False,2026-05-04 09:51:31.965220
2,84.13,55.47,False,2026-05-04 10:51:31.965220
2,6.8,55.44,False,2026-05-04 11:51:31.965220
2,9.5,55.42,False,2026-05-04 12:51:31.965220
2,13.71,55.37,False,2026-05-04 13:51:31.965220
2,17.95,55.35,False,2026-05-04 14:51:31.965220
2,19.02,55.34,False,2026-05-04 15:51:31.965220
2,20.45,55.31,False,2026-05-04 16:51:31.965220
2,24.01,55.27,False,2026-05-04 17:51:31.965220
2,28.3,55.23,False,2026-05-04 18:51:31.965220
2,30.89,55.21,False,2026-05-04 19:51:31.965220
2,32.88,55.17,False,2026-05-04 20:51:31.965220
2,33.75,55.14,False,2026-05-04 21:51:31.965220
2,35.02,55.13,False,2026-05-04 22:51:31.965220
2,35.64,55.11,False,2026-05-04 23:51:31.965220
2,35.99,55.06,False,2026-05-05 00:51:31.965220
2,36.34,55.04,False,2026-05-05 01:51:31.965220
2,36.53,55.01,False,2026-05-05 02:51:31.965220
2,36.66,54.96,False,2026-05-05 03:51:31.965220
2,37.07,54.92,False,2026-05-05 04:51:31.965220
2,37.26,54.88,False,2026-05-05 05:51:31.965220
2,38.76,54.83,False,2026-05-05 06:51:31.965220
2,40.34,54.79,False,2026-05-05 07:51:31.965220
2,43.24,54.77,False,2026-05-05 08:51:31.965220
2,46.23,54.74,False,2026-05-05 09:51:31.965220
2,48.66,54.71,False,2026-05-05 10:51:31.965220
2,49.24,54.66,False,2026-05-05 11:51:31.965220
2,51.61,54.63,False,2026-05-05 12:51:31.965220
2,54.4,54.62,False,2026-05-05 13:51:31.965220
2,58.37,54.6,False,2026-05-05 14:51:31.965220
2,60.06,54.56,False,2026-05-05 15:51:31.965220
2,61.02,54.53,False,2026-05-05 16:51:31.965220
2,65.42,54.52,False,2026-05-05 17:51:31.965220
2,67.87,54.49,False,2026-05-05 18:51:31.965220
2,70.45,54.44,False,2026-05-05 19:51:31.965220
2,71.03,54.4,False,2026-05-05 20:51:31.965220
2,72.76,54.38,False,2026-05-05 21:51:31.965220
2,73.43,54.34,False,2026-05-05 22:51:31.965220
2,75.35,54.29,False,2026-05-05 23:51:31.965220
2,75.73,54.25,False,2026-05-06 00:51:31.965220
2,75.88,54.21,False,2026-05-06 01:51:31.965220
2,76.28,54.17,False,2026-05-06 02:51:31.965220
2,76.69,54.16,False,2026-05-06 03:51:31.965220
2,77.13,54.13,False,2026-05-06 04:51:31.965220
2,77.59,54.1,False,2026-05-06 05:51:31.965220
2,78.81,54.09,False,2026-05-06 06:51:31.965220
2,79.52,54.06,False,2026-05-06 07:51:31.965220
2,82.31,54.03,False,2026-05-06 08:51:31.965220
2,13.99,54.01,False,2026-05-06 09:51:31.965220
2,17.89,53.98,False,2026-05-06 10:51:31.965220
2,18.92,53.94,False,2026-05-06 11:51:31.965220
2,22.48,53.91,False,2026-05-06 12:51:31.965220
2,25.27,53.87,False,2026-05-06 13:51:31.965220
2,28.73,53.84,False,2026-05-06 14:51:31.965220
2,29.73,53.81,False,2026-05-06 15:51:31.965220
2,31.73,53.8,False,2026-05-06 16:51:31.965220
2,35.08,53.78,False,2026-05-06 17:51:31.965220
2,39.93,53.76,False,2026-05-06 18:51:31.965220
2,44.31,53.72,False,2026-05-06 19:51:31.965220
2,46.24,53.69,False,2026-05-06 20:51:31.965220
2,47.8,53.66,False,2026-05-06 21:51:31.965220
2,49.11,53.63,False,2026-05-06 22:51:31.965220
2,50.73,53.59,False,2026-05-06 23:51:31.965220
2,51.09,53.56,False,2026-05-07 00:51:31.965220
2,51.23,53.55,False,2026-05-07 01:51:31.965220
2,51.68,53.5,False,2026-05-07 02:51:31.965220
2,51.84,53.46,False,2026-05-07 03:51:31.965220
2,52.1,53.42,False,2026-05-07 04:51:31.965220
2,52.23,53.39,False,2026-05-07 05:51:31.965220
2,52.78,53.37,False,2026-05-07 06:51:31.965220
2,53.59,53.35,False,2026-05-07 07:51:31.965220
2,58.45,53.31,False,2026-05-07 08:51:31.965220
2,63.44,53.27,False,2026-05-07 09:51:31.965220
2,65.78,53.24,False,2026-05-07 10:51:31.965220
2,66.85,53.2,False,2026-05-07 11:51:31.965220
2,69.24,53.15,False,2026-05-07 12:51:31.965220
2,72.98,53.14,False,2026-05-07 13:51:31.965220
2,77.17,53.12,False,2026-05-07 14:51:31.965220
2,78.29,53.11,False,2026-05-07 15:51:31.965220
2,79.26,53.09,False,2026-05-07 16:51:31.965220
2,82.63,53.05,False,2026-05-07 17:51:31.965220
2,9.27,53.01,False,2026-05-07 18:51:31.965220
2,11.51,52.97,False,2026-05-07 19:51:31.965220
2,12.06,52.96,False,2026-05-07 20:51:31.965220
3,22.64,89.99,False,2026-03-08 21:51:31.987931
3,23.94,89.97,False,2026-03-08 22:51:31.987931
3,25.52,89.95,False,2026-03-08 23:51:31.987931
3,25.85,89.91,False,2026-03-09 00:51:31.987931
3,26.32,89.86,False,2026-03-09 01:51:31.987931
3,26.41,89.85,False,2026-03-09 02:51:31.987931
3,26.89,89.83,False,2026-03-09 03:51:31.987931
3,27.08,89.81,False,2026-03-09 04:51:31.987931
3,27.37,89.77,False,2026-03-09 05:51:31.987931
3,28.51,89.75,False,2026-03-09 06:51:31.987931
3,30.4,89.71,False,2026-03-09 07:51:31.987931
3,34.85,89.69,False,2026-03-09 08:51:31.987931
3,37.93,89.65,False,2026-03-09 09:51:31.987931
3,41.16,89.63,False,2026-03-09 10:51:31.987931
3,41.99,89.62,False,2026-03-09 11:51:31.987931
3,46.79,89.6,False,2026-03-09 12:51:31.987931
3,51.2,89.56,False,2026-03-09 13:51:31.987931
3,55.05,89.52,False,2026-03-09 14:51:31.987931
3,56.64,89.48,False,2026-03-09 15:51:31.987931
3,57.17,89.46,False,2026-03-09 16:51:31.987931
3,59.18,89.44,False,2026-03-09 17:51:31.987931
3,61.65,89.42,False,2026-03-09 18:51:31.987931
3,64.21,89.38,False,2026-03-09 19:51:31.987931
3,64.82,89.33,False,2026-03-09 20:51:31.987931
3,65.44,89.29,False,2026-03-09 21:51:31.987931
3,67.21,89.27,False,2026-03-09 22:51:31.987931
3,68.96,89.24,False,2026-03-09 23:51:31.987931
3,69.1,89.21,False,2026-03-10 00:51:31.987931
3,69.2,89.19,False,2026-03-10 01:51:31.987931
3,69.53,89.15,False,2026-03-10 02:51:31.987931
3,70.02,89.11,False,2026-03-10 03:51:31.987931
3,70.26,89.08,False,2026-03-10 04:51:31.987931
3,70.45,89.04,False,2026-03-10 05:51:31.987931
3,71.39,89.02,False,2026-03-10 06:51:31.987931
3,72.9,89.0,False,2026-03-10 07:51:31.987931
3,77.0,88.96,False,2026-03-10 08:51:31.987931
3,80.3,88.94,False,2026-03-10 09:51:31.987931
3,8.67,88.92,False,2026-03-10 10:51:31.987931
3,9.9,88.9,False,2026-03-10 11:51:31.987931
3,12.37,88.88,False,2026-03-10 12:51:31.987931
3,16.27,88.87,False,2026-03-10 13:51:31.987931
3,20.88,88.85,False,2026-03-10 14:51:31.987931
3,22.0,88.81,False,2026-03-10 15:51:31.987931
3,23.39,88.79,False,2026-03-10 16:51:31.987931
3,25.74,88.77,False,2026-03-10 17:51:31.987931
3,30.02,88.75,False,2026-03-10 18:51:31.987931
3,34.77,88.73,False,2026-03-10 19:51:31.987931
3,35.63,88.72,False,2026-03-10 20:51:31.987931
3,37.27,88.69,False,2026-03-10 21:51:31.987931
3,37.87,88.66,False,2026-03-10 22:51:31.987931
3,38.39,88.62,False,2026-03-10 23:51:31.987931
3,38.87,88.61,False,2026-03-11 00:51:31.987931
3,39.27,88.59,False,2026-03-11 01:51:31.987931
3,39.73,88.56,False,2026-03-11 02:51:31.987931
3,40.18,88.54,False,2026-03-11 03:51:31.987931
3,40.61,88.5,False,2026-03-11 04:51:31.987931
3,40.82,88.48,False,2026-03-11 05:51:31.987931
3,41.34,88.43,False,2026-03-11 06:51:31.987931
3,43.3,88.4,False,2026-03-11 07:51:31.987931
3,47.09,88.36,False,2026-03-11 08:51:31.987931
3,50.32,88.33,False,2026-03-11 09:51:31.987931
3,53.05,88.3,False,2026-03-11 10:51:31.987931
3,54.87,88.25,False,2026-03-11 11:51:31.987931
3,59.53,88.21,False,2026-03-11 12:51:31.987931
3,62.4,88.17,False,2026-03-11 13:51:31.987931
3,67.36,88.14,False,2026-03-11 14:51:31.987931
3,68.56,88.12,False,2026-03-11 15:51:31.987931
3,69.64,88.07,False,2026-03-11 16:51:31.987931
3,73.63,88.02,False,2026-03-11 17:51:31.987931
3,77.72,88.0,False,2026-03-11 18:51:31.987931
3,80.62,87.98,False,2026-03-11 19:51:31.987931
3,5.49,87.96,False,2026-03-11 20:51:31.987931
3,6.12,87.94,False,2026-03-11 21:51:31.987931
3,7.15,87.93,False,2026-03-11 22:51:31.987931
3,7.84,87.9,False,2026-03-11 23:51:31.987931
3,7.95,87.87,False,2026-03-12 00:51:31.987931
3,8.31,87.82,False,2026-03-12 01:51:31.987931
3,8.78,87.78,False,2026-03-12 02:51:31.987931
3,9.19,87.74,False,2026-03-12 03:51:31.987931
3,9.59,87.73,False,2026-03-12 04:51:31.987931
3,9.8,87.71,False,2026-03-12 05:51:31.987931
3,11.56,87.67,False,2026-03-12 06:51:31.987931
3,12.4,87.66,False,2026-03-12 07:51:31.987931
3,16.19,87.62,False,2026-03-12 08:51:31.987931
3,21.05,87.59,False,2026-03-12 09:51:31.987931
3,25.75,87.55,False,2026-03-12 10:51:31.987931
3,26.98,87.54,False,2026-03-12 11:51:31.987931
3,31.77,87.49,False,2026-03-12 12:51:31.987931
3,36.12,87.45,False,2026-03-12 13:51:31.987931
3,38.52,87.41,False,2026-03-12 14:51:31.987931
3,40.44,87.38,False,2026-03-12 15:51:31.987931
3,42.39,87.36,False,2026-03-12 16:51:31.987931
3,47.13,87.32,False,2026-03-12 17:51:31.987931
3,51.76,87.29,False,2026-03-12 18:51:31.987931
3,56.42,87.26,False,2026-03-12 19:51:31.987931
3,57.07,87.24,False,2026-03-12 20:51:31.987931
3,58.05,87.21,False,2026-03-12 21:51:31.987931
3,59.21,87.16,False,2026-03-12 22:51:31.987931
3,60.46,87.13,False,2026-03-12 23:51:31.987931
3,60.75,87.09,False,2026-03-13 00:51:31.987931
3,60.87,87.04,False,2026-03-13 01:51:31.987931
3,61.03,87.01,False,2026-03-13 02:51:31.987931
3,61.28,86.97,False,2026-03-13 03:51:31.987931
3,61.71,86.94,False,2026-03-13 04:51:31.987931
3,61.72,86.89,False,2026-03-13 05:51:31.987931
3,63.12,86.85,False,2026-03-13 06:51:31.987931
3,63.67,86.82,False,2026-03-13 07:51:31.987931
3,68.14,86.8,False,2026-03-13 08:51:31.987931
3,73.03,86.78,False,2026-03-13 09:51:31.987931
3,76.14,86.75,False,2026-03-13 10:51:31.987931
3,77.5,86.73,False,2026-03-13 11:51:31.987931
3,82.18,86.71,False,2026-03-13 12:51:31.987931
3,9.14,86.67,False,2026-03-13 13:51:31.987931
3,13.12,86.66,False,2026-03-13 14:51:31.987931
3,14.5,86.65,False,2026-03-13 15:51:31.987931
3,16.4,86.63,False,2026-03-13 16:51:31.987931
3,20.86,86.6,False,2026-03-13 17:51:31.987931
3,25.6,86.55,False,2026-03-13 18:51:31.987931
3,27.71,86.52,False,2026-03-13 19:51:31.987931
3,29.14,86.5,False,2026-03-13 20:51:31.987931
3,31.11,86.46,False,2026-03-13 21:51:31.987931
3,32.43,86.44,False,2026-03-13 22:51:31.987931
3,34.41,86.4,False,2026-03-13 23:51:31.987931
3,34.51,86.36,False,2026-03-14 00:51:31.987931
3,34.88,86.32,False,2026-03-14 01:51:31.987931
3,34.94,86.3,False,2026-03-14 02:51:31.987931
3,35.13,86.29,False,2026-03-14 03:51:31.987931
3,35.29,86.27,False,2026-03-14 04:51:31.987931
3,35.76,86.26,False,2026-03-14 05:51:31.987931
3,37.71,86.22,False,2026-03-14 06:51:31.987931
3,38.31,86.19,False,2026-03-14 07:51:31.987931
3,41.85,86.17,False,2026-03-14 08:51:31.987931
3,44.55,86.12,False,2026-03-14 09:51:31.987931
3,47.81,86.08,False,2026-03-14 10:51:31.987931
3,48.58,86.05,False,2026-03-14 11:51:31.987931
3,51.37,86.03,False,2026-03-14 12:51:31.987931
3,55.19,86.01,False,2026-03-14 13:51:31.987931
3,58.98,85.99,False,2026-03-14 14:51:31.987931
3,60.97,85.95,False,2026-03-14 15:51:31.987931
3,62.67,85.93,False,2026-03-14 16:51:31.987931
3,65.81,85.91,False,2026-03-14 17:51:31.987931
3,70.63,85.9,False,2026-03-14 18:51:31.987931
3,74.9,85.85,False,2026-03-14 19:51:31.987931
3,76.61,85.82,False,2026-03-14 20:51:31.987931
3,77.75,85.8,False,2026-03-14 21:51:31.987931
3,78.33,85.79,False,2026-03-14 22:51:31.987931
3,79.6,85.76,False,2026-03-14 23:51:31.987931
3,80.08,85.71,False,2026-03-15 00:51:31.987931
3,6.79,85.66,False,2026-03-15 01:51:31.987931
3,7.04,85.62,False,2026-03-15 02:51:31.987931
3,7.44,85.6,False,2026-03-15 03:51:31.987931
3,7.48,85.58,False,2026-03-15 04:51:31.987931
3,7.96,85.54,False,2026-03-15 05:51:31.987931
3,9.38,85.5,False,2026-03-15 06:51:31.987931
3,10.73,85.48,False,2026-03-15 07:51:31.987931
3,15.53,85.45,False,2026-03-15 08:51:31.987931
3,20.23,85.41,False,2026-03-15 09:51:31.987931
3,24.09,85.38,False,2026-03-15 10:51:31.987931
3,24.77,85.36,False,2026-03-15 11:51:31.987931
3,27.83,85.32,False,2026-03-15 12:51:31.987931
3,30.29,85.29,False,2026-03-15 13:51:31.987931
3,34.46,85.26,False,2026-03-15 14:51:31.987931
3,35.66,85.23,False,2026-03-15 15:51:31.987931
3,36.68,85.19,False,2026-03-15 16:51:31.987931
3,41.38,85.16,False,2026-03-15 17:51:31.987931
3,45.04,85.14,False,2026-03-15 18:51:31.987931
3,48.24,85.11,False,2026-03-15 19:51:31.987931
3,49.94,85.09,False,2026-03-15 20:51:31.987931
3,51.65,85.05,False,2026-03-15 21:51:31.987931
3,52.47,85.01,False,2026-03-15 22:51:31.987931
3,54.04,84.98,False,2026-03-15 23:51:31.987931
3,54.41,84.96,False,2026-03-16 00:51:31.987931
3,54.7,84.95,False,2026-03-16 01:51:31.987931
3,54.88,84.91,False,2026-03-16 02:51:31.987931
3,55.28,84.87,False,2026-03-16 03:51:31.987931
3,55.67,84.84,False,2026-03-16 04:51:31.987931
3,55.81,84.8,False,2026-03-16 05:51:31.987931
3,57.41,84.76,False,2026-03-16 06:51:31.987931
3,57.99,84.73,False,2026-03-16 07:51:31.987931
3,61.41,84.7,False,2026-03-16 08:51:31.987931
3,65.57,84.67,False,2026-03-16 09:51:31.987931
3,70.52,84.64,False,2026-03-16 10:51:31.987931
3,71.86,84.63,False,2026-03-16 11:51:31.987931
3,76.64,84.58,False,2026-03-16 12:51:31.987931
3,81.19,84.56,False,2026-03-16 13:51:31.987931
3,9.95,84.53,False,2026-03-16 14:51:31.987931
3,11.36,84.5,False,2026-03-16 15:51:31.987931
3,12.57,84.47,False,2026-03-16 16:51:31.987931
3,16.72,84.43,False,2026-03-16 17:51:31.987931
3,19.58,84.4,False,2026-03-16 18:51:31.987931
3,23.83,84.36,False,2026-03-16 19:51:31.987931
3,25.79,84.32,False,2026-03-16 20:51:31.987931
3,27.56,84.31,False,2026-03-16 21:51:31.987931
3,29.38,84.26,False,2026-03-16 22:51:31.987931
3,30.71,84.24,False,2026-03-16 23:51:31.987931
3,31.07,84.23,False,2026-03-17 00:51:31.987931
3,31.39,84.21,False,2026-03-17 01:51:31.987931
3,31.84,84.19,False,2026-03-17 02:51:31.987931
3,32.06,84.14,False,2026-03-17 03:51:31.987931
3,32.49,84.11,False,2026-03-17 04:51:31.987931
3,32.73,84.1,False,2026-03-17 05:51:31.987931
3,33.45,84.06,False,2026-03-17 06:51:31.987931
3,34.67,84.03,False,2026-03-17 07:51:31.987931
3,37.88,83.98,False,2026-03-17 08:51:31.987931
3,42.08,83.93,False,2026-03-17 09:51:31.987931
3,44.91,83.89,False,2026-03-17 10:51:31.987931
3,45.44,83.85,False,2026-03-17 11:51:31.987931
3,47.71,83.81,False,2026-03-17 12:51:31.987931
3,51.86,83.79,False,2026-03-17 13:51:31.987931
3,55.42,83.75,False,2026-03-17 14:51:31.987931
3,56.19,83.74,False,2026-03-17 15:51:31.987931
3,57.96,83.69,False,2026-03-17 16:51:31.987931
3,62.67,83.67,False,2026-03-17 17:51:31.987931
3,66.11,83.63,False,2026-03-17 18:51:31.987931
3,68.94,83.59,False,2026-03-17 19:51:31.987931
3,70.41,83.56,False,2026-03-17 20:51:31.987931
3,71.44,83.55,False,2026-03-17 21:51:31.987931
3,73.21,83.52,False,2026-03-17 22:51:31.987931
3,74.08,83.5,False,2026-03-17 23:51:31.987931
3,74.22,83.47,False,2026-03-18 00:51:31.987931
3,74.23,83.44,False,2026-03-18 01:51:31.987931
3,74.52,83.42,False,2026-03-18 02:51:31.987931
3,74.62,83.38,False,2026-03-18 03:51:31.987931
3,75.04,83.33,False,2026-03-18 04:51:31.987931
3,75.46,83.3,False,2026-03-18 05:51:31.987931
3,76.54,83.25,False,2026-03-18 06:51:31.987931
3,77.4,83.21,False,2026-03-18 07:51:31.987931
3,80.44,83.17,False,2026-03-18 08:51:31.987931
3,8.23,83.13,False,2026-03-18 09:51:31.987931
3,13.02,83.11,False,2026-03-18 10:51:31.987931
3,14.0,83.07,False,2026-03-18 11:51:31.987931
3,18.56,83.04,False,2026-03-18 12:51:31.987931
3,22.11,83.01,False,2026-03-18 13:51:31.987931
3,26.39,82.99,False,2026-03-18 14:51:31.987931
3,28.05,82.97,False,2026-03-18 15:51:31.987931
3,28.7,82.94,False,2026-03-18 16:51:31.987931
3,31.12,82.92,False,2026-03-18 17:51:31.987931
3,33.44,82.9,False,2026-03-18 18:51:31.987931
3,38.07,82.86,False,2026-03-18 19:51:31.987931
3,40.06,82.83,False,2026-03-18 20:51:31.987931
3,40.99,82.81,False,2026-03-18 21:51:31.987931
3,42.99,82.79,False,2026-03-18 22:51:31.987931
3,44.19,82.78,False,2026-03-18 23:51:31.987931
3,44.38,82.74,False,2026-03-19 00:51:31.987931
3,44.84,82.71,False,2026-03-19 01:51:31.987931
3,45.08,82.67,False,2026-03-19 02:51:31.987931
3,45.55,82.64,False,2026-03-19 03:51:31.987931
3,45.59,82.61,False,2026-03-19 04:51:31.987931
3,45.8,82.56,False,2026-03-19 05:51:31.987931
3,46.71,82.51,False,2026-03-19 06:51:31.987931
3,47.7,82.49,False,2026-03-19 07:51:31.987931
3,50.23,82.45,False,2026-03-19 08:51:31.987931
3,53.85,82.44,False,2026-03-19 09:51:31.987931
3,55.87,82.43,False,2026-03-19 10:51:31.987931
3,57.17,82.39,False,2026-03-19 11:51:31.987931
3,61.19,82.34,False,2026-03-19 12:51:31.987931
3,66.13,82.31,False,2026-03-19 13:51:31.987931
3,69.53,82.27,False,2026-03-19 14:51:31.987931
3,70.24,82.23,False,2026-03-19 15:51:31.987931
3,71.72,82.19,False,2026-03-19 16:51:31.987931
3,75.85,82.18,False,2026-03-19 17:51:31.987931
3,80.54,82.17,False,2026-03-19 18:51:31.987931
3,14.23,82.15,False,2026-03-19 19:51:31.987931
3,16.14,82.11,False,2026-03-19 20:51:31.987931
3,16.85,82.07,False,2026-03-19 21:51:31.987931
3,17.94,82.03,False,2026-03-19 22:51:31.987931
3,19.41,82.0,False,2026-03-19 23:51:31.987931
3,19.55,81.96,False,2026-03-20 00:51:31.987931
3,19.71,81.95,False,2026-03-20 01:51:31.987931
3,19.88,81.92,False,2026-03-20 02:51:31.987931
3,20.1,81.9,False,2026-03-20 03:51:31.987931
3,20.17,81.86,False,2026-03-20 04:51:31.987931
3,20.51,81.82,False,2026-03-20 05:51:31.987931
3,22.08,81.78,False,2026-03-20 06:51:31.987931
3,24.05,81.74,False,2026-03-20 07:51:31.987931
3,26.95,81.69,False,2026-03-20 08:51:31.987931
3,29.02,81.66,False,2026-03-20 09:51:31.987931
3,34.02,81.64,False,2026-03-20 10:51:31.987931
3,35.98,81.62,False,2026-03-20 11:51:31.987931
3,40.86,81.61,False,2026-03-20 12:51:31.987931
3,43.04,81.57,False,2026-03-20 13:51:31.987931
3,46.86,81.52,False,2026-03-20 14:51:31.987931
3,48.11,81.49,False,2026-03-20 15:51:31.987931
3,48.7,81.46,False,2026-03-20 16:51:31.987931
3,52.77,81.44,False,2026-03-20 17:51:31.987931
3,54.79,81.4,False,2026-03-20 18:51:31.987931
3,57.38,81.37,False,2026-03-20 19:51:31.987931
3,59.01,81.36,False,2026-03-20 20:51:31.987931
3,59.8,81.31,False,2026-03-20 21:51:31.987931
3,60.92,81.28,False,2026-03-20 22:51:31.987931
3,61.55,81.24,False,2026-03-20 23:51:31.987931
3,61.98,81.21,False,2026-03-21 00:51:31.987931
3,62.07,81.19,False,2026-03-21 01:51:31.987931
3,62.38,81.15,False,2026-03-21 02:51:31.987931
3,62.57,81.12,False,2026-03-21 03:51:31.987931
3,62.83,81.09,False,2026-03-21 04:51:31.987931
3,63.08,81.07,False,2026-03-21 05:51:31.987931
3,65.01,81.04,False,2026-03-21 06:51:31.987931
3,66.71,81.01,False,2026-03-21 07:51:31.987931
3,70.78,80.97,False,2026-03-21 08:51:31.987931
3,73.06,80.93,False,2026-03-21 09:51:31.987931
3,76.38,80.91,False,2026-03-21 10:51:31.987931
3,77.85,80.89,False,2026-03-21 11:51:31.987931
3,80.71,80.84,False,2026-03-21 12:51:31.987931
3,8.47,80.8,False,2026-03-21 13:51:31.987931
3,12.11,80.77,False,2026-03-21 14:51:31.987931
3,13.68,80.74,False,2026-03-21 15:51:31.987931
3,15.3,80.7,False,2026-03-21 16:51:31.987931
3,18.91,80.66,False,2026-03-21 17:51:31.987931
3,23.43,80.63,False,2026-03-21 18:51:31.987931
3,27.16,80.59,False,2026-03-21 19:51:31.987931
3,27.95,80.54,False,2026-03-21 20:51:31.987931
3,29.87,80.5,False,2026-03-21 21:51:31.987931
3,30.94,80.46,False,2026-03-21 22:51:31.987931
3,32.42,80.42,False,2026-03-21 23:51:31.987931
3,32.64,80.38,False,2026-03-22 00:51:31.987931
3,32.72,80.33,False,2026-03-22 01:51:31.987931
3,32.93,80.31,False,2026-03-22 02:51:31.987931
3,33.43,80.27,False,2026-03-22 03:51:31.987931
3,33.82,80.23,False,2026-03-22 04:51:31.987931
3,33.87,80.19,False,2026-03-22 05:51:31.987931
3,35.2,80.18,False,2026-03-22 06:51:31.987931
3,36.76,80.16,False,2026-03-22 07:51:31.987931
3,38.82,80.13,False,2026-03-22 08:51:31.987931
3,41.15,80.1,False,2026-03-22 09:51:31.987931
3,46.08,80.08,False,2026-03-22 10:51:31.987931
3,46.98,80.04,False,2026-03-22 11:51:31.987931
3,50.96,80.01,False,2026-03-22 12:51:31.987931
3,53.93,79.96,False,2026-03-22 13:51:31.987931
3,56.9,79.91,False,2026-03-22 14:51:31.987931
3,58.6,79.89,False,2026-03-22 15:51:31.987931
3,59.94,79.85,False,2026-03-22 16:51:31.987931
3,64.05,79.83,False,2026-03-22 17:51:31.987931
3,66.88,79.8,False,2026-03-22 18:51:31.987931
3,69.09,79.77,False,2026-03-22 19:51:31.987931
3,69.99,79.75,False,2026-03-22 20:51:31.987931
3,71.7,79.71,False,2026-03-22 21:51:31.987931
3,73.2,79.66,False,2026-03-22 22:51:31.987931
3,74.34,79.64,False,2026-03-22 23:51:31.987931
3,74.6,79.63,False,2026-03-23 00:51:31.987931
3,74.79,79.59,False,2026-03-23 01:51:31.987931
3,75.18,79.56,False,2026-03-23 02:51:31.987931
3,75.32,79.52,False,2026-03-23 03:51:31.987931
3,75.44,79.51,False,2026-03-23 04:51:31.987931
3,75.75,79.47,False,2026-03-23 05:51:31.987931
3,76.88,79.43,False,2026-03-23 06:51:31.987931
3,77.96,79.4,False,2026-03-23 07:51:31.987931
3,80.64,79.36,False,2026-03-23 08:51:31.987931
3,13.01,79.35,False,2026-03-23 09:51:31.987931
3,16.24,79.33,False,2026-03-23 10:51:31.987931
3,18.11,79.29,False,2026-03-23 11:51:31.987931
3,21.22,79.25,False,2026-03-23 12:51:31.987931
3,25.29,79.22,False,2026-03-23 13:51:31.987931
3,27.7,79.18,False,2026-03-23 14:51:31.987931
3,28.69,79.16,False,2026-03-23 15:51:31.987931
3,30.33,79.12,False,2026-03-23 16:51:31.987931
3,33.92,79.09,False,2026-03-23 17:51:31.987931
3,38.74,79.06,False,2026-03-23 18:51:31.987931
3,43.21,79.03,False,2026-03-23 19:51:31.987931
3,44.44,79.01,False,2026-03-23 20:51:31.987931
3,45.86,78.99,False,2026-03-23 21:51:31.987931
3,46.45,78.95,False,2026-03-23 22:51:31.987931
3,47.04,78.92,False,2026-03-23 23:51:31.987931
3,47.44,78.88,False,2026-03-24 00:51:31.987931
3,47.63,78.87,False,2026-03-24 01:51:31.987931
3,47.91,78.83,False,2026-03-24 02:51:31.987931
3,48.13,78.8,False,2026-03-24 03:51:31.987931
3,48.44,78.75,False,2026-03-24 04:51:31.987931
3,48.86,78.74,False,2026-03-24 05:51:31.987931
3,49.92,78.7,False,2026-03-24 06:51:31.987931
3,51.65,78.69,False,2026-03-24 07:51:31.987931
3,54.03,78.67,False,2026-03-24 08:51:31.987931
3,56.73,78.63,False,2026-03-24 09:51:31.987931
3,59.97,78.61,False,2026-03-24 10:51:31.987931
3,61.63,78.58,False,2026-03-24 11:51:31.987931
3,64.09,78.53,False,2026-03-24 12:51:31.987931
3,66.77,78.51,False,2026-03-24 13:51:31.987931
3,69.65,78.49,False,2026-03-24 14:51:31.987931
3,71.25,78.48,False,2026-03-24 15:51:31.987931
3,72.7,78.47,False,2026-03-24 16:51:31.987931
3,75.65,78.44,False,2026-03-24 17:51:31.987931
3,79.36,78.42,False,2026-03-24 18:51:31.987931
3,84.02,78.41,False,2026-03-24 19:51:31.987931
3,6.65,78.37,False,2026-03-24 20:51:31.987931
3,7.83,78.33,False,2026-03-24 21:51:31.987931
3,9.49,78.32,False,2026-03-24 22:51:31.987931
3,11.45,78.29,False,2026-03-24 23:51:31.987931
3,11.67,78.25,False,2026-03-25 00:51:31.987931
3,11.96,78.21,False,2026-03-25 01:51:31.987931
3,12.38,78.19,False,2026-03-25 02:51:31.987931
3,12.67,78.17,False,2026-03-25 03:51:31.987931
3,12.73,78.12,False,2026-03-25 04:51:31.987931
3,12.76,78.08,False,2026-03-25 05:51:31.987931
3,14.32,78.06,False,2026-03-25 06:51:31.987931
3,15.45,78.04,False,2026-03-25 07:51:31.987931
3,19.82,78.01,False,2026-03-25 08:51:31.987931
3,24.79,77.97,False,2026-03-25 09:51:31.987931
3,27.15,77.92,False,2026-03-25 10:51:31.987931
3,28.44,77.89,False,2026-03-25 11:51:31.987931
3,32.52,77.85,False,2026-03-25 12:51:31.987931
3,36.04,77.8,False,2026-03-25 13:51:31.987931
3,38.59,77.75,False,2026-03-25 14:51:31.987931
3,39.26,77.72,False,2026-03-25 15:51:31.987931
3,40.21,77.7,False,2026-03-25 16:51:31.987931
3,44.97,77.69,False,2026-03-25 17:51:31.987931
3,46.98,77.65,False,2026-03-25 18:51:31.987931
3,49.09,77.61,False,2026-03-25 19:51:31.987931
3,49.92,77.58,False,2026-03-25 20:51:31.987931
3,51.55,77.55,False,2026-03-25 21:51:31.987931
3,52.74,77.51,False,2026-03-25 22:51:31.987931
3,53.24,77.48,False,2026-03-25 23:51:31.987931
3,53.28,77.43,False,2026-03-26 00:51:31.987931
3,53.4,77.4,False,2026-03-26 01:51:31.987931
3,53.46,77.38,False,2026-03-26 02:51:31.987931
3,53.75,77.34,False,2026-03-26 03:51:31.987931
3,54.01,77.33,False,2026-03-26 04:51:31.987931
3,54.27,77.31,False,2026-03-26 05:51:31.987931
3,55.99,77.26,False,2026-03-26 06:51:31.987931
3,57.42,77.22,False,2026-03-26 07:51:31.987931
3,60.48,77.19,False,2026-03-26 08:51:31.987931
3,63.02,77.14,False,2026-03-26 09:51:31.987931
3,65.85,77.13,False,2026-03-26 10:51:31.987931
3,67.02,77.09,False,2026-03-26 11:51:31.987931
3,70.09,77.07,False,2026-03-26 12:51:31.987931
3,72.68,77.03,False,2026-03-26 13:51:31.987931
3,76.12,76.99,False,2026-03-26 14:51:31.987931
3,77.77,76.96,False,2026-03-26 15:51:31.987931
3,78.67,76.91,False,2026-03-26 16:51:31.987931
3,80.98,76.87,False,2026-03-26 17:51:31.987931
3,12.21,76.83,False,2026-03-26 18:51:31.987931
3,17.0,76.81,False,2026-03-26 19:51:31.987931
3,18.77,76.79,False,2026-03-26 20:51:31.987931
3,19.9,76.78,False,2026-03-26 21:51:31.987931
3,21.56,76.75,False,2026-03-26 22:51:31.987931
3,23.16,76.7,False,2026-03-26 23:51:31.987931
3,23.34,76.66,False,2026-03-27 00:51:31.987931
3,23.47,76.62,False,2026-03-27 01:51:31.987931
3,23.52,76.58,False,2026-03-27 02:51:31.987931
3,23.6,76.53,False,2026-03-27 03:51:31.987931
3,24.08,76.49,False,2026-03-27 04:51:31.987931
3,24.22,76.48,False,2026-03-27 05:51:31.987931
3,25.9,76.44,False,2026-03-27 06:51:31.987931
3,26.78,76.4,False,2026-03-27 07:51:31.987931
3,29.22,76.38,False,2026-03-27 08:51:31.987931
3,31.99,76.34,False,2026-03-27 09:51:31.987931
3,35.4,76.3,False,2026-03-27 10:51:31.987931
3,36.21,76.28,False,2026-03-27 11:51:31.987931
3,39.51,76.23,False,2026-03-27 12:51:31.987931
3,41.53,76.2,False,2026-03-27 13:51:31.987931
3,46.29,76.16,False,2026-03-27 14:51:31.987931
3,47.23,76.12,False,2026-03-27 15:51:31.987931
3,48.62,76.09,False,2026-03-27 16:51:31.987931
3,52.53,76.06,False,2026-03-27 17:51:31.987931
3,54.98,76.02,False,2026-03-27 18:51:31.987931
3,57.06,75.99,False,2026-03-27 19:51:31.987931
3,58.71,75.95,False,2026-03-27 20:51:31.987931
3,59.21,75.92,False,2026-03-27 21:51:31.987931
3,60.83,75.9,False,2026-03-27 22:51:31.987931
3,61.44,75.86,False,2026-03-27 23:51:31.987931
3,61.71,75.83,False,2026-03-28 00:51:31.987931
3,62.06,75.8,False,2026-03-28 01:51:31.987931
3,62.18,75.77,False,2026-03-28 02:51:31.987931
3,62.51,75.75,False,2026-03-28 03:51:31.987931
3,62.91,75.71,False,2026-03-28 04:51:31.987931
3,63.2,75.7,False,2026-03-28 05:51:31.987931
3,64.3,75.68,False,2026-03-28 06:51:31.987931
3,66.07,75.66,False,2026-03-28 07:51:31.987931
3,69.53,75.64,False,2026-03-28 08:51:31.987931
3,72.49,75.62,False,2026-03-28 09:51:31.987931
3,77.27,75.59,False,2026-03-28 10:51:31.987931
3,78.4,75.56,False,2026-03-28 11:51:31.987931
3,80.95,75.52,False,2026-03-28 12:51:31.987931
3,9.2,75.47,False,2026-03-28 13:51:31.987931
3,12.07,75.45,False,2026-03-28 14:51:31.987931
3,13.3,75.41,False,2026-03-28 15:51:31.987931
3,15.03,75.37,False,2026-03-28 16:51:31.987931
3,17.41,75.36,False,2026-03-28 17:51:31.987931
3,21.63,75.33,False,2026-03-28 18:51:31.987931
3,26.38,75.3,False,2026-03-28 19:51:31.987931
3,27.5,75.27,False,2026-03-28 20:51:31.987931
3,28.39,75.25,False,2026-03-28 21:51:31.987931
3,30.27,75.2,False,2026-03-28 22:51:31.987931
3,30.96,75.18,False,2026-03-28 23:51:31.987931
3,31.37,75.14,False,2026-03-29 00:51:31.987931
3,31.38,75.12,False,2026-03-29 01:51:31.987931
3,31.59,75.1,False,2026-03-29 02:51:31.987931
3,31.64,75.05,False,2026-03-29 03:51:31.987931
3,31.92,75.01,False,2026-03-29 04:51:31.987931
3,32.36,74.97,False,2026-03-29 05:51:31.987931
3,34.18,74.93,False,2026-03-29 06:51:31.987931
3,35.1,74.91,False,2026-03-29 07:51:31.987931
3,39.82,74.88,False,2026-03-29 08:51:31.987931
3,42.37,74.84,False,2026-03-29 09:51:31.987931
3,46.04,74.8,False,2026-03-29 10:51:31.987931
3,46.85,74.78,False,2026-03-29 11:51:31.987931
3,49.19,74.75,False,2026-03-29 12:51:31.987931
3,53.85,74.73,False,2026-03-29 13:51:31.987931
3,58.66,74.69,False,2026-03-29 14:51:31.987931
3,59.41,74.67,False,2026-03-29 15:51:31.987931
3,60.56,74.64,False,2026-03-29 16:51:31.987931
3,63.77,74.62,False,2026-03-29 17:51:31.987931
3,67.63,74.6,False,2026-03-29 18:51:31.987931
3,70.15,74.57,False,2026-03-29 19:51:31.987931
3,71.79,74.56,False,2026-03-29 20:51:31.987931
3,72.62,74.54,False,2026-03-29 21:51:31.987931
3,73.89,74.5,False,2026-03-29 22:51:31.987931
3,75.85,74.48,False,2026-03-29 23:51:31.987931
3,76.2,74.45,False,2026-03-30 00:51:31.987931
3,76.22,74.41,False,2026-03-30 01:51:31.987931
3,76.36,74.36,False,2026-03-30 02:51:31.987931
3,76.44,74.31,False,2026-03-30 03:51:31.987931
3,76.65,74.28,False,2026-03-30 04:51:31.987931
3,77.13,74.25,False,2026-03-30 05:51:31.987931
3,78.2,74.21,False,2026-03-30 06:51:31.987931
3,79.73,74.16,False,2026-03-30 07:51:31.987931
3,83.31,74.14,False,2026-03-30 08:51:31.987931
3,12.67,74.11,False,2026-03-30 09:51:31.987931
3,16.61,74.06,False,2026-03-30 10:51:31.987931
3,17.36,74.03,False,2026-03-30 11:51:31.987931
3,21.37,74.01,False,2026-03-30 12:51:31.987931
3,24.24,74.0,False,2026-03-30 13:51:31.987931
3,27.42,73.99,False,2026-03-30 14:51:31.987931
3,28.83,73.96,False,2026-03-30 15:51:31.987931
3,30.2,73.94,False,2026-03-30 16:51:31.987931
3,35.03,73.93,False,2026-03-30 17:51:31.987931
3,38.02,73.9,False,2026-03-30 18:51:31.987931
3,40.25,73.87,False,2026-03-30 19:51:31.987931
3,42.01,73.84,False,2026-03-30 20:51:31.987931
3,42.91,73.81,False,2026-03-30 21:51:31.987931
3,43.5,73.78,False,2026-03-30 22:51:31.987931
3,44.68,73.75,False,2026-03-30 23:51:31.987931
3,45.14,73.73,False,2026-03-31 00:51:31.987931
3,45.32,73.72,False,2026-03-31 01:51:31.987931
3,45.72,73.7,False,2026-03-31 02:51:31.987931
3,45.89,73.68,False,2026-03-31 03:51:31.987931
3,46.23,73.63,False,2026-03-31 04:51:31.987931
3,46.49,73.62,False,2026-03-31 05:51:31.987931
3,47.3,73.59,False,2026-03-31 06:51:31.987931
3,48.8,73.54,False,2026-03-31 07:51:31.987931
3,52.73,73.52,False,2026-03-31 08:51:31.987931
3,57.72,73.49,False,2026-03-31 09:51:31.987931
3,61.17,73.45,False,2026-03-31 10:51:31.987931
3,63.1,73.41,False,2026-03-31 11:51:31.987931
3,67.49,73.37,False,2026-03-31 12:51:31.987931
3,70.05,73.32,False,2026-03-31 13:51:31.987931
3,74.37,73.31,False,2026-03-31 14:51:31.987931
3,75.11,73.27,False,2026-03-31 15:51:31.987931
3,76.4,73.23,False,2026-03-31 16:51:31.987931
3,81.14,73.22,False,2026-03-31 17:51:31.987931
3,7.29,73.19,False,2026-03-31 18:51:31.987931
3,12.26,73.16,False,2026-03-31 19:51:31.987931
3,13.45,73.11,False,2026-03-31 20:51:31.987931
3,14.55,73.08,False,2026-03-31 21:51:31.987931
3,15.99,73.04,False,2026-03-31 22:51:31.987931
3,16.96,73.02,False,2026-03-31 23:51:31.987931
3,17.02,72.98,False,2026-04-01 00:51:31.987931
3,17.31,72.95,False,2026-04-01 01:51:31.987931
3,17.39,72.92,False,2026-04-01 02:51:31.987931
3,17.5,72.9,False,2026-04-01 03:51:31.987931
3,17.95,72.88,False,2026-04-01 04:51:31.987931
3,18.08,72.85,False,2026-04-01 05:51:31.987931
3,19.96,72.82,False,2026-04-01 06:51:31.987931
3,21.08,72.8,False,2026-04-01 07:51:31.987931
3,24.74,72.78,False,2026-04-01 08:51:31.987931
3,28.43,72.74,False,2026-04-01 09:51:31.987931
3,31.98,72.7,False,2026-04-01 10:51:31.987931
3,33.91,72.66,False,2026-04-01 11:51:31.987931
3,36.93,72.64,False,2026-04-01 12:51:31.987931
3,40.32,72.59,False,2026-04-01 13:51:31.987931
3,44.53,72.58,False,2026-04-01 14:51:31.987931
3,45.23,72.54,False,2026-04-01 15:51:31.987931
3,46.78,72.52,False,2026-04-01 16:51:31.987931
3,51.45,72.49,False,2026-04-01 17:51:31.987931
3,54.83,72.48,False,2026-04-01 18:51:31.987931
3,57.14,72.43,False,2026-04-01 19:51:31.987931
3,58.0,72.41,False,2026-04-01 20:51:31.987931
3,58.83,72.4,False,2026-04-01 21:51:31.987931
3,59.98,72.36,False,2026-04-01 22:51:31.987931
3,60.72,72.32,False,2026-04-01 23:51:31.987931
3,60.87,72.3,False,2026-04-02 00:51:31.987931
3,61.15,72.26,False,2026-04-02 01:51:31.987931
3,61.29,72.23,False,2026-04-02 02:51:31.987931
3,61.42,72.2,False,2026-04-02 03:51:31.987931
3,61.73,72.18,False,2026-04-02 04:51:31.987931
3,62.18,72.14,False,2026-04-02 05:51:31.987931
3,63.19,72.1,False,2026-04-02 06:51:31.987931
3,64.21,72.08,False,2026-04-02 07:51:31.987931
3,66.66,72.04,False,2026-04-02 08:51:31.987931
3,70.74,72.02,False,2026-04-02 09:51:31.987931
3,75.37,71.97,False,2026-04-02 10:51:31.987931
3,77.35,71.96,False,2026-04-02 11:51:31.987931
3,81.04,71.92,False,2026-04-02 12:51:31.987931
3,11.95,71.89,False,2026-04-02 13:51:31.987931
3,15.79,71.86,False,2026-04-02 14:51:31.987931
3,17.61,71.84,False,2026-04-02 15:51:31.987931
3,19.27,71.8,False,2026-04-02 16:51:31.987931
3,22.55,71.77,False,2026-04-02 17:51:31.987931
3,25.84,71.73,False,2026-04-02 18:51:31.987931
3,28.47,71.69,False,2026-04-02 19:51:31.987931
3,29.5,71.66,False,2026-04-02 20:51:31.987931
3,30.3,71.62,False,2026-04-02 21:51:31.987931
3,31.8,71.6,False,2026-04-02 22:51:31.987931
3,33.28,71.58,False,2026-04-02 23:51:31.987931
3,33.53,71.57,False,2026-04-03 00:51:31.987931
3,34.03,71.55,False,2026-04-03 01:51:31.987931
3,34.2,71.54,False,2026-04-03 02:51:31.987931
3,34.52,71.51,False,2026-04-03 03:51:31.987931
3,34.86,71.47,False,2026-04-03 04:51:31.987931
3,35.11,71.42,False,2026-04-03 05:51:31.987931
3,36.02,71.38,False,2026-04-03 06:51:31.987931
3,37.49,71.36,False,2026-04-03 07:51:31.987931
3,41.07,71.34,False,2026-04-03 08:51:31.987931
3,45.7,71.3,False,2026-04-03 09:51:31.987931
3,47.82,71.27,False,2026-04-03 10:51:31.987931
3,49.24,71.23,False,2026-04-03 11:51:31.987931
3,53.67,71.18,False,2026-04-03 12:51:31.987931
3,57.88,71.16,False,2026-04-03 13:51:31.987931
3,61.2,71.14,False,2026-04-03 14:51:31.987931
3,62.67,71.12,False,2026-04-03 15:51:31.987931
3,64.02,71.11,False,2026-04-03 16:51:31.987931
3,67.01,71.07,False,2026-04-03 17:51:31.987931
3,70.9,71.04,False,2026-04-03 18:51:31.987931
3,75.7,71.01,False,2026-04-03 19:51:31.987931
3,77.18,70.99,False,2026-04-03 20:51:31.987931
3,78.69,70.98,False,2026-04-03 21:51:31.987931
3,79.34,70.94,False,2026-04-03 22:51:31.987931
3,80.31,70.9,False,2026-04-03 23:51:31.987931
3,6.42,70.86,False,2026-04-04 00:51:31.987931
3,6.42,70.84,False,2026-04-04 01:51:31.987931
3,6.64,70.81,False,2026-04-04 02:51:31.987931
3,7.1,70.77,False,2026-04-04 03:51:31.987931
3,7.46,70.72,False,2026-04-04 04:51:31.987931
3,7.89,70.68,False,2026-04-04 05:51:31.987931
3,9.75,70.66,False,2026-04-04 06:51:31.987931
3,10.45,70.61,False,2026-04-04 07:51:31.987931
3,15.33,70.57,False,2026-04-04 08:51:31.987931
3,18.42,70.53,False,2026-04-04 09:51:31.987931
3,21.27,70.5,False,2026-04-04 10:51:31.987931
3,21.86,70.47,False,2026-04-04 11:51:31.987931
3,26.77,70.45,False,2026-04-04 12:51:31.987931
3,31.45,70.4,False,2026-04-04 13:51:31.987931
3,33.56,70.36,False,2026-04-04 14:51:31.987931
3,34.43,70.32,False,2026-04-04 15:51:31.987931
3,36.24,70.28,False,2026-04-04 16:51:31.987931
3,40.58,70.24,False,2026-04-04 17:51:31.987931
3,44.25,70.21,False,2026-04-04 18:51:31.987931
3,48.31,70.16,False,2026-04-04 19:51:31.987931
3,49.36,70.12,False,2026-04-04 20:51:31.987931
3,50.52,70.07,False,2026-04-04 21:51:31.987931
3,51.83,70.04,False,2026-04-04 22:51:31.987931
3,53.18,70.0,False,2026-04-04 23:51:31.987931
3,53.38,69.95,False,2026-04-05 00:51:31.987931
3,53.67,69.91,False,2026-04-05 01:51:31.987931
3,53.73,69.88,False,2026-04-05 02:51:31.987931
3,54.13,69.85,False,2026-04-05 03:51:31.987931
3,54.49,69.83,False,2026-04-05 04:51:31.987931
3,54.73,69.78,False,2026-04-05 05:51:31.987931
3,56.01,69.76,False,2026-04-05 06:51:31.987931
3,57.13,69.74,False,2026-04-05 07:51:31.987931
3,61.03,69.69,False,2026-04-05 08:51:31.987931
3,63.35,69.67,False,2026-04-05 09:51:31.987931
3,65.55,69.64,False,2026-04-05 10:51:31.987931
3,66.3,69.6,False,2026-04-05 11:51:31.987931
3,69.53,69.58,False,2026-04-05 12:51:31.987931
3,74.49,69.55,False,2026-04-05 13:51:31.987931
3,76.82,69.52,False,2026-04-05 14:51:31.987931
3,78.74,69.5,False,2026-04-05 15:51:31.987931
3,79.27,69.46,False,2026-04-05 16:51:31.987931
3,83.73,69.45,False,2026-04-05 17:51:31.987931
3,12.0,69.43,False,2026-04-05 18:51:31.987931
3,15.84,69.4,False,2026-04-05 19:51:31.987931
3,16.55,69.39,False,2026-04-05 20:51:31.987931
3,18.01,69.37,False,2026-04-05 21:51:31.987931
3,18.72,69.33,False,2026-04-05 22:51:31.987931
3,20.03,69.3,False,2026-04-05 23:51:31.987931
3,20.12,69.28,False,2026-04-06 00:51:31.987931
3,20.41,69.24,False,2026-04-06 01:51:31.987931
3,20.48,69.21,False,2026-04-06 02:51:31.987931
3,20.57,69.18,False,2026-04-06 03:51:31.987931
3,20.74,69.14,False,2026-04-06 04:51:31.987931
3,21.22,69.13,False,2026-04-06 05:51:31.987931
3,22.47,69.09,False,2026-04-06 06:51:31.987931
3,23.49,69.06,False,2026-04-06 07:51:31.987931
3,28.11,69.03,False,2026-04-06 08:51:31.987931
3,30.67,69.01,False,2026-04-06 09:51:31.987931
3,33.11,68.99,False,2026-04-06 10:51:31.987931
3,34.77,68.95,False,2026-04-06 11:51:31.987931
3,38.9,68.91,False,2026-04-06 12:51:31.987931
3,41.89,68.89,False,2026-04-06 13:51:31.987931
3,44.3,68.86,False,2026-04-06 14:51:31.987931
3,45.6,68.81,False,2026-04-06 15:51:31.987931
3,47.1,68.78,False,2026-04-06 16:51:31.987931
3,51.74,68.77,False,2026-04-06 17:51:31.987931
3,54.3,68.73,False,2026-04-06 18:51:31.987931
3,59.07,68.69,False,2026-04-06 19:51:31.987931
3,60.49,68.68,False,2026-04-06 20:51:31.987931
3,61.05,68.63,False,2026-04-06 21:51:31.987931
3,62.15,68.58,False,2026-04-06 22:51:31.987931
3,64.07,68.56,False,2026-04-06 23:51:31.987931
3,64.16,68.54,False,2026-04-07 00:51:31.987931
3,64.66,68.51,False,2026-04-07 01:51:31.987931
3,64.79,68.5,False,2026-04-07 02:51:31.987931
3,64.8,68.48,False,2026-04-07 03:51:31.987931
3,65.01,68.44,False,2026-04-07 04:51:31.987931
3,65.08,68.43,False,2026-04-07 05:51:31.987931
3,65.65,68.41,False,2026-04-07 06:51:31.987931
3,66.71,68.38,False,2026-04-07 07:51:31.987931
3,71.28,68.33,False,2026-04-07 08:51:31.987931
3,74.37,68.31,False,2026-04-07 09:51:31.987931
3,78.56,68.27,False,2026-04-07 10:51:31.987931
3,79.31,68.22,False,2026-04-07 11:51:31.987931
3,83.25,68.21,False,2026-04-07 12:51:31.987931
3,6.38,68.19,False,2026-04-07 13:51:31.987931
3,10.23,68.16,False,2026-04-07 14:51:31.987931
3,11.26,68.15,False,2026-04-07 15:51:31.987931
3,11.81,68.14,False,2026-04-07 16:51:31.987931
3,14.17,68.11,False,2026-04-07 17:51:31.987931
3,18.08,68.07,False,2026-04-07 18:51:31.987931
3,20.44,68.04,False,2026-04-07 19:51:31.987931
3,21.08,67.99,False,2026-04-07 20:51:31.987931
3,23.0,67.97,False,2026-04-07 21:51:31.987931
3,23.76,67.93,False,2026-04-07 22:51:31.987931
3,24.87,67.92,False,2026-04-07 23:51:31.987931
3,25.33,67.88,False,2026-04-08 00:51:31.987931
3,25.8,67.84,False,2026-04-08 01:51:31.987931
3,25.94,67.8,False,2026-04-08 02:51:31.987931
3,26.27,67.76,False,2026-04-08 03:51:31.987931
3,26.28,67.71,False,2026-04-08 04:51:31.987931
3,26.3,67.69,False,2026-04-08 05:51:31.987931
3,27.19,67.67,False,2026-04-08 06:51:31.987931
3,28.84,67.65,False,2026-04-08 07:51:31.987931
3,32.16,67.6,False,2026-04-08 08:51:31.987931
3,36.78,67.59,False,2026-04-08 09:51:31.987931
3,40.8,67.55,False,2026-04-08 10:51:31.987931
3,42.04,67.53,False,2026-04-08 11:51:31.987931
3,46.27,67.51,False,2026-04-08 12:51:31.987931
3,50.84,67.47,False,2026-04-08 13:51:31.987931
3,54.34,67.44,False,2026-04-08 14:51:31.987931
3,56.14,67.39,False,2026-04-08 15:51:31.987931
3,58.04,67.37,False,2026-04-08 16:51:31.987931
3,62.93,67.34,False,2026-04-08 17:51:31.987931
3,67.8,67.31,False,2026-04-08 18:51:31.987931
3,70.26,67.28,False,2026-04-08 19:51:31.987931
3,70.94,67.24,False,2026-04-08 20:51:31.987931
3,71.66,67.19,False,2026-04-08 21:51:31.987931
3,73.33,67.15,False,2026-04-08 22:51:31.987931
3,75.33,67.11,False,2026-04-08 23:51:31.987931
3,75.66,67.09,False,2026-04-09 00:51:31.987931
3,75.9,67.08,False,2026-04-09 01:51:31.987931
3,76.3,67.03,False,2026-04-09 02:51:31.987931
3,76.31,66.99,False,2026-04-09 03:51:31.987931
3,76.54,66.97,False,2026-04-09 04:51:31.987931
3,76.95,66.96,False,2026-04-09 05:51:31.987931
3,78.83,66.93,False,2026-04-09 06:51:31.987931
3,80.52,66.88,False,2026-04-09 07:51:31.987931
3,13.57,66.85,False,2026-04-09 08:51:31.987931
3,17.92,66.84,False,2026-04-09 09:51:31.987931
3,20.2,66.81,False,2026-04-09 10:51:31.987931
3,21.85,66.76,False,2026-04-09 11:51:31.987931
3,25.92,66.73,False,2026-04-09 12:51:31.987931
3,30.42,66.69,False,2026-04-09 13:51:31.987931
3,34.14,66.67,False,2026-04-09 14:51:31.987931
3,34.82,66.64,False,2026-04-09 15:51:31.987931
3,36.64,66.62,False,2026-04-09 16:51:31.987931
3,40.9,66.59,False,2026-04-09 17:51:31.987931
3,44.63,66.57,False,2026-04-09 18:51:31.987931
3,48.93,66.53,False,2026-04-09 19:51:31.987931
3,50.85,66.52,False,2026-04-09 20:51:31.987931
3,51.98,66.48,False,2026-04-09 21:51:31.987931
3,52.53,66.46,False,2026-04-09 22:51:31.987931
3,53.78,66.44,False,2026-04-09 23:51:31.987931
3,54.19,66.4,False,2026-04-10 00:51:31.987931
3,54.38,66.35,False,2026-04-10 01:51:31.987931
3,54.83,66.34,False,2026-04-10 02:51:31.987931
3,54.98,66.32,False,2026-04-10 03:51:31.987931
3,55.09,66.31,False,2026-04-10 04:51:31.987931
3,55.26,66.29,False,2026-04-10 05:51:31.987931
3,56.02,66.24,False,2026-04-10 06:51:31.987931
3,58.01,66.23,False,2026-04-10 07:51:31.987931
3,62.65,66.18,False,2026-04-10 08:51:31.987931
3,66.14,66.15,False,2026-04-10 09:51:31.987931
3,68.98,66.12,False,2026-04-10 10:51:31.987931
3,70.26,66.07,False,2026-04-10 11:51:31.987931
3,73.31,66.02,False,2026-04-10 12:51:31.987931
3,75.36,65.99,False,2026-04-10 13:51:31.987931
3,78.85,65.96,False,2026-04-10 14:51:31.987931
3,79.78,65.92,False,2026-04-10 15:51:31.987931
3,81.54,65.89,False,2026-04-10 16:51:31.987931
3,9.23,65.86,False,2026-04-10 17:51:31.987931
3,11.44,65.84,False,2026-04-10 18:51:31.987931
3,13.73,65.79,False,2026-04-10 19:51:31.987931
3,15.36,65.76,False,2026-04-10 20:51:31.987931
3,16.98,65.73,False,2026-04-10 21:51:31.987931
3,17.58,65.69,False,2026-04-10 22:51:31.987931
3,18.36,65.65,False,2026-04-10 23:51:31.987931
3,18.63,65.61,False,2026-04-11 00:51:31.987931
3,19.06,65.59,False,2026-04-11 01:51:31.987931
3,19.17,65.56,False,2026-04-11 02:51:31.987931
3,19.6,65.53,False,2026-04-11 03:51:31.987931
3,19.61,65.51,False,2026-04-11 04:51:31.987931
3,19.66,65.49,False,2026-04-11 05:51:31.987931
3,20.91,65.46,False,2026-04-11 06:51:31.987931
3,22.51,65.45,False,2026-04-11 07:51:31.987931
3,26.76,65.4,False,2026-04-11 08:51:31.987931
3,29.45,65.35,False,2026-04-11 09:51:31.987931
3,32.98,65.33,False,2026-04-11 10:51:31.987931
3,33.74,65.29,False,2026-04-11 11:51:31.987931
3,38.3,65.26,False,2026-04-11 12:51:31.987931
3,42.68,65.24,False,2026-04-11 13:51:31.987931
3,45.86,65.21,False,2026-04-11 14:51:31.987931
3,46.73,65.16,False,2026-04-11 15:51:31.987931
3,47.92,65.12,False,2026-04-11 16:51:31.987931
3,52.9,65.09,False,2026-04-11 17:51:31.987931
3,54.92,65.06,False,2026-04-11 18:51:31.987931
3,59.08,65.02,False,2026-04-11 19:51:31.987931
3,60.55,64.99,False,2026-04-11 20:51:31.987931
3,61.59,64.94,False,2026-04-11 21:51:31.987931
3,63.12,64.9,False,2026-04-11 22:51:31.987931
3,64.93,64.89,False,2026-04-11 23:51:31.987931
3,64.97,64.85,False,2026-04-12 00:51:31.987931
3,65.17,64.83,False,2026-04-12 01:51:31.987931
3,65.52,64.78,False,2026-04-12 02:51:31.987931
3,65.68,64.76,False,2026-04-12 03:51:31.987931
3,65.7,64.73,False,2026-04-12 04:51:31.987931
3,65.88,64.71,False,2026-04-12 05:51:31.987931
3,67.81,64.67,False,2026-04-12 06:51:31.987931
3,68.79,64.63,False,2026-04-12 07:51:31.987931
3,72.96,64.6,False,2026-04-12 08:51:31.987931
3,76.94,64.59,False,2026-04-12 09:51:31.987931
3,78.94,64.56,False,2026-04-12 10:51:31.987931
3,79.6,64.52,False,2026-04-12 11:51:31.987931
3,82.79,64.5,False,2026-04-12 12:51:31.987931
3,14.08,64.48,False,2026-04-12 13:51:31.987931
3,17.95,64.46,False,2026-04-12 14:51:31.987931
3,18.51,64.43,False,2026-04-12 15:51:31.987931
3,19.2,64.41,False,2026-04-12 16:51:31.987931
3,22.85,64.38,False,2026-04-12 17:51:31.987931
3,27.02,64.34,False,2026-04-12 18:51:31.987931
3,31.66,64.32,False,2026-04-12 19:51:31.987931
3,33.18,64.3,False,2026-04-12 20:51:31.987931
3,33.9,64.28,False,2026-04-12 21:51:31.987931
3,35.32,64.27,False,2026-04-12 22:51:31.987931
3,36.11,64.23,False,2026-04-12 23:51:31.987931
3,36.49,64.19,False,2026-04-13 00:51:31.987931
3,36.66,64.17,False,2026-04-13 01:51:31.987931
3,36.87,64.12,False,2026-04-13 02:51:31.987931
3,37.09,64.08,False,2026-04-13 03:51:31.987931
3,37.39,64.07,False,2026-04-13 04:51:31.987931
3,37.57,64.04,False,2026-04-13 05:51:31.987931
3,39.03,64.0,False,2026-04-13 06:51:31.987931
3,40.46,63.98,False,2026-04-13 07:51:31.987931
3,45.2,63.96,False,2026-04-13 08:51:31.987931
3,47.26,63.92,False,2026-04-13 09:51:31.987931
3,51.78,63.9,False,2026-04-13 10:51:31.987931
3,52.45,63.85,False,2026-04-13 11:51:31.987931
3,55.5,63.83,False,2026-04-13 12:51:31.987931
3,60.09,63.81,False,2026-04-13 13:51:31.987931
3,64.75,63.77,False,2026-04-13 14:51:31.987931
3,66.65,63.75,False,2026-04-13 15:51:31.987931
3,67.36,63.7,False,2026-04-13 16:51:31.987931
3,72.18,63.69,False,2026-04-13 17:51:31.987931
3,75.63,63.67,False,2026-04-13 18:51:31.987931
3,80.11,63.64,False,2026-04-13 19:51:31.987931
3,4.27,63.61,False,2026-04-13 20:51:31.987931
3,4.86,63.58,False,2026-04-13 21:51:31.987931
3,5.88,63.54,False,2026-04-13 22:51:31.987931
3,6.97,63.51,False,2026-04-13 23:51:31.987931
3,7.36,63.47,False,2026-04-14 00:51:31.987931
3,7.81,63.45,False,2026-04-14 01:51:31.987931
3,7.89,63.41,False,2026-04-14 02:51:31.987931
3,8.29,63.38,False,2026-04-14 03:51:31.987931
3,8.32,63.37,False,2026-04-14 04:51:31.987931
3,8.5,63.33,False,2026-04-14 05:51:31.987931
3,9.85,63.3,False,2026-04-14 06:51:31.987931
3,11.51,63.26,False,2026-04-14 07:51:31.987931
3,13.58,63.24,False,2026-04-14 08:51:31.987931
3,17.42,63.2,False,2026-04-14 09:51:31.987931
3,21.87,63.18,False,2026-04-14 10:51:31.987931
3,22.45,63.14,False,2026-04-14 11:51:31.987931
3,25.0,63.09,False,2026-04-14 12:51:31.987931
3,28.56,63.06,False,2026-04-14 13:51:31.987931
3,32.58,63.04,False,2026-04-14 14:51:31.987931
3,33.99,62.99,False,2026-04-14 15:51:31.987931
3,35.07,62.98,False,2026-04-14 16:51:31.987931
3,39.16,62.93,False,2026-04-14 17:51:31.987931
3,43.07,62.9,False,2026-04-14 18:51:31.987931
3,47.47,62.89,False,2026-04-14 19:51:31.987931
3,48.44,62.84,False,2026-04-14 20:51:31.987931
3,50.34,62.83,False,2026-04-14 21:51:31.987931
3,51.42,62.78,False,2026-04-14 22:51:31.987931
3,52.53,62.76,False,2026-04-14 23:51:31.987931
3,52.73,62.75,False,2026-04-15 00:51:31.987931
3,53.04,62.74,False,2026-04-15 01:51:31.987931
3,53.07,62.72,False,2026-04-15 02:51:31.987931
3,53.32,62.71,False,2026-04-15 03:51:31.987931
3,53.39,62.68,False,2026-04-15 04:51:31.987931
3,53.82,62.65,False,2026-04-15 05:51:31.987931
3,55.61,62.61,False,2026-04-15 06:51:31.987931
3,57.15,62.6,False,2026-04-15 07:51:31.987931
3,61.4,62.56,False,2026-04-15 08:51:31.987931
3,65.76,62.51,False,2026-04-15 09:51:31.987931
3,70.22,62.47,False,2026-04-15 10:51:31.987931
3,70.87,62.43,False,2026-04-15 11:51:31.987931
3,73.61,62.42,False,2026-04-15 12:51:31.987931
3,77.18,62.41,False,2026-04-15 13:51:31.987931
3,82.0,62.36,False,2026-04-15 14:51:31.987931
3,6.41,62.33,False,2026-04-15 15:51:31.987931
3,7.71,62.3,False,2026-04-15 16:51:31.987931
3,11.41,62.25,False,2026-04-15 17:51:31.987931
3,14.68,62.22,False,2026-04-15 18:51:31.987931
3,19.44,62.19,False,2026-04-15 19:51:31.987931
3,20.82,62.16,False,2026-04-15 20:51:31.987931
3,21.5,62.14,False,2026-04-15 21:51:31.987931
3,23.41,62.12,False,2026-04-15 22:51:31.987931
3,25.14,62.07,False,2026-04-15 23:51:31.987931
3,25.56,62.03,False,2026-04-16 00:51:31.987931
3,25.74,62.02,False,2026-04-16 01:51:31.987931
3,25.82,61.99,False,2026-04-16 02:51:31.987931
3,26.31,61.97,False,2026-04-16 03:51:31.987931
3,26.46,61.95,False,2026-04-16 04:51:31.987931
3,26.93,61.91,False,2026-04-16 05:51:31.987931
3,28.64,61.9,False,2026-04-16 06:51:31.987931
3,30.27,61.88,False,2026-04-16 07:51:31.987931
3,32.96,61.86,False,2026-04-16 08:51:31.987931
3,35.3,61.83,False,2026-04-16 09:51:31.987931
3,40.24,61.78,False,2026-04-16 10:51:31.987931
3,42.18,61.75,False,2026-04-16 11:51:31.987931
3,46.86,61.71,False,2026-04-16 12:51:31.987931
3,48.97,61.69,False,2026-04-16 13:51:31.987931
3,53.15,61.68,False,2026-04-16 14:51:31.987931
3,54.04,61.66,False,2026-04-16 15:51:31.987931
3,55.91,61.65,False,2026-04-16 16:51:31.987931
3,59.63,61.6,False,2026-04-16 17:51:31.987931
3,64.5,61.58,False,2026-04-16 18:51:31.987931
3,68.95,61.54,False,2026-04-16 19:51:31.987931
3,70.92,61.53,False,2026-04-16 20:51:31.987931
3,72.62,61.52,False,2026-04-16 21:51:31.987931
3,73.92,61.49,False,2026-04-16 22:51:31.987931
3,75.38,61.48,False,2026-04-16 23:51:31.987931
3,75.49,61.46,False,2026-04-17 00:51:31.987931
3,75.77,61.43,False,2026-04-17 01:51:31.987931
3,76.18,61.38,False,2026-04-17 02:51:31.987931
3,76.67,61.35,False,2026-04-17 03:51:31.987931
3,76.92,61.34,False,2026-04-17 04:51:31.987931
3,76.95,61.32,False,2026-04-17 05:51:31.987931
3,78.37,61.3,False,2026-04-17 06:51:31.987931
3,79.54,61.27,False,2026-04-17 07:51:31.987931
3,84.48,61.23,False,2026-04-17 08:51:31.987931
3,7.38,61.19,False,2026-04-17 09:51:31.987931
3,12.15,61.16,False,2026-04-17 10:51:31.987931
3,13.62,61.14,False,2026-04-17 11:51:31.987931
3,18.03,61.1,False,2026-04-17 12:51:31.987931
3,20.74,61.06,False,2026-04-17 13:51:31.987931
3,24.6,61.02,False,2026-04-17 14:51:31.987931
3,25.87,61.0,False,2026-04-17 15:51:31.987931
3,27.33,60.98,False,2026-04-17 16:51:31.987931
3,32.3,60.97,False,2026-04-17 17:51:31.987931
3,34.46,60.94,False,2026-04-17 18:51:31.987931
3,36.82,60.92,False,2026-04-17 19:51:31.987931
3,38.73,60.9,False,2026-04-17 20:51:31.987931
3,39.81,60.87,False,2026-04-17 21:51:31.987931
3,40.64,60.84,False,2026-04-17 22:51:31.987931
3,42.62,60.8,False,2026-04-17 23:51:31.987931
3,43.06,60.79,False,2026-04-18 00:51:31.987931
3,43.41,60.78,False,2026-04-18 01:51:31.987931
3,43.74,60.73,False,2026-04-18 02:51:31.987931
3,43.81,60.69,False,2026-04-18 03:51:31.987931
3,44.08,60.67,False,2026-04-18 04:51:31.987931
3,44.39,60.63,False,2026-04-18 05:51:31.987931
3,44.98,60.62,False,2026-04-18 06:51:31.987931
3,46.91,60.59,False,2026-04-18 07:51:31.987931
3,50.08,60.57,False,2026-04-18 08:51:31.987931
3,54.93,60.53,False,2026-04-18 09:51:31.987931
3,59.49,60.49,False,2026-04-18 10:51:31.987931
3,61.36,60.47,False,2026-04-18 11:51:31.987931
3,63.48,60.45,False,2026-04-18 12:51:31.987931
3,68.37,60.42,False,2026-04-18 13:51:31.987931
3,72.9,60.38,False,2026-04-18 14:51:31.987931
3,73.69,60.35,False,2026-04-18 15:51:31.987931
3,75.09,60.31,False,2026-04-18 16:51:31.987931
3,78.26,60.29,False,2026-04-18 17:51:31.987931
3,80.81,60.27,False,2026-04-18 18:51:31.987931
3,6.2,60.25,False,2026-04-18 19:51:31.987931
3,6.92,60.24,False,2026-04-18 20:51:31.987931
3,8.24,60.2,False,2026-04-18 21:51:31.987931
3,9.53,60.16,False,2026-04-18 22:51:31.987931
3,10.67,60.14,False,2026-04-18 23:51:31.987931
3,10.9,60.09,False,2026-04-19 00:51:31.987931
3,11.27,60.05,False,2026-04-19 01:51:31.987931
3,11.59,60.04,False,2026-04-19 02:51:31.987931
3,11.9,60.0,False,2026-04-19 03:51:31.987931
3,12.37,59.97,False,2026-04-19 04:51:31.987931
3,12.59,59.92,False,2026-04-19 05:51:31.987931
3,13.67,59.9,False,2026-04-19 06:51:31.987931
3,14.94,59.85,False,2026-04-19 07:51:31.987931
3,19.35,59.81,False,2026-04-19 08:51:31.987931
3,23.63,59.78,False,2026-04-19 09:51:31.987931
3,28.11,59.76,False,2026-04-19 10:51:31.987931
3,28.82,59.72,False,2026-04-19 11:51:31.987931
3,32.79,59.7,False,2026-04-19 12:51:31.987931
3,37.34,59.67,False,2026-04-19 13:51:31.987931
3,39.69,59.64,False,2026-04-19 14:51:31.987931
3,40.65,59.62,False,2026-04-19 15:51:31.987931
3,41.95,59.58,False,2026-04-19 16:51:31.987931
3,46.16,59.57,False,2026-04-19 17:51:31.987931
3,48.91,59.55,False,2026-04-19 18:51:31.987931
3,53.64,59.52,False,2026-04-19 19:51:31.987931
3,55.23,59.49,False,2026-04-19 20:51:31.987931
3,56.97,59.46,False,2026-04-19 21:51:31.987931
3,58.82,59.41,False,2026-04-19 22:51:31.987931
3,59.9,59.36,False,2026-04-19 23:51:31.987931
3,60.13,59.33,False,2026-04-20 00:51:31.987931
3,60.42,59.32,False,2026-04-20 01:51:31.987931
3,60.77,59.29,False,2026-04-20 02:51:31.987931
3,60.88,59.28,False,2026-04-20 03:51:31.987931
3,61.26,59.25,False,2026-04-20 04:51:31.987931
3,61.6,59.24,False,2026-04-20 05:51:31.987931
3,62.71,59.22,False,2026-04-20 06:51:31.987931
3,64.04,59.18,False,2026-04-20 07:51:31.987931
3,66.47,59.16,False,2026-04-20 08:51:31.987931
3,70.85,59.13,False,2026-04-20 09:51:31.987931
3,73.45,59.09,False,2026-04-20 10:51:31.987931
3,74.6,59.06,False,2026-04-20 11:51:31.987931
3,76.95,59.02,False,2026-04-20 12:51:31.987931
3,80.66,58.97,False,2026-04-20 13:51:31.987931
3,14.27,58.96,False,2026-04-20 14:51:31.987931
3,15.13,58.94,False,2026-04-20 15:51:31.987931
3,17.03,58.89,False,2026-04-20 16:51:31.987931
3,20.11,58.85,False,2026-04-20 17:51:31.987931
3,22.6,58.81,False,2026-04-20 18:51:31.987931
3,26.81,58.76,False,2026-04-20 19:51:31.987931
3,28.63,58.73,False,2026-04-20 20:51:31.987931
3,29.36,58.71,False,2026-04-20 21:51:31.987931
3,30.64,58.7,False,2026-04-20 22:51:31.987931
3,31.23,58.66,False,2026-04-20 23:51:31.987931
3,31.72,58.62,False,2026-04-21 00:51:31.987931
3,31.73,58.6,False,2026-04-21 01:51:31.987931
3,32.2,58.59,False,2026-04-21 02:51:31.987931
3,32.37,58.54,False,2026-04-21 03:51:31.987931
3,32.7,58.53,False,2026-04-21 04:51:31.987931
3,33.2,58.5,False,2026-04-21 05:51:31.987931
3,34.85,58.46,False,2026-04-21 06:51:31.987931
3,35.41,58.41,False,2026-04-21 07:51:31.987931
3,37.61,58.38,False,2026-04-21 08:51:31.987931
3,42.43,58.34,False,2026-04-21 09:51:31.987931
3,45.26,58.31,False,2026-04-21 10:51:31.987931
3,47.04,58.28,False,2026-04-21 11:51:31.987931
3,50.64,58.24,False,2026-04-21 12:51:31.987931
3,52.99,58.22,False,2026-04-21 13:51:31.987931
3,55.66,58.21,False,2026-04-21 14:51:31.987931
3,56.26,58.18,False,2026-04-21 15:51:31.987931
3,57.42,58.16,False,2026-04-21 16:51:31.987931
3,60.57,58.12,False,2026-04-21 17:51:31.987931
3,62.81,58.1,False,2026-04-21 18:51:31.987931
3,66.05,58.07,False,2026-04-21 19:51:31.987931
3,67.38,58.03,False,2026-04-21 20:51:31.987931
3,68.23,58.01,False,2026-04-21 21:51:31.987931
3,70.2,57.99,False,2026-04-21 22:51:31.987931
3,71.16,57.96,False,2026-04-21 23:51:31.987931
3,71.63,57.94,False,2026-04-22 00:51:31.987931
3,71.82,57.9,False,2026-04-22 01:51:31.987931
3,71.85,57.87,False,2026-04-22 02:51:31.987931
3,72.33,57.83,False,2026-04-22 03:51:31.987931
3,72.68,57.82,False,2026-04-22 04:51:31.987931
3,72.85,57.79,False,2026-04-22 05:51:31.987931
3,74.16,57.77,False,2026-04-22 06:51:31.987931
3,76.02,57.74,False,2026-04-22 07:51:31.987931
3,80.84,57.72,False,2026-04-22 08:51:31.987931
3,9.68,57.69,False,2026-04-22 09:51:31.987931
3,12.64,57.68,False,2026-04-22 10:51:31.987931
3,14.2,57.63,False,2026-04-22 11:51:31.987931
3,17.48,57.62,False,2026-04-22 12:51:31.987931
3,19.87,57.61,False,2026-04-22 13:51:31.987931
3,22.3,57.58,False,2026-04-22 14:51:31.987931
3,23.78,57.54,False,2026-04-22 15:51:31.987931
3,24.83,57.52,False,2026-04-22 16:51:31.987931
3,27.97,57.49,False,2026-04-22 17:51:31.987931
3,30.39,57.48,False,2026-04-22 18:51:31.987931
3,32.46,57.43,False,2026-04-22 19:51:31.987931
3,34.06,57.41,False,2026-04-22 20:51:31.987931
3,34.79,57.36,False,2026-04-22 21:51:31.987931
3,35.91,57.32,False,2026-04-22 22:51:31.987931
3,37.26,57.29,False,2026-04-22 23:51:31.987931
3,37.35,57.28,False,2026-04-23 00:51:31.987931
3,37.55,57.25,False,2026-04-23 01:51:31.987931
3,37.77,57.22,False,2026-04-23 02:51:31.987931
3,38.17,57.17,False,2026-04-23 03:51:31.987931
3,38.17,57.14,False,2026-04-23 04:51:31.987931
3,38.2,57.1,False,2026-04-23 05:51:31.987931
3,40.11,57.09,False,2026-04-23 06:51:31.987931
3,41.67,57.06,False,2026-04-23 07:51:31.987931
3,44.95,57.01,False,2026-04-23 08:51:31.987931
3,49.79,57.0,False,2026-04-23 09:51:31.987931
3,54.42,56.96,False,2026-04-23 10:51:31.987931
3,55.84,56.91,False,2026-04-23 11:51:31.987931
3,59.84,56.87,False,2026-04-23 12:51:31.987931
3,64.25,56.82,False,2026-04-23 13:51:31.987931
3,69.21,56.79,False,2026-04-23 14:51:31.987931
3,70.62,56.77,False,2026-04-23 15:51:31.987931
3,72.2,56.76,False,2026-04-23 16:51:31.987931
3,77.18,56.72,False,2026-04-23 17:51:31.987931
3,81.93,56.69,False,2026-04-23 18:51:31.987931
3,8.88,56.66,False,2026-04-23 19:51:31.987931
3,10.02,56.62,False,2026-04-23 20:51:31.987931
3,11.06,56.6,False,2026-04-23 21:51:31.987931
3,11.86,56.58,False,2026-04-23 22:51:31.987931
3,12.42,56.56,False,2026-04-23 23:51:31.987931
3,12.85,56.55,False,2026-04-24 00:51:31.987931
3,12.94,56.53,False,2026-04-24 01:51:31.987931
3,13.02,56.5,False,2026-04-24 02:51:31.987931
3,13.5,56.45,False,2026-04-24 03:51:31.987931
3,13.68,56.43,False,2026-04-24 04:51:31.987931
3,13.94,56.41,False,2026-04-24 05:51:31.987931
3,15.1,56.39,False,2026-04-24 06:51:31.987931
3,16.6,56.36,False,2026-04-24 07:51:31.987931
3,21.18,56.33,False,2026-04-24 08:51:31.987931
3,23.44,56.3,False,2026-04-24 09:51:31.987931
3,28.08,56.29,False,2026-04-24 10:51:31.987931
3,29.19,56.26,False,2026-04-24 11:51:31.987931
3,32.41,56.24,False,2026-04-24 12:51:31.987931
3,34.97,56.21,False,2026-04-24 13:51:31.987931
3,39.49,56.19,False,2026-04-24 14:51:31.987931
3,40.89,56.18,False,2026-04-24 15:51:31.987931
3,42.22,56.14,False,2026-04-24 16:51:31.987931
3,44.73,56.12,False,2026-04-24 17:51:31.987931
3,47.85,56.07,False,2026-04-24 18:51:31.987931
3,50.62,56.05,False,2026-04-24 19:51:31.987931
3,51.8,56.04,False,2026-04-24 20:51:31.987931
3,52.77,56.01,False,2026-04-24 21:51:31.987931
3,54.69,55.97,False,2026-04-24 22:51:31.987931
3,55.43,55.93,False,2026-04-24 23:51:31.987931
3,55.89,55.89,False,2026-04-25 00:51:31.987931
3,55.9,55.86,False,2026-04-25 01:51:31.987931
3,56.27,55.82,False,2026-04-25 02:51:31.987931
3,56.31,55.8,False,2026-04-25 03:51:31.987931
3,56.75,55.77,False,2026-04-25 04:51:31.987931
3,57.02,55.72,False,2026-04-25 05:51:31.987931
3,58.72,55.68,False,2026-04-25 06:51:31.987931
3,60.53,55.67,False,2026-04-25 07:51:31.987931
3,63.86,55.63,False,2026-04-25 08:51:31.987931
3,65.92,55.59,False,2026-04-25 09:51:31.987931
3,69.13,55.56,False,2026-04-25 10:51:31.987931
3,70.97,55.51,False,2026-04-25 11:51:31.987931
3,74.6,55.47,False,2026-04-25 12:51:31.987931
3,77.01,55.44,False,2026-04-25 13:51:31.987931
3,81.57,55.43,False,2026-04-25 14:51:31.987931
3,8.68,55.42,False,2026-04-25 15:51:31.987931
3,9.61,55.4,False,2026-04-25 16:51:31.987931
3,13.39,55.35,False,2026-04-25 17:51:31.987931
3,16.83,55.33,False,2026-04-25 18:51:31.987931
3,21.08,55.31,False,2026-04-25 19:51:31.987931
3,21.76,55.29,False,2026-04-25 20:51:31.987931
3,22.57,55.24,False,2026-04-25 21:51:31.987931
3,24.34,55.2,False,2026-04-25 22:51:31.987931
3,25.3,55.16,False,2026-04-25 23:51:31.987931
3,25.4,55.14,False,2026-04-26 00:51:31.987931
3,25.44,55.1,False,2026-04-26 01:51:31.987931
3,25.92,55.09,False,2026-04-26 02:51:31.987931
3,26.4,55.06,False,2026-04-26 03:51:31.987931
3,26.89,55.04,False,2026-04-26 04:51:31.987931
3,26.96,54.99,False,2026-04-26 05:51:31.987931
3,27.57,54.94,False,2026-04-26 06:51:31.987931
3,28.14,54.89,False,2026-04-26 07:51:31.987931
3,30.86,54.86,False,2026-04-26 08:51:31.987931
3,35.82,54.81,False,2026-04-26 09:51:31.987931
3,40.23,54.79,False,2026-04-26 10:51:31.987931
3,40.94,54.75,False,2026-04-26 11:51:31.987931
3,43.9,54.71,False,2026-04-26 12:51:31.987931
3,47.6,54.69,False,2026-04-26 13:51:31.987931
3,52.08,54.65,False,2026-04-26 14:51:31.987931
3,53.15,54.6,False,2026-04-26 15:51:31.987931
3,54.69,54.58,False,2026-04-26 16:51:31.987931
3,58.49,54.54,False,2026-04-26 17:51:31.987931
3,60.75,54.49,False,2026-04-26 18:51:31.987931
3,65.05,54.48,False,2026-04-26 19:51:31.987931
3,66.1,54.44,False,2026-04-26 20:51:31.987931
3,66.87,54.39,False,2026-04-26 21:51:31.987931
3,67.51,54.34,False,2026-04-26 22:51:31.987931
3,68.27,54.32,False,2026-04-26 23:51:31.987931
3,68.34,54.3,False,2026-04-27 00:51:31.987931
3,68.36,54.28,False,2026-04-27 01:51:31.987931
3,68.43,54.27,False,2026-04-27 02:51:31.987931
3,68.85,54.26,False,2026-04-27 03:51:31.987931
3,68.9,54.24,False,2026-04-27 04:51:31.987931
3,69.39,54.22,False,2026-04-27 05:51:31.987931
3,70.13,54.21,False,2026-04-27 06:51:31.987931
3,71.16,54.16,False,2026-04-27 07:51:31.987931
3,75.3,54.14,False,2026-04-27 08:51:31.987931
3,79.73,54.13,False,2026-04-27 09:51:31.987931
3,81.75,54.08,False,2026-04-27 10:51:31.987931
3,8.74,54.07,False,2026-04-27 11:51:31.987931
3,13.65,54.05,False,2026-04-27 12:51:31.987931
3,16.46,54.01,False,2026-04-27 13:51:31.987931
3,20.13,53.99,False,2026-04-27 14:51:31.987931
3,21.09,53.97,False,2026-04-27 15:51:31.987931
3,22.79,53.95,False,2026-04-27 16:51:31.987931
3,27.57,53.91,False,2026-04-27 17:51:31.987931
3,30.48,53.87,False,2026-04-27 18:51:31.987931
3,33.85,53.84,False,2026-04-27 19:51:31.987931
3,34.93,53.79,False,2026-04-27 20:51:31.987931
3,35.85,53.74,False,2026-04-27 21:51:31.987931
3,37.84,53.72,False,2026-04-27 22:51:31.987931
3,39.84,53.71,False,2026-04-27 23:51:31.987931
3,40.3,53.69,False,2026-04-28 00:51:31.987931
3,40.57,53.65,False,2026-04-28 01:51:31.987931
3,40.96,53.62,False,2026-04-28 02:51:31.987931
3,41.17,53.61,False,2026-04-28 03:51:31.987931
3,41.5,53.59,False,2026-04-28 04:51:31.987931
3,41.79,53.58,False,2026-04-28 05:51:31.987931
3,43.2,53.54,False,2026-04-28 06:51:31.987931
3,43.87,53.51,False,2026-04-28 07:51:31.987931
3,48.04,53.48,False,2026-04-28 08:51:31.987931
3,50.57,53.46,False,2026-04-28 09:51:31.987931
3,54.97,53.43,False,2026-04-28 10:51:31.987931
3,55.48,53.39,False,2026-04-28 11:51:31.987931
3,58.12,53.37,False,2026-04-28 12:51:31.987931
3,60.21,53.34,False,2026-04-28 13:51:31.987931
3,65.0,53.3,False,2026-04-28 14:51:31.987931
3,66.71,53.26,False,2026-04-28 15:51:31.987931
3,67.33,53.24,False,2026-04-28 16:51:31.987931
3,69.99,53.2,False,2026-04-28 17:51:31.987931
3,74.56,53.17,False,2026-04-28 18:51:31.987931
3,76.77,53.14,False,2026-04-28 19:51:31.987931
3,77.84,53.1,False,2026-04-28 20:51:31.987931
3,79.36,53.07,False,2026-04-28 21:51:31.987931
3,80.88,53.04,False,2026-04-28 22:51:31.987931
3,9.54,53.02,False,2026-04-28 23:51:31.987931
3,9.69,53.01,False,2026-04-29 00:51:31.987931
3,9.73,52.98,False,2026-04-29 01:51:31.987931
3,9.87,52.96,False,2026-04-29 02:51:31.987931
3,10.26,52.94,False,2026-04-29 03:51:31.987931
3,10.5,52.92,False,2026-04-29 04:51:31.987931
3,10.99,52.89,False,2026-04-29 05:51:31.987931
3,12.22,52.86,False,2026-04-29 06:51:31.987931
3,13.74,52.82,False,2026-04-29 07:51:31.987931
3,18.67,52.79,False,2026-04-29 08:51:31.987931
3,22.76,52.76,False,2026-04-29 09:51:31.987931
3,25.49,52.75,False,2026-04-29 10:51:31.987931
3,27.4,52.72,False,2026-04-29 11:51:31.987931
3,29.57,52.7,False,2026-04-29 12:51:31.987931
3,32.26,52.69,False,2026-04-29 13:51:31.987931
3,37.22,52.64,False,2026-04-29 14:51:31.987931
3,38.98,52.62,False,2026-04-29 15:51:31.987931
3,39.87,52.58,False,2026-04-29 16:51:31.987931
3,42.3,52.55,False,2026-04-29 17:51:31.987931
3,46.12,52.54,False,2026-04-29 18:51:31.987931
3,48.92,52.5,False,2026-04-29 19:51:31.987931
3,50.46,52.45,False,2026-04-29 20:51:31.987931
3,51.45,52.4,False,2026-04-29 21:51:31.987931
3,53.28,52.35,False,2026-04-29 22:51:31.987931
3,55.27,52.31,False,2026-04-29 23:51:31.987931
3,55.49,52.26,False,2026-04-30 00:51:31.987931
3,55.88,52.24,False,2026-04-30 01:51:31.987931
3,55.93,52.2,False,2026-04-30 02:51:31.987931
3,56.39,52.18,False,2026-04-30 03:51:31.987931
3,56.47,52.16,False,2026-04-30 04:51:31.987931
3,56.48,52.14,False,2026-04-30 05:51:31.987931
3,57.84,52.11,False,2026-04-30 06:51:31.987931
3,58.7,52.07,False,2026-04-30 07:51:31.987931
3,62.26,52.04,False,2026-04-30 08:51:31.987931
3,66.55,52.03,False,2026-04-30 09:51:31.987931
3,69.88,52.01,False,2026-04-30 10:51:31.987931
3,71.06,52.0,False,2026-04-30 11:51:31.987931
3,74.32,51.98,False,2026-04-30 12:51:31.987931
3,79.31,51.97,False,2026-04-30 13:51:31.987931
3,82.29,51.93,False,2026-04-30 14:51:31.987931
3,8.24,51.88,False,2026-04-30 15:51:31.987931
3,9.42,51.84,False,2026-04-30 16:51:31.987931
3,13.51,51.8,False,2026-04-30 17:51:31.987931
3,17.4,51.77,False,2026-04-30 18:51:31.987931
3,20.41,51.76,False,2026-04-30 19:51:31.987931
3,21.31,51.72,False,2026-04-30 20:51:31.987931
3,23.29,51.71,False,2026-04-30 21:51:31.987931
3,23.85,51.68,False,2026-04-30 22:51:31.987931
3,24.97,51.64,False,2026-04-30 23:51:31.987931
3,25.43,51.59,False,2026-05-01 00:51:31.987931
3,25.91,51.55,False,2026-05-01 01:51:31.987931
3,25.91,51.54,False,2026-05-01 02:51:31.987931
3,26.02,51.53,False,2026-05-01 03:51:31.987931
3,26.31,51.5,False,2026-05-01 04:51:31.987931
3,26.48,51.48,False,2026-05-01 05:51:31.987931
3,27.19,51.44,False,2026-05-01 06:51:31.987931
3,29.05,51.42,False,2026-05-01 07:51:31.987931
3,33.25,51.39,False,2026-05-01 08:51:31.987931
3,38.0,51.34,False,2026-05-01 09:51:31.987931
3,42.6,51.3,False,2026-05-01 10:51:31.987931
3,44.25,51.25,False,2026-05-01 11:51:31.987931
3,47.78,51.22,False,2026-05-01 12:51:31.987931
3,50.37,51.17,False,2026-05-01 13:51:31.987931
3,52.41,51.14,False,2026-05-01 14:51:31.987931
3,53.14,51.11,False,2026-05-01 15:51:31.987931
3,54.75,51.07,False,2026-05-01 16:51:31.987931
3,58.91,51.05,False,2026-05-01 17:51:31.987931
3,61.34,51.03,False,2026-05-01 18:51:31.987931
3,65.73,50.99,False,2026-05-01 19:51:31.987931
3,67.39,50.94,False,2026-05-01 20:51:31.987931
3,68.91,50.9,False,2026-05-01 21:51:31.987931
3,69.6,50.86,False,2026-05-01 22:51:31.987931
3,70.93,50.81,False,2026-05-01 23:51:31.987931
3,71.43,50.76,False,2026-05-02 00:51:31.987931
3,71.62,50.73,False,2026-05-02 01:51:31.987931
3,71.63,50.71,False,2026-05-02 02:51:31.987931
3,71.83,50.7,False,2026-05-02 03:51:31.987931
3,72.28,50.67,False,2026-05-02 04:51:31.987931
3,72.37,50.63,False,2026-05-02 05:51:31.987931
3,72.95,50.59,False,2026-05-02 06:51:31.987931
3,74.27,50.57,False,2026-05-02 07:51:31.987931
3,77.64,50.52,False,2026-05-02 08:51:31.987931
3,81.05,50.5,False,2026-05-02 09:51:31.987931
3,9.89,50.45,False,2026-05-02 10:51:31.987931
3,11.33,50.43,False,2026-05-02 11:51:31.987931
3,15.12,50.41,False,2026-05-02 12:51:31.987931
3,19.89,50.38,False,2026-05-02 13:51:31.987931
3,24.85,50.35,False,2026-05-02 14:51:31.987931
3,26.81,50.32,False,2026-05-02 15:51:31.987931
3,28.47,50.3,False,2026-05-02 16:51:31.987931
3,33.44,50.28,False,2026-05-02 17:51:31.987931
3,35.67,50.26,False,2026-05-02 18:51:31.987931
3,39.71,50.25,False,2026-05-02 19:51:31.987931
3,40.92,50.23,False,2026-05-02 20:51:31.987931
3,41.96,50.18,False,2026-05-02 21:51:31.987931
3,43.72,50.15,False,2026-05-02 22:51:31.987931
3,45.14,50.12,False,2026-05-02 23:51:31.987931
3,45.24,50.11,False,2026-05-03 00:51:31.987931
3,45.42,50.09,False,2026-05-03 01:51:31.987931
3,45.66,50.04,False,2026-05-03 02:51:31.987931
3,45.67,50.03,False,2026-05-03 03:51:31.987931
3,46.08,49.99,False,2026-05-03 04:51:31.987931
3,46.25,49.96,False,2026-05-03 05:51:31.987931
3,48.1,49.93,False,2026-05-03 06:51:31.987931
3,49.19,49.9,False,2026-05-03 07:51:31.987931
3,52.66,49.89,False,2026-05-03 08:51:31.987931
3,57.25,49.87,False,2026-05-03 09:51:31.987931
3,62.03,49.84,False,2026-05-03 10:51:31.987931
3,63.0,49.8,False,2026-05-03 11:51:31.987931
3,66.33,49.79,False,2026-05-03 12:51:31.987931
3,68.98,49.75,False,2026-05-03 13:51:31.987931
3,73.02,49.72,False,2026-05-03 14:51:31.987931
3,73.71,49.69,False,2026-05-03 15:51:31.987931
3,74.32,49.65,False,2026-05-03 16:51:31.987931
3,78.57,49.63,False,2026-05-03 17:51:31.987931
3,82.19,49.62,False,2026-05-03 18:51:31.987931
3,7.98,49.6,False,2026-05-03 19:51:31.987931
3,8.6,49.56,False,2026-05-03 20:51:31.987931
3,9.18,49.54,False,2026-05-03 21:51:31.987931
3,11.15,49.51,False,2026-05-03 22:51:31.987931
3,12.34,49.5,False,2026-05-03 23:51:31.987931
3,12.71,49.48,False,2026-05-04 00:51:31.987931
3,12.86,49.46,False,2026-05-04 01:51:31.987931
3,12.93,49.45,False,2026-05-04 02:51:31.987931
3,13.04,49.43,False,2026-05-04 03:51:31.987931
3,13.47,49.38,False,2026-05-04 04:51:31.987931
3,13.83,49.34,False,2026-05-04 05:51:31.987931
3,15.1,49.31,False,2026-05-04 06:51:31.987931
3,15.87,49.29,False,2026-05-04 07:51:31.987931
3,20.47,49.27,False,2026-05-04 08:51:31.987931
3,23.68,49.22,False,2026-05-04 09:51:31.987931
3,28.08,49.19,False,2026-05-04 10:51:31.987931
3,29.93,49.16,False,2026-05-04 11:51:31.987931
3,34.88,49.15,False,2026-05-04 12:51:31.987931
3,37.71,49.1,False,2026-05-04 13:51:31.987931
3,39.79,49.06,False,2026-05-04 14:51:31.987931
3,40.42,49.01,False,2026-05-04 15:51:31.987931
3,42.03,48.96,False,2026-05-04 16:51:31.987931
3,46.48,48.94,False,2026-05-04 17:51:31.987931
3,51.16,48.89,False,2026-05-04 18:51:31.987931
3,55.5,48.86,False,2026-05-04 19:51:31.987931
3,56.56,48.81,False,2026-05-04 20:51:31.987931
3,57.5,48.77,False,2026-05-04 21:51:31.987931
3,59.13,48.73,False,2026-05-04 22:51:31.987931
3,60.94,48.69,False,2026-05-04 23:51:31.987931
3,61.0,48.65,False,2026-05-05 00:51:31.987931
3,61.12,48.62,False,2026-05-05 01:51:31.987931
3,61.19,48.58,False,2026-05-05 02:51:31.987931
3,61.56,48.53,False,2026-05-05 03:51:31.987931
3,61.87,48.52,False,2026-05-05 04:51:31.987931
3,62.35,48.5,False,2026-05-05 05:51:31.987931
3,64.09,48.47,False,2026-05-05 06:51:31.987931
3,65.15,48.43,False,2026-05-05 07:51:31.987931
3,67.95,48.4,False,2026-05-05 08:51:31.987931
3,70.65,48.35,False,2026-05-05 09:51:31.987931
3,74.72,48.34,False,2026-05-05 10:51:31.987931
3,76.21,48.32,False,2026-05-05 11:51:31.987931
3,81.07,48.29,False,2026-05-05 12:51:31.987931
3,8.97,48.27,False,2026-05-05 13:51:31.987931
3,11.21,48.26,False,2026-05-05 14:51:31.987931
3,12.31,48.23,False,2026-05-05 15:51:31.987931
3,13.36,48.2,False,2026-05-05 16:51:31.987931
3,15.96,48.19,False,2026-05-05 17:51:31.987931
3,19.83,48.16,False,2026-05-05 18:51:31.987931
3,22.89,48.13,False,2026-05-05 19:51:31.987931
3,24.51,48.12,False,2026-05-05 20:51:31.987931
3,26.35,48.1,False,2026-05-05 21:51:31.987931
3,28.25,48.08,False,2026-05-05 22:51:31.987931
3,29.96,48.04,False,2026-05-05 23:51:31.987931
3,30.45,48.01,False,2026-05-06 00:51:31.987931
3,30.84,47.98,False,2026-05-06 01:51:31.987931
3,31.01,47.97,False,2026-05-06 02:51:31.987931
3,31.26,47.93,False,2026-05-06 03:51:31.987931
3,31.71,47.92,False,2026-05-06 04:51:31.987931
3,31.84,47.88,False,2026-05-06 05:51:31.987931
3,33.67,47.87,False,2026-05-06 06:51:31.987931
3,35.6,47.85,False,2026-05-06 07:51:31.987931
3,37.88,47.8,False,2026-05-06 08:51:31.987931
3,42.01,47.79,False,2026-05-06 09:51:31.987931
3,45.46,47.78,False,2026-05-06 10:51:31.987931
3,46.19,47.76,False,2026-05-06 11:51:31.987931
3,50.94,47.72,False,2026-05-06 12:51:31.987931
3,55.03,47.68,False,2026-05-06 13:51:31.987931
3,59.92,47.67,False,2026-05-06 14:51:31.987931
3,60.89,47.64,False,2026-05-06 15:51:31.987931
3,62.6,47.6,False,2026-05-06 16:51:31.987931
3,65.28,47.55,False,2026-05-06 17:51:31.987931
3,67.66,47.52,False,2026-05-06 18:51:31.987931
3,71.72,47.48,False,2026-05-06 19:51:31.987931
3,72.26,47.47,False,2026-05-06 20:51:31.987931
3,73.86,47.45,False,2026-05-06 21:51:31.987931
3,74.55,47.42,False,2026-05-06 22:51:31.987931
3,76.18,47.38,False,2026-05-06 23:51:31.987931
3,76.5,47.35,False,2026-05-07 00:51:31.987931
3,76.92,47.33,False,2026-05-07 01:51:31.987931
3,77.33,47.29,False,2026-05-07 02:51:31.987931
3,77.55,47.26,False,2026-05-07 03:51:31.987931
3,77.93,47.23,False,2026-05-07 04:51:31.987931
3,78.42,47.18,False,2026-05-07 05:51:31.987931
3,79.59,47.15,False,2026-05-07 06:51:31.987931
3,81.32,47.11,False,2026-05-07 07:51:31.987931
3,8.72,47.1,False,2026-05-07 08:51:31.987931
3,10.82,47.08,False,2026-05-07 09:51:31.987931
3,14.4,47.03,False,2026-05-07 10:51:31.987931
3,14.93,46.99,False,2026-05-07 11:51:31.987931
3,17.01,46.94,False,2026-05-07 12:51:31.987931
3,21.17,46.9,False,2026-05-07 13:51:31.987931
3,26.01,46.87,False,2026-05-07 14:51:31.987931
3,26.93,46.83,False,2026-05-07 15:51:31.987931
3,28.77,46.79,False,2026-05-07 16:51:31.987931
3,31.32,46.74,False,2026-05-07 17:51:31.987931
3,34.57,46.7,False,2026-05-07 18:51:31.987931
3,39.5,46.67,False,2026-05-07 19:51:31.987931
3,40.16,46.64,False,2026-05-07 20:51:31.987931
4,8.77,93.35,False,2026-03-08 21:51:32.011335
4,9.69,93.31,False,2026-03-08 22:51:32.011335
4,10.47,93.27,False,2026-03-08 23:51:32.011335
4,10.94,93.25,False,2026-03-09 00:51:32.011335
4,11.23,93.21,False,2026-03-09 01:51:32.011335
4,11.7,93.19,False,2026-03-09 02:51:32.011335
4,11.78,93.14,False,2026-03-09 03:51:32.011335
4,12.28,93.11,False,2026-03-09 04:51:32.011335
4,12.74,93.08,False,2026-03-09 05:51:32.011335
4,14.06,93.07,False,2026-03-09 06:51:32.011335
4,15.03,93.04,False,2026-03-09 07:51:32.011335
4,17.67,93.0,False,2026-03-09 08:51:32.011335
4,21.69,92.96,False,2026-03-09 09:51:32.011335
4,24.44,92.93,False,2026-03-09 10:51:32.011335
4,25.27,92.89,False,2026-03-09 11:51:32.011335
4,27.69,92.87,False,2026-03-09 12:51:32.011335
4,29.97,92.82,False,2026-03-09 13:51:32.011335
4,34.29,92.79,False,2026-03-09 14:51:32.011335
4,35.73,92.76,False,2026-03-09 15:51:32.011335
4,37.44,92.75,False,2026-03-09 16:51:32.011335
4,41.26,92.7,False,2026-03-09 17:51:32.011335
4,43.72,92.69,False,2026-03-09 18:51:32.011335
4,48.61,92.65,False,2026-03-09 19:51:32.011335
4,49.56,92.63,False,2026-03-09 20:51:32.011335
4,50.8,92.61,False,2026-03-09 21:51:32.011335
4,52.55,92.57,False,2026-03-09 22:51:32.011335
4,53.67,92.53,False,2026-03-09 23:51:32.011335
4,53.95,92.52,False,2026-03-10 00:51:32.011335
4,54.4,92.47,False,2026-03-10 01:51:32.011335
4,54.59,92.44,False,2026-03-10 02:51:32.011335
4,54.69,92.42,False,2026-03-10 03:51:32.011335
4,54.83,92.39,False,2026-03-10 04:51:32.011335
4,54.97,92.35,False,2026-03-10 05:51:32.011335
4,56.81,92.32,False,2026-03-10 06:51:32.011335
4,57.63,92.27,False,2026-03-10 07:51:32.011335
4,60.93,92.23,False,2026-03-10 08:51:32.011335
4,65.47,92.19,False,2026-03-10 09:51:32.011335
4,67.85,92.15,False,2026-03-10 10:51:32.011335
4,69.67,92.11,False,2026-03-10 11:51:32.011335
4,73.16,92.09,False,2026-03-10 12:51:32.011335
4,76.5,92.06,False,2026-03-10 13:51:32.011335
4,80.98,92.05,False,2026-03-10 14:51:32.011335
4,9.36,92.01,False,2026-03-10 15:51:32.011335
4,10.34,91.99,False,2026-03-10 16:51:32.011335
4,15.2,91.96,False,2026-03-10 17:51:32.011335
4,19.59,91.95,False,2026-03-10 18:51:32.011335
4,23.75,91.92,False,2026-03-10 19:51:32.011335
4,24.65,91.9,False,2026-03-10 20:51:32.011335
4,26.51,91.88,False,2026-03-10 21:51:32.011335
4,27.75,91.83,False,2026-03-10 22:51:32.011335
4,29.36,91.81,False,2026-03-10 23:51:32.011335
4,29.4,91.8,False,2026-03-11 00:51:32.011335
4,29.78,91.77,False,2026-03-11 01:51:32.011335
4,29.86,91.72,False,2026-03-11 02:51:32.011335
4,30.01,91.69,False,2026-03-11 03:51:32.011335
4,30.34,91.67,False,2026-03-11 04:51:32.011335
4,30.7,91.63,False,2026-03-11 05:51:32.011335
4,31.23,91.59,False,2026-03-11 06:51:32.011335
4,33.22,91.56,False,2026-03-11 07:51:32.011335
4,36.65,91.53,False,2026-03-11 08:51:32.011335
4,40.77,91.51,False,2026-03-11 09:51:32.011335
4,44.64,91.5,False,2026-03-11 10:51:32.011335
4,45.36,91.45,False,2026-03-11 11:51:32.011335
4,48.37,91.43,False,2026-03-11 12:51:32.011335
4,52.81,91.38,False,2026-03-11 13:51:32.011335
4,56.21,91.36,False,2026-03-11 14:51:32.011335
4,57.55,91.33,False,2026-03-11 15:51:32.011335
4,58.79,91.3,False,2026-03-11 16:51:32.011335
4,60.84,91.27,False,2026-03-11 17:51:32.011335
4,63.68,91.25,False,2026-03-11 18:51:32.011335
4,67.9,91.23,False,2026-03-11 19:51:32.011335
4,68.82,91.22,False,2026-03-11 20:51:32.011335
4,69.51,91.2,False,2026-03-11 21:51:32.011335
4,71.4,91.18,False,2026-03-11 22:51:32.011335
4,72.26,91.17,False,2026-03-11 23:51:32.011335
4,72.49,91.13,False,2026-03-12 00:51:32.011335
4,72.75,91.12,False,2026-03-12 01:51:32.011335
4,72.77,91.1,False,2026-03-12 02:51:32.011335
4,73.07,91.06,False,2026-03-12 03:51:32.011335
4,73.09,91.04,False,2026-03-12 04:51:32.011335
4,73.55,91.02,False,2026-03-12 05:51:32.011335
4,74.22,90.98,False,2026-03-12 06:51:32.011335
4,74.84,90.95,False,2026-03-12 07:51:32.011335
4,79.26,90.93,False,2026-03-12 08:51:32.011335
4,82.56,90.88,False,2026-03-12 09:51:32.011335
4,9.23,90.86,False,2026-03-12 10:51:32.011335
4,9.77,90.82,False,2026-03-12 11:51:32.011335
4,13.25,90.81,False,2026-03-12 12:51:32.011335
4,17.53,90.79,False,2026-03-12 13:51:32.011335
4,21.13,90.75,False,2026-03-12 14:51:32.011335
4,22.4,90.71,False,2026-03-12 15:51:32.011335
4,23.06,90.69,False,2026-03-12 16:51:32.011335
4,27.5,90.67,False,2026-03-12 17:51:32.011335
4,31.33,90.65,False,2026-03-12 18:51:32.011335
4,34.93,90.63,False,2026-03-12 19:51:32.011335
4,35.69,90.61,False,2026-03-12 20:51:32.011335
4,36.76,90.58,False,2026-03-12 21:51:32.011335
4,38.29,90.55,False,2026-03-12 22:51:32.011335
4,39.89,90.53,False,2026-03-12 23:51:32.011335
4,40.31,90.48,False,2026-03-13 00:51:32.011335
4,40.37,90.47,False,2026-03-13 01:51:32.011335
4,40.71,90.43,False,2026-03-13 02:51:32.011335
4,41.16,90.4,False,2026-03-13 03:51:32.011335
4,41.27,90.39,False,2026-03-13 04:51:32.011335
4,41.34,90.37,False,2026-03-13 05:51:32.011335
4,43.29,90.32,False,2026-03-13 06:51:32.011335
4,44.72,90.29,False,2026-03-13 07:51:32.011335
4,49.46,90.25,False,2026-03-13 08:51:32.011335
4,52.8,90.21,False,2026-03-13 09:51:32.011335
4,54.9,90.18,False,2026-03-13 10:51:32.011335
4,55.44,90.15,False,2026-03-13 11:51:32.011335
4,59.51,90.12,False,2026-03-13 12:51:32.011335
4,63.45,90.09,False,2026-03-13 13:51:32.011335
4,67.88,90.05,False,2026-03-13 14:51:32.011335
4,69.78,90.04,False,2026-03-13 15:51:32.011335
4,70.98,90.02,False,2026-03-13 16:51:32.011335
4,75.82,89.98,False,2026-03-13 17:51:32.011335
4,80.55,89.94,False,2026-03-13 18:51:32.011335
4,11.73,89.92,False,2026-03-13 19:51:32.011335
4,12.7,89.88,False,2026-03-13 20:51:32.011335
4,14.07,89.84,False,2026-03-13 21:51:32.011335
4,14.87,89.81,False,2026-03-13 22:51:32.011335
4,15.74,89.77,False,2026-03-13 23:51:32.011335
4,16.04,89.75,False,2026-03-14 00:51:32.011335
4,16.18,89.71,False,2026-03-14 01:51:32.011335
4,16.47,89.68,False,2026-03-14 02:51:32.011335
4,16.8,89.65,False,2026-03-14 03:51:32.011335
4,16.97,89.61,False,2026-03-14 04:51:32.011335
4,17.39,89.58,False,2026-03-14 05:51:32.011335
4,19.32,89.57,False,2026-03-14 06:51:32.011335
4,20.92,89.56,False,2026-03-14 07:51:32.011335
4,25.59,89.52,False,2026-03-14 08:51:32.011335
4,27.89,89.49,False,2026-03-14 09:51:32.011335
4,32.68,89.45,False,2026-03-14 10:51:32.011335
4,34.53,89.43,False,2026-03-14 11:51:32.011335
4,37.29,89.4,False,2026-03-14 12:51:32.011335
4,40.99,89.37,False,2026-03-14 13:51:32.011335
4,43.05,89.34,False,2026-03-14 14:51:32.011335
4,44.64,89.29,False,2026-03-14 15:51:32.011335
4,46.43,89.28,False,2026-03-14 16:51:32.011335
4,50.05,89.26,False,2026-03-14 17:51:32.011335
4,53.87,89.22,False,2026-03-14 18:51:32.011335
4,57.07,89.2,False,2026-03-14 19:51:32.011335
4,58.12,89.18,False,2026-03-14 20:51:32.011335
4,59.96,89.15,False,2026-03-14 21:51:32.011335
4,61.87,89.12,False,2026-03-14 22:51:32.011335
4,62.86,89.1,False,2026-03-14 23:51:32.011335
4,63.13,89.06,False,2026-03-15 00:51:32.011335
4,63.62,89.01,False,2026-03-15 01:51:32.011335
4,63.98,89.0,False,2026-03-15 02:51:32.011335
4,64.18,88.97,False,2026-03-15 03:51:32.011335
4,64.65,88.94,False,2026-03-15 04:51:32.011335
4,65.1,88.91,False,2026-03-15 05:51:32.011335
4,66.38,88.88,False,2026-03-15 06:51:32.011335
4,67.79,88.84,False,2026-03-15 07:51:32.011335
4,71.78,88.79,False,2026-03-15 08:51:32.011335
4,73.91,88.77,False,2026-03-15 09:51:32.011335
4,78.84,88.74,False,2026-03-15 10:51:32.011335
4,80.42,88.73,False,2026-03-15 11:51:32.011335
4,5.87,88.7,False,2026-03-15 12:51:32.011335
4,9.58,88.69,False,2026-03-15 13:51:32.011335
4,12.09,88.66,False,2026-03-15 14:51:32.011335
4,12.84,88.63,False,2026-03-15 15:51:32.011335
4,14.23,88.61,False,2026-03-15 16:51:32.011335
4,17.49,88.58,False,2026-03-15 17:51:32.011335
4,22.04,88.54,False,2026-03-15 18:51:32.011335
4,25.28,88.51,False,2026-03-15 19:51:32.011335
4,27.07,88.49,False,2026-03-15 20:51:32.011335
4,28.89,88.44,False,2026-03-15 21:51:32.011335
4,30.8,88.4,False,2026-03-15 22:51:32.011335
4,31.7,88.37,False,2026-03-15 23:51:32.011335
4,31.75,88.33,False,2026-03-16 00:51:32.011335
4,31.92,88.29,False,2026-03-16 01:51:32.011335
4,31.92,88.28,False,2026-03-16 02:51:32.011335
4,32.29,88.25,False,2026-03-16 03:51:32.011335
4,32.61,88.23,False,2026-03-16 04:51:32.011335
4,32.75,88.21,False,2026-03-16 05:51:32.011335
4,34.42,88.16,False,2026-03-16 06:51:32.011335
4,35.82,88.13,False,2026-03-16 07:51:32.011335
4,38.28,88.09,False,2026-03-16 08:51:32.011335
4,43.08,88.07,False,2026-03-16 09:51:32.011335
4,45.7,88.04,False,2026-03-16 10:51:32.011335
4,46.27,88.02,False,2026-03-16 11:51:32.011335
4,50.05,87.98,False,2026-03-16 12:51:32.011335
4,52.27,87.97,False,2026-03-16 13:51:32.011335
4,55.46,87.94,False,2026-03-16 14:51:32.011335
4,56.87,87.89,False,2026-03-16 15:51:32.011335
4,57.88,87.87,False,2026-03-16 16:51:32.011335
4,60.34,87.85,False,2026-03-16 17:51:32.011335
4,64.57,87.82,False,2026-03-16 18:51:32.011335
4,68.06,87.77,False,2026-03-16 19:51:32.011335
4,68.65,87.74,False,2026-03-16 20:51:32.011335
4,70.0,87.71,False,2026-03-16 21:51:32.011335
4,71.68,87.67,False,2026-03-16 22:51:32.011335
4,72.89,87.63,False,2026-03-16 23:51:32.011335
4,73.15,87.61,False,2026-03-17 00:51:32.011335
4,73.23,87.59,False,2026-03-17 01:51:32.011335
4,73.63,87.54,False,2026-03-17 02:51:32.011335
4,73.65,87.52,False,2026-03-17 03:51:32.011335
4,73.97,87.47,False,2026-03-17 04:51:32.011335
4,74.18,87.44,False,2026-03-17 05:51:32.011335
4,75.61,87.41,False,2026-03-17 06:51:32.011335
4,76.54,87.37,False,2026-03-17 07:51:32.011335
4,79.54,87.36,False,2026-03-17 08:51:32.011335
4,81.54,87.33,False,2026-03-17 09:51:32.011335
4,12.64,87.3,False,2026-03-17 10:51:32.011335
4,13.35,87.25,False,2026-03-17 11:51:32.011335
4,17.88,87.24,False,2026-03-17 12:51:32.011335
4,21.37,87.22,False,2026-03-17 13:51:32.011335
4,25.26,87.18,False,2026-03-17 14:51:32.011335
4,26.92,87.13,False,2026-03-17 15:51:32.011335
4,28.22,87.1,False,2026-03-17 16:51:32.011335
4,30.58,87.06,False,2026-03-17 17:51:32.011335
4,34.37,87.03,False,2026-03-17 18:51:32.011335
4,36.66,87.01,False,2026-03-17 19:51:32.011335
4,37.56,86.97,False,2026-03-17 20:51:32.011335
4,38.72,86.94,False,2026-03-17 21:51:32.011335
4,39.23,86.91,False,2026-03-17 22:51:32.011335
4,39.97,86.88,False,2026-03-17 23:51:32.011335
4,40.31,86.84,False,2026-03-18 00:51:32.011335
4,40.38,86.8,False,2026-03-18 01:51:32.011335
4,40.87,86.77,False,2026-03-18 02:51:32.011335
4,41.37,86.75,False,2026-03-18 03:51:32.011335
4,41.72,86.74,False,2026-03-18 04:51:32.011335
4,41.92,86.71,False,2026-03-18 05:51:32.011335
4,43.16,86.69,False,2026-03-18 06:51:32.011335
4,44.19,86.67,False,2026-03-18 07:51:32.011335
4,47.52,86.64,False,2026-03-18 08:51:32.011335
4,51.64,86.59,False,2026-03-18 09:51:32.011335
4,54.39,86.58,False,2026-03-18 10:51:32.011335
4,56.29,86.55,False,2026-03-18 11:51:32.011335
4,60.29,86.51,False,2026-03-18 12:51:32.011335
4,64.88,86.5,False,2026-03-18 13:51:32.011335
4,67.56,86.47,False,2026-03-18 14:51:32.011335
4,69.43,86.46,False,2026-03-18 15:51:32.011335
4,71.13,86.43,False,2026-03-18 16:51:32.011335
4,73.87,86.39,False,2026-03-18 17:51:32.011335
4,77.62,86.36,False,2026-03-18 18:51:32.011335
4,80.9,86.32,False,2026-03-18 19:51:32.011335
4,7.16,86.3,False,2026-03-18 20:51:32.011335
4,9.03,86.27,False,2026-03-18 21:51:32.011335
4,10.07,86.24,False,2026-03-18 22:51:32.011335
4,11.94,86.2,False,2026-03-18 23:51:32.011335
4,12.36,86.17,False,2026-03-19 00:51:32.011335
4,12.5,86.13,False,2026-03-19 01:51:32.011335
4,12.53,86.11,False,2026-03-19 02:51:32.011335
4,12.67,86.08,False,2026-03-19 03:51:32.011335
4,13.14,86.04,False,2026-03-19 04:51:32.011335
4,13.44,86.0,False,2026-03-19 05:51:32.011335
4,15.3,85.96,False,2026-03-19 06:51:32.011335
4,15.99,85.93,False,2026-03-19 07:51:32.011335
4,20.56,85.89,False,2026-03-19 08:51:32.011335
4,24.21,85.86,False,2026-03-19 09:51:32.011335
4,26.62,85.85,False,2026-03-19 10:51:32.011335
4,27.9,85.83,False,2026-03-19 11:51:32.011335
4,31.21,85.8,False,2026-03-19 12:51:32.011335
4,34.96,85.77,False,2026-03-19 13:51:32.011335
4,38.23,85.74,False,2026-03-19 14:51:32.011335
4,39.17,85.71,False,2026-03-19 15:51:32.011335
4,40.3,85.69,False,2026-03-19 16:51:32.011335
4,44.37,85.65,False,2026-03-19 17:51:32.011335
4,47.58,85.63,False,2026-03-19 18:51:32.011335
4,51.13,85.61,False,2026-03-19 19:51:32.011335
4,52.67,85.6,False,2026-03-19 20:51:32.011335
4,53.33,85.57,False,2026-03-19 21:51:32.011335
4,55.14,85.53,False,2026-03-19 22:51:32.011335
4,57.08,85.51,False,2026-03-19 23:51:32.011335
4,57.21,85.46,False,2026-03-20 00:51:32.011335
4,57.66,85.43,False,2026-03-20 01:51:32.011335
4,57.75,85.38,False,2026-03-20 02:51:32.011335
4,57.92,85.35,False,2026-03-20 03:51:32.011335
4,58.26,85.34,False,2026-03-20 04:51:32.011335
4,58.56,85.29,False,2026-03-20 05:51:32.011335
4,60.12,85.25,False,2026-03-20 06:51:32.011335
4,60.72,85.23,False,2026-03-20 07:51:32.011335
4,65.66,85.21,False,2026-03-20 08:51:32.011335
4,69.14,85.18,False,2026-03-20 09:51:32.011335
4,72.89,85.14,False,2026-03-20 10:51:32.011335
4,74.27,85.11,False,2026-03-20 11:51:32.011335
4,79.07,85.07,False,2026-03-20 12:51:32.011335
4,83.18,85.03,False,2026-03-20 13:51:32.011335
4,6.2,85.0,False,2026-03-20 14:51:32.011335
4,7.88,84.99,False,2026-03-20 15:51:32.011335
4,8.85,84.98,False,2026-03-20 16:51:32.011335
4,11.28,84.93,False,2026-03-20 17:51:32.011335
4,15.8,84.89,False,2026-03-20 18:51:32.011335
4,19.63,84.86,False,2026-03-20 19:51:32.011335
4,20.83,84.82,False,2026-03-20 20:51:32.011335
4,21.34,84.8,False,2026-03-20 21:51:32.011335
4,21.86,84.78,False,2026-03-20 22:51:32.011335
4,22.97,84.75,False,2026-03-20 23:51:32.011335
4,23.17,84.71,False,2026-03-21 00:51:32.011335
4,23.59,84.7,False,2026-03-21 01:51:32.011335
4,23.89,84.66,False,2026-03-21 02:51:32.011335
4,24.25,84.65,False,2026-03-21 03:51:32.011335
4,24.28,84.61,False,2026-03-21 04:51:32.011335
4,24.42,84.57,False,2026-03-21 05:51:32.011335
4,25.75,84.55,False,2026-03-21 06:51:32.011335
4,26.85,84.52,False,2026-03-21 07:51:32.011335
4,29.38,84.5,False,2026-03-21 08:51:32.011335
4,33.75,84.48,False,2026-03-21 09:51:32.011335
4,37.64,84.43,False,2026-03-21 10:51:32.011335
4,39.3,84.4,False,2026-03-21 11:51:32.011335
4,43.88,84.36,False,2026-03-21 12:51:32.011335
4,47.18,84.34,False,2026-03-21 13:51:32.011335
4,50.06,84.31,False,2026-03-21 14:51:32.011335
4,51.23,84.27,False,2026-03-21 15:51:32.011335
4,52.28,84.24,False,2026-03-21 16:51:32.011335
4,56.52,84.2,False,2026-03-21 17:51:32.011335
4,61.25,84.18,False,2026-03-21 18:51:32.011335
4,63.36,84.15,False,2026-03-21 19:51:32.011335
4,64.88,84.1,False,2026-03-21 20:51:32.011335
4,66.53,84.07,False,2026-03-21 21:51:32.011335
4,67.33,84.05,False,2026-03-21 22:51:32.011335
4,68.64,84.03,False,2026-03-21 23:51:32.011335
4,68.95,84.0,False,2026-03-22 00:51:32.011335
4,69.43,83.98,False,2026-03-22 01:51:32.011335
4,69.55,83.97,False,2026-03-22 02:51:32.011335
4,69.59,83.94,False,2026-03-22 03:51:32.011335
4,69.82,83.93,False,2026-03-22 04:51:32.011335
4,69.9,83.89,False,2026-03-22 05:51:32.011335
4,71.46,83.87,False,2026-03-22 06:51:32.011335
4,72.25,83.85,False,2026-03-22 07:51:32.011335
4,75.9,83.8,False,2026-03-22 08:51:32.011335
4,79.63,83.75,False,2026-03-22 09:51:32.011335
4,82.7,83.73,False,2026-03-22 10:51:32.011335
4,8.84,83.69,False,2026-03-22 11:51:32.011335
4,12.21,83.66,False,2026-03-22 12:51:32.011335
4,15.67,83.65,False,2026-03-22 13:51:32.011335
4,19.88,83.6,False,2026-03-22 14:51:32.011335
4,20.87,83.57,False,2026-03-22 15:51:32.011335
4,22.74,83.56,False,2026-03-22 16:51:32.011335
4,25.79,83.51,False,2026-03-22 17:51:32.011335
4,30.4,83.48,False,2026-03-22 18:51:32.011335
4,33.32,83.46,False,2026-03-22 19:51:32.011335
4,33.82,83.42,False,2026-03-22 20:51:32.011335
4,34.35,83.4,False,2026-03-22 21:51:32.011335
4,35.43,83.38,False,2026-03-22 22:51:32.011335
4,37.25,83.34,False,2026-03-22 23:51:32.011335
4,37.34,83.33,False,2026-03-23 00:51:32.011335
4,37.38,83.3,False,2026-03-23 01:51:32.011335
4,37.82,83.26,False,2026-03-23 02:51:32.011335
4,37.85,83.23,False,2026-03-23 03:51:32.011335
4,38.2,83.19,False,2026-03-23 04:51:32.011335
4,38.43,83.17,False,2026-03-23 05:51:32.011335
4,40.04,83.14,False,2026-03-23 06:51:32.011335
4,41.31,83.1,False,2026-03-23 07:51:32.011335
4,44.38,83.07,False,2026-03-23 08:51:32.011335
4,48.87,83.05,False,2026-03-23 09:51:32.011335
4,52.96,83.02,False,2026-03-23 10:51:32.011335
4,54.54,83.01,False,2026-03-23 11:51:32.011335
4,58.36,82.99,False,2026-03-23 12:51:32.011335
4,61.95,82.96,False,2026-03-23 13:51:32.011335
4,64.74,82.93,False,2026-03-23 14:51:32.011335
4,66.34,82.89,False,2026-03-23 15:51:32.011335
4,68.32,82.87,False,2026-03-23 16:51:32.011335
4,71.15,82.86,False,2026-03-23 17:51:32.011335
4,74.1,82.83,False,2026-03-23 18:51:32.011335
4,77.11,82.78,False,2026-03-23 19:51:32.011335
4,78.06,82.73,False,2026-03-23 20:51:32.011335
4,79.22,82.69,False,2026-03-23 21:51:32.011335
4,80.93,82.68,False,2026-03-23 22:51:32.011335
4,8.23,82.64,False,2026-03-23 23:51:32.011335
4,8.66,82.62,False,2026-03-24 00:51:32.011335
4,8.87,82.58,False,2026-03-24 01:51:32.011335
4,9.25,82.56,False,2026-03-24 02:51:32.011335
4,9.74,82.55,False,2026-03-24 03:51:32.011335
4,10.0,82.53,False,2026-03-24 04:51:32.011335
4,10.13,82.51,False,2026-03-24 05:51:32.011335
4,11.18,82.5,False,2026-03-24 06:51:32.011335
4,12.97,82.46,False,2026-03-24 07:51:32.011335
4,15.55,82.41,False,2026-03-24 08:51:32.011335
4,18.13,82.4,False,2026-03-24 09:51:32.011335
4,20.3,82.36,False,2026-03-24 10:51:32.011335
4,21.97,82.34,False,2026-03-24 11:51:32.011335
4,25.54,82.31,False,2026-03-24 12:51:32.011335
4,29.35,82.28,False,2026-03-24 13:51:32.011335
4,32.68,82.26,False,2026-03-24 14:51:32.011335
4,34.46,82.23,False,2026-03-24 15:51:32.011335
4,36.39,82.19,False,2026-03-24 16:51:32.011335
4,39.95,82.16,False,2026-03-24 17:51:32.011335
4,43.62,82.14,False,2026-03-24 18:51:32.011335
4,47.3,82.11,False,2026-03-24 19:51:32.011335
4,48.77,82.09,False,2026-03-24 20:51:32.011335
4,49.62,82.04,False,2026-03-24 21:51:32.011335
4,50.6,82.0,False,2026-03-24 22:51:32.011335
4,51.74,81.97,False,2026-03-24 23:51:32.011335
4,51.74,81.94,False,2026-03-25 00:51:32.011335
4,51.89,81.92,False,2026-03-25 01:51:32.011335
4,51.91,81.91,False,2026-03-25 02:51:32.011335
4,52.32,81.89,False,2026-03-25 03:51:32.011335
4,52.66,81.85,False,2026-03-25 04:51:32.011335
4,52.9,81.82,False,2026-03-25 05:51:32.011335
4,53.46,81.78,False,2026-03-25 06:51:32.011335
4,55.16,81.75,False,2026-03-25 07:51:32.011335
4,59.92,81.72,False,2026-03-25 08:51:32.011335
4,64.21,81.69,False,2026-03-25 09:51:32.011335
4,68.86,81.64,False,2026-03-25 10:51:32.011335
4,69.85,81.61,False,2026-03-25 11:51:32.011335
4,72.72,81.6,False,2026-03-25 12:51:32.011335
4,75.75,81.57,False,2026-03-25 13:51:32.011335
4,80.34,81.54,False,2026-03-25 14:51:32.011335
4,6.28,81.52,False,2026-03-25 15:51:32.011335
4,7.48,81.48,False,2026-03-25 16:51:32.011335
4,10.36,81.46,False,2026-03-25 17:51:32.011335
4,14.18,81.44,False,2026-03-25 18:51:32.011335
4,18.71,81.41,False,2026-03-25 19:51:32.011335
4,19.37,81.37,False,2026-03-25 20:51:32.011335
4,20.69,81.33,False,2026-03-25 21:51:32.011335
4,22.33,81.31,False,2026-03-25 22:51:32.011335
4,23.82,81.29,False,2026-03-25 23:51:32.011335
4,23.96,81.26,False,2026-03-26 00:51:32.011335
4,23.98,81.23,False,2026-03-26 01:51:32.011335
4,24.46,81.19,False,2026-03-26 02:51:32.011335
4,24.49,81.16,False,2026-03-26 03:51:32.011335
4,24.93,81.12,False,2026-03-26 04:51:32.011335
4,25.21,81.08,False,2026-03-26 05:51:32.011335
4,26.77,81.03,False,2026-03-26 06:51:32.011335
4,28.34,81.02,False,2026-03-26 07:51:32.011335
4,32.77,80.97,False,2026-03-26 08:51:32.011335
4,35.81,80.96,False,2026-03-26 09:51:32.011335
4,38.17,80.94,False,2026-03-26 10:51:32.011335
4,39.08,80.9,False,2026-03-26 11:51:32.011335
4,42.55,80.85,False,2026-03-26 12:51:32.011335
4,46.03,80.8,False,2026-03-26 13:51:32.011335
4,50.75,80.79,False,2026-03-26 14:51:32.011335
4,52.09,80.77,False,2026-03-26 15:51:32.011335
4,53.32,80.75,False,2026-03-26 16:51:32.011335
4,58.07,80.73,False,2026-03-26 17:51:32.011335
4,60.68,80.68,False,2026-03-26 18:51:32.011335
4,62.69,80.64,False,2026-03-26 19:51:32.011335
4,63.28,80.61,False,2026-03-26 20:51:32.011335
4,64.79,80.58,False,2026-03-26 21:51:32.011335
4,65.63,80.55,False,2026-03-26 22:51:32.011335
4,67.21,80.5,False,2026-03-26 23:51:32.011335
4,67.61,80.49,False,2026-03-27 00:51:32.011335
4,67.93,80.47,False,2026-03-27 01:51:32.011335
4,68.35,80.45,False,2026-03-27 02:51:32.011335
4,68.5,80.43,False,2026-03-27 03:51:32.011335
4,68.78,80.41,False,2026-03-27 04:51:32.011335
4,69.03,80.39,False,2026-03-27 05:51:32.011335
4,70.65,80.38,False,2026-03-27 06:51:32.011335
4,71.25,80.37,False,2026-03-27 07:51:32.011335
4,75.43,80.35,False,2026-03-27 08:51:32.011335
4,80.15,80.33,False,2026-03-27 09:51:32.011335
4,6.43,80.29,False,2026-03-27 10:51:32.011335
4,7.47,80.26,False,2026-03-27 11:51:32.011335
4,10.42,80.24,False,2026-03-27 12:51:32.011335
4,14.05,80.2,False,2026-03-27 13:51:32.011335
4,17.36,80.17,False,2026-03-27 14:51:32.011335
4,19.34,80.15,False,2026-03-27 15:51:32.011335
4,20.55,80.11,False,2026-03-27 16:51:32.011335
4,24.82,80.08,False,2026-03-27 17:51:32.011335
4,27.03,80.04,False,2026-03-27 18:51:32.011335
4,29.59,79.99,False,2026-03-27 19:51:32.011335
4,30.69,79.94,False,2026-03-27 20:51:32.011335
4,32.47,79.92,False,2026-03-27 21:51:32.011335
4,33.05,79.9,False,2026-03-27 22:51:32.011335
4,34.83,79.87,False,2026-03-27 23:51:32.011335
4,35.31,79.82,False,2026-03-28 00:51:32.011335
4,35.69,79.8,False,2026-03-28 01:51:32.011335
4,36.08,79.78,False,2026-03-28 02:51:32.011335
4,36.34,79.75,False,2026-03-28 03:51:32.011335
4,36.38,79.72,False,2026-03-28 04:51:32.011335
4,36.47,79.71,False,2026-03-28 05:51:32.011335
4,37.86,79.66,False,2026-03-28 06:51:32.011335
4,39.1,79.62,False,2026-03-28 07:51:32.011335
4,41.48,79.58,False,2026-03-28 08:51:32.011335
4,45.52,79.55,False,2026-03-28 09:51:32.011335
4,47.8,79.52,False,2026-03-28 10:51:32.011335
4,48.7,79.51,False,2026-03-28 11:51:32.011335
4,52.96,79.49,False,2026-03-28 12:51:32.011335
4,57.5,79.45,False,2026-03-28 13:51:32.011335
4,60.02,79.43,False,2026-03-28 14:51:32.011335
4,61.19,79.38,False,2026-03-28 15:51:32.011335
4,62.95,79.36,False,2026-03-28 16:51:32.011335
4,67.32,79.31,False,2026-03-28 17:51:32.011335
4,70.31,79.26,False,2026-03-28 18:51:32.011335
4,73.67,79.23,False,2026-03-28 19:51:32.011335
4,74.24,79.19,False,2026-03-28 20:51:32.011335
4,75.37,79.17,False,2026-03-28 21:51:32.011335
4,76.64,79.16,False,2026-03-28 22:51:32.011335
4,77.89,79.13,False,2026-03-28 23:51:32.011335
4,78.31,79.09,False,2026-03-29 00:51:32.011335
4,78.61,79.04,False,2026-03-29 01:51:32.011335
4,78.66,78.99,False,2026-03-29 02:51:32.011335
4,78.92,78.98,False,2026-03-29 03:51:32.011335
4,79.25,78.93,False,2026-03-29 04:51:32.011335
4,79.58,78.9,False,2026-03-29 05:51:32.011335
4,81.58,78.86,False,2026-03-29 06:51:32.011335
4,8.66,78.81,False,2026-03-29 07:51:32.011335
4,13.44,78.77,False,2026-03-29 08:51:32.011335
4,16.77,78.74,False,2026-03-29 09:51:32.011335
4,19.2,78.72,False,2026-03-29 10:51:32.011335
4,20.38,78.69,False,2026-03-29 11:51:32.011335
4,25.33,78.68,False,2026-03-29 12:51:32.011335
4,28.29,78.66,False,2026-03-29 13:51:32.011335
4,33.11,78.61,False,2026-03-29 14:51:32.011335
4,33.81,78.57,False,2026-03-29 15:51:32.011335
4,35.0,78.54,False,2026-03-29 16:51:32.011335
4,37.5,78.51,False,2026-03-29 17:51:32.011335
4,40.13,78.49,False,2026-03-29 18:51:32.011335
4,43.22,78.47,False,2026-03-29 19:51:32.011335
4,44.7,78.43,False,2026-03-29 20:51:32.011335
4,45.49,78.41,False,2026-03-29 21:51:32.011335
4,46.88,78.39,False,2026-03-29 22:51:32.011335
4,47.71,78.37,False,2026-03-29 23:51:32.011335
4,47.8,78.34,False,2026-03-30 00:51:32.011335
4,47.94,78.32,False,2026-03-30 01:51:32.011335
4,48.36,78.29,False,2026-03-30 02:51:32.011335
4,48.47,78.24,False,2026-03-30 03:51:32.011335
4,48.64,78.2,False,2026-03-30 04:51:32.011335
4,48.86,78.16,False,2026-03-30 05:51:32.011335
4,50.06,78.12,False,2026-03-30 06:51:32.011335
4,51.27,78.08,False,2026-03-30 07:51:32.011335
4,53.29,78.06,False,2026-03-30 08:51:32.011335
4,56.96,78.04,False,2026-03-30 09:51:32.011335
4,60.85,78.02,False,2026-03-30 10:51:32.011335
4,61.48,77.97,False,2026-03-30 11:51:32.011335
4,65.2,77.93,False,2026-03-30 12:51:32.011335
4,70.06,77.9,False,2026-03-30 13:51:32.011335
4,72.84,77.87,False,2026-03-30 14:51:32.011335
4,73.96,77.84,False,2026-03-30 15:51:32.011335
4,75.92,77.82,False,2026-03-30 16:51:32.011335
4,78.67,77.8,False,2026-03-30 17:51:32.011335
4,82.49,77.76,False,2026-03-30 18:51:32.011335
4,9.59,77.72,False,2026-03-30 19:51:32.011335
4,11.4,77.69,False,2026-03-30 20:51:32.011335
4,13.2,77.67,False,2026-03-30 21:51:32.011335
4,15.18,77.63,False,2026-03-30 22:51:32.011335
4,17.01,77.6,False,2026-03-30 23:51:32.011335
4,17.07,77.55,False,2026-03-31 00:51:32.011335
4,17.41,77.52,False,2026-03-31 01:51:32.011335
4,17.91,77.48,False,2026-03-31 02:51:32.011335
4,18.12,77.44,False,2026-03-31 03:51:32.011335
4,18.23,77.39,False,2026-03-31 04:51:32.011335
4,18.69,77.35,False,2026-03-31 05:51:32.011335
4,20.36,77.31,False,2026-03-31 06:51:32.011335
4,21.23,77.28,False,2026-03-31 07:51:32.011335
4,24.03,77.25,False,2026-03-31 08:51:32.011335
4,26.46,77.23,False,2026-03-31 09:51:32.011335
4,29.16,77.2,False,2026-03-31 10:51:32.011335
4,30.48,77.16,False,2026-03-31 11:51:32.011335
4,33.34,77.15,False,2026-03-31 12:51:32.011335
4,37.38,77.13,False,2026-03-31 13:51:32.011335
4,39.98,77.11,False,2026-03-31 14:51:32.011335
4,41.5,77.09,False,2026-03-31 15:51:32.011335
4,42.1,77.08,False,2026-03-31 16:51:32.011335
4,46.37,77.03,False,2026-03-31 17:51:32.011335
4,49.61,76.99,False,2026-03-31 18:51:32.011335
4,51.62,76.96,False,2026-03-31 19:51:32.011335
4,52.98,76.92,False,2026-03-31 20:51:32.011335
4,54.36,76.89,False,2026-03-31 21:51:32.011335
4,55.32,76.86,False,2026-03-31 22:51:32.011335
4,57.03,76.82,False,2026-03-31 23:51:32.011335
4,57.36,76.77,False,2026-04-01 00:51:32.011335
4,57.65,76.75,False,2026-04-01 01:51:32.011335
4,57.74,76.72,False,2026-04-01 02:51:32.011335
4,57.8,76.68,False,2026-04-01 03:51:32.011335
4,57.89,76.66,False,2026-04-01 04:51:32.011335
4,58.32,76.62,False,2026-04-01 05:51:32.011335
4,60.18,76.58,False,2026-04-01 06:51:32.011335
4,61.16,76.57,False,2026-04-01 07:51:32.011335
4,64.63,76.56,False,2026-04-01 08:51:32.011335
4,69.61,76.54,False,2026-04-01 09:51:32.011335
4,73.66,76.53,False,2026-04-01 10:51:32.011335
4,75.12,76.51,False,2026-04-01 11:51:32.011335
4,79.96,76.49,False,2026-04-01 12:51:32.011335
4,83.18,76.45,False,2026-04-01 13:51:32.011335
4,10.52,76.42,False,2026-04-01 14:51:32.011335
4,12.41,76.38,False,2026-04-01 15:51:32.011335
4,14.31,76.36,False,2026-04-01 16:51:32.011335
4,17.2,76.35,False,2026-04-01 17:51:32.011335
4,20.11,76.33,False,2026-04-01 18:51:32.011335
4,23.46,76.31,False,2026-04-01 19:51:32.011335
4,24.97,76.28,False,2026-04-01 20:51:32.011335
4,26.77,76.24,False,2026-04-01 21:51:32.011335
4,28.24,76.19,False,2026-04-01 22:51:32.011335
4,29.14,76.15,False,2026-04-01 23:51:32.011335
4,29.42,76.11,False,2026-04-02 00:51:32.011335
4,29.5,76.08,False,2026-04-02 01:51:32.011335
4,29.9,76.05,False,2026-04-02 02:51:32.011335
4,30.38,76.02,False,2026-04-02 03:51:32.011335
4,30.72,76.01,False,2026-04-02 04:51:32.011335
4,30.9,75.98,False,2026-04-02 05:51:32.011335
4,32.72,75.95,False,2026-04-02 06:51:32.011335
4,34.45,75.91,False,2026-04-02 07:51:32.011335
4,36.49,75.9,False,2026-04-02 08:51:32.011335
4,40.85,75.88,False,2026-04-02 09:51:32.011335
4,44.69,75.86,False,2026-04-02 10:51:32.011335
4,45.88,75.82,False,2026-04-02 11:51:32.011335
4,50.12,75.78,False,2026-04-02 12:51:32.011335
4,52.64,75.73,False,2026-04-02 13:51:32.011335
4,56.76,75.69,False,2026-04-02 14:51:32.011335
4,58.5,75.65,False,2026-04-02 15:51:32.011335
4,59.75,75.61,False,2026-04-02 16:51:32.011335
4,64.47,75.59,False,2026-04-02 17:51:32.011335
4,68.94,75.54,False,2026-04-02 18:51:32.011335
4,73.03,75.49,False,2026-04-02 19:51:32.011335
4,74.18,75.46,False,2026-04-02 20:51:32.011335
4,76.13,75.42,False,2026-04-02 21:51:32.011335
4,77.68,75.38,False,2026-04-02 22:51:32.011335
4,79.36,75.34,False,2026-04-02 23:51:32.011335
4,79.45,75.32,False,2026-04-03 00:51:32.011335
4,79.61,75.28,False,2026-04-03 01:51:32.011335
4,79.67,75.25,False,2026-04-03 02:51:32.011335
4,80.04,75.23,False,2026-04-03 03:51:32.011335
4,5.0,75.18,False,2026-04-03 04:51:32.011335
4,5.32,75.15,False,2026-04-03 05:51:32.011335
4,7.3,75.14,False,2026-04-03 06:51:32.011335
4,7.96,75.09,False,2026-04-03 07:51:32.011335
4,11.23,75.06,False,2026-04-03 08:51:32.011335
4,13.36,75.05,False,2026-04-03 09:51:32.011335
4,15.59,75.04,False,2026-04-03 10:51:32.011335
4,16.37,75.01,False,2026-04-03 11:51:32.011335
4,19.51,74.97,False,2026-04-03 12:51:32.011335
4,23.76,74.93,False,2026-04-03 13:51:32.011335
4,26.67,74.89,False,2026-04-03 14:51:32.011335
4,27.32,74.88,False,2026-04-03 15:51:32.011335
4,28.18,74.85,False,2026-04-03 16:51:32.011335
4,31.48,74.81,False,2026-04-03 17:51:32.011335
4,34.13,74.79,False,2026-04-03 18:51:32.011335
4,37.25,74.76,False,2026-04-03 19:51:32.011335
4,39.07,74.74,False,2026-04-03 20:51:32.011335
4,40.27,74.72,False,2026-04-03 21:51:32.011335
4,40.96,74.7,False,2026-04-03 22:51:32.011335
4,42.48,74.67,False,2026-04-03 23:51:32.011335
4,42.82,74.66,False,2026-04-04 00:51:32.011335
4,43.32,74.65,False,2026-04-04 01:51:32.011335
4,43.56,74.6,False,2026-04-04 02:51:32.011335
4,43.7,74.58,False,2026-04-04 03:51:32.011335
4,43.85,74.57,False,2026-04-04 04:51:32.011335
4,44.09,74.52,False,2026-04-04 05:51:32.011335
4,44.71,74.48,False,2026-04-04 06:51:32.011335
4,46.7,74.43,False,2026-04-04 07:51:32.011335
4,50.85,74.4,False,2026-04-04 08:51:32.011335
4,54.19,74.36,False,2026-04-04 09:51:32.011335
4,58.66,74.31,False,2026-04-04 10:51:32.011335
4,59.56,74.27,False,2026-04-04 11:51:32.011335
4,62.3,74.22,False,2026-04-04 12:51:32.011335
4,66.59,74.18,False,2026-04-04 13:51:32.011335
4,69.82,74.15,False,2026-04-04 14:51:32.011335
4,71.25,74.11,False,2026-04-04 15:51:32.011335
4,72.09,74.1,False,2026-04-04 16:51:32.011335
4,75.28,74.07,False,2026-04-04 17:51:32.011335
4,77.55,74.06,False,2026-04-04 18:51:32.011335
4,82.05,74.04,False,2026-04-04 19:51:32.011335
4,8.19,73.99,False,2026-04-04 20:51:32.011335
4,8.9,73.96,False,2026-04-04 21:51:32.011335
4,10.15,73.92,False,2026-04-04 22:51:32.011335
4,11.42,73.87,False,2026-04-04 23:51:32.011335
4,11.56,73.84,False,2026-04-05 00:51:32.011335
4,11.84,73.81,False,2026-04-05 01:51:32.011335
4,12.25,73.76,False,2026-04-05 02:51:32.011335
4,12.39,73.75,False,2026-04-05 03:51:32.011335
4,12.48,73.74,False,2026-04-05 04:51:32.011335
4,12.78,73.72,False,2026-04-05 05:51:32.011335
4,13.55,73.69,False,2026-04-05 06:51:32.011335
4,14.89,73.64,False,2026-04-05 07:51:32.011335
4,19.74,73.6,False,2026-04-05 08:51:32.011335
4,22.5,73.55,False,2026-04-05 09:51:32.011335
4,26.09,73.52,False,2026-04-05 10:51:32.011335
4,27.14,73.5,False,2026-04-05 11:51:32.011335
4,32.0,73.49,False,2026-04-05 12:51:32.011335
4,36.23,73.47,False,2026-04-05 13:51:32.011335
4,40.11,73.46,False,2026-04-05 14:51:32.011335
4,41.06,73.42,False,2026-04-05 15:51:32.011335
4,42.31,73.37,False,2026-04-05 16:51:32.011335
4,44.99,73.35,False,2026-04-05 17:51:32.011335
4,48.94,73.32,False,2026-04-05 18:51:32.011335
4,53.57,73.29,False,2026-04-05 19:51:32.011335
4,55.41,73.25,False,2026-04-05 20:51:32.011335
4,56.88,73.23,False,2026-04-05 21:51:32.011335
4,57.51,73.2,False,2026-04-05 22:51:32.011335
4,59.2,73.19,False,2026-04-05 23:51:32.011335
4,59.26,73.16,False,2026-04-06 00:51:32.011335
4,59.62,73.11,False,2026-04-06 01:51:32.011335
4,60.11,73.08,False,2026-04-06 02:51:32.011335
4,60.14,73.06,False,2026-04-06 03:51:32.011335
4,60.16,73.03,False,2026-04-06 04:51:32.011335
4,60.28,73.0,False,2026-04-06 05:51:32.011335
4,60.94,72.96,False,2026-04-06 06:51:32.011335
4,61.76,72.94,False,2026-04-06 07:51:32.011335
4,66.71,72.92,False,2026-04-06 08:51:32.011335
4,71.51,72.9,False,2026-04-06 09:51:32.011335
4,76.2,72.85,False,2026-04-06 10:51:32.011335
4,77.79,72.83,False,2026-04-06 11:51:32.011335
4,81.55,72.8,False,2026-04-06 12:51:32.011335
4,8.31,72.78,False,2026-04-06 13:51:32.011335
4,12.58,72.75,False,2026-04-06 14:51:32.011335
4,13.71,72.7,False,2026-04-06 15:51:32.011335
4,14.7,72.67,False,2026-04-06 16:51:32.011335
4,18.09,72.62,False,2026-04-06 17:51:32.011335
4,22.69,72.58,False,2026-04-06 18:51:32.011335
4,26.93,72.54,False,2026-04-06 19:51:32.011335
4,27.74,72.52,False,2026-04-06 20:51:32.011335
4,29.21,72.5,False,2026-04-06 21:51:32.011335
4,30.31,72.45,False,2026-04-06 22:51:32.011335
4,31.0,72.44,False,2026-04-06 23:51:32.011335
4,31.2,72.42,False,2026-04-07 00:51:32.011335
4,31.23,72.41,False,2026-04-07 01:51:32.011335
4,31.47,72.37,False,2026-04-07 02:51:32.011335
4,31.91,72.35,False,2026-04-07 03:51:32.011335
4,32.21,72.33,False,2026-04-07 04:51:32.011335
4,32.5,72.29,False,2026-04-07 05:51:32.011335
4,33.11,72.28,False,2026-04-07 06:51:32.011335
4,33.72,72.23,False,2026-04-07 07:51:32.011335
4,36.87,72.2,False,2026-04-07 08:51:32.011335
4,41.3,72.17,False,2026-04-07 09:51:32.011335
4,45.76,72.16,False,2026-04-07 10:51:32.011335
4,47.46,72.14,False,2026-04-07 11:51:32.011335
4,49.47,72.13,False,2026-04-07 12:51:32.011335
4,53.19,72.08,False,2026-04-07 13:51:32.011335
4,57.42,72.04,False,2026-04-07 14:51:32.011335
4,57.97,72.02,False,2026-04-07 15:51:32.011335
4,58.87,72.0,False,2026-04-07 16:51:32.011335
4,62.19,71.98,False,2026-04-07 17:51:32.011335
4,66.85,71.97,False,2026-04-07 18:51:32.011335
4,70.88,71.93,False,2026-04-07 19:51:32.011335
4,72.59,71.91,False,2026-04-07 20:51:32.011335
4,73.45,71.87,False,2026-04-07 21:51:32.011335
4,74.25,71.84,False,2026-04-07 22:51:32.011335
4,75.64,71.82,False,2026-04-07 23:51:32.011335
4,75.82,71.79,False,2026-04-08 00:51:32.011335
4,75.88,71.75,False,2026-04-08 01:51:32.011335
4,76.02,71.71,False,2026-04-08 02:51:32.011335
4,76.3,71.69,False,2026-04-08 03:51:32.011335
4,76.65,71.67,False,2026-04-08 04:51:32.011335
4,76.76,71.62,False,2026-04-08 05:51:32.011335
4,78.61,71.58,False,2026-04-08 06:51:32.011335
4,79.76,71.56,False,2026-04-08 07:51:32.011335
4,84.43,71.54,False,2026-04-08 08:51:32.011335
4,6.98,71.5,False,2026-04-08 09:51:32.011335
4,11.82,71.49,False,2026-04-08 10:51:32.011335
4,13.47,71.45,False,2026-04-08 11:51:32.011335
4,17.03,71.43,False,2026-04-08 12:51:32.011335
4,20.87,71.39,False,2026-04-08 13:51:32.011335
4,25.04,71.35,False,2026-04-08 14:51:32.011335
4,25.59,71.33,False,2026-04-08 15:51:32.011335
4,26.16,71.31,False,2026-04-08 16:51:32.011335
4,30.11,71.28,False,2026-04-08 17:51:32.011335
4,32.63,71.27,False,2026-04-08 18:51:32.011335
4,34.92,71.25,False,2026-04-08 19:51:32.011335
4,35.63,71.23,False,2026-04-08 20:51:32.011335
4,37.23,71.22,False,2026-04-08 21:51:32.011335
4,38.69,71.17,False,2026-04-08 22:51:32.011335
4,39.92,71.13,False,2026-04-08 23:51:32.011335
4,40.05,71.09,False,2026-04-09 00:51:32.011335
4,40.37,71.06,False,2026-04-09 01:51:32.011335
4,40.46,71.04,False,2026-04-09 02:51:32.011335
4,40.72,71.0,False,2026-04-09 03:51:32.011335
4,41.18,70.97,False,2026-04-09 04:51:32.011335
4,41.45,70.94,False,2026-04-09 05:51:32.011335
4,42.94,70.93,False,2026-04-09 06:51:32.011335
4,44.44,70.91,False,2026-04-09 07:51:32.011335
4,46.8,70.89,False,2026-04-09 08:51:32.011335
4,49.48,70.86,False,2026-04-09 09:51:32.011335
4,52.87,70.84,False,2026-04-09 10:51:32.011335
4,53.54,70.8,False,2026-04-09 11:51:32.011335
4,58.09,70.78,False,2026-04-09 12:51:32.011335
4,62.31,70.77,False,2026-04-09 13:51:32.011335
4,66.31,70.73,False,2026-04-09 14:51:32.011335
4,67.74,70.71,False,2026-04-09 15:51:32.011335
4,68.84,70.7,False,2026-04-09 16:51:32.011335
4,71.21,70.67,False,2026-04-09 17:51:32.011335
4,73.37,70.64,False,2026-04-09 18:51:32.011335
4,77.82,70.59,False,2026-04-09 19:51:32.011335
4,78.46,70.57,False,2026-04-09 20:51:32.011335
4,80.24,70.52,False,2026-04-09 21:51:32.011335
4,4.44,70.49,False,2026-04-09 22:51:32.011335
4,5.47,70.47,False,2026-04-09 23:51:32.011335
4,5.56,70.44,False,2026-04-10 00:51:32.011335
4,5.72,70.41,False,2026-04-10 01:51:32.011335
4,6.2,70.39,False,2026-04-10 02:51:32.011335
4,6.44,70.36,False,2026-04-10 03:51:32.011335
4,6.55,70.31,False,2026-04-10 04:51:32.011335
4,6.67,70.28,False,2026-04-10 05:51:32.011335
4,8.43,70.24,False,2026-04-10 06:51:32.011335
4,9.81,70.2,False,2026-04-10 07:51:32.011335
4,12.12,70.16,False,2026-04-10 08:51:32.011335
4,14.53,70.13,False,2026-04-10 09:51:32.011335
4,17.69,70.08,False,2026-04-10 10:51:32.011335
4,18.35,70.05,False,2026-04-10 11:51:32.011335
4,23.22,70.03,False,2026-04-10 12:51:32.011335
4,26.22,69.98,False,2026-04-10 13:51:32.011335
4,31.03,69.95,False,2026-04-10 14:51:32.011335
4,32.04,69.9,False,2026-04-10 15:51:32.011335
4,32.76,69.86,False,2026-04-10 16:51:32.011335
4,37.62,69.82,False,2026-04-10 17:51:32.011335
4,39.9,69.81,False,2026-04-10 18:51:32.011335
4,44.68,69.79,False,2026-04-10 19:51:32.011335
4,46.46,69.78,False,2026-04-10 20:51:32.011335
4,47.65,69.74,False,2026-04-10 21:51:32.011335
4,48.31,69.72,False,2026-04-10 22:51:32.011335
4,49.55,69.7,False,2026-04-10 23:51:32.011335
4,49.84,69.65,False,2026-04-11 00:51:32.011335
4,50.23,69.63,False,2026-04-11 01:51:32.011335
4,50.63,69.58,False,2026-04-11 02:51:32.011335
4,51.11,69.54,False,2026-04-11 03:51:32.011335
4,51.29,69.52,False,2026-04-11 04:51:32.011335
4,51.62,69.49,False,2026-04-11 05:51:32.011335
4,52.32,69.47,False,2026-04-11 06:51:32.011335
4,53.75,69.43,False,2026-04-11 07:51:32.011335
4,56.98,69.4,False,2026-04-11 08:51:32.011335
4,59.84,69.37,False,2026-04-11 09:51:32.011335
4,64.51,69.32,False,2026-04-11 10:51:32.011335
4,66.24,69.29,False,2026-04-11 11:51:32.011335
4,69.57,69.26,False,2026-04-11 12:51:32.011335
4,72.3,69.21,False,2026-04-11 13:51:32.011335
4,76.12,69.17,False,2026-04-11 14:51:32.011335
4,77.76,69.13,False,2026-04-11 15:51:32.011335
4,78.75,69.09,False,2026-04-11 16:51:32.011335
4,83.64,69.06,False,2026-04-11 17:51:32.011335
4,8.85,69.01,False,2026-04-11 18:51:32.011335
4,13.68,68.97,False,2026-04-11 19:51:32.011335
4,14.35,68.92,False,2026-04-11 20:51:32.011335
4,16.34,68.9,False,2026-04-11 21:51:32.011335
4,17.11,68.88,False,2026-04-11 22:51:32.011335
4,19.01,68.84,False,2026-04-11 23:51:32.011335
4,19.07,68.79,False,2026-04-12 00:51:32.011335
4,19.57,68.77,False,2026-04-12 01:51:32.011335
4,19.63,68.73,False,2026-04-12 02:51:32.011335
4,19.94,68.69,False,2026-04-12 03:51:32.011335
4,20.33,68.66,False,2026-04-12 04:51:32.011335
4,20.77,68.63,False,2026-04-12 05:51:32.011335
4,21.93,68.59,False,2026-04-12 06:51:32.011335
4,22.61,68.55,False,2026-04-12 07:51:32.011335
4,26.39,68.53,False,2026-04-12 08:51:32.011335
4,30.43,68.51,False,2026-04-12 09:51:32.011335
4,34.01,68.48,False,2026-04-12 10:51:32.011335
4,35.03,68.47,False,2026-04-12 11:51:32.011335
4,39.45,68.44,False,2026-04-12 12:51:32.011335
4,42.41,68.4,False,2026-04-12 13:51:32.011335
4,45.01,68.37,False,2026-04-12 14:51:32.011335
4,45.93,68.34,False,2026-04-12 15:51:32.011335
4,47.18,68.3,False,2026-04-12 16:51:32.011335
4,51.27,68.28,False,2026-04-12 17:51:32.011335
4,53.63,68.24,False,2026-04-12 18:51:32.011335
4,56.48,68.19,False,2026-04-12 19:51:32.011335
4,57.07,68.16,False,2026-04-12 20:51:32.011335
4,58.65,68.13,False,2026-04-12 21:51:32.011335
4,59.83,68.1,False,2026-04-12 22:51:32.011335
4,61.06,68.06,False,2026-04-12 23:51:32.011335
4,61.31,68.02,False,2026-04-13 00:51:32.011335
4,61.52,68.0,False,2026-04-13 01:51:32.011335
4,61.98,67.98,False,2026-04-13 02:51:32.011335
4,62.26,67.96,False,2026-04-13 03:51:32.011335
4,62.38,67.92,False,2026-04-13 04:51:32.011335
4,62.63,67.89,False,2026-04-13 05:51:32.011335
4,63.69,67.88,False,2026-04-13 06:51:32.011335
4,64.21,67.87,False,2026-04-13 07:51:32.011335
4,67.59,67.84,False,2026-04-13 08:51:32.011335
4,70.38,67.8,False,2026-04-13 09:51:32.011335
4,73.74,67.75,False,2026-04-13 10:51:32.011335
4,74.32,67.71,False,2026-04-13 11:51:32.011335
4,78.98,67.68,False,2026-04-13 12:51:32.011335
4,81.6,67.65,False,2026-04-13 13:51:32.011335
4,10.37,67.61,False,2026-04-13 14:51:32.011335
4,11.77,67.58,False,2026-04-13 15:51:32.011335
4,13.46,67.55,False,2026-04-13 16:51:32.011335
4,17.77,67.53,False,2026-04-13 17:51:32.011335
4,22.32,67.52,False,2026-04-13 18:51:32.011335
4,26.3,67.5,False,2026-04-13 19:51:32.011335
4,28.0,67.47,False,2026-04-13 20:51:32.011335
4,28.73,67.45,False,2026-04-13 21:51:32.011335
4,29.51,67.41,False,2026-04-13 22:51:32.011335
4,31.14,67.39,False,2026-04-13 23:51:32.011335
4,31.42,67.35,False,2026-04-14 00:51:32.011335
4,31.9,67.32,False,2026-04-14 01:51:32.011335
4,32.31,67.28,False,2026-04-14 02:51:32.011335
4,32.55,67.23,False,2026-04-14 03:51:32.011335
4,32.93,67.19,False,2026-04-14 04:51:32.011335
4,33.23,67.17,False,2026-04-14 05:51:32.011335
4,35.2,67.12,False,2026-04-14 06:51:32.011335
4,37.18,67.09,False,2026-04-14 07:51:32.011335
4,41.68,67.07,False,2026-04-14 08:51:32.011335
4,44.53,67.04,False,2026-04-14 09:51:32.011335
4,48.16,67.0,False,2026-04-14 10:51:32.011335
4,49.47,66.99,False,2026-04-14 11:51:32.011335
4,54.14,66.95,False,2026-04-14 12:51:32.011335
4,56.82,66.91,False,2026-04-14 13:51:32.011335
4,59.63,66.89,False,2026-04-14 14:51:32.011335
4,60.22,66.86,False,2026-04-14 15:51:32.011335
4,62.06,66.83,False,2026-04-14 16:51:32.011335
4,65.23,66.79,False,2026-04-14 17:51:32.011335
4,68.25,66.77,False,2026-04-14 18:51:32.011335
4,70.79,66.74,False,2026-04-14 19:51:32.011335
4,71.32,66.7,False,2026-04-14 20:51:32.011335
4,72.47,66.68,False,2026-04-14 21:51:32.011335
4,73.23,66.67,False,2026-04-14 22:51:32.011335
4,74.9,66.65,False,2026-04-14 23:51:32.011335
4,74.98,66.61,False,2026-04-15 00:51:32.011335
4,75.41,66.59,False,2026-04-15 01:51:32.011335
4,75.47,66.54,False,2026-04-15 02:51:32.011335
4,75.74,66.51,False,2026-04-15 03:51:32.011335
4,75.93,66.5,False,2026-04-15 04:51:32.011335
4,76.32,66.48,False,2026-04-15 05:51:32.011335
4,77.74,66.44,False,2026-04-15 06:51:32.011335
4,78.84,66.42,False,2026-04-15 07:51:32.011335
4,81.61,66.37,False,2026-04-15 08:51:32.011335
4,9.64,66.36,False,2026-04-15 09:51:32.011335
4,13.82,66.34,False,2026-04-15 10:51:32.011335
4,14.69,66.32,False,2026-04-15 11:51:32.011335
4,17.88,66.31,False,2026-04-15 12:51:32.011335
4,20.67,66.27,False,2026-04-15 13:51:32.011335
4,24.64,66.24,False,2026-04-15 14:51:32.011335
4,25.82,66.19,False,2026-04-15 15:51:32.011335
4,26.6,66.15,False,2026-04-15 16:51:32.011335
4,30.6,66.13,False,2026-04-15 17:51:32.011335
4,33.4,66.11,False,2026-04-15 18:51:32.011335
4,37.52,66.07,False,2026-04-15 19:51:32.011335
4,38.94,66.04,False,2026-04-15 20:51:32.011335
4,40.78,66.03,False,2026-04-15 21:51:32.011335
4,41.92,65.99,False,2026-04-15 22:51:32.011335
4,43.66,65.94,False,2026-04-15 23:51:32.011335
4,44.13,65.93,False,2026-04-16 00:51:32.011335
4,44.59,65.89,False,2026-04-16 01:51:32.011335
4,44.7,65.87,False,2026-04-16 02:51:32.011335
4,45.19,65.86,False,2026-04-16 03:51:32.011335
4,45.36,65.83,False,2026-04-16 04:51:32.011335
4,45.36,65.79,False,2026-04-16 05:51:32.011335
4,45.99,65.77,False,2026-04-16 06:51:32.011335
4,47.06,65.73,False,2026-04-16 07:51:32.011335
4,51.89,65.71,False,2026-04-16 08:51:32.011335
4,55.27,65.66,False,2026-04-16 09:51:32.011335
4,59.85,65.63,False,2026-04-16 10:51:32.011335
4,61.76,65.58,False,2026-04-16 11:51:32.011335
4,64.69,65.55,False,2026-04-16 12:51:32.011335
4,66.92,65.5,False,2026-04-16 13:51:32.011335
4,69.71,65.47,False,2026-04-16 14:51:32.011335
4,70.24,65.43,False,2026-04-16 15:51:32.011335
4,72.09,65.4,False,2026-04-16 16:51:32.011335
4,75.77,65.35,False,2026-04-16 17:51:32.011335
4,78.32,65.31,False,2026-04-16 18:51:32.011335
4,81.22,65.27,False,2026-04-16 19:51:32.011335
4,5.62,65.23,False,2026-04-16 20:51:32.011335
4,7.43,65.22,False,2026-04-16 21:51:32.011335
4,8.81,65.2,False,2026-04-16 22:51:32.011335
4,10.27,65.15,False,2026-04-16 23:51:32.011335
4,10.38,65.14,False,2026-04-17 00:51:32.011335
4,10.57,65.09,False,2026-04-17 01:51:32.011335
4,11.04,65.05,False,2026-04-17 02:51:32.011335
4,11.14,65.03,False,2026-04-17 03:51:32.011335
4,11.4,64.98,False,2026-04-17 04:51:32.011335
4,11.58,64.94,False,2026-04-17 05:51:32.011335
4,12.6,64.91,False,2026-04-17 06:51:32.011335
4,14.29,64.87,False,2026-04-17 07:51:32.011335
4,16.56,64.83,False,2026-04-17 08:51:32.011335
4,20.42,64.81,False,2026-04-17 09:51:32.011335
4,23.37,64.77,False,2026-04-17 10:51:32.011335
4,24.66,64.76,False,2026-04-17 11:51:32.011335
4,28.58,64.74,False,2026-04-17 12:51:32.011335
4,32.58,64.71,False,2026-04-17 13:51:32.011335
4,35.48,64.69,False,2026-04-17 14:51:32.011335
4,37.06,64.67,False,2026-04-17 15:51:32.011335
4,38.68,64.64,False,2026-04-17 16:51:32.011335
4,42.07,64.62,False,2026-04-17 17:51:32.011335
4,44.42,64.61,False,2026-04-17 18:51:32.011335
4,47.69,64.59,False,2026-04-17 19:51:32.011335
4,49.33,64.58,False,2026-04-17 20:51:32.011335
4,50.05,64.55,False,2026-04-17 21:51:32.011335
4,51.36,64.53,False,2026-04-17 22:51:32.011335
4,52.23,64.49,False,2026-04-17 23:51:32.011335
4,52.41,64.47,False,2026-04-18 00:51:32.011335
4,52.57,64.43,False,2026-04-18 01:51:32.011335
4,52.9,64.41,False,2026-04-18 02:51:32.011335
4,52.94,64.37,False,2026-04-18 03:51:32.011335
4,52.96,64.35,False,2026-04-18 04:51:32.011335
4,53.14,64.32,False,2026-04-18 05:51:32.011335
4,53.71,64.31,False,2026-04-18 06:51:32.011335
4,54.25,64.28,False,2026-04-18 07:51:32.011335
4,57.22,64.25,False,2026-04-18 08:51:32.011335
4,60.89,64.22,False,2026-04-18 09:51:32.011335
4,65.21,64.17,False,2026-04-18 10:51:32.011335
4,66.78,64.14,False,2026-04-18 11:51:32.011335
4,69.89,64.1,False,2026-04-18 12:51:32.011335
4,73.89,64.06,False,2026-04-18 13:51:32.011335
4,76.49,64.01,False,2026-04-18 14:51:32.011335
4,77.72,63.98,False,2026-04-18 15:51:32.011335
4,78.74,63.94,False,2026-04-18 16:51:32.011335
4,81.87,63.92,False,2026-04-18 17:51:32.011335
4,12.51,63.87,False,2026-04-18 18:51:32.011335
4,14.87,63.84,False,2026-04-18 19:51:32.011335
4,15.9,63.8,False,2026-04-18 20:51:32.011335
4,17.64,63.76,False,2026-04-18 21:51:32.011335
4,19.36,63.75,False,2026-04-18 22:51:32.011335
4,19.92,63.72,False,2026-04-18 23:51:32.011335
4,20.33,63.68,False,2026-04-19 00:51:32.011335
4,20.54,63.65,False,2026-04-19 01:51:32.011335
4,20.97,63.61,False,2026-04-19 02:51:32.011335
4,21.12,63.58,False,2026-04-19 03:51:32.011335
4,21.43,63.56,False,2026-04-19 04:51:32.011335
4,21.64,63.53,False,2026-04-19 05:51:32.011335
4,23.54,63.49,False,2026-04-19 06:51:32.011335
4,24.41,63.46,False,2026-04-19 07:51:32.011335
4,28.59,63.42,False,2026-04-19 08:51:32.011335
4,31.81,63.38,False,2026-04-19 09:51:32.011335
4,34.66,63.35,False,2026-04-19 10:51:32.011335
4,36.35,63.32,False,2026-04-19 11:51:32.011335
4,40.07,63.28,False,2026-04-19 12:51:32.011335
4,43.08,63.27,False,2026-04-19 13:51:32.011335
4,46.16,63.25,False,2026-04-19 14:51:32.011335
4,47.5,63.2,False,2026-04-19 15:51:32.011335
4,48.61,63.16,False,2026-04-19 16:51:32.011335
4,53.44,63.13,False,2026-04-19 17:51:32.011335
4,57.7,63.1,False,2026-04-19 18:51:32.011335
4,59.72,63.07,False,2026-04-19 19:51:32.011335
4,60.37,63.04,False,2026-04-19 20:51:32.011335
4,62.28,63.03,False,2026-04-19 21:51:32.011335
4,62.88,63.02,False,2026-04-19 22:51:32.011335
4,63.61,62.97,False,2026-04-19 23:51:32.011335
4,63.9,62.92,False,2026-04-20 00:51:32.011335
4,64.1,62.91,False,2026-04-20 01:51:32.011335
4,64.34,62.86,False,2026-04-20 02:51:32.011335
4,64.76,62.84,False,2026-04-20 03:51:32.011335
4,65.14,62.81,False,2026-04-20 04:51:32.011335
4,65.25,62.77,False,2026-04-20 05:51:32.011335
4,66.25,62.72,False,2026-04-20 06:51:32.011335
4,67.89,62.69,False,2026-04-20 07:51:32.011335
4,70.52,62.65,False,2026-04-20 08:51:32.011335
4,74.14,62.64,False,2026-04-20 09:51:32.011335
4,77.77,62.62,False,2026-04-20 10:51:32.011335
4,78.59,62.61,False,2026-04-20 11:51:32.011335
4,82.41,62.57,False,2026-04-20 12:51:32.011335
4,11.19,62.54,False,2026-04-20 13:51:32.011335
4,15.08,62.49,False,2026-04-20 14:51:32.011335
4,16.88,62.45,False,2026-04-20 15:51:32.011335
4,17.92,62.43,False,2026-04-20 16:51:32.011335
4,22.74,62.41,False,2026-04-20 17:51:32.011335
4,25.31,62.4,False,2026-04-20 18:51:32.011335
4,29.11,62.39,False,2026-04-20 19:51:32.011335
4,30.8,62.37,False,2026-04-20 20:51:32.011335
4,32.62,62.34,False,2026-04-20 21:51:32.011335
4,34.09,62.33,False,2026-04-20 22:51:32.011335
4,34.87,62.29,False,2026-04-20 23:51:32.011335
4,34.97,62.25,False,2026-04-21 00:51:32.011335
4,35.11,62.23,False,2026-04-21 01:51:32.011335
4,35.28,62.21,False,2026-04-21 02:51:32.011335
4,35.57,62.18,False,2026-04-21 03:51:32.011335
4,35.64,62.16,False,2026-04-21 04:51:32.011335
4,35.85,62.12,False,2026-04-21 05:51:32.011335
4,37.37,62.09,False,2026-04-21 06:51:32.011335
4,39.14,62.06,False,2026-04-21 07:51:32.011335
4,42.1,62.03,False,2026-04-21 08:51:32.011335
4,46.51,62.01,False,2026-04-21 09:51:32.011335
4,51.21,61.98,False,2026-04-21 10:51:32.011335
4,52.3,61.94,False,2026-04-21 11:51:32.011335
4,56.65,61.93,False,2026-04-21 12:51:32.011335
4,58.83,61.89,False,2026-04-21 13:51:32.011335
4,62.84,61.85,False,2026-04-21 14:51:32.011335
4,63.77,61.81,False,2026-04-21 15:51:32.011335
4,64.68,61.78,False,2026-04-21 16:51:32.011335
4,67.93,61.73,False,2026-04-21 17:51:32.011335
4,72.41,61.7,False,2026-04-21 18:51:32.011335
4,74.52,61.67,False,2026-04-21 19:51:32.011335
4,75.62,61.62,False,2026-04-21 20:51:32.011335
4,76.47,61.58,False,2026-04-21 21:51:32.011335
4,78.39,61.56,False,2026-04-21 22:51:32.011335
4,79.87,61.54,False,2026-04-21 23:51:32.011335
4,80.15,61.51,False,2026-04-22 00:51:32.011335
4,4.69,61.47,False,2026-04-22 01:51:32.011335
4,4.94,61.44,False,2026-04-22 02:51:32.011335
4,4.97,61.39,False,2026-04-22 03:51:32.011335
4,5.04,61.37,False,2026-04-22 04:51:32.011335
4,5.23,61.35,False,2026-04-22 05:51:32.011335
4,6.91,61.32,False,2026-04-22 06:51:32.011335
4,8.31,61.29,False,2026-04-22 07:51:32.011335
4,12.7,61.27,False,2026-04-22 08:51:32.011335
4,17.38,61.22,False,2026-04-22 09:51:32.011335
4,21.56,61.19,False,2026-04-22 10:51:32.011335
4,23.04,61.17,False,2026-04-22 11:51:32.011335
4,27.02,61.12,False,2026-04-22 12:51:32.011335
4,29.77,61.1,False,2026-04-22 13:51:32.011335
4,34.74,61.07,False,2026-04-22 14:51:32.011335
4,35.67,61.03,False,2026-04-22 15:51:32.011335
4,36.94,61.0,False,2026-04-22 16:51:32.011335
4,41.37,60.95,False,2026-04-22 17:51:32.011335
4,45.28,60.91,False,2026-04-22 18:51:32.011335
4,50.07,60.87,False,2026-04-22 19:51:32.011335
4,50.64,60.83,False,2026-04-22 20:51:32.011335
4,52.29,60.81,False,2026-04-22 21:51:32.011335
4,53.21,60.79,False,2026-04-22 22:51:32.011335
4,53.89,60.78,False,2026-04-22 23:51:32.011335
4,54.35,60.73,False,2026-04-23 00:51:32.011335
4,54.79,60.71,False,2026-04-23 01:51:32.011335
4,54.96,60.7,False,2026-04-23 02:51:32.011335
4,55.07,60.66,False,2026-04-23 03:51:32.011335
4,55.44,60.63,False,2026-04-23 04:51:32.011335
4,55.61,60.6,False,2026-04-23 05:51:32.011335
4,57.45,60.58,False,2026-04-23 06:51:32.011335
4,58.63,60.56,False,2026-04-23 07:51:32.011335
4,63.23,60.53,False,2026-04-23 08:51:32.011335
4,65.37,60.49,False,2026-04-23 09:51:32.011335
4,69.52,60.46,False,2026-04-23 10:51:32.011335
4,70.33,60.45,False,2026-04-23 11:51:32.011335
4,73.35,60.41,False,2026-04-23 12:51:32.011335
4,77.39,60.37,False,2026-04-23 13:51:32.011335
4,81.58,60.34,False,2026-04-23 14:51:32.011335
4,11.29,60.3,False,2026-04-23 15:51:32.011335
4,11.87,60.26,False,2026-04-23 16:51:32.011335
4,16.24,60.24,False,2026-04-23 17:51:32.011335
4,20.79,60.2,False,2026-04-23 18:51:32.011335
4,25.74,60.18,False,2026-04-23 19:51:32.011335
4,26.72,60.17,False,2026-04-23 20:51:32.011335
4,27.44,60.13,False,2026-04-23 21:51:32.011335
4,29.28,60.11,False,2026-04-23 22:51:32.011335
4,31.15,60.07,False,2026-04-23 23:51:32.011335
4,31.53,60.04,False,2026-04-24 00:51:32.011335
4,31.84,60.02,False,2026-04-24 01:51:32.011335
4,31.88,60.0,False,2026-04-24 02:51:32.011335
4,32.21,59.97,False,2026-04-24 03:51:32.011335
4,32.52,59.94,False,2026-04-24 04:51:32.011335
4,32.69,59.92,False,2026-04-24 05:51:32.011335
4,34.3,59.9,False,2026-04-24 06:51:32.011335
4,36.15,59.89,False,2026-04-24 07:51:32.011335
4,38.36,59.88,False,2026-04-24 08:51:32.011335
4,43.35,59.86,False,2026-04-24 09:51:32.011335
4,47.11,59.85,False,2026-04-24 10:51:32.011335
4,48.14,59.8,False,2026-04-24 11:51:32.011335
4,52.26,59.77,False,2026-04-24 12:51:32.011335
4,56.48,59.73,False,2026-04-24 13:51:32.011335
4,60.17,59.72,False,2026-04-24 14:51:32.011335
4,61.25,59.68,False,2026-04-24 15:51:32.011335
4,62.0,59.67,False,2026-04-24 16:51:32.011335
4,64.19,59.62,False,2026-04-24 17:51:32.011335
4,68.41,59.57,False,2026-04-24 18:51:32.011335
4,72.41,59.54,False,2026-04-24 19:51:32.011335
4,74.4,59.51,False,2026-04-24 20:51:32.011335
4,75.6,59.46,False,2026-04-24 21:51:32.011335
4,77.11,59.42,False,2026-04-24 22:51:32.011335
4,78.04,59.39,False,2026-04-24 23:51:32.011335
4,78.2,59.36,False,2026-04-25 00:51:32.011335
4,78.67,59.34,False,2026-04-25 01:51:32.011335
4,79.17,59.33,False,2026-04-25 02:51:32.011335
4,79.27,59.31,False,2026-04-25 03:51:32.011335
4,79.34,59.26,False,2026-04-25 04:51:32.011335
4,79.67,59.23,False,2026-04-25 05:51:32.011335
4,80.59,59.21,False,2026-04-25 06:51:32.011335
4,4.61,59.18,False,2026-04-25 07:51:32.011335
4,8.18,59.15,False,2026-04-25 08:51:32.011335
4,12.54,59.11,False,2026-04-25 09:51:32.011335
4,15.29,59.07,False,2026-04-25 10:51:32.011335
4,16.33,59.05,False,2026-04-25 11:51:32.011335
4,19.1,59.01,False,2026-04-25 12:51:32.011335
4,21.4,58.98,False,2026-04-25 13:51:32.011335
4,25.82,58.96,False,2026-04-25 14:51:32.011335
4,27.65,58.91,False,2026-04-25 15:51:32.011335
4,29.0,58.88,False,2026-04-25 16:51:32.011335
4,33.32,58.84,False,2026-04-25 17:51:32.011335
4,38.05,58.82,False,2026-04-25 18:51:32.011335
4,42.15,58.8,False,2026-04-25 19:51:32.011335
4,43.9,58.78,False,2026-04-25 20:51:32.011335
4,44.63,58.76,False,2026-04-25 21:51:32.011335
4,46.07,58.75,False,2026-04-25 22:51:32.011335
4,47.41,58.72,False,2026-04-25 23:51:32.011335
4,47.57,58.69,False,2026-04-26 00:51:32.011335
4,47.96,58.67,False,2026-04-26 01:51:32.011335
4,48.01,58.65,False,2026-04-26 02:51:32.011335
4,48.29,58.62,False,2026-04-26 03:51:32.011335
4,48.59,58.59,False,2026-04-26 04:51:32.011335
4,48.6,58.58,False,2026-04-26 05:51:32.011335
4,50.15,58.56,False,2026-04-26 06:51:32.011335
4,52.14,58.52,False,2026-04-26 07:51:32.011335
4,55.08,58.49,False,2026-04-26 08:51:32.011335
4,59.47,58.46,False,2026-04-26 09:51:32.011335
4,63.03,58.42,False,2026-04-26 10:51:32.011335
4,64.71,58.41,False,2026-04-26 11:51:32.011335
4,69.22,58.37,False,2026-04-26 12:51:32.011335
4,71.62,58.32,False,2026-04-26 13:51:32.011335
4,73.67,58.28,False,2026-04-26 14:51:32.011335
4,75.37,58.26,False,2026-04-26 15:51:32.011335
4,75.97,58.23,False,2026-04-26 16:51:32.011335
4,78.66,58.2,False,2026-04-26 17:51:32.011335
4,83.05,58.18,False,2026-04-26 18:51:32.011335
4,11.05,58.17,False,2026-04-26 19:51:32.011335
4,13.03,58.13,False,2026-04-26 20:51:32.011335
4,13.93,58.1,False,2026-04-26 21:51:32.011335
4,15.45,58.06,False,2026-04-26 22:51:32.011335
4,16.17,58.05,False,2026-04-26 23:51:32.011335
4,16.65,58.02,False,2026-04-27 00:51:32.011335
4,16.98,58.0,False,2026-04-27 01:51:32.011335
4,17.18,57.99,False,2026-04-27 02:51:32.011335
4,17.44,57.94,False,2026-04-27 03:51:32.011335
4,17.86,57.9,False,2026-04-27 04:51:32.011335
4,18.14,57.87,False,2026-04-27 05:51:32.011335
4,19.0,57.86,False,2026-04-27 06:51:32.011335
4,20.77,57.81,False,2026-04-27 07:51:32.011335
4,24.61,57.79,False,2026-04-27 08:51:32.011335
4,28.8,57.76,False,2026-04-27 09:51:32.011335
4,31.14,57.71,False,2026-04-27 10:51:32.011335
4,32.06,57.67,False,2026-04-27 11:51:32.011335
4,34.2,57.63,False,2026-04-27 12:51:32.011335
4,37.89,57.6,False,2026-04-27 13:51:32.011335
4,40.02,57.55,False,2026-04-27 14:51:32.011335
4,41.98,57.53,False,2026-04-27 15:51:32.011335
4,43.64,57.49,False,2026-04-27 16:51:32.011335
4,46.5,57.48,False,2026-04-27 17:51:32.011335
4,48.94,57.46,False,2026-04-27 18:51:32.011335
4,52.39,57.41,False,2026-04-27 19:51:32.011335
4,54.26,57.37,False,2026-04-27 20:51:32.011335
4,55.32,57.33,False,2026-04-27 21:51:32.011335
4,55.89,57.3,False,2026-04-27 22:51:32.011335
4,57.53,57.27,False,2026-04-27 23:51:32.011335
4,57.64,57.25,False,2026-04-28 00:51:32.011335
4,57.65,57.22,False,2026-04-28 01:51:32.011335
4,57.81,57.2,False,2026-04-28 02:51:32.011335
4,57.96,57.17,False,2026-04-28 03:51:32.011335
4,58.0,57.12,False,2026-04-28 04:51:32.011335
4,58.06,57.08,False,2026-04-28 05:51:32.011335
4,59.7,57.06,False,2026-04-28 06:51:32.011335
4,61.57,57.02,False,2026-04-28 07:51:32.011335
4,65.79,56.98,False,2026-04-28 08:51:32.011335
4,70.27,56.95,False,2026-04-28 09:51:32.011335
4,73.58,56.93,False,2026-04-28 10:51:32.011335
4,74.9,56.89,False,2026-04-28 11:51:32.011335
4,78.79,56.87,False,2026-04-28 12:51:32.011335
4,81.49,56.82,False,2026-04-28 13:51:32.011335
4,6.11,56.8,False,2026-04-28 14:51:32.011335
4,8.04,56.79,False,2026-04-28 15:51:32.011335
4,8.55,56.76,False,2026-04-28 16:51:32.011335
4,10.66,56.72,False,2026-04-28 17:51:32.011335
4,13.1,56.7,False,2026-04-28 18:51:32.011335
4,16.99,56.68,False,2026-04-28 19:51:32.011335
4,18.84,56.65,False,2026-04-28 20:51:32.011335
4,20.1,56.63,False,2026-04-28 21:51:32.011335
4,21.21,56.59,False,2026-04-28 22:51:32.011335
4,22.57,56.54,False,2026-04-28 23:51:32.011335
4,22.7,56.5,False,2026-04-29 00:51:32.011335
4,22.84,56.48,False,2026-04-29 01:51:32.011335
4,22.89,56.45,False,2026-04-29 02:51:32.011335
4,23.03,56.4,False,2026-04-29 03:51:32.011335
4,23.22,56.39,False,2026-04-29 04:51:32.011335
4,23.59,56.35,False,2026-04-29 05:51:32.011335
4,25.29,56.34,False,2026-04-29 06:51:32.011335
4,26.52,56.3,False,2026-04-29 07:51:32.011335
4,28.72,56.28,False,2026-04-29 08:51:32.011335
4,32.57,56.25,False,2026-04-29 09:51:32.011335
4,36.28,56.21,False,2026-04-29 10:51:32.011335
4,37.56,56.19,False,2026-04-29 11:51:32.011335
4,39.74,56.15,False,2026-04-29 12:51:32.011335
4,44.69,56.11,False,2026-04-29 13:51:32.011335
4,48.16,56.1,False,2026-04-29 14:51:32.011335
4,48.99,56.07,False,2026-04-29 15:51:32.011335
4,49.88,56.04,False,2026-04-29 16:51:32.011335
4,52.81,56.03,False,2026-04-29 17:51:32.011335
4,56.4,56.0,False,2026-04-29 18:51:32.011335
4,58.78,55.98,False,2026-04-29 19:51:32.011335
4,59.98,55.97,False,2026-04-29 20:51:32.011335
4,60.78,55.92,False,2026-04-29 21:51:32.011335
4,62.59,55.91,False,2026-04-29 22:51:32.011335
4,63.27,55.87,False,2026-04-29 23:51:32.011335
4,63.3,55.84,False,2026-04-30 00:51:32.011335
4,63.71,55.8,False,2026-04-30 01:51:32.011335
4,63.96,55.77,False,2026-04-30 02:51:32.011335
4,64.42,55.76,False,2026-04-30 03:51:32.011335
4,64.56,55.72,False,2026-04-30 04:51:32.011335
4,64.77,55.68,False,2026-04-30 05:51:32.011335
4,66.07,55.63,False,2026-04-30 06:51:32.011335
4,67.78,55.59,False,2026-04-30 07:51:32.011335
4,70.09,55.58,False,2026-04-30 08:51:32.011335
4,72.97,55.56,False,2026-04-30 09:51:32.011335
4,76.45,55.51,False,2026-04-30 10:51:32.011335
4,77.41,55.49,False,2026-04-30 11:51:32.011335
4,79.62,55.44,False,2026-04-30 12:51:32.011335
4,84.23,55.42,False,2026-04-30 13:51:32.011335
4,8.27,55.4,False,2026-04-30 14:51:32.011335
4,8.99,55.39,False,2026-04-30 15:51:32.011335
4,10.07,55.36,False,2026-04-30 16:51:32.011335
4,13.42,55.34,False,2026-04-30 17:51:32.011335
4,15.95,55.32,False,2026-04-30 18:51:32.011335
4,18.61,55.3,False,2026-04-30 19:51:32.011335
4,20.46,55.27,False,2026-04-30 20:51:32.011335
4,21.96,55.26,False,2026-04-30 21:51:32.011335
4,23.48,55.23,False,2026-04-30 22:51:32.011335
4,25.19,55.21,False,2026-04-30 23:51:32.011335
4,25.25,55.18,False,2026-05-01 00:51:32.011335
4,25.51,55.16,False,2026-05-01 01:51:32.011335
4,25.51,55.14,False,2026-05-01 02:51:32.011335
4,26.01,55.09,False,2026-05-01 03:51:32.011335
4,26.38,55.05,False,2026-05-01 04:51:32.011335
4,26.75,55.03,False,2026-05-01 05:51:32.011335
4,27.25,54.99,False,2026-05-01 06:51:32.011335
4,28.26,54.96,False,2026-05-01 07:51:32.011335
4,33.2,54.93,False,2026-05-01 08:51:32.011335
4,36.01,54.92,False,2026-05-01 09:51:32.011335
4,39.71,54.88,False,2026-05-01 10:51:32.011335
4,40.6,54.83,False,2026-05-01 11:51:32.011335
4,45.43,54.79,False,2026-05-01 12:51:32.011335
4,48.35,54.75,False,2026-05-01 13:51:32.011335
4,51.19,54.72,False,2026-05-01 14:51:32.011335
4,52.61,54.68,False,2026-05-01 15:51:32.011335
4,54.1,54.67,False,2026-05-01 16:51:32.011335
4,57.22,54.63,False,2026-05-01 17:51:32.011335
4,62.2,54.59,False,2026-05-01 18:51:32.011335
4,65.66,54.56,False,2026-05-01 19:51:32.011335
4,67.08,54.54,False,2026-05-01 20:51:32.011335
4,68.45,54.51,False,2026-05-01 21:51:32.011335
4,69.5,54.47,False,2026-05-01 22:51:32.011335
4,70.24,54.44,False,2026-05-01 23:51:32.011335
4,70.62,54.41,False,2026-05-02 00:51:32.011335
4,70.8,54.36,False,2026-05-02 01:51:32.011335
4,71.12,54.34,False,2026-05-02 02:51:32.011335
4,71.2,54.3,False,2026-05-02 03:51:32.011335
4,71.53,54.27,False,2026-05-02 04:51:32.011335
4,71.84,54.24,False,2026-05-02 05:51:32.011335
4,73.06,54.22,False,2026-05-02 06:51:32.011335
4,74.32,54.18,False,2026-05-02 07:51:32.011335
4,76.99,54.15,False,2026-05-02 08:51:32.011335
4,80.57,54.12,False,2026-05-02 09:51:32.011335
4,8.31,54.08,False,2026-05-02 10:51:32.011335
4,9.61,54.04,False,2026-05-02 11:51:32.011335
4,14.49,54.02,False,2026-05-02 12:51:32.011335
4,16.7,53.97,False,2026-05-02 13:51:32.011335
4,21.43,53.93,False,2026-05-02 14:51:32.011335
4,23.02,53.88,False,2026-05-02 15:51:32.011335
4,24.18,53.84,False,2026-05-02 16:51:32.011335
4,26.23,53.79,False,2026-05-02 17:51:32.011335
4,29.59,53.78,False,2026-05-02 18:51:32.011335
4,33.56,53.76,False,2026-05-02 19:51:32.011335
4,34.59,53.74,False,2026-05-02 20:51:32.011335
4,36.39,53.7,False,2026-05-02 21:51:32.011335
4,38.04,53.65,False,2026-05-02 22:51:32.011335
4,39.54,53.62,False,2026-05-02 23:51:32.011335
4,39.7,53.59,False,2026-05-03 00:51:32.011335
4,39.81,53.55,False,2026-05-03 01:51:32.011335
4,39.82,53.53,False,2026-05-03 02:51:32.011335
4,40.05,53.5,False,2026-05-03 03:51:32.011335
4,40.07,53.48,False,2026-05-03 04:51:32.011335
4,40.26,53.46,False,2026-05-03 05:51:32.011335
4,41.83,53.44,False,2026-05-03 06:51:32.011335
4,43.15,53.43,False,2026-05-03 07:51:32.011335
4,45.99,53.4,False,2026-05-03 08:51:32.011335
4,48.12,53.37,False,2026-05-03 09:51:32.011335
4,51.17,53.36,False,2026-05-03 10:51:32.011335
4,52.15,53.32,False,2026-05-03 11:51:32.011335
4,54.34,53.29,False,2026-05-03 12:51:32.011335
4,57.61,53.26,False,2026-05-03 13:51:32.011335
4,59.71,53.23,False,2026-05-03 14:51:32.011335
4,60.74,53.21,False,2026-05-03 15:51:32.011335
4,62.69,53.17,False,2026-05-03 16:51:32.011335
4,66.3,53.14,False,2026-05-03 17:51:32.011335
4,70.08,53.09,False,2026-05-03 18:51:32.011335
4,74.51,53.07,False,2026-05-03 19:51:32.011335
4,75.41,53.03,False,2026-05-03 20:51:32.011335
4,76.37,52.99,False,2026-05-03 21:51:32.011335
4,77.63,52.95,False,2026-05-03 22:51:32.011335
4,78.94,52.9,False,2026-05-03 23:51:32.011335
4,79.27,52.88,False,2026-05-04 00:51:32.011335
4,79.44,52.85,False,2026-05-04 01:51:32.011335
4,79.44,52.82,False,2026-05-04 02:51:32.011335
4,79.85,52.78,False,2026-05-04 03:51:32.011335
4,80.17,52.77,False,2026-05-04 04:51:32.011335
4,6.02,52.73,False,2026-05-04 05:51:32.011335
4,7.46,52.69,False,2026-05-04 06:51:32.011335
4,8.31,52.66,False,2026-05-04 07:51:32.011335
4,11.14,52.62,False,2026-05-04 08:51:32.011335
4,15.99,52.6,False,2026-05-04 09:51:32.011335
4,20.49,52.57,False,2026-05-04 10:51:32.011335
4,21.51,52.52,False,2026-05-04 11:51:32.011335
4,25.57,52.47,False,2026-05-04 12:51:32.011335
4,29.17,52.45,False,2026-05-04 13:51:32.011335
4,33.81,52.44,False,2026-05-04 14:51:32.011335
4,34.59,52.42,False,2026-05-04 15:51:32.011335
4,35.6,52.4,False,2026-05-04 16:51:32.011335
4,40.42,52.37,False,2026-05-04 17:51:32.011335
4,45.07,52.33,False,2026-05-04 18:51:32.011335
4,49.78,52.31,False,2026-05-04 19:51:32.011335
4,51.42,52.29,False,2026-05-04 20:51:32.011335
4,51.94,52.27,False,2026-05-04 21:51:32.011335
4,53.53,52.23,False,2026-05-04 22:51:32.011335
4,54.4,52.19,False,2026-05-04 23:51:32.011335
4,54.6,52.16,False,2026-05-05 00:51:32.011335
4,54.73,52.14,False,2026-05-05 01:51:32.011335
4,55.09,52.1,False,2026-05-05 02:51:32.011335
4,55.44,52.09,False,2026-05-05 03:51:32.011335
4,55.73,52.07,False,2026-05-05 04:51:32.011335
4,55.84,52.05,False,2026-05-05 05:51:32.011335
4,57.73,52.0,False,2026-05-05 06:51:32.011335
4,59.32,51.96,False,2026-05-05 07:51:32.011335
4,62.23,51.94,False,2026-05-05 08:51:32.011335
4,67.21,51.93,False,2026-05-05 09:51:32.011335
4,69.56,51.9,False,2026-05-05 10:51:32.011335
4,71.45,51.86,False,2026-05-05 11:51:32.011335
4,74.39,51.84,False,2026-05-05 12:51:32.011335
4,78.96,51.81,False,2026-05-05 13:51:32.011335
4,82.96,51.79,False,2026-05-05 14:51:32.011335
4,6.16,51.78,False,2026-05-05 15:51:32.011335
4,7.38,51.73,False,2026-05-05 16:51:32.011335
4,10.18,51.7,False,2026-05-05 17:51:32.011335
4,14.03,51.66,False,2026-05-05 18:51:32.011335
4,16.15,51.62,False,2026-05-05 19:51:32.011335
4,17.88,51.57,False,2026-05-05 20:51:32.011335
4,18.73,51.56,False,2026-05-05 21:51:32.011335
4,20.19,51.52,False,2026-05-05 22:51:32.011335
4,21.64,51.48,False,2026-05-05 23:51:32.011335
4,22.01,51.43,False,2026-05-06 00:51:32.011335
4,22.39,51.39,False,2026-05-06 01:51:32.011335
4,22.69,51.35,False,2026-05-06 02:51:32.011335
4,23.1,51.32,False,2026-05-06 03:51:32.011335
4,23.58,51.28,False,2026-05-06 04:51:32.011335
4,23.99,51.26,False,2026-05-06 05:51:32.011335
4,25.96,51.22,False,2026-05-06 06:51:32.011335
4,26.88,51.18,False,2026-05-06 07:51:32.011335
4,31.31,51.14,False,2026-05-06 08:51:32.011335
4,34.9,51.1,False,2026-05-06 09:51:32.011335
4,39.84,51.08,False,2026-05-06 10:51:32.011335
4,40.85,51.05,False,2026-05-06 11:51:32.011335
4,43.46,51.03,False,2026-05-06 12:51:32.011335
4,47.93,50.99,False,2026-05-06 13:51:32.011335
4,51.51,50.96,False,2026-05-06 14:51:32.011335
4,52.2,50.93,False,2026-05-06 15:51:32.011335
4,53.25,50.89,False,2026-05-06 16:51:32.011335
4,58.1,50.85,False,2026-05-06 17:51:32.011335
4,61.91,50.82,False,2026-05-06 18:51:32.011335
4,65.36,50.79,False,2026-05-06 19:51:32.011335
4,66.9,50.77,False,2026-05-06 20:51:32.011335
4,67.89,50.73,False,2026-05-06 21:51:32.011335
4,69.06,50.68,False,2026-05-06 22:51:32.011335
4,70.68,50.65,False,2026-05-06 23:51:32.011335
4,70.98,50.63,False,2026-05-07 00:51:32.011335
4,71.45,50.61,False,2026-05-07 01:51:32.011335
4,71.6,50.58,False,2026-05-07 02:51:32.011335
4,71.87,50.55,False,2026-05-07 03:51:32.011335
4,72.08,50.54,False,2026-05-07 04:51:32.011335
4,72.14,50.52,False,2026-05-07 05:51:32.011335
4,74.02,50.48,False,2026-05-07 06:51:32.011335
4,75.14,50.46,False,2026-05-07 07:51:32.011335
4,77.19,50.41,False,2026-05-07 08:51:32.011335
4,80.28,50.4,False,2026-05-07 09:51:32.011335
4,8.1,50.36,False,2026-05-07 10:51:32.011335
4,9.02,50.32,False,2026-05-07 11:51:32.011335
4,13.29,50.28,False,2026-05-07 12:51:32.011335
4,15.62,50.25,False,2026-05-07 13:51:32.011335
4,18.79,50.21,False,2026-05-07 14:51:32.011335
4,20.16,50.19,False,2026-05-07 15:51:32.011335
4,20.97,50.16,False,2026-05-07 16:51:32.011335
4,24.16,50.14,False,2026-05-07 17:51:32.011335
4,27.19,50.09,False,2026-05-07 18:51:32.011335
4,31.74,50.05,False,2026-05-07 19:51:32.011335
4,33.31,50.02,False,2026-05-07 20:51:32.011335
5,10.51,83.53,False,2026-03-08 21:51:32.038175
5,12.22,83.52,False,2026-03-08 22:51:32.038175
5,13.8,83.47,False,2026-03-08 23:51:32.038175
5,13.89,83.44,False,2026-03-09 00:51:32.038175
5,14.16,83.43,False,2026-03-09 01:51:32.038175
5,14.43,83.39,False,2026-03-09 02:51:32.038175
5,14.86,83.37,False,2026-03-09 03:51:32.038175
5,15.09,83.35,False,2026-03-09 04:51:32.038175
5,15.58,83.31,False,2026-03-09 05:51:32.038175
5,16.89,83.28,False,2026-03-09 06:51:32.038175
5,18.35,83.27,False,2026-03-09 07:51:32.038175
5,22.91,83.25,False,2026-03-09 08:51:32.038175
5,27.84,83.2,False,2026-03-09 09:51:32.038175
5,31.99,83.16,False,2026-03-09 10:51:32.038175
5,33.32,83.15,False,2026-03-09 11:51:32.038175
5,35.45,83.11,False,2026-03-09 12:51:32.038175
5,37.51,83.08,False,2026-03-09 13:51:32.038175
5,41.77,83.07,False,2026-03-09 14:51:32.038175
5,42.82,83.04,False,2026-03-09 15:51:32.038175
5,44.5,83.03,False,2026-03-09 16:51:32.038175
5,48.93,82.98,False,2026-03-09 17:51:32.038175
5,53.72,82.96,False,2026-03-09 18:51:32.038175
5,56.57,82.91,False,2026-03-09 19:51:32.038175
5,58.54,82.89,False,2026-03-09 20:51:32.038175
5,60.43,82.87,False,2026-03-09 21:51:32.038175
5,62.29,82.84,False,2026-03-09 22:51:32.038175
5,63.86,82.81,False,2026-03-09 23:51:32.038175
5,64.16,82.78,False,2026-03-10 00:51:32.038175
5,64.57,82.75,False,2026-03-10 01:51:32.038175
5,64.72,82.74,False,2026-03-10 02:51:32.038175
5,65.19,82.71,False,2026-03-10 03:51:32.038175
5,65.26,82.68,False,2026-03-10 04:51:32.038175
5,65.36,82.63,False,2026-03-10 05:51:32.038175
5,66.74,82.62,False,2026-03-10 06:51:32.038175
5,68.61,82.61,False,2026-03-10 07:51:32.038175
5,73.49,82.57,False,2026-03-10 08:51:32.038175
5,75.69,82.53,False,2026-03-10 09:51:32.038175
5,80.58,82.51,False,2026-03-10 10:51:32.038175
5,10.74,82.48,False,2026-03-10 11:51:32.038175
5,14.69,82.47,False,2026-03-10 12:51:32.038175
5,17.17,82.43,False,2026-03-10 13:51:32.038175
5,21.07,82.38,False,2026-03-10 14:51:32.038175
5,22.42,82.34,False,2026-03-10 15:51:32.038175
5,24.31,82.33,False,2026-03-10 16:51:32.038175
5,29.07,82.3,False,2026-03-10 17:51:32.038175
5,33.21,82.28,False,2026-03-10 18:51:32.038175
5,35.49,82.27,False,2026-03-10 19:51:32.038175
5,36.93,82.24,False,2026-03-10 20:51:32.038175
5,37.54,82.22,False,2026-03-10 21:51:32.038175
5,38.27,82.21,False,2026-03-10 22:51:32.038175
5,39.54,82.17,False,2026-03-10 23:51:32.038175
5,39.69,82.14,False,2026-03-11 00:51:32.038175
5,39.9,82.13,False,2026-03-11 01:51:32.038175
5,40.32,82.1,False,2026-03-11 02:51:32.038175
5,40.46,82.07,False,2026-03-11 03:51:32.038175
5,40.75,82.06,False,2026-03-11 04:51:32.038175
5,41.01,82.03,False,2026-03-11 05:51:32.038175
5,42.72,82.0,False,2026-03-11 06:51:32.038175
5,44.6,81.97,False,2026-03-11 07:51:32.038175
5,48.84,81.96,False,2026-03-11 08:51:32.038175
5,51.6,81.94,False,2026-03-11 09:51:32.038175
5,55.59,81.91,False,2026-03-11 10:51:32.038175
5,57.19,81.87,False,2026-03-11 11:51:32.038175
5,60.45,81.83,False,2026-03-11 12:51:32.038175
5,62.75,81.79,False,2026-03-11 13:51:32.038175
5,66.01,81.76,False,2026-03-11 14:51:32.038175
5,67.18,81.73,False,2026-03-11 15:51:32.038175
5,68.99,81.71,False,2026-03-11 16:51:32.038175
5,71.45,81.7,False,2026-03-11 17:51:32.038175
5,73.89,81.67,False,2026-03-11 18:51:32.038175
5,76.88,81.65,False,2026-03-11 19:51:32.038175
5,77.78,81.61,False,2026-03-11 20:51:32.038175
5,79.68,81.57,False,2026-03-11 21:51:32.038175
5,80.72,81.55,False,2026-03-11 22:51:32.038175
5,6.34,81.53,False,2026-03-11 23:51:32.038175
5,6.52,81.5,False,2026-03-12 00:51:32.038175
5,6.77,81.47,False,2026-03-12 01:51:32.038175
5,7.21,81.43,False,2026-03-12 02:51:32.038175
5,7.31,81.4,False,2026-03-12 03:51:32.038175
5,7.73,81.37,False,2026-03-12 04:51:32.038175
5,8.07,81.33,False,2026-03-12 05:51:32.038175
5,9.34,81.28,False,2026-03-12 06:51:32.038175
5,11.34,81.26,False,2026-03-12 07:51:32.038175
5,13.8,81.25,False,2026-03-12 08:51:32.038175
5,17.02,81.22,False,2026-03-12 09:51:32.038175
5,20.4,81.17,False,2026-03-12 10:51:32.038175
5,22.33,81.16,False,2026-03-12 11:51:32.038175
5,24.53,81.12,False,2026-03-12 12:51:32.038175
5,27.35,81.11,False,2026-03-12 13:51:32.038175
5,30.13,81.1,False,2026-03-12 14:51:32.038175
5,31.32,81.06,False,2026-03-12 15:51:32.038175
5,33.17,81.04,False,2026-03-12 16:51:32.038175
5,37.77,81.02,False,2026-03-12 17:51:32.038175
5,41.86,80.99,False,2026-03-12 18:51:32.038175
5,45.32,80.97,False,2026-03-12 19:51:32.038175
5,46.04,80.96,False,2026-03-12 20:51:32.038175
5,46.58,80.92,False,2026-03-12 21:51:32.038175
5,48.26,80.9,False,2026-03-12 22:51:32.038175
5,50.25,80.86,False,2026-03-12 23:51:32.038175
5,50.35,80.82,False,2026-03-13 00:51:32.038175
5,50.52,80.8,False,2026-03-13 01:51:32.038175
5,50.73,80.79,False,2026-03-13 02:51:32.038175
5,51.09,80.75,False,2026-03-13 03:51:32.038175
5,51.11,80.72,False,2026-03-13 04:51:32.038175
5,51.31,80.67,False,2026-03-13 05:51:32.038175
5,53.08,80.64,False,2026-03-13 06:51:32.038175
5,54.07,80.59,False,2026-03-13 07:51:32.038175
5,58.14,80.58,False,2026-03-13 08:51:32.038175
5,61.72,80.54,False,2026-03-13 09:51:32.038175
5,63.73,80.52,False,2026-03-13 10:51:32.038175
5,64.62,80.49,False,2026-03-13 11:51:32.038175
5,68.44,80.46,False,2026-03-13 12:51:32.038175
5,73.1,80.44,False,2026-03-13 13:51:32.038175
5,77.92,80.43,False,2026-03-13 14:51:32.038175
5,78.81,80.41,False,2026-03-13 15:51:32.038175
5,79.59,80.39,False,2026-03-13 16:51:32.038175
5,82.95,80.36,False,2026-03-13 17:51:32.038175
5,10.74,80.32,False,2026-03-13 18:51:32.038175
5,15.34,80.28,False,2026-03-13 19:51:32.038175
5,16.24,80.24,False,2026-03-13 20:51:32.038175
5,17.41,80.22,False,2026-03-13 21:51:32.038175
5,18.48,80.19,False,2026-03-13 22:51:32.038175
5,20.01,80.17,False,2026-03-13 23:51:32.038175
5,20.47,80.15,False,2026-03-14 00:51:32.038175
5,20.82,80.13,False,2026-03-14 01:51:32.038175
5,21.27,80.09,False,2026-03-14 02:51:32.038175
5,21.47,80.07,False,2026-03-14 03:51:32.038175
5,21.8,80.05,False,2026-03-14 04:51:32.038175
5,22.13,80.03,False,2026-03-14 05:51:32.038175
5,22.69,80.0,False,2026-03-14 06:51:32.038175
5,23.23,79.99,False,2026-03-14 07:51:32.038175
5,26.21,79.96,False,2026-03-14 08:51:32.038175
5,31.17,79.93,False,2026-03-14 09:51:32.038175
5,34.15,79.91,False,2026-03-14 10:51:32.038175
5,34.93,79.89,False,2026-03-14 11:51:32.038175
5,37.46,79.85,False,2026-03-14 12:51:32.038175
5,40.9,79.81,False,2026-03-14 13:51:32.038175
5,45.0,79.8,False,2026-03-14 14:51:32.038175
5,46.3,79.76,False,2026-03-14 15:51:32.038175
5,47.16,79.74,False,2026-03-14 16:51:32.038175
5,51.5,79.71,False,2026-03-14 17:51:32.038175
5,56.0,79.67,False,2026-03-14 18:51:32.038175
5,59.62,79.63,False,2026-03-14 19:51:32.038175
5,61.33,79.59,False,2026-03-14 20:51:32.038175
5,62.75,79.56,False,2026-03-14 21:51:32.038175
5,63.26,79.52,False,2026-03-14 22:51:32.038175
5,65.09,79.51,False,2026-03-14 23:51:32.038175
5,65.55,79.46,False,2026-03-15 00:51:32.038175
5,65.84,79.45,False,2026-03-15 01:51:32.038175
5,66.02,79.43,False,2026-03-15 02:51:32.038175
5,66.27,79.39,False,2026-03-15 03:51:32.038175
5,66.48,79.36,False,2026-03-15 04:51:32.038175
5,66.92,79.34,False,2026-03-15 05:51:32.038175
5,68.44,79.3,False,2026-03-15 06:51:32.038175
5,69.58,79.27,False,2026-03-15 07:51:32.038175
5,73.11,79.23,False,2026-03-15 08:51:32.038175
5,77.68,79.22,False,2026-03-15 09:51:32.038175
5,81.94,79.18,False,2026-03-15 10:51:32.038175
5,7.33,79.14,False,2026-03-15 11:51:32.038175
5,10.95,79.1,False,2026-03-15 12:51:32.038175
5,15.51,79.07,False,2026-03-15 13:51:32.038175
5,20.36,79.06,False,2026-03-15 14:51:32.038175
5,20.92,79.04,False,2026-03-15 15:51:32.038175
5,21.55,79.02,False,2026-03-15 16:51:32.038175
5,26.38,78.98,False,2026-03-15 17:51:32.038175
5,29.89,78.97,False,2026-03-15 18:51:32.038175
5,32.52,78.95,False,2026-03-15 19:51:32.038175
5,33.46,78.91,False,2026-03-15 20:51:32.038175
5,35.15,78.88,False,2026-03-15 21:51:32.038175
5,37.01,78.86,False,2026-03-15 22:51:32.038175
5,38.29,78.84,False,2026-03-15 23:51:32.038175
5,38.44,78.8,False,2026-03-16 00:51:32.038175
5,38.78,78.77,False,2026-03-16 01:51:32.038175
5,38.95,78.76,False,2026-03-16 02:51:32.038175
5,39.11,78.72,False,2026-03-16 03:51:32.038175
5,39.33,78.69,False,2026-03-16 04:51:32.038175
5,39.78,78.68,False,2026-03-16 05:51:32.038175
5,40.86,78.65,False,2026-03-16 06:51:32.038175
5,42.62,78.63,False,2026-03-16 07:51:32.038175
5,45.66,78.58,False,2026-03-16 08:51:32.038175
5,49.5,78.54,False,2026-03-16 09:51:32.038175
5,51.51,78.5,False,2026-03-16 10:51:32.038175
5,53.47,78.49,False,2026-03-16 11:51:32.038175
5,55.88,78.45,False,2026-03-16 12:51:32.038175
5,59.37,78.43,False,2026-03-16 13:51:32.038175
5,62.52,78.42,False,2026-03-16 14:51:32.038175
5,63.75,78.39,False,2026-03-16 15:51:32.038175
5,65.11,78.37,False,2026-03-16 16:51:32.038175
5,67.63,78.36,False,2026-03-16 17:51:32.038175
5,70.91,78.32,False,2026-03-16 18:51:32.038175
5,72.93,78.31,False,2026-03-16 19:51:32.038175
5,73.64,78.28,False,2026-03-16 20:51:32.038175
5,74.43,78.26,False,2026-03-16 21:51:32.038175
5,76.04,78.22,False,2026-03-16 22:51:32.038175
5,77.64,78.21,False,2026-03-16 23:51:32.038175
5,78.0,78.19,False,2026-03-17 00:51:32.038175
5,78.42,78.16,False,2026-03-17 01:51:32.038175
5,78.72,78.15,False,2026-03-17 02:51:32.038175
5,78.76,78.13,False,2026-03-17 03:51:32.038175
5,79.11,78.12,False,2026-03-17 04:51:32.038175
5,79.22,78.07,False,2026-03-17 05:51:32.038175
5,81.04,78.05,False,2026-03-17 06:51:32.038175
5,10.01,78.01,False,2026-03-17 07:51:32.038175
5,12.43,78.0,False,2026-03-17 08:51:32.038175
5,15.34,77.97,False,2026-03-17 09:51:32.038175
5,17.9,77.92,False,2026-03-17 10:51:32.038175
5,19.45,77.88,False,2026-03-17 11:51:32.038175
5,22.23,77.86,False,2026-03-17 12:51:32.038175
5,26.57,77.83,False,2026-03-17 13:51:32.038175
5,29.91,77.8,False,2026-03-17 14:51:32.038175
5,31.05,77.76,False,2026-03-17 15:51:32.038175
5,32.12,77.71,False,2026-03-17 16:51:32.038175
5,36.9,77.66,False,2026-03-17 17:51:32.038175
5,41.41,77.65,False,2026-03-17 18:51:32.038175
5,43.5,77.61,False,2026-03-17 19:51:32.038175
5,44.66,77.57,False,2026-03-17 20:51:32.038175
5,46.09,77.55,False,2026-03-17 21:51:32.038175
5,46.78,77.51,False,2026-03-17 22:51:32.038175
5,47.64,77.46,False,2026-03-17 23:51:32.038175
5,47.83,77.41,False,2026-03-18 00:51:32.038175
5,48.19,77.39,False,2026-03-18 01:51:32.038175
5,48.55,77.36,False,2026-03-18 02:51:32.038175
5,48.6,77.35,False,2026-03-18 03:51:32.038175
5,48.75,77.3,False,2026-03-18 04:51:32.038175
5,49.23,77.28,False,2026-03-18 05:51:32.038175
5,49.86,77.23,False,2026-03-18 06:51:32.038175
5,51.37,77.18,False,2026-03-18 07:51:32.038175
5,54.11,77.16,False,2026-03-18 08:51:32.038175
5,56.81,77.13,False,2026-03-18 09:51:32.038175
5,61.62,77.11,False,2026-03-18 10:51:32.038175
5,63.05,77.08,False,2026-03-18 11:51:32.038175
5,68.0,77.04,False,2026-03-18 12:51:32.038175
5,70.44,77.0,False,2026-03-18 13:51:32.038175
5,73.46,76.95,False,2026-03-18 14:51:32.038175
5,74.1,76.93,False,2026-03-18 15:51:32.038175
5,74.94,76.91,False,2026-03-18 16:51:32.038175
5,78.45,76.87,False,2026-03-18 17:51:32.038175
5,80.54,76.86,False,2026-03-18 18:51:32.038175
5,12.32,76.82,False,2026-03-18 19:51:32.038175
5,13.21,76.78,False,2026-03-18 20:51:32.038175
5,14.85,76.74,False,2026-03-18 21:51:32.038175
5,16.72,76.73,False,2026-03-18 22:51:32.038175
5,17.39,76.69,False,2026-03-18 23:51:32.038175
5,17.61,76.66,False,2026-03-19 00:51:32.038175
5,17.66,76.62,False,2026-03-19 01:51:32.038175
5,17.88,76.58,False,2026-03-19 02:51:32.038175
5,18.07,76.53,False,2026-03-19 03:51:32.038175
5,18.13,76.51,False,2026-03-19 04:51:32.038175
5,18.33,76.46,False,2026-03-19 05:51:32.038175
5,19.63,76.42,False,2026-03-19 06:51:32.038175
5,21.61,76.38,False,2026-03-19 07:51:32.038175
5,26.01,76.35,False,2026-03-19 08:51:32.038175
5,28.08,76.34,False,2026-03-19 09:51:32.038175
5,33.07,76.3,False,2026-03-19 10:51:32.038175
5,34.76,76.25,False,2026-03-19 11:51:32.038175
5,39.52,76.21,False,2026-03-19 12:51:32.038175
5,44.34,76.17,False,2026-03-19 13:51:32.038175
5,46.42,76.15,False,2026-03-19 14:51:32.038175
5,47.15,76.11,False,2026-03-19 15:51:32.038175
5,48.15,76.08,False,2026-03-19 16:51:32.038175
5,51.31,76.06,False,2026-03-19 17:51:32.038175
5,55.86,76.02,False,2026-03-19 18:51:32.038175
5,58.79,75.98,False,2026-03-19 19:51:32.038175
5,59.66,75.95,False,2026-03-19 20:51:32.038175
5,60.3,75.92,False,2026-03-19 21:51:32.038175
5,61.37,75.9,False,2026-03-19 22:51:32.038175
5,62.74,75.86,False,2026-03-19 23:51:32.038175
5,62.78,75.85,False,2026-03-20 00:51:32.038175
5,62.96,75.83,False,2026-03-20 01:51:32.038175
5,63.02,75.81,False,2026-03-20 02:51:32.038175
5,63.52,75.76,False,2026-03-20 03:51:32.038175
5,63.85,75.74,False,2026-03-20 04:51:32.038175
5,64.24,75.71,False,2026-03-20 05:51:32.038175
5,65.45,75.68,False,2026-03-20 06:51:32.038175
5,66.65,75.64,False,2026-03-20 07:51:32.038175
5,69.32,75.62,False,2026-03-20 08:51:32.038175
5,72.33,75.6,False,2026-03-20 09:51:32.038175
5,74.65,75.59,False,2026-03-20 10:51:32.038175
5,76.4,75.54,False,2026-03-20 11:51:32.038175
5,79.66,75.53,False,2026-03-20 12:51:32.038175
5,84.07,75.51,False,2026-03-20 13:51:32.038175
5,11.31,75.47,False,2026-03-20 14:51:32.038175
5,12.61,75.44,False,2026-03-20 15:51:32.038175
5,13.92,75.4,False,2026-03-20 16:51:32.038175
5,16.56,75.35,False,2026-03-20 17:51:32.038175
5,19.47,75.31,False,2026-03-20 18:51:32.038175
5,24.12,75.28,False,2026-03-20 19:51:32.038175
5,25.42,75.26,False,2026-03-20 20:51:32.038175
5,27.03,75.22,False,2026-03-20 21:51:32.038175
5,28.11,75.21,False,2026-03-20 22:51:32.038175
5,29.09,75.2,False,2026-03-20 23:51:32.038175
5,29.2,75.16,False,2026-03-21 00:51:32.038175
5,29.28,75.14,False,2026-03-21 01:51:32.038175
5,29.48,75.09,False,2026-03-21 02:51:32.038175
5,29.88,75.07,False,2026-03-21 03:51:32.038175
5,30.18,75.05,False,2026-03-21 04:51:32.038175
5,30.5,75.01,False,2026-03-21 05:51:32.038175
5,32.21,74.98,False,2026-03-21 06:51:32.038175
5,33.16,74.95,False,2026-03-21 07:51:32.038175
5,37.63,74.91,False,2026-03-21 08:51:32.038175
5,40.57,74.9,False,2026-03-21 09:51:32.038175
5,43.61,74.86,False,2026-03-21 10:51:32.038175
5,45.39,74.83,False,2026-03-21 11:51:32.038175
5,48.27,74.82,False,2026-03-21 12:51:32.038175
5,52.36,74.79,False,2026-03-21 13:51:32.038175
5,54.9,74.77,False,2026-03-21 14:51:32.038175
5,56.78,74.73,False,2026-03-21 15:51:32.038175
5,57.73,74.69,False,2026-03-21 16:51:32.038175
5,60.34,74.67,False,2026-03-21 17:51:32.038175
5,62.71,74.64,False,2026-03-21 18:51:32.038175
5,65.21,74.63,False,2026-03-21 19:51:32.038175
5,66.98,74.58,False,2026-03-21 20:51:32.038175
5,68.75,74.56,False,2026-03-21 21:51:32.038175
5,70.74,74.52,False,2026-03-21 22:51:32.038175
5,71.36,74.51,False,2026-03-21 23:51:32.038175
5,71.85,74.47,False,2026-03-22 00:51:32.038175
5,72.3,74.43,False,2026-03-22 01:51:32.038175
5,72.51,74.4,False,2026-03-22 02:51:32.038175
5,72.83,74.39,False,2026-03-22 03:51:32.038175
5,73.16,74.36,False,2026-03-22 04:51:32.038175
5,73.51,74.33,False,2026-03-22 05:51:32.038175
5,74.61,74.29,False,2026-03-22 06:51:32.038175
5,76.48,74.26,False,2026-03-22 07:51:32.038175
5,80.18,74.23,False,2026-03-22 08:51:32.038175
5,9.73,74.21,False,2026-03-22 09:51:32.038175
5,14.15,74.18,False,2026-03-22 10:51:32.038175
5,15.38,74.14,False,2026-03-22 11:51:32.038175
5,18.46,74.11,False,2026-03-22 12:51:32.038175
5,23.12,74.08,False,2026-03-22 13:51:32.038175
5,26.68,74.05,False,2026-03-22 14:51:32.038175
5,28.24,74.01,False,2026-03-22 15:51:32.038175
5,28.76,73.98,False,2026-03-22 16:51:32.038175
5,31.84,73.96,False,2026-03-22 17:51:32.038175
5,36.23,73.93,False,2026-03-22 18:51:32.038175
5,40.45,73.89,False,2026-03-22 19:51:32.038175
5,42.08,73.88,False,2026-03-22 20:51:32.038175
5,43.15,73.83,False,2026-03-22 21:51:32.038175
5,44.91,73.81,False,2026-03-22 22:51:32.038175
5,46.32,73.78,False,2026-03-22 23:51:32.038175
5,46.59,73.73,False,2026-03-23 00:51:32.038175
5,46.78,73.69,False,2026-03-23 01:51:32.038175
5,47.23,73.65,False,2026-03-23 02:51:32.038175
5,47.51,73.62,False,2026-03-23 03:51:32.038175
5,47.93,73.61,False,2026-03-23 04:51:32.038175
5,48.38,73.6,False,2026-03-23 05:51:32.038175
5,50.28,73.57,False,2026-03-23 06:51:32.038175
5,50.95,73.56,False,2026-03-23 07:51:32.038175
5,53.87,73.52,False,2026-03-23 08:51:32.038175
5,57.82,73.5,False,2026-03-23 09:51:32.038175
5,62.41,73.47,False,2026-03-23 10:51:32.038175
5,63.35,73.43,False,2026-03-23 11:51:32.038175
5,65.92,73.38,False,2026-03-23 12:51:32.038175
5,69.55,73.35,False,2026-03-23 13:51:32.038175
5,72.21,73.33,False,2026-03-23 14:51:32.038175
5,73.55,73.29,False,2026-03-23 15:51:32.038175
5,75.09,73.25,False,2026-03-23 16:51:32.038175
5,78.82,73.23,False,2026-03-23 17:51:32.038175
5,82.83,73.21,False,2026-03-23 18:51:32.038175
5,9.76,73.17,False,2026-03-23 19:51:32.038175
5,10.3,73.13,False,2026-03-23 20:51:32.038175
5,11.24,73.11,False,2026-03-23 21:51:32.038175
5,12.18,73.08,False,2026-03-23 22:51:32.038175
5,14.16,73.04,False,2026-03-23 23:51:32.038175
5,14.27,73.0,False,2026-03-24 00:51:32.038175
5,14.29,72.96,False,2026-03-24 01:51:32.038175
5,14.63,72.94,False,2026-03-24 02:51:32.038175
5,14.7,72.92,False,2026-03-24 03:51:32.038175
5,15.02,72.9,False,2026-03-24 04:51:32.038175
5,15.36,72.85,False,2026-03-24 05:51:32.038175
5,16.4,72.83,False,2026-03-24 06:51:32.038175
5,17.63,72.79,False,2026-03-24 07:51:32.038175
5,21.31,72.75,False,2026-03-24 08:51:32.038175
5,24.46,72.73,False,2026-03-24 09:51:32.038175
5,27.69,72.7,False,2026-03-24 10:51:32.038175
5,28.41,72.66,False,2026-03-24 11:51:32.038175
5,32.95,72.61,False,2026-03-24 12:51:32.038175
5,35.88,72.58,False,2026-03-24 13:51:32.038175
5,39.23,72.55,False,2026-03-24 14:51:32.038175
5,40.78,72.53,False,2026-03-24 15:51:32.038175
5,42.03,72.49,False,2026-03-24 16:51:32.038175
5,45.98,72.45,False,2026-03-24 17:51:32.038175
5,49.3,72.4,False,2026-03-24 18:51:32.038175
5,52.79,72.36,False,2026-03-24 19:51:32.038175
5,54.43,72.34,False,2026-03-24 20:51:32.038175
5,56.36,72.32,False,2026-03-24 21:51:32.038175
5,57.79,72.27,False,2026-03-24 22:51:32.038175
5,59.15,72.24,False,2026-03-24 23:51:32.038175
5,59.51,72.22,False,2026-03-25 00:51:32.038175
5,59.96,72.18,False,2026-03-25 01:51:32.038175
5,60.36,72.15,False,2026-03-25 02:51:32.038175
5,60.83,72.13,False,2026-03-25 03:51:32.038175
5,61.21,72.1,False,2026-03-25 04:51:32.038175
5,61.49,72.08,False,2026-03-25 05:51:32.038175
5,63.37,72.07,False,2026-03-25 06:51:32.038175
5,64.47,72.04,False,2026-03-25 07:51:32.038175
5,69.2,72.0,False,2026-03-25 08:51:32.038175
5,71.57,71.98,False,2026-03-25 09:51:32.038175
5,73.65,71.95,False,2026-03-25 10:51:32.038175
5,74.91,71.91,False,2026-03-25 11:51:32.038175
5,79.29,71.86,False,2026-03-25 12:51:32.038175
5,81.5,71.82,False,2026-03-25 13:51:32.038175
5,7.97,71.77,False,2026-03-25 14:51:32.038175
5,9.46,71.76,False,2026-03-25 15:51:32.038175
5,10.05,71.73,False,2026-03-25 16:51:32.038175
5,12.71,71.7,False,2026-03-25 17:51:32.038175
5,16.16,71.67,False,2026-03-25 18:51:32.038175
5,21.09,71.65,False,2026-03-25 19:51:32.038175
5,21.67,71.61,False,2026-03-25 20:51:32.038175
5,22.87,71.58,False,2026-03-25 21:51:32.038175
5,24.67,71.55,False,2026-03-25 22:51:32.038175
5,25.8,71.54,False,2026-03-25 23:51:32.038175
5,26.01,71.53,False,2026-03-26 00:51:32.038175
5,26.13,71.51,False,2026-03-26 01:51:32.038175
5,26.55,71.49,False,2026-03-26 02:51:32.038175
5,26.89,71.47,False,2026-03-26 03:51:32.038175
5,27.23,71.45,False,2026-03-26 04:51:32.038175
5,27.61,71.41,False,2026-03-26 05:51:32.038175
5,29.59,71.38,False,2026-03-26 06:51:32.038175
5,31.0,71.37,False,2026-03-26 07:51:32.038175
5,35.0,71.32,False,2026-03-26 08:51:32.038175
5,37.24,71.3,False,2026-03-26 09:51:32.038175
5,41.14,71.26,False,2026-03-26 10:51:32.038175
5,41.7,71.23,False,2026-03-26 11:51:32.038175
5,44.89,71.21,False,2026-03-26 12:51:32.038175
5,48.6,71.16,False,2026-03-26 13:51:32.038175
5,53.54,71.15,False,2026-03-26 14:51:32.038175
5,54.11,71.11,False,2026-03-26 15:51:32.038175
5,54.68,71.07,False,2026-03-26 16:51:32.038175
5,59.12,71.04,False,2026-03-26 17:51:32.038175
5,63.52,71.01,False,2026-03-26 18:51:32.038175
5,66.44,70.98,False,2026-03-26 19:51:32.038175
5,67.22,70.93,False,2026-03-26 20:51:32.038175
5,68.19,70.9,False,2026-03-26 21:51:32.038175
5,70.05,70.87,False,2026-03-26 22:51:32.038175
5,72.04,70.82,False,2026-03-26 23:51:32.038175
5,72.25,70.78,False,2026-03-27 00:51:32.038175
5,72.74,70.77,False,2026-03-27 01:51:32.038175
5,72.78,70.73,False,2026-03-27 02:51:32.038175
5,72.8,70.71,False,2026-03-27 03:51:32.038175
5,72.85,70.69,False,2026-03-27 04:51:32.038175
5,73.26,70.64,False,2026-03-27 05:51:32.038175
5,75.08,70.6,False,2026-03-27 06:51:32.038175
5,76.66,70.56,False,2026-03-27 07:51:32.038175
5,80.09,70.55,False,2026-03-27 08:51:32.038175
5,7.46,70.54,False,2026-03-27 09:51:32.038175
5,9.66,70.49,False,2026-03-27 10:51:32.038175
5,10.42,70.44,False,2026-03-27 11:51:32.038175
5,14.98,70.42,False,2026-03-27 12:51:32.038175
5,18.21,70.41,False,2026-03-27 13:51:32.038175
5,20.56,70.4,False,2026-03-27 14:51:32.038175
5,21.43,70.37,False,2026-03-27 15:51:32.038175
5,23.18,70.34,False,2026-03-27 16:51:32.038175
5,25.6,70.31,False,2026-03-27 17:51:32.038175
5,28.74,70.29,False,2026-03-27 18:51:32.038175
5,33.59,70.25,False,2026-03-27 19:51:32.038175
5,34.85,70.21,False,2026-03-27 20:51:32.038175
5,35.46,70.17,False,2026-03-27 21:51:32.038175
5,36.74,70.12,False,2026-03-27 22:51:32.038175
5,37.28,70.08,False,2026-03-27 23:51:32.038175
5,37.5,70.05,False,2026-03-28 00:51:32.038175
5,37.71,70.01,False,2026-03-28 01:51:32.038175
5,37.82,69.99,False,2026-03-28 02:51:32.038175
5,38.06,69.96,False,2026-03-28 03:51:32.038175
5,38.15,69.94,False,2026-03-28 04:51:32.038175
5,38.34,69.93,False,2026-03-28 05:51:32.038175
5,39.36,69.91,False,2026-03-28 06:51:32.038175
5,40.27,69.9,False,2026-03-28 07:51:32.038175
5,44.49,69.89,False,2026-03-28 08:51:32.038175
5,46.61,69.87,False,2026-03-28 09:51:32.038175
5,51.25,69.83,False,2026-03-28 10:51:32.038175
5,51.96,69.82,False,2026-03-28 11:51:32.038175
5,55.43,69.81,False,2026-03-28 12:51:32.038175
5,57.51,69.77,False,2026-03-28 13:51:32.038175
5,60.91,69.73,False,2026-03-28 14:51:32.038175
5,62.77,69.72,False,2026-03-28 15:51:32.038175
5,63.96,69.68,False,2026-03-28 16:51:32.038175
5,67.1,69.66,False,2026-03-28 17:51:32.038175
5,69.28,69.64,False,2026-03-28 18:51:32.038175
5,72.54,69.61,False,2026-03-28 19:51:32.038175
5,74.18,69.57,False,2026-03-28 20:51:32.038175
5,76.08,69.55,False,2026-03-28 21:51:32.038175
5,77.6,69.51,False,2026-03-28 22:51:32.038175
5,79.38,69.5,False,2026-03-28 23:51:32.038175
5,79.38,69.45,False,2026-03-29 00:51:32.038175
5,79.88,69.43,False,2026-03-29 01:51:32.038175
5,80.21,69.41,False,2026-03-29 02:51:32.038175
5,7.27,69.4,False,2026-03-29 03:51:32.038175
5,7.52,69.35,False,2026-03-29 04:51:32.038175
5,7.68,69.34,False,2026-03-29 05:51:32.038175
5,9.37,69.3,False,2026-03-29 06:51:32.038175
5,9.95,69.26,False,2026-03-29 07:51:32.038175
5,14.39,69.21,False,2026-03-29 08:51:32.038175
5,16.5,69.19,False,2026-03-29 09:51:32.038175
5,21.44,69.14,False,2026-03-29 10:51:32.038175
5,22.52,69.13,False,2026-03-29 11:51:32.038175
5,25.13,69.12,False,2026-03-29 12:51:32.038175
5,29.29,69.07,False,2026-03-29 13:51:32.038175
5,34.28,69.04,False,2026-03-29 14:51:32.038175
5,35.68,69.0,False,2026-03-29 15:51:32.038175
5,37.68,68.98,False,2026-03-29 16:51:32.038175
5,40.35,68.96,False,2026-03-29 17:51:32.038175
5,44.33,68.94,False,2026-03-29 18:51:32.038175
5,49.04,68.93,False,2026-03-29 19:51:32.038175
5,50.58,68.9,False,2026-03-29 20:51:32.038175
5,52.22,68.87,False,2026-03-29 21:51:32.038175
5,53.5,68.82,False,2026-03-29 22:51:32.038175
5,54.49,68.81,False,2026-03-29 23:51:32.038175
5,54.9,68.79,False,2026-03-30 00:51:32.038175
5,55.13,68.77,False,2026-03-30 01:51:32.038175
5,55.44,68.72,False,2026-03-30 02:51:32.038175
5,55.54,68.67,False,2026-03-30 03:51:32.038175
5,55.86,68.63,False,2026-03-30 04:51:32.038175
5,55.9,68.6,False,2026-03-30 05:51:32.038175
5,56.9,68.59,False,2026-03-30 06:51:32.038175
5,58.69,68.54,False,2026-03-30 07:51:32.038175
5,63.14,68.52,False,2026-03-30 08:51:32.038175
5,66.12,68.48,False,2026-03-30 09:51:32.038175
5,69.08,68.44,False,2026-03-30 10:51:32.038175
5,71.07,68.41,False,2026-03-30 11:51:32.038175
5,74.23,68.37,False,2026-03-30 12:51:32.038175
5,79.2,68.35,False,2026-03-30 13:51:32.038175
5,83.78,68.31,False,2026-03-30 14:51:32.038175
5,8.0,68.29,False,2026-03-30 15:51:32.038175
5,9.11,68.28,False,2026-03-30 16:51:32.038175
5,11.34,68.26,False,2026-03-30 17:51:32.038175
5,15.35,68.25,False,2026-03-30 18:51:32.038175
5,19.6,68.21,False,2026-03-30 19:51:32.038175
5,20.49,68.19,False,2026-03-30 20:51:32.038175
5,21.35,68.16,False,2026-03-30 21:51:32.038175
5,21.89,68.15,False,2026-03-30 22:51:32.038175
5,23.89,68.12,False,2026-03-30 23:51:32.038175
5,24.14,68.09,False,2026-03-31 00:51:32.038175
5,24.42,68.05,False,2026-03-31 01:51:32.038175
5,24.45,68.03,False,2026-03-31 02:51:32.038175
5,24.73,67.99,False,2026-03-31 03:51:32.038175
5,25.18,67.96,False,2026-03-31 04:51:32.038175
5,25.67,67.94,False,2026-03-31 05:51:32.038175
5,27.5,67.9,False,2026-03-31 06:51:32.038175
5,28.28,67.85,False,2026-03-31 07:51:32.038175
5,31.99,67.84,False,2026-03-31 08:51:32.038175
5,34.17,67.81,False,2026-03-31 09:51:32.038175
5,38.98,67.78,False,2026-03-31 10:51:32.038175
5,40.43,67.74,False,2026-03-31 11:51:32.038175
5,44.87,67.7,False,2026-03-31 12:51:32.038175
5,49.18,67.66,False,2026-03-31 13:51:32.038175
5,53.21,67.64,False,2026-03-31 14:51:32.038175
5,53.8,67.63,False,2026-03-31 15:51:32.038175
5,55.75,67.59,False,2026-03-31 16:51:32.038175
5,59.72,67.55,False,2026-03-31 17:51:32.038175
5,63.61,67.53,False,2026-03-31 18:51:32.038175
5,67.32,67.51,False,2026-03-31 19:51:32.038175
5,68.06,67.49,False,2026-03-31 20:51:32.038175
5,68.77,67.46,False,2026-03-31 21:51:32.038175
5,69.65,67.42,False,2026-03-31 22:51:32.038175
5,71.1,67.39,False,2026-03-31 23:51:32.038175
5,71.58,67.37,False,2026-04-01 00:51:32.038175
5,71.89,67.35,False,2026-04-01 01:51:32.038175
5,72.07,67.32,False,2026-04-01 02:51:32.038175
5,72.37,67.29,False,2026-04-01 03:51:32.038175
5,72.62,67.28,False,2026-04-01 04:51:32.038175
5,72.92,67.23,False,2026-04-01 05:51:32.038175
5,74.56,67.19,False,2026-04-01 06:51:32.038175
5,75.26,67.16,False,2026-04-01 07:51:32.038175
5,77.98,67.13,False,2026-04-01 08:51:32.038175
5,82.81,67.09,False,2026-04-01 09:51:32.038175
5,13.31,67.06,False,2026-04-01 10:51:32.038175
5,13.82,67.04,False,2026-04-01 11:51:32.038175
5,18.2,67.01,False,2026-04-01 12:51:32.038175
5,22.58,67.0,False,2026-04-01 13:51:32.038175
5,26.11,66.97,False,2026-04-01 14:51:32.038175
5,27.09,66.95,False,2026-04-01 15:51:32.038175
5,27.65,66.93,False,2026-04-01 16:51:32.038175
5,32.46,66.88,False,2026-04-01 17:51:32.038175
5,35.56,66.85,False,2026-04-01 18:51:32.038175
5,40.23,66.83,False,2026-04-01 19:51:32.038175
5,40.83,66.79,False,2026-04-01 20:51:32.038175
5,41.55,66.75,False,2026-04-01 21:51:32.038175
5,43.36,66.72,False,2026-04-01 22:51:32.038175
5,45.07,66.7,False,2026-04-01 23:51:32.038175
5,45.16,66.65,False,2026-04-02 00:51:32.038175
5,45.24,66.61,False,2026-04-02 01:51:32.038175
5,45.54,66.56,False,2026-04-02 02:51:32.038175
5,45.77,66.54,False,2026-04-02 03:51:32.038175
5,46.09,66.49,False,2026-04-02 04:51:32.038175
5,46.56,66.45,False,2026-04-02 05:51:32.038175
5,48.18,66.42,False,2026-04-02 06:51:32.038175
5,49.78,66.41,False,2026-04-02 07:51:32.038175
5,53.55,66.39,False,2026-04-02 08:51:32.038175
5,58.16,66.35,False,2026-04-02 09:51:32.038175
5,60.19,66.33,False,2026-04-02 10:51:32.038175
5,62.06,66.3,False,2026-04-02 11:51:32.038175
5,65.66,66.27,False,2026-04-02 12:51:32.038175
5,68.51,66.26,False,2026-04-02 13:51:32.038175
5,70.92,66.24,False,2026-04-02 14:51:32.038175
5,72.32,66.2,False,2026-04-02 15:51:32.038175
5,74.31,66.18,False,2026-04-02 16:51:32.038175
5,77.36,66.14,False,2026-04-02 17:51:32.038175
5,81.12,66.11,False,2026-04-02 18:51:32.038175
5,8.63,66.1,False,2026-04-02 19:51:32.038175
5,9.18,66.08,False,2026-04-02 20:51:32.038175
5,10.58,66.06,False,2026-04-02 21:51:32.038175
5,11.72,66.02,False,2026-04-02 22:51:32.038175
5,13.54,65.97,False,2026-04-02 23:51:32.038175
5,13.8,65.93,False,2026-04-03 00:51:32.038175
5,14.09,65.91,False,2026-04-03 01:51:32.038175
5,14.3,65.87,False,2026-04-03 02:51:32.038175
5,14.61,65.85,False,2026-04-03 03:51:32.038175
5,14.66,65.82,False,2026-04-03 04:51:32.038175
5,14.91,65.81,False,2026-04-03 05:51:32.038175
5,16.84,65.8,False,2026-04-03 06:51:32.038175
5,17.74,65.77,False,2026-04-03 07:51:32.038175
5,22.39,65.73,False,2026-04-03 08:51:32.038175
5,25.7,65.69,False,2026-04-03 09:51:32.038175
5,28.97,65.67,False,2026-04-03 10:51:32.038175
5,29.85,65.63,False,2026-04-03 11:51:32.038175
5,33.34,65.59,False,2026-04-03 12:51:32.038175
5,36.82,65.55,False,2026-04-03 13:51:32.038175
5,41.05,65.53,False,2026-04-03 14:51:32.038175
5,41.59,65.49,False,2026-04-03 15:51:32.038175
5,42.76,65.47,False,2026-04-03 16:51:32.038175
5,46.05,65.42,False,2026-04-03 17:51:32.038175
5,50.61,65.41,False,2026-04-03 18:51:32.038175
5,54.19,65.37,False,2026-04-03 19:51:32.038175
5,55.58,65.36,False,2026-04-03 20:51:32.038175
5,57.22,65.31,False,2026-04-03 21:51:32.038175
5,57.77,65.3,False,2026-04-03 22:51:32.038175
5,59.53,65.27,False,2026-04-03 23:51:32.038175
5,59.7,65.22,False,2026-04-04 00:51:32.038175
5,60.13,65.18,False,2026-04-04 01:51:32.038175
5,60.51,65.16,False,2026-04-04 02:51:32.038175
5,60.65,65.13,False,2026-04-04 03:51:32.038175
5,61.11,65.1,False,2026-04-04 04:51:32.038175
5,61.34,65.09,False,2026-04-04 05:51:32.038175
5,62.35,65.06,False,2026-04-04 06:51:32.038175
5,64.05,65.03,False,2026-04-04 07:51:32.038175
5,66.5,65.01,False,2026-04-04 08:51:32.038175
5,71.01,64.98,False,2026-04-04 09:51:32.038175
5,75.95,64.96,False,2026-04-04 10:51:32.038175
5,76.66,64.94,False,2026-04-04 11:51:32.038175
5,80.01,64.9,False,2026-04-04 12:51:32.038175
5,9.76,64.87,False,2026-04-04 13:51:32.038175
5,12.84,64.84,False,2026-04-04 14:51:32.038175
5,14.65,64.81,False,2026-04-04 15:51:32.038175
5,15.44,64.8,False,2026-04-04 16:51:32.038175
5,18.08,64.77,False,2026-04-04 17:51:32.038175
5,22.48,64.74,False,2026-04-04 18:51:32.038175
5,26.15,64.69,False,2026-04-04 19:51:32.038175
5,27.19,64.67,False,2026-04-04 20:51:32.038175
5,29.0,64.65,False,2026-04-04 21:51:32.038175
5,29.53,64.6,False,2026-04-04 22:51:32.038175
5,30.64,64.58,False,2026-04-04 23:51:32.038175
5,30.81,64.55,False,2026-04-05 00:51:32.038175
5,30.82,64.51,False,2026-04-05 01:51:32.038175
5,30.97,64.49,False,2026-04-05 02:51:32.038175
5,31.37,64.48,False,2026-04-05 03:51:32.038175
5,31.85,64.45,False,2026-04-05 04:51:32.038175
5,31.92,64.43,False,2026-04-05 05:51:32.038175
5,33.76,64.38,False,2026-04-05 06:51:32.038175
5,35.56,64.37,False,2026-04-05 07:51:32.038175
5,40.49,64.35,False,2026-04-05 08:51:32.038175
5,45.37,64.33,False,2026-04-05 09:51:32.038175
5,47.66,64.29,False,2026-04-05 10:51:32.038175
5,48.48,64.27,False,2026-04-05 11:51:32.038175
5,52.77,64.25,False,2026-04-05 12:51:32.038175
5,55.67,64.2,False,2026-04-05 13:51:32.038175
5,59.86,64.16,False,2026-04-05 14:51:32.038175
5,61.75,64.12,False,2026-04-05 15:51:32.038175
5,62.79,64.1,False,2026-04-05 16:51:32.038175
5,64.85,64.07,False,2026-04-05 17:51:32.038175
5,67.95,64.05,False,2026-04-05 18:51:32.038175
5,70.54,64.0,False,2026-04-05 19:51:32.038175
5,71.53,63.98,False,2026-04-05 20:51:32.038175
5,73.31,63.96,False,2026-04-05 21:51:32.038175
5,74.1,63.92,False,2026-04-05 22:51:32.038175
5,76.1,63.88,False,2026-04-05 23:51:32.038175
5,76.28,63.85,False,2026-04-06 00:51:32.038175
5,76.71,63.83,False,2026-04-06 01:51:32.038175
5,77.15,63.81,False,2026-04-06 02:51:32.038175
5,77.25,63.77,False,2026-04-06 03:51:32.038175
5,77.65,63.74,False,2026-04-06 04:51:32.038175
5,77.95,63.72,False,2026-04-06 05:51:32.038175
5,78.79,63.68,False,2026-04-06 06:51:32.038175
5,80.09,63.67,False,2026-04-06 07:51:32.038175
5,10.75,63.64,False,2026-04-06 08:51:32.038175
5,14.31,63.6,False,2026-04-06 09:51:32.038175
5,16.48,63.58,False,2026-04-06 10:51:32.038175
5,17.15,63.53,False,2026-04-06 11:51:32.038175
5,20.2,63.52,False,2026-04-06 12:51:32.038175
5,24.07,63.49,False,2026-04-06 13:51:32.038175
5,26.8,63.44,False,2026-04-06 14:51:32.038175
5,27.38,63.4,False,2026-04-06 15:51:32.038175
5,28.62,63.38,False,2026-04-06 16:51:32.038175
5,32.85,63.34,False,2026-04-06 17:51:32.038175
5,36.68,63.33,False,2026-04-06 18:51:32.038175
5,40.19,63.3,False,2026-04-06 19:51:32.038175
5,40.99,63.28,False,2026-04-06 20:51:32.038175
5,42.24,63.26,False,2026-04-06 21:51:32.038175
5,42.91,63.24,False,2026-04-06 22:51:32.038175
5,44.33,63.22,False,2026-04-06 23:51:32.038175
5,44.65,63.17,False,2026-04-07 00:51:32.038175
5,45.01,63.14,False,2026-04-07 01:51:32.038175
5,45.13,63.12,False,2026-04-07 02:51:32.038175
5,45.4,63.1,False,2026-04-07 03:51:32.038175
5,45.42,63.07,False,2026-04-07 04:51:32.038175
5,45.62,63.04,False,2026-04-07 05:51:32.038175
5,46.29,63.02,False,2026-04-07 06:51:32.038175
5,48.05,63.0,False,2026-04-07 07:51:32.038175
5,51.86,62.96,False,2026-04-07 08:51:32.038175
5,54.93,62.94,False,2026-04-07 09:51:32.038175
5,57.96,62.93,False,2026-04-07 10:51:32.038175
5,58.75,62.89,False,2026-04-07 11:51:32.038175
5,61.26,62.88,False,2026-04-07 12:51:32.038175
5,64.66,62.83,False,2026-04-07 13:51:32.038175
5,68.5,62.81,False,2026-04-07 14:51:32.038175
5,69.11,62.77,False,2026-04-07 15:51:32.038175
5,70.63,62.75,False,2026-04-07 16:51:32.038175
5,72.93,62.73,False,2026-04-07 17:51:32.038175
5,76.75,62.71,False,2026-04-07 18:51:32.038175
5,80.76,62.68,False,2026-04-07 19:51:32.038175
5,6.04,62.63,False,2026-04-07 20:51:32.038175
5,7.45,62.59,False,2026-04-07 21:51:32.038175
5,9.38,62.58,False,2026-04-07 22:51:32.038175
5,11.3,62.53,False,2026-04-07 23:51:32.038175
5,11.65,62.49,False,2026-04-08 00:51:32.038175
5,11.83,62.44,False,2026-04-08 01:51:32.038175
5,11.91,62.4,False,2026-04-08 02:51:32.038175
5,12.01,62.36,False,2026-04-08 03:51:32.038175
5,12.49,62.34,False,2026-04-08 04:51:32.038175
5,12.54,62.31,False,2026-04-08 05:51:32.038175
5,14.16,62.27,False,2026-04-08 06:51:32.038175
5,15.72,62.26,False,2026-04-08 07:51:32.038175
5,19.54,62.21,False,2026-04-08 08:51:32.038175
5,23.13,62.19,False,2026-04-08 09:51:32.038175
5,26.19,62.17,False,2026-04-08 10:51:32.038175
5,28.1,62.14,False,2026-04-08 11:51:32.038175
5,31.34,62.13,False,2026-04-08 12:51:32.038175
5,35.24,62.09,False,2026-04-08 13:51:32.038175
5,38.73,62.08,False,2026-04-08 14:51:32.038175
5,39.64,62.06,False,2026-04-08 15:51:32.038175
5,40.57,62.04,False,2026-04-08 16:51:32.038175
5,44.19,61.99,False,2026-04-08 17:51:32.038175
5,47.27,61.97,False,2026-04-08 18:51:32.038175
5,49.92,61.95,False,2026-04-08 19:51:32.038175
5,50.76,61.91,False,2026-04-08 20:51:32.038175
5,51.85,61.89,False,2026-04-08 21:51:32.038175
5,52.52,61.86,False,2026-04-08 22:51:32.038175
5,54.37,61.82,False,2026-04-08 23:51:32.038175
5,54.5,61.79,False,2026-04-09 00:51:32.038175
5,54.67,61.74,False,2026-04-09 01:51:32.038175
5,54.98,61.71,False,2026-04-09 02:51:32.038175
5,55.46,61.66,False,2026-04-09 03:51:32.038175
5,55.62,61.63,False,2026-04-09 04:51:32.038175
5,55.84,61.61,False,2026-04-09 05:51:32.038175
5,56.75,61.57,False,2026-04-09 06:51:32.038175
5,58.55,61.56,False,2026-04-09 07:51:32.038175
5,63.54,61.54,False,2026-04-09 08:51:32.038175
5,68.09,61.52,False,2026-04-09 09:51:32.038175
5,71.92,61.49,False,2026-04-09 10:51:32.038175
5,72.67,61.48,False,2026-04-09 11:51:32.038175
5,76.76,61.44,False,2026-04-09 12:51:32.038175
5,81.22,61.42,False,2026-04-09 13:51:32.038175
5,12.17,61.39,False,2026-04-09 14:51:32.038175
5,13.05,61.36,False,2026-04-09 15:51:32.038175
5,14.34,61.35,False,2026-04-09 16:51:32.038175
5,17.06,61.31,False,2026-04-09 17:51:32.038175
5,19.08,61.27,False,2026-04-09 18:51:32.038175
5,21.08,61.24,False,2026-04-09 19:51:32.038175
5,21.82,61.2,False,2026-04-09 20:51:32.038175
5,22.91,61.18,False,2026-04-09 21:51:32.038175
5,24.59,61.14,False,2026-04-09 22:51:32.038175
5,26.05,61.11,False,2026-04-09 23:51:32.038175
5,26.07,61.07,False,2026-04-10 00:51:32.038175
5,26.37,61.02,False,2026-04-10 01:51:32.038175
5,26.38,61.0,False,2026-04-10 02:51:32.038175
5,26.41,60.96,False,2026-04-10 03:51:32.038175
5,26.84,60.91,False,2026-04-10 04:51:32.038175
5,27.29,60.89,False,2026-04-10 05:51:32.038175
5,29.02,60.87,False,2026-04-10 06:51:32.038175
5,30.1,60.84,False,2026-04-10 07:51:32.038175
5,34.09,60.79,False,2026-04-10 08:51:32.038175
5,38.08,60.77,False,2026-04-10 09:51:32.038175
5,40.28,60.75,False,2026-04-10 10:51:32.038175
5,42.11,60.72,False,2026-04-10 11:51:32.038175
5,45.08,60.69,False,2026-04-10 12:51:32.038175
5,47.66,60.64,False,2026-04-10 13:51:32.038175
5,52.25,60.61,False,2026-04-10 14:51:32.038175
5,52.77,60.58,False,2026-04-10 15:51:32.038175
5,54.43,60.54,False,2026-04-10 16:51:32.038175
5,59.21,60.52,False,2026-04-10 17:51:32.038175
5,63.58,60.49,False,2026-04-10 18:51:32.038175
5,66.74,60.47,False,2026-04-10 19:51:32.038175
5,67.25,60.45,False,2026-04-10 20:51:32.038175
5,67.8,60.41,False,2026-04-10 21:51:32.038175
5,68.65,60.38,False,2026-04-10 22:51:32.038175
5,69.46,60.37,False,2026-04-10 23:51:32.038175
5,69.47,60.33,False,2026-04-11 00:51:32.038175
5,69.8,60.31,False,2026-04-11 01:51:32.038175
5,70.16,60.28,False,2026-04-11 02:51:32.038175
5,70.28,60.26,False,2026-04-11 03:51:32.038175
5,70.53,60.22,False,2026-04-11 04:51:32.038175
5,70.96,60.18,False,2026-04-11 05:51:32.038175
5,72.44,60.16,False,2026-04-11 06:51:32.038175
5,73.52,60.12,False,2026-04-11 07:51:32.038175
5,75.63,60.09,False,2026-04-11 08:51:32.038175
5,78.86,60.06,False,2026-04-11 09:51:32.038175
5,81.48,60.04,False,2026-04-11 10:51:32.038175
5,10.79,60.01,False,2026-04-11 11:51:32.038175
5,14.63,59.98,False,2026-04-11 12:51:32.038175
5,19.46,59.97,False,2026-04-11 13:51:32.038175
5,21.69,59.93,False,2026-04-11 14:51:32.038175
5,23.68,59.9,False,2026-04-11 15:51:32.038175
5,24.37,59.89,False,2026-04-11 16:51:32.038175
5,27.65,59.84,False,2026-04-11 17:51:32.038175
5,29.88,59.79,False,2026-04-11 18:51:32.038175
5,34.3,59.78,False,2026-04-11 19:51:32.038175
5,36.03,59.74,False,2026-04-11 20:51:32.038175
5,37.15,59.7,False,2026-04-11 21:51:32.038175
5,37.91,59.68,False,2026-04-11 22:51:32.038175
5,39.14,59.66,False,2026-04-11 23:51:32.038175
5,39.37,59.62,False,2026-04-12 00:51:32.038175
5,39.47,59.58,False,2026-04-12 01:51:32.038175
5,39.72,59.53,False,2026-04-12 02:51:32.038175
5,39.75,59.49,False,2026-04-12 03:51:32.038175
5,39.75,59.45,False,2026-04-12 04:51:32.038175
5,40.14,59.44,False,2026-04-12 05:51:32.038175
5,42.1,59.42,False,2026-04-12 06:51:32.038175
5,43.02,59.4,False,2026-04-12 07:51:32.038175
5,46.32,59.36,False,2026-04-12 08:51:32.038175
5,51.27,59.31,False,2026-04-12 09:51:32.038175
5,56.01,59.28,False,2026-04-12 10:51:32.038175
5,57.42,59.26,False,2026-04-12 11:51:32.038175
5,60.72,59.24,False,2026-04-12 12:51:32.038175
5,64.09,59.23,False,2026-04-12 13:51:32.038175
5,67.8,59.21,False,2026-04-12 14:51:32.038175
5,68.87,59.2,False,2026-04-12 15:51:32.038175
5,70.7,59.16,False,2026-04-12 16:51:32.038175
5,74.91,59.14,False,2026-04-12 17:51:32.038175
5,79.3,59.12,False,2026-04-12 18:51:32.038175
5,84.19,59.08,False,2026-04-12 19:51:32.038175
5,7.95,59.03,False,2026-04-12 20:51:32.038175
5,8.95,58.99,False,2026-04-12 21:51:32.038175
5,9.56,58.96,False,2026-04-12 22:51:32.038175
5,10.54,58.92,False,2026-04-12 23:51:32.038175
5,10.98,58.88,False,2026-04-13 00:51:32.038175
5,11.44,58.85,False,2026-04-13 01:51:32.038175
5,11.69,58.81,False,2026-04-13 02:51:32.038175
5,11.85,58.78,False,2026-04-13 03:51:32.038175
5,11.96,58.73,False,2026-04-13 04:51:32.038175
5,11.96,58.69,False,2026-04-13 05:51:32.038175
5,13.55,58.65,False,2026-04-13 06:51:32.038175
5,14.4,58.63,False,2026-04-13 07:51:32.038175
5,16.57,58.58,False,2026-04-13 08:51:32.038175
5,19.67,58.54,False,2026-04-13 09:51:32.038175
5,22.75,58.5,False,2026-04-13 10:51:32.038175
5,23.98,58.47,False,2026-04-13 11:51:32.038175
5,28.86,58.45,False,2026-04-13 12:51:32.038175
5,32.32,58.43,False,2026-04-13 13:51:32.038175
5,35.89,58.4,False,2026-04-13 14:51:32.038175
5,37.17,58.36,False,2026-04-13 15:51:32.038175
5,38.68,58.32,False,2026-04-13 16:51:32.038175
5,43.5,58.29,False,2026-04-13 17:51:32.038175
5,47.44,58.27,False,2026-04-13 18:51:32.038175
5,51.75,58.26,False,2026-04-13 19:51:32.038175
5,53.36,58.22,False,2026-04-13 20:51:32.038175
5,54.82,58.21,False,2026-04-13 21:51:32.038175
5,55.5,58.17,False,2026-04-13 22:51:32.038175
5,57.25,58.14,False,2026-04-13 23:51:32.038175
5,57.47,58.09,False,2026-04-14 00:51:32.038175
5,57.52,58.04,False,2026-04-14 01:51:32.038175
5,57.57,58.03,False,2026-04-14 02:51:32.038175
5,57.95,58.0,False,2026-04-14 03:51:32.038175
5,58.13,57.96,False,2026-04-14 04:51:32.038175
5,58.53,57.93,False,2026-04-14 05:51:32.038175
5,59.05,57.9,False,2026-04-14 06:51:32.038175
5,59.74,57.86,False,2026-04-14 07:51:32.038175
5,62.62,57.84,False,2026-04-14 08:51:32.038175
5,66.01,57.81,False,2026-04-14 09:51:32.038175
5,70.48,57.77,False,2026-04-14 10:51:32.038175
5,72.15,57.74,False,2026-04-14 11:51:32.038175
5,75.63,57.72,False,2026-04-14 12:51:32.038175
5,78.65,57.7,False,2026-04-14 13:51:32.038175
5,82.06,57.66,False,2026-04-14 14:51:32.038175
5,4.94,57.65,False,2026-04-14 15:51:32.038175
5,6.7,57.61,False,2026-04-14 16:51:32.038175
5,10.24,57.58,False,2026-04-14 17:51:32.038175
5,12.67,57.53,False,2026-04-14 18:51:32.038175
5,17.23,57.49,False,2026-04-14 19:51:32.038175
5,18.25,57.46,False,2026-04-14 20:51:32.038175
5,19.98,57.43,False,2026-04-14 21:51:32.038175
5,21.77,57.39,False,2026-04-14 22:51:32.038175
5,23.32,57.37,False,2026-04-14 23:51:32.038175
5,23.7,57.35,False,2026-04-15 00:51:32.038175
5,23.82,57.31,False,2026-04-15 01:51:32.038175
5,24.28,57.29,False,2026-04-15 02:51:32.038175
5,24.6,57.25,False,2026-04-15 03:51:32.038175
5,24.98,57.21,False,2026-04-15 04:51:32.038175
5,25.38,57.16,False,2026-04-15 05:51:32.038175
5,27.37,57.12,False,2026-04-15 06:51:32.038175
5,28.3,57.1,False,2026-04-15 07:51:32.038175
5,32.9,57.06,False,2026-04-15 08:51:32.038175
5,36.87,57.02,False,2026-04-15 09:51:32.038175
5,39.61,57.01,False,2026-04-15 10:51:32.038175
5,41.19,56.99,False,2026-04-15 11:51:32.038175
5,43.24,56.97,False,2026-04-15 12:51:32.038175
5,47.74,56.94,False,2026-04-15 13:51:32.038175
5,52.55,56.92,False,2026-04-15 14:51:32.038175
5,54.52,56.88,False,2026-04-15 15:51:32.038175
5,56.23,56.86,False,2026-04-15 16:51:32.038175
5,61.08,56.82,False,2026-04-15 17:51:32.038175
5,64.91,56.8,False,2026-04-15 18:51:32.038175
5,67.37,56.76,False,2026-04-15 19:51:32.038175
5,68.1,56.73,False,2026-04-15 20:51:32.038175
5,69.01,56.71,False,2026-04-15 21:51:32.038175
5,70.38,56.69,False,2026-04-15 22:51:32.038175
5,71.77,56.66,False,2026-04-15 23:51:32.038175
5,71.87,56.62,False,2026-04-16 00:51:32.038175
5,71.99,56.59,False,2026-04-16 01:51:32.038175
5,72.38,56.56,False,2026-04-16 02:51:32.038175
5,72.79,56.54,False,2026-04-16 03:51:32.038175
5,73.0,56.53,False,2026-04-16 04:51:32.038175
5,73.23,56.49,False,2026-04-16 05:51:32.038175
5,74.93,56.46,False,2026-04-16 06:51:32.038175
5,76.07,56.45,False,2026-04-16 07:51:32.038175
5,79.99,56.42,False,2026-04-16 08:51:32.038175
5,82.77,56.4,False,2026-04-16 09:51:32.038175
5,7.99,56.37,False,2026-04-16 10:51:32.038175
5,8.53,56.33,False,2026-04-16 11:51:32.038175
5,12.39,56.31,False,2026-04-16 12:51:32.038175
5,16.13,56.28,False,2026-04-16 13:51:32.038175
5,21.03,56.24,False,2026-04-16 14:51:32.038175
5,23.01,56.2,False,2026-04-16 15:51:32.038175
5,23.84,56.18,False,2026-04-16 16:51:32.038175
5,27.9,56.16,False,2026-04-16 17:51:32.038175
5,31.73,56.13,False,2026-04-16 18:51:32.038175
5,33.75,56.1,False,2026-04-16 19:51:32.038175
5,34.41,56.09,False,2026-04-16 20:51:32.038175
5,35.23,56.05,False,2026-04-16 21:51:32.038175
5,36.15,56.03,False,2026-04-16 22:51:32.038175
5,37.01,56.01,False,2026-04-16 23:51:32.038175
5,37.19,55.99,False,2026-04-17 00:51:32.038175
5,37.58,55.96,False,2026-04-17 01:51:32.038175
5,37.71,55.94,False,2026-04-17 02:51:32.038175
5,37.74,55.93,False,2026-04-17 03:51:32.038175
5,37.93,55.92,False,2026-04-17 04:51:32.038175
5,38.35,55.88,False,2026-04-17 05:51:32.038175
5,40.34,55.83,False,2026-04-17 06:51:32.038175
5,41.53,55.8,False,2026-04-17 07:51:32.038175
5,45.44,55.75,False,2026-04-17 08:51:32.038175
5,48.84,55.74,False,2026-04-17 09:51:32.038175
5,52.46,55.69,False,2026-04-17 10:51:32.038175
5,53.83,55.66,False,2026-04-17 11:51:32.038175
5,58.04,55.62,False,2026-04-17 12:51:32.038175
5,60.85,55.61,False,2026-04-17 13:51:32.038175
5,64.81,55.57,False,2026-04-17 14:51:32.038175
5,66.78,55.53,False,2026-04-17 15:51:32.038175
5,67.6,55.5,False,2026-04-17 16:51:32.038175
5,70.0,55.47,False,2026-04-17 17:51:32.038175
5,72.69,55.46,False,2026-04-17 18:51:32.038175
5,75.39,55.43,False,2026-04-17 19:51:32.038175
5,77.12,55.41,False,2026-04-17 20:51:32.038175
5,77.96,55.37,False,2026-04-17 21:51:32.038175
5,78.56,55.33,False,2026-04-17 22:51:32.038175
5,79.29,55.32,False,2026-04-17 23:51:32.038175
5,79.37,55.27,False,2026-04-18 00:51:32.038175
5,79.49,55.26,False,2026-04-18 01:51:32.038175
5,79.62,55.23,False,2026-04-18 02:51:32.038175
5,79.84,55.21,False,2026-04-18 03:51:32.038175
5,80.16,55.16,False,2026-04-18 04:51:32.038175
5,3.95,55.11,False,2026-04-18 05:51:32.038175
5,4.89,55.07,False,2026-04-18 06:51:32.038175
5,5.64,55.03,False,2026-04-18 07:51:32.038175
5,9.99,54.99,False,2026-04-18 08:51:32.038175
5,13.51,54.96,False,2026-04-18 09:51:32.038175
5,16.79,54.95,False,2026-04-18 10:51:32.038175
5,17.66,54.93,False,2026-04-18 11:51:32.038175
5,22.35,54.91,False,2026-04-18 12:51:32.038175
5,25.87,54.88,False,2026-04-18 13:51:32.038175
5,27.99,54.85,False,2026-04-18 14:51:32.038175
5,28.56,54.81,False,2026-04-18 15:51:32.038175
5,29.83,54.77,False,2026-04-18 16:51:32.038175
5,33.76,54.72,False,2026-04-18 17:51:32.038175
5,35.8,54.68,False,2026-04-18 18:51:32.038175
5,39.88,54.66,False,2026-04-18 19:51:32.038175
5,40.74,54.62,False,2026-04-18 20:51:32.038175
5,41.71,54.6,False,2026-04-18 21:51:32.038175
5,43.32,54.55,False,2026-04-18 22:51:32.038175
5,45.31,54.51,False,2026-04-18 23:51:32.038175
5,45.69,54.47,False,2026-04-19 00:51:32.038175
5,46.19,54.43,False,2026-04-19 01:51:32.038175
5,46.48,54.41,False,2026-04-19 02:51:32.038175
5,46.66,54.36,False,2026-04-19 03:51:32.038175
5,46.7,54.34,False,2026-04-19 04:51:32.038175
5,47.0,54.3,False,2026-04-19 05:51:32.038175
5,48.71,54.28,False,2026-04-19 06:51:32.038175
5,49.51,54.25,False,2026-04-19 07:51:32.038175
5,54.18,54.2,False,2026-04-19 08:51:32.038175
5,58.97,54.15,False,2026-04-19 09:51:32.038175
5,63.08,54.12,False,2026-04-19 10:51:32.038175
5,64.52,54.07,False,2026-04-19 11:51:32.038175
5,69.5,54.03,False,2026-04-19 12:51:32.038175
5,72.69,54.0,False,2026-04-19 13:51:32.038175
5,75.13,53.96,False,2026-04-19 14:51:32.038175
5,76.94,53.93,False,2026-04-19 15:51:32.038175
5,77.91,53.9,False,2026-04-19 16:51:32.038175
5,81.45,53.87,False,2026-04-19 17:51:32.038175
5,13.07,53.83,False,2026-04-19 18:51:32.038175
5,15.54,53.81,False,2026-04-19 19:51:32.038175
5,16.15,53.77,False,2026-04-19 20:51:32.038175
5,17.08,53.73,False,2026-04-19 21:51:32.038175
5,18.73,53.69,False,2026-04-19 22:51:32.038175
5,19.28,53.67,False,2026-04-19 23:51:32.038175
5,19.54,53.65,False,2026-04-20 00:51:32.038175
5,19.84,53.6,False,2026-04-20 01:51:32.038175
5,20.19,53.58,False,2026-04-20 02:51:32.038175
5,20.4,53.55,False,2026-04-20 03:51:32.038175
5,20.47,53.54,False,2026-04-20 04:51:32.038175
5,20.94,53.49,False,2026-04-20 05:51:32.038175
5,21.85,53.47,False,2026-04-20 06:51:32.038175
5,23.52,53.44,False,2026-04-20 07:51:32.038175
5,27.07,53.41,False,2026-04-20 08:51:32.038175
5,30.31,53.39,False,2026-04-20 09:51:32.038175
5,34.42,53.36,False,2026-04-20 10:51:32.038175
5,36.19,53.35,False,2026-04-20 11:51:32.038175
5,40.86,53.3,False,2026-04-20 12:51:32.038175
5,43.5,53.28,False,2026-04-20 13:51:32.038175
5,48.34,53.26,False,2026-04-20 14:51:32.038175
5,48.99,53.24,False,2026-04-20 15:51:32.038175
5,50.16,53.21,False,2026-04-20 16:51:32.038175
5,52.33,53.17,False,2026-04-20 17:51:32.038175
5,55.09,53.14,False,2026-04-20 18:51:32.038175
5,57.1,53.13,False,2026-04-20 19:51:32.038175
5,58.98,53.08,False,2026-04-20 20:51:32.038175
5,60.75,53.03,False,2026-04-20 21:51:32.038175
5,62.68,53.01,False,2026-04-20 22:51:32.038175
5,64.49,52.99,False,2026-04-20 23:51:32.038175
5,64.5,52.95,False,2026-04-21 00:51:32.038175
5,64.7,52.92,False,2026-04-21 01:51:32.038175
5,64.99,52.9,False,2026-04-21 02:51:32.038175
5,65.07,52.86,False,2026-04-21 03:51:32.038175
5,65.17,52.84,False,2026-04-21 04:51:32.038175
5,65.32,52.79,False,2026-04-21 05:51:32.038175
5,66.77,52.78,False,2026-04-21 06:51:32.038175
5,68.58,52.76,False,2026-04-21 07:51:32.038175
5,71.8,52.74,False,2026-04-21 08:51:32.038175
5,76.79,52.71,False,2026-04-21 09:51:32.038175
5,79.46,52.68,False,2026-04-21 10:51:32.038175
5,80.27,52.65,False,2026-04-21 11:51:32.038175
5,12.66,52.61,False,2026-04-21 12:51:32.038175
5,16.16,52.58,False,2026-04-21 13:51:32.038175
5,20.76,52.54,False,2026-04-21 14:51:32.038175
5,22.58,52.49,False,2026-04-21 15:51:32.038175
5,23.98,52.48,False,2026-04-21 16:51:32.038175
5,27.01,52.47,False,2026-04-21 17:51:32.038175
5,31.95,52.43,False,2026-04-21 18:51:32.038175
5,34.3,52.4,False,2026-04-21 19:51:32.038175
5,36.14,52.38,False,2026-04-21 20:51:32.038175
5,37.16,52.36,False,2026-04-21 21:51:32.038175
5,39.1,52.32,False,2026-04-21 22:51:32.038175
5,39.81,52.29,False,2026-04-21 23:51:32.038175
5,40.3,52.25,False,2026-04-22 00:51:32.038175
5,40.65,52.21,False,2026-04-22 01:51:32.038175
5,40.89,52.18,False,2026-04-22 02:51:32.038175
5,40.89,52.14,False,2026-04-22 03:51:32.038175
5,40.97,52.1,False,2026-04-22 04:51:32.038175
5,41.11,52.08,False,2026-04-22 05:51:32.038175
5,41.74,52.04,False,2026-04-22 06:51:32.038175
5,42.39,52.0,False,2026-04-22 07:51:32.038175
5,47.2,51.99,False,2026-04-22 08:51:32.038175
5,51.24,51.95,False,2026-04-22 09:51:32.038175
5,54.42,51.91,False,2026-04-22 10:51:32.038175
5,55.65,51.87,False,2026-04-22 11:51:32.038175
5,60.54,51.83,False,2026-04-22 12:51:32.038175
5,64.11,51.78,False,2026-04-22 13:51:32.038175
5,69.05,51.74,False,2026-04-22 14:51:32.038175
5,69.81,51.7,False,2026-04-22 15:51:32.038175
5,71.26,51.65,False,2026-04-22 16:51:32.038175
5,74.22,51.64,False,2026-04-22 17:51:32.038175
5,77.7,51.62,False,2026-04-22 18:51:32.038175
5,81.4,51.61,False,2026-04-22 19:51:32.038175
5,6.47,51.58,False,2026-04-22 20:51:32.038175
5,7.05,51.55,False,2026-04-22 21:51:32.038175
5,8.64,51.5,False,2026-04-22 22:51:32.038175
5,10.08,51.48,False,2026-04-22 23:51:32.038175
5,10.13,51.44,False,2026-04-23 00:51:32.038175
5,10.17,51.39,False,2026-04-23 01:51:32.038175
5,10.19,51.37,False,2026-04-23 02:51:32.038175
5,10.28,51.35,False,2026-04-23 03:51:32.038175
5,10.64,51.32,False,2026-04-23 04:51:32.038175
5,10.66,51.28,False,2026-04-23 05:51:32.038175
5,11.9,51.26,False,2026-04-23 06:51:32.038175
5,13.77,51.21,False,2026-04-23 07:51:32.038175
5,17.23,51.18,False,2026-04-23 08:51:32.038175
5,19.62,51.14,False,2026-04-23 09:51:32.038175
5,23.54,51.12,False,2026-04-23 10:51:32.038175
5,25.44,51.09,False,2026-04-23 11:51:32.038175
5,27.49,51.06,False,2026-04-23 12:51:32.038175
5,31.82,51.04,False,2026-04-23 13:51:32.038175
5,35.78,51.0,False,2026-04-23 14:51:32.038175
5,37.07,50.97,False,2026-04-23 15:51:32.038175
5,37.94,50.94,False,2026-04-23 16:51:32.038175
5,40.79,50.92,False,2026-04-23 17:51:32.038175
5,44.32,50.88,False,2026-04-23 18:51:32.038175
5,48.8,50.84,False,2026-04-23 19:51:32.038175
5,49.46,50.83,False,2026-04-23 20:51:32.038175
5,50.17,50.81,False,2026-04-23 21:51:32.038175
5,50.8,50.77,False,2026-04-23 22:51:32.038175
5,51.66,50.75,False,2026-04-23 23:51:32.038175
5,51.92,50.71,False,2026-04-24 00:51:32.038175
5,52.15,50.67,False,2026-04-24 01:51:32.038175
5,52.26,50.66,False,2026-04-24 02:51:32.038175
5,52.28,50.62,False,2026-04-24 03:51:32.038175
5,52.6,50.59,False,2026-04-24 04:51:32.038175
5,52.88,50.55,False,2026-04-24 05:51:32.038175
5,54.34,50.54,False,2026-04-24 06:51:32.038175
5,55.36,50.51,False,2026-04-24 07:51:32.038175
5,59.79,50.48,False,2026-04-24 08:51:32.038175
5,64.48,50.43,False,2026-04-24 09:51:32.038175
5,66.97,50.42,False,2026-04-24 10:51:32.038175
5,67.58,50.4,False,2026-04-24 11:51:32.038175
5,70.16,50.37,False,2026-04-24 12:51:32.038175
5,73.06,50.32,False,2026-04-24 13:51:32.038175
5,76.23,50.31,False,2026-04-24 14:51:32.038175
5,78.01,50.28,False,2026-04-24 15:51:32.038175
5,79.78,50.24,False,2026-04-24 16:51:32.038175
5,82.9,50.19,False,2026-04-24 17:51:32.038175
5,10.29,50.16,False,2026-04-24 18:51:32.038175
5,14.45,50.14,False,2026-04-24 19:51:32.038175
5,15.38,50.1,False,2026-04-24 20:51:32.038175
5,16.52,50.07,False,2026-04-24 21:51:32.038175
5,17.79,50.02,False,2026-04-24 22:51:32.038175
5,19.17,50.0,False,2026-04-24 23:51:32.038175
5,19.36,49.97,False,2026-04-25 00:51:32.038175
5,19.42,49.96,False,2026-04-25 01:51:32.038175
5,19.56,49.91,False,2026-04-25 02:51:32.038175
5,19.82,49.89,False,2026-04-25 03:51:32.038175
5,19.99,49.85,False,2026-04-25 04:51:32.038175
5,20.29,49.84,False,2026-04-25 05:51:32.038175
5,21.35,49.81,False,2026-04-25 06:51:32.038175
5,22.8,49.77,False,2026-04-25 07:51:32.038175
5,25.92,49.74,False,2026-04-25 08:51:32.038175
5,30.32,49.72,False,2026-04-25 09:51:32.038175
5,33.05,49.69,False,2026-04-25 10:51:32.038175
5,34.2,49.65,False,2026-04-25 11:51:32.038175
5,39.02,49.63,False,2026-04-25 12:51:32.038175
5,43.09,49.61,False,2026-04-25 13:51:32.038175
5,46.88,49.59,False,2026-04-25 14:51:32.038175
5,48.25,49.55,False,2026-04-25 15:51:32.038175
5,49.58,49.52,False,2026-04-25 16:51:32.038175
5,53.63,49.47,False,2026-04-25 17:51:32.038175
5,56.52,49.43,False,2026-04-25 18:51:32.038175
5,59.6,49.39,False,2026-04-25 19:51:32.038175
5,60.79,49.37,False,2026-04-25 20:51:32.038175
5,61.49,49.35,False,2026-04-25 21:51:32.038175
5,63.27,49.32,False,2026-04-25 22:51:32.038175
5,65.09,49.28,False,2026-04-25 23:51:32.038175
5,65.57,49.26,False,2026-04-26 00:51:32.038175
5,66.01,49.24,False,2026-04-26 01:51:32.038175
5,66.27,49.22,False,2026-04-26 02:51:32.038175
5,66.32,49.18,False,2026-04-26 03:51:32.038175
5,66.42,49.17,False,2026-04-26 04:51:32.038175
5,66.49,49.13,False,2026-04-26 05:51:32.038175
5,67.84,49.08,False,2026-04-26 06:51:32.038175
5,69.62,49.05,False,2026-04-26 07:51:32.038175
5,72.91,49.0,False,2026-04-26 08:51:32.038175
5,77.13,48.95,False,2026-04-26 09:51:32.038175
5,82.01,48.92,False,2026-04-26 10:51:32.038175
5,4.61,48.87,False,2026-04-26 11:51:32.038175
5,7.63,48.85,False,2026-04-26 12:51:32.038175
5,11.04,48.82,False,2026-04-26 13:51:32.038175
5,13.43,48.8,False,2026-04-26 14:51:32.038175
5,14.23,48.78,False,2026-04-26 15:51:32.038175
5,15.99,48.73,False,2026-04-26 16:51:32.038175
5,18.78,48.7,False,2026-04-26 17:51:32.038175
5,22.66,48.69,False,2026-04-26 18:51:32.038175
5,26.76,48.66,False,2026-04-26 19:51:32.038175
5,27.82,48.65,False,2026-04-26 20:51:32.038175
5,29.42,48.64,False,2026-04-26 21:51:32.038175
5,30.81,48.6,False,2026-04-26 22:51:32.038175
5,32.41,48.57,False,2026-04-26 23:51:32.038175
5,32.9,48.53,False,2026-04-27 00:51:32.038175
5,33.38,48.49,False,2026-04-27 01:51:32.038175
5,33.69,48.45,False,2026-04-27 02:51:32.038175
5,34.14,48.43,False,2026-04-27 03:51:32.038175
5,34.33,48.39,False,2026-04-27 04:51:32.038175
5,34.81,48.36,False,2026-04-27 05:51:32.038175
5,35.8,48.34,False,2026-04-27 06:51:32.038175
5,37.21,48.32,False,2026-04-27 07:51:32.038175
5,41.55,48.28,False,2026-04-27 08:51:32.038175
5,43.69,48.24,False,2026-04-27 09:51:32.038175
5,45.7,48.23,False,2026-04-27 10:51:32.038175
5,46.32,48.22,False,2026-04-27 11:51:32.038175
5,48.73,48.2,False,2026-04-27 12:51:32.038175
5,51.59,48.19,False,2026-04-27 13:51:32.038175
5,56.01,48.16,False,2026-04-27 14:51:32.038175
5,56.53,48.14,False,2026-04-27 15:51:32.038175
5,57.91,48.09,False,2026-04-27 16:51:32.038175
5,62.1,48.07,False,2026-04-27 17:51:32.038175
5,65.52,48.06,False,2026-04-27 18:51:32.038175
5,69.23,48.01,False,2026-04-27 19:51:32.038175
5,70.68,47.99,False,2026-04-27 20:51:32.038175
5,71.93,47.98,False,2026-04-27 21:51:32.038175
5,73.72,47.93,False,2026-04-27 22:51:32.038175
5,75.46,47.9,False,2026-04-27 23:51:32.038175
5,75.55,47.85,False,2026-04-28 00:51:32.038175
5,75.84,47.84,False,2026-04-28 01:51:32.038175
5,76.19,47.82,False,2026-04-28 02:51:32.038175
5,76.43,47.8,False,2026-04-28 03:51:32.038175
5,76.86,47.77,False,2026-04-28 04:51:32.038175
5,77.26,47.74,False,2026-04-28 05:51:32.038175
5,78.34,47.7,False,2026-04-28 06:51:32.038175
5,80.15,47.68,False,2026-04-28 07:51:32.038175
5,10.4,47.65,False,2026-04-28 08:51:32.038175
5,14.84,47.62,False,2026-04-28 09:51:32.038175
5,18.49,47.6,False,2026-04-28 10:51:32.038175
5,20.05,47.57,False,2026-04-28 11:51:32.038175
5,22.24,47.54,False,2026-04-28 12:51:32.038175
5,26.24,47.52,False,2026-04-28 13:51:32.038175
5,30.54,47.47,False,2026-04-28 14:51:32.038175
5,31.72,47.42,False,2026-04-28 15:51:32.038175
5,32.94,47.4,False,2026-04-28 16:51:32.038175
5,37.31,47.38,False,2026-04-28 17:51:32.038175
5,42.19,47.34,False,2026-04-28 18:51:32.038175
5,46.38,47.32,False,2026-04-28 19:51:32.038175
5,47.53,47.3,False,2026-04-28 20:51:32.038175
5,48.75,47.26,False,2026-04-28 21:51:32.038175
5,49.76,47.24,False,2026-04-28 22:51:32.038175
5,50.49,47.2,False,2026-04-28 23:51:32.038175
5,50.97,47.17,False,2026-04-29 00:51:32.038175
5,51.33,47.16,False,2026-04-29 01:51:32.038175
5,51.78,47.14,False,2026-04-29 02:51:32.038175
5,52.25,47.11,False,2026-04-29 03:51:32.038175
5,52.64,47.07,False,2026-04-29 04:51:32.038175
5,52.75,47.03,False,2026-04-29 05:51:32.038175
5,54.33,47.01,False,2026-04-29 06:51:32.038175
5,54.94,46.96,False,2026-04-29 07:51:32.038175
5,58.59,46.92,False,2026-04-29 08:51:32.038175
5,62.97,46.9,False,2026-04-29 09:51:32.038175
5,66.93,46.87,False,2026-04-29 10:51:32.038175
5,68.54,46.84,False,2026-04-29 11:51:32.038175
5,70.69,46.83,False,2026-04-29 12:51:32.038175
5,73.31,46.81,False,2026-04-29 13:51:32.038175
5,76.96,46.77,False,2026-04-29 14:51:32.038175
5,78.04,46.74,False,2026-04-29 15:51:32.038175
5,79.28,46.72,False,2026-04-29 16:51:32.038175
5,81.49,46.7,False,2026-04-29 17:51:32.038175
5,9.69,46.68,False,2026-04-29 18:51:32.038175
5,13.45,46.65,False,2026-04-29 19:51:32.038175
5,14.08,46.61,False,2026-04-29 20:51:32.038175
5,15.11,46.58,False,2026-04-29 21:51:32.038175
5,16.21,46.57,False,2026-04-29 22:51:32.038175
5,17.31,46.54,False,2026-04-29 23:51:32.038175
5,17.65,46.51,False,2026-04-30 00:51:32.038175
5,18.06,46.47,False,2026-04-30 01:51:32.038175
5,18.11,46.44,False,2026-04-30 02:51:32.038175
5,18.54,46.41,False,2026-04-30 03:51:32.038175
5,18.73,46.38,False,2026-04-30 04:51:32.038175
5,19.18,46.34,False,2026-04-30 05:51:32.038175
5,20.39,46.32,False,2026-04-30 06:51:32.038175
5,22.07,46.28,False,2026-04-30 07:51:32.038175
5,25.57,46.27,False,2026-04-30 08:51:32.038175
5,29.48,46.23,False,2026-04-30 09:51:32.038175
5,31.66,46.18,False,2026-04-30 10:51:32.038175
5,32.83,46.16,False,2026-04-30 11:51:32.038175
5,37.8,46.14,False,2026-04-30 12:51:32.038175
5,41.96,46.11,False,2026-04-30 13:51:32.038175
5,44.94,46.06,False,2026-04-30 14:51:32.038175
5,45.78,46.04,False,2026-04-30 15:51:32.038175
5,46.53,45.99,False,2026-04-30 16:51:32.038175
5,51.05,45.97,False,2026-04-30 17:51:32.038175
5,54.32,45.94,False,2026-04-30 18:51:32.038175
5,58.78,45.91,False,2026-04-30 19:51:32.038175
5,60.12,45.87,False,2026-04-30 20:51:32.038175
5,61.09,45.86,False,2026-04-30 21:51:32.038175
5,61.7,45.83,False,2026-04-30 22:51:32.038175
5,63.11,45.79,False,2026-04-30 23:51:32.038175
5,63.27,45.77,False,2026-05-01 00:51:32.038175
5,63.73,45.73,False,2026-05-01 01:51:32.038175
5,63.82,45.71,False,2026-05-01 02:51:32.038175
5,64.22,45.69,False,2026-05-01 03:51:32.038175
5,64.56,45.68,False,2026-05-01 04:51:32.038175
5,64.75,45.66,False,2026-05-01 05:51:32.038175
5,65.83,45.62,False,2026-05-01 06:51:32.038175
5,66.68,45.59,False,2026-05-01 07:51:32.038175
5,70.67,45.55,False,2026-05-01 08:51:32.038175
5,74.1,45.53,False,2026-05-01 09:51:32.038175
5,78.08,45.5,False,2026-05-01 10:51:32.038175
5,79.03,45.45,False,2026-05-01 11:51:32.038175
5,83.91,45.41,False,2026-05-01 12:51:32.038175
5,12.83,45.37,False,2026-05-01 13:51:32.038175
5,17.0,45.33,False,2026-05-01 14:51:32.038175
5,17.65,45.3,False,2026-05-01 15:51:32.038175
5,18.68,45.27,False,2026-05-01 16:51:32.038175
5,21.27,45.23,False,2026-05-01 17:51:32.038175
5,24.39,45.2,False,2026-05-01 18:51:32.038175
5,28.04,45.17,False,2026-05-01 19:51:32.038175
5,29.7,45.14,False,2026-05-01 20:51:32.038175
5,30.89,45.1,False,2026-05-01 21:51:32.038175
5,31.41,45.07,False,2026-05-01 22:51:32.038175
5,32.58,45.05,False,2026-05-01 23:51:32.038175
5,32.64,45.01,False,2026-05-02 00:51:32.038175
5,33.02,44.99,False,2026-05-02 01:51:32.038175
5,33.18,44.94,False,2026-05-02 02:51:32.038175
5,33.2,44.92,False,2026-05-02 03:51:32.038175
5,33.56,44.9,False,2026-05-02 04:51:32.038175
5,33.62,44.89,False,2026-05-02 05:51:32.038175
5,35.09,44.85,False,2026-05-02 06:51:32.038175
5,36.41,44.82,False,2026-05-02 07:51:32.038175
5,39.47,44.78,False,2026-05-02 08:51:32.038175
5,43.25,44.75,False,2026-05-02 09:51:32.038175
5,48.08,44.72,False,2026-05-02 10:51:32.038175
5,49.69,44.7,False,2026-05-02 11:51:32.038175
5,53.58,44.67,False,2026-05-02 12:51:32.038175
5,57.39,44.62,False,2026-05-02 13:51:32.038175
5,61.24,44.6,False,2026-05-02 14:51:32.038175
5,62.0,44.57,False,2026-05-02 15:51:32.038175
5,62.68,44.54,False,2026-05-02 16:51:32.038175
5,65.25,44.51,False,2026-05-02 17:51:32.038175
5,67.44,44.47,False,2026-05-02 18:51:32.038175
5,71.51,44.43,False,2026-05-02 19:51:32.038175
5,72.56,44.4,False,2026-05-02 20:51:32.038175
5,74.51,44.37,False,2026-05-02 21:51:32.038175
5,75.53,44.35,False,2026-05-02 22:51:32.038175
5,76.41,44.3,False,2026-05-02 23:51:32.038175
5,76.84,44.26,False,2026-05-03 00:51:32.038175
5,77.15,44.23,False,2026-05-03 01:51:32.038175
5,77.65,44.21,False,2026-05-03 02:51:32.038175
5,78.06,44.18,False,2026-05-03 03:51:32.038175
5,78.37,44.15,False,2026-05-03 04:51:32.038175
5,78.55,44.1,False,2026-05-03 05:51:32.038175
5,79.25,44.06,False,2026-05-03 06:51:32.038175
5,80.23,44.02,False,2026-05-03 07:51:32.038175
5,10.59,43.98,False,2026-05-03 08:51:32.038175
5,14.63,43.94,False,2026-05-03 09:51:32.038175
5,17.03,43.9,False,2026-05-03 10:51:32.038175
5,18.73,43.88,False,2026-05-03 11:51:32.038175
5,22.57,43.85,False,2026-05-03 12:51:32.038175
5,25.32,43.8,False,2026-05-03 13:51:32.038175
5,28.03,43.76,False,2026-05-03 14:51:32.038175
5,28.97,43.72,False,2026-05-03 15:51:32.038175
5,29.98,43.68,False,2026-05-03 16:51:32.038175
5,33.44,43.65,False,2026-05-03 17:51:32.038175
5,37.93,43.64,False,2026-05-03 18:51:32.038175
5,41.42,43.61,False,2026-05-03 19:51:32.038175
5,42.77,43.57,False,2026-05-03 20:51:32.038175
5,44.52,43.56,False,2026-05-03 21:51:32.038175
5,46.34,43.51,False,2026-05-03 22:51:32.038175
5,47.91,43.5,False,2026-05-03 23:51:32.038175
5,48.26,43.47,False,2026-05-04 00:51:32.038175
5,48.36,43.46,False,2026-05-04 01:51:32.038175
5,48.49,43.45,False,2026-05-04 02:51:32.038175
5,48.8,43.42,False,2026-05-04 03:51:32.038175
5,49.14,43.39,False,2026-05-04 04:51:32.038175
5,49.31,43.36,False,2026-05-04 05:51:32.038175
5,50.26,43.34,False,2026-05-04 06:51:32.038175
5,51.67,43.31,False,2026-05-04 07:51:32.038175
5,54.82,43.28,False,2026-05-04 08:51:32.038175
5,57.44,43.25,False,2026-05-04 09:51:32.038175
5,62.41,43.21,False,2026-05-04 10:51:32.038175
5,64.39,43.19,False,2026-05-04 11:51:32.038175
5,67.02,43.17,False,2026-05-04 12:51:32.038175
5,70.9,43.15,False,2026-05-04 13:51:32.038175
5,73.44,43.11,False,2026-05-04 14:51:32.038175
5,74.07,43.07,False,2026-05-04 15:51:32.038175
5,75.56,43.06,False,2026-05-04 16:51:32.038175
5,77.91,43.04,False,2026-05-04 17:51:32.038175
5,82.85,43.02,False,2026-05-04 18:51:32.038175
5,8.31,42.99,False,2026-05-04 19:51:32.038175
5,9.28,42.96,False,2026-05-04 20:51:32.038175
5,10.75,42.92,False,2026-05-04 21:51:32.038175
5,12.16,42.87,False,2026-05-04 22:51:32.038175
5,13.41,42.83,False,2026-05-04 23:51:32.038175
5,13.75,42.79,False,2026-05-05 00:51:32.038175
5,14.22,42.75,False,2026-05-05 01:51:32.038175
5,14.44,42.72,False,2026-05-05 02:51:32.038175
5,14.78,42.7,False,2026-05-05 03:51:32.038175
5,14.78,42.66,False,2026-05-05 04:51:32.038175
5,15.02,42.62,False,2026-05-05 05:51:32.038175
5,16.21,42.6,False,2026-05-05 06:51:32.038175
5,18.05,42.56,False,2026-05-05 07:51:32.038175
5,22.73,42.53,False,2026-05-05 08:51:32.038175
5,25.29,42.51,False,2026-05-05 09:51:32.038175
5,28.98,42.49,False,2026-05-05 10:51:32.038175
5,30.44,42.45,False,2026-05-05 11:51:32.038175
5,32.98,42.41,False,2026-05-05 12:51:32.038175
5,36.72,42.36,False,2026-05-05 13:51:32.038175
5,39.18,42.31,False,2026-05-05 14:51:32.038175
5,39.99,42.29,False,2026-05-05 15:51:32.038175
5,41.35,42.25,False,2026-05-05 16:51:32.038175
5,44.62,42.23,False,2026-05-05 17:51:32.038175
5,46.71,42.2,False,2026-05-05 18:51:32.038175
5,50.06,42.16,False,2026-05-05 19:51:32.038175
5,51.82,42.12,False,2026-05-05 20:51:32.038175
5,53.35,42.11,False,2026-05-05 21:51:32.038175
5,55.23,42.08,False,2026-05-05 22:51:32.038175
5,56.55,42.06,False,2026-05-05 23:51:32.038175
5,56.91,42.02,False,2026-05-06 00:51:32.038175
5,57.29,41.98,False,2026-05-06 01:51:32.038175
5,57.51,41.96,False,2026-05-06 02:51:32.038175
5,57.64,41.92,False,2026-05-06 03:51:32.038175
5,57.86,41.89,False,2026-05-06 04:51:32.038175
5,58.12,41.86,False,2026-05-06 05:51:32.038175
5,58.74,41.84,False,2026-05-06 06:51:32.038175
5,59.51,41.79,False,2026-05-06 07:51:32.038175
5,61.66,41.75,False,2026-05-06 08:51:32.038175
5,65.61,41.71,False,2026-05-06 09:51:32.038175
5,67.83,41.68,False,2026-05-06 10:51:32.038175
5,68.59,41.63,False,2026-05-06 11:51:32.038175
5,70.59,41.61,False,2026-05-06 12:51:32.038175
5,74.89,41.59,False,2026-05-06 13:51:32.038175
5,78.97,41.56,False,2026-05-06 14:51:32.038175
5,80.72,41.52,False,2026-05-06 15:51:32.038175
5,5.44,41.5,False,2026-05-06 16:51:32.038175
5,7.47,41.47,False,2026-05-06 17:51:32.038175
5,11.73,41.46,False,2026-05-06 18:51:32.038175
5,14.17,41.42,False,2026-05-06 19:51:32.038175
5,15.87,41.4,False,2026-05-06 20:51:32.038175
5,17.27,41.37,False,2026-05-06 21:51:32.038175
5,18.62,41.34,False,2026-05-06 22:51:32.038175
5,19.81,41.3,False,2026-05-06 23:51:32.038175
5,19.85,41.29,False,2026-05-07 00:51:32.038175
5,19.91,41.27,False,2026-05-07 01:51:32.038175
5,20.27,41.23,False,2026-05-07 02:51:32.038175
5,20.6,41.19,False,2026-05-07 03:51:32.038175
5,20.74,41.16,False,2026-05-07 04:51:32.038175
5,20.76,41.14,False,2026-05-07 05:51:32.038175
5,22.33,41.1,False,2026-05-07 06:51:32.038175
5,23.5,41.09,False,2026-05-07 07:51:32.038175
5,28.27,41.04,False,2026-05-07 08:51:32.038175
5,31.37,41.02,False,2026-05-07 09:51:32.038175
5,35.7,40.99,False,2026-05-07 10:51:32.038175
5,37.66,40.94,False,2026-05-07 11:51:32.038175
5,40.06,40.91,False,2026-05-07 12:51:32.038175
5,42.93,40.9,False,2026-05-07 13:51:32.038175
5,45.44,40.88,False,2026-05-07 14:51:32.038175
5,46.0,40.86,False,2026-05-07 15:51:32.038175
5,46.88,40.85,False,2026-05-07 16:51:32.038175
5,50.44,40.8,False,2026-05-07 17:51:32.038175
5,54.43,40.78,False,2026-05-07 18:51:32.038175
5,59.14,40.75,False,2026-05-07 19:51:32.038175
5,59.84,40.72,False,2026-05-07 20:51:32.038175
6,25.83,93.97,False,2026-03-08 21:51:32.067188
6,26.33,93.95,False,2026-03-08 22:51:32.067188
6,27.08,93.94,False,2026-03-08 23:51:32.067188
6,27.44,93.9,False,2026-03-09 00:51:32.067188
6,27.74,93.88,False,2026-03-09 01:51:32.067188
6,28.12,93.85,False,2026-03-09 02:51:32.067188
6,28.2,93.81,False,2026-03-09 03:51:32.067188
6,28.59,93.76,False,2026-03-09 04:51:32.067188
6,28.83,93.75,False,2026-03-09 05:51:32.067188
6,30.42,93.72,False,2026-03-09 06:51:32.067188
6,31.15,93.69,False,2026-03-09 07:51:32.067188
6,34.16,93.67,False,2026-03-09 08:51:32.067188
6,37.72,93.65,False,2026-03-09 09:51:32.067188
6,42.0,93.63,False,2026-03-09 10:51:32.067188
6,43.77,93.6,False,2026-03-09 11:51:32.067188
6,46.67,93.58,False,2026-03-09 12:51:32.067188
6,49.83,93.54,False,2026-03-09 13:51:32.067188
6,53.05,93.51,False,2026-03-09 14:51:32.067188
6,55.04,93.5,False,2026-03-09 15:51:32.067188
6,56.7,93.45,False,2026-03-09 16:51:32.067188
6,58.77,93.41,False,2026-03-09 17:51:32.067188
6,61.13,93.38,False,2026-03-09 18:51:32.067188
6,63.92,93.34,False,2026-03-09 19:51:32.067188
6,65.77,93.32,False,2026-03-09 20:51:32.067188
6,67.42,93.3,False,2026-03-09 21:51:32.067188
6,68.64,93.28,False,2026-03-09 22:51:32.067188
6,70.29,93.24,False,2026-03-09 23:51:32.067188
6,70.76,93.23,False,2026-03-10 00:51:32.067188
6,71.02,93.18,False,2026-03-10 01:51:32.067188
6,71.09,93.15,False,2026-03-10 02:51:32.067188
6,71.33,93.13,False,2026-03-10 03:51:32.067188
6,71.63,93.09,False,2026-03-10 04:51:32.067188
6,71.97,93.07,False,2026-03-10 05:51:32.067188
6,73.69,93.04,False,2026-03-10 06:51:32.067188
6,74.62,93.02,False,2026-03-10 07:51:32.067188
6,78.68,93.0,False,2026-03-10 08:51:32.067188
6,82.57,92.98,False,2026-03-10 09:51:32.067188
6,6.09,92.94,False,2026-03-10 10:51:32.067188
6,6.88,92.9,False,2026-03-10 11:51:32.067188
6,10.32,92.88,False,2026-03-10 12:51:32.067188
6,15.21,92.86,False,2026-03-10 13:51:32.067188
6,18.76,92.84,False,2026-03-10 14:51:32.067188
6,19.36,92.8,False,2026-03-10 15:51:32.067188
6,21.06,92.76,False,2026-03-10 16:51:32.067188
6,25.42,92.72,False,2026-03-10 17:51:32.067188
6,28.1,92.7,False,2026-03-10 18:51:32.067188
6,31.36,92.68,False,2026-03-10 19:51:32.067188
6,32.24,92.65,False,2026-03-10 20:51:32.067188
6,32.76,92.62,False,2026-03-10 21:51:32.067188
6,33.27,92.6,False,2026-03-10 22:51:32.067188
6,35.24,92.59,False,2026-03-10 23:51:32.067188
6,35.4,92.54,False,2026-03-11 00:51:32.067188
6,35.41,92.5,False,2026-03-11 01:51:32.067188
6,35.54,92.46,False,2026-03-11 02:51:32.067188
6,35.58,92.43,False,2026-03-11 03:51:32.067188
6,35.81,92.39,False,2026-03-11 04:51:32.067188
6,36.01,92.35,False,2026-03-11 05:51:32.067188
6,36.79,92.33,False,2026-03-11 06:51:32.067188
6,37.57,92.29,False,2026-03-11 07:51:32.067188
6,41.51,92.24,False,2026-03-11 08:51:32.067188
6,44.98,92.2,False,2026-03-11 09:51:32.067188
6,49.88,92.17,False,2026-03-11 10:51:32.067188
6,51.4,92.14,False,2026-03-11 11:51:32.067188
6,54.48,92.11,False,2026-03-11 12:51:32.067188
6,56.78,92.09,False,2026-03-11 13:51:32.067188
6,61.6,92.06,False,2026-03-11 14:51:32.067188
6,63.37,92.03,False,2026-03-11 15:51:32.067188
6,65.11,92.02,False,2026-03-11 16:51:32.067188
6,69.26,92.0,False,2026-03-11 17:51:32.067188
6,73.36,91.96,False,2026-03-11 18:51:32.067188
6,77.93,91.95,False,2026-03-11 19:51:32.067188
6,79.17,91.9,False,2026-03-11 20:51:32.067188
6,79.87,91.89,False,2026-03-11 21:51:32.067188
6,81.46,91.87,False,2026-03-11 22:51:32.067188
6,5.19,91.86,False,2026-03-11 23:51:32.067188
6,5.44,91.85,False,2026-03-12 00:51:32.067188
6,5.86,91.83,False,2026-03-12 01:51:32.067188
6,6.1,91.8,False,2026-03-12 02:51:32.067188
6,6.45,91.77,False,2026-03-12 03:51:32.067188
6,6.64,91.74,False,2026-03-12 04:51:32.067188
6,6.93,91.71,False,2026-03-12 05:51:32.067188
6,7.45,91.68,False,2026-03-12 06:51:32.067188
6,8.01,91.65,False,2026-03-12 07:51:32.067188
6,11.87,91.6,False,2026-03-12 08:51:32.067188
6,15.99,91.55,False,2026-03-12 09:51:32.067188
6,20.57,91.54,False,2026-03-12 10:51:32.067188
6,21.62,91.51,False,2026-03-12 11:51:32.067188
6,25.92,91.5,False,2026-03-12 12:51:32.067188
6,28.67,91.48,False,2026-03-12 13:51:32.067188
6,32.35,91.45,False,2026-03-12 14:51:32.067188
6,33.94,91.43,False,2026-03-12 15:51:32.067188
6,35.9,91.38,False,2026-03-12 16:51:32.067188
6,40.52,91.34,False,2026-03-12 17:51:32.067188
6,43.2,91.32,False,2026-03-12 18:51:32.067188
6,45.61,91.28,False,2026-03-12 19:51:32.067188
6,47.13,91.26,False,2026-03-12 20:51:32.067188
6,48.97,91.22,False,2026-03-12 21:51:32.067188
6,50.8,91.2,False,2026-03-12 22:51:32.067188
6,51.53,91.17,False,2026-03-12 23:51:32.067188
6,51.79,91.14,False,2026-03-13 00:51:32.067188
6,51.87,91.13,False,2026-03-13 01:51:32.067188
6,52.15,91.1,False,2026-03-13 02:51:32.067188
6,52.55,91.07,False,2026-03-13 03:51:32.067188
6,52.66,91.03,False,2026-03-13 04:51:32.067188
6,52.89,91.01,False,2026-03-13 05:51:32.067188
6,53.63,90.97,False,2026-03-13 06:51:32.067188
6,54.47,90.95,False,2026-03-13 07:51:32.067188
6,59.39,90.9,False,2026-03-13 08:51:32.067188
6,63.16,90.87,False,2026-03-13 09:51:32.067188
6,65.38,90.82,False,2026-03-13 10:51:32.067188
6,66.82,90.8,False,2026-03-13 11:51:32.067188
6,69.99,90.79,False,2026-03-13 12:51:32.067188
6,74.7,90.77,False,2026-03-13 13:51:32.067188
6,78.07,90.73,False,2026-03-13 14:51:32.067188
6,79.62,90.7,False,2026-03-13 15:51:32.067188
6,81.17,90.67,False,2026-03-13 16:51:32.067188
6,9.26,90.62,False,2026-03-13 17:51:32.067188
6,13.11,90.61,False,2026-03-13 18:51:32.067188
6,16.4,90.59,False,2026-03-13 19:51:32.067188
6,17.0,90.58,False,2026-03-13 20:51:32.067188
6,18.53,90.54,False,2026-03-13 21:51:32.067188
6,19.46,90.5,False,2026-03-13 22:51:32.067188
6,21.32,90.48,False,2026-03-13 23:51:32.067188
6,21.4,90.44,False,2026-03-14 00:51:32.067188
6,21.59,90.43,False,2026-03-14 01:51:32.067188
6,21.89,90.39,False,2026-03-14 02:51:32.067188
6,21.96,90.35,False,2026-03-14 03:51:32.067188
6,22.39,90.32,False,2026-03-14 04:51:32.067188
6,22.68,90.31,False,2026-03-14 05:51:32.067188
6,23.73,90.26,False,2026-03-14 06:51:32.067188
6,25.48,90.21,False,2026-03-14 07:51:32.067188
6,28.12,90.2,False,2026-03-14 08:51:32.067188
6,30.37,90.19,False,2026-03-14 09:51:32.067188
6,32.46,90.17,False,2026-03-14 10:51:32.067188
6,33.91,90.12,False,2026-03-14 11:51:32.067188
6,36.63,90.09,False,2026-03-14 12:51:32.067188
6,41.41,90.04,False,2026-03-14 13:51:32.067188
6,45.45,90.03,False,2026-03-14 14:51:32.067188
6,47.36,90.0,False,2026-03-14 15:51:32.067188
6,48.82,89.97,False,2026-03-14 16:51:32.067188
6,51.59,89.93,False,2026-03-14 17:51:32.067188
6,56.16,89.9,False,2026-03-14 18:51:32.067188
6,60.85,89.88,False,2026-03-14 19:51:32.067188
6,61.64,89.87,False,2026-03-14 20:51:32.067188
6,63.46,89.85,False,2026-03-14 21:51:32.067188
6,64.03,89.83,False,2026-03-14 22:51:32.067188
6,65.79,89.82,False,2026-03-14 23:51:32.067188
6,65.8,89.79,False,2026-03-15 00:51:32.067188
6,66.18,89.77,False,2026-03-15 01:51:32.067188
6,66.67,89.74,False,2026-03-15 02:51:32.067188
6,67.02,89.72,False,2026-03-15 03:51:32.067188
6,67.27,89.71,False,2026-03-15 04:51:32.067188
6,67.41,89.7,False,2026-03-15 05:51:32.067188
6,68.73,89.67,False,2026-03-15 06:51:32.067188
6,69.83,89.65,False,2026-03-15 07:51:32.067188
6,73.84,89.62,False,2026-03-15 08:51:32.067188
6,76.68,89.6,False,2026-03-15 09:51:32.067188
6,79.06,89.56,False,2026-03-15 10:51:32.067188
6,80.95,89.54,False,2026-03-15 11:51:32.067188
6,11.09,89.51,False,2026-03-15 12:51:32.067188
6,15.67,89.5,False,2026-03-15 13:51:32.067188
6,18.17,89.48,False,2026-03-15 14:51:32.067188
6,19.67,89.44,False,2026-03-15 15:51:32.067188
6,20.66,89.4,False,2026-03-15 16:51:32.067188
6,22.66,89.36,False,2026-03-15 17:51:32.067188
6,27.39,89.32,False,2026-03-15 18:51:32.067188
6,32.22,89.29,False,2026-03-15 19:51:32.067188
6,33.64,89.27,False,2026-03-15 20:51:32.067188
6,34.33,89.24,False,2026-03-15 21:51:32.067188
6,35.05,89.22,False,2026-03-15 22:51:32.067188
6,36.74,89.2,False,2026-03-15 23:51:32.067188
6,36.99,89.18,False,2026-03-16 00:51:32.067188
6,37.02,89.14,False,2026-03-16 01:51:32.067188
6,37.51,89.13,False,2026-03-16 02:51:32.067188
6,37.81,89.11,False,2026-03-16 03:51:32.067188
6,38.21,89.1,False,2026-03-16 04:51:32.067188
6,38.3,89.05,False,2026-03-16 05:51:32.067188
6,39.79,89.03,False,2026-03-16 06:51:32.067188
6,40.46,89.0,False,2026-03-16 07:51:32.067188
6,44.07,88.96,False,2026-03-16 08:51:32.067188
6,48.96,88.95,False,2026-03-16 09:51:32.067188
6,51.45,88.93,False,2026-03-16 10:51:32.067188
6,52.71,88.88,False,2026-03-16 11:51:32.067188
6,54.76,88.84,False,2026-03-16 12:51:32.067188
6,57.54,88.79,False,2026-03-16 13:51:32.067188
6,60.04,88.75,False,2026-03-16 14:51:32.067188
6,60.56,88.71,False,2026-03-16 15:51:32.067188
6,62.46,88.69,False,2026-03-16 16:51:32.067188
6,66.26,88.65,False,2026-03-16 17:51:32.067188
6,68.84,88.63,False,2026-03-16 18:51:32.067188
6,73.59,88.6,False,2026-03-16 19:51:32.067188
6,74.96,88.56,False,2026-03-16 20:51:32.067188
6,76.87,88.53,False,2026-03-16 21:51:32.067188
6,78.05,88.51,False,2026-03-16 22:51:32.067188
6,79.07,88.46,False,2026-03-16 23:51:32.067188
6,79.38,88.42,False,2026-03-17 00:51:32.067188
6,79.61,88.37,False,2026-03-17 01:51:32.067188
6,79.8,88.35,False,2026-03-17 02:51:32.067188
6,79.84,88.33,False,2026-03-17 03:51:32.067188
6,80.21,88.31,False,2026-03-17 04:51:32.067188
6,10.12,88.27,False,2026-03-17 05:51:32.067188
6,11.02,88.26,False,2026-03-17 06:51:32.067188
6,11.96,88.21,False,2026-03-17 07:51:32.067188
6,14.28,88.17,False,2026-03-17 08:51:32.067188
6,17.76,88.14,False,2026-03-17 09:51:32.067188
6,20.16,88.1,False,2026-03-17 10:51:32.067188
6,20.9,88.06,False,2026-03-17 11:51:32.067188
6,24.29,88.02,False,2026-03-17 12:51:32.067188
6,28.18,87.99,False,2026-03-17 13:51:32.067188
6,30.38,87.96,False,2026-03-17 14:51:32.067188
6,31.59,87.92,False,2026-03-17 15:51:32.067188
6,33.58,87.9,False,2026-03-17 16:51:32.067188
6,35.78,87.88,False,2026-03-17 17:51:32.067188
6,38.21,87.84,False,2026-03-17 18:51:32.067188
6,42.07,87.81,False,2026-03-17 19:51:32.067188
6,43.02,87.79,False,2026-03-17 20:51:32.067188
6,44.33,87.76,False,2026-03-17 21:51:32.067188
6,45.11,87.72,False,2026-03-17 22:51:32.067188
6,46.36,87.7,False,2026-03-17 23:51:32.067188
6,46.54,87.66,False,2026-03-18 00:51:32.067188
6,46.86,87.65,False,2026-03-18 01:51:32.067188
6,47.03,87.64,False,2026-03-18 02:51:32.067188
6,47.18,87.61,False,2026-03-18 03:51:32.067188
6,47.52,87.59,False,2026-03-18 04:51:32.067188
6,47.99,87.57,False,2026-03-18 05:51:32.067188
6,49.48,87.53,False,2026-03-18 06:51:32.067188
6,50.79,87.5,False,2026-03-18 07:51:32.067188
6,54.57,87.49,False,2026-03-18 08:51:32.067188
6,57.33,87.46,False,2026-03-18 09:51:32.067188
6,59.84,87.42,False,2026-03-18 10:51:32.067188
6,61.46,87.4,False,2026-03-18 11:51:32.067188
6,63.84,87.38,False,2026-03-18 12:51:32.067188
6,66.58,87.37,False,2026-03-18 13:51:32.067188
6,70.11,87.33,False,2026-03-18 14:51:32.067188
6,70.8,87.3,False,2026-03-18 15:51:32.067188
6,71.7,87.28,False,2026-03-18 16:51:32.067188
6,74.96,87.24,False,2026-03-18 17:51:32.067188
6,78.53,87.23,False,2026-03-18 18:51:32.067188
6,83.37,87.2,False,2026-03-18 19:51:32.067188
6,4.57,87.19,False,2026-03-18 20:51:32.067188
6,5.46,87.16,False,2026-03-18 21:51:32.067188
6,6.15,87.13,False,2026-03-18 22:51:32.067188
6,6.91,87.09,False,2026-03-18 23:51:32.067188
6,7.41,87.06,False,2026-03-19 00:51:32.067188
6,7.73,87.01,False,2026-03-19 01:51:32.067188
6,7.91,86.97,False,2026-03-19 02:51:32.067188
6,8.19,86.93,False,2026-03-19 03:51:32.067188
6,8.6,86.91,False,2026-03-19 04:51:32.067188
6,9.06,86.89,False,2026-03-19 05:51:32.067188
6,9.61,86.87,False,2026-03-19 06:51:32.067188
6,10.9,86.85,False,2026-03-19 07:51:32.067188
6,12.95,86.83,False,2026-03-19 08:51:32.067188
6,15.09,86.79,False,2026-03-19 09:51:32.067188
6,18.09,86.76,False,2026-03-19 10:51:32.067188
6,19.66,86.73,False,2026-03-19 11:51:32.067188
6,22.25,86.68,False,2026-03-19 12:51:32.067188
6,24.81,86.65,False,2026-03-19 13:51:32.067188
6,28.92,86.63,False,2026-03-19 14:51:32.067188
6,30.88,86.61,False,2026-03-19 15:51:32.067188
6,32.36,86.59,False,2026-03-19 16:51:32.067188
6,36.28,86.56,False,2026-03-19 17:51:32.067188
6,40.35,86.54,False,2026-03-19 18:51:32.067188
6,44.02,86.53,False,2026-03-19 19:51:32.067188
6,44.62,86.5,False,2026-03-19 20:51:32.067188
6,45.46,86.47,False,2026-03-19 21:51:32.067188
6,47.32,86.42,False,2026-03-19 22:51:32.067188
6,49.19,86.39,False,2026-03-19 23:51:32.067188
6,49.59,86.36,False,2026-03-20 00:51:32.067188
6,50.06,86.32,False,2026-03-20 01:51:32.067188
6,50.16,86.28,False,2026-03-20 02:51:32.067188
6,50.51,86.24,False,2026-03-20 03:51:32.067188
6,50.53,86.2,False,2026-03-20 04:51:32.067188
6,50.73,86.15,False,2026-03-20 05:51:32.067188
6,51.33,86.11,False,2026-03-20 06:51:32.067188
6,51.97,86.08,False,2026-03-20 07:51:32.067188
6,54.59,86.07,False,2026-03-20 08:51:32.067188
6,58.67,86.02,False,2026-03-20 09:51:32.067188
6,60.72,85.98,False,2026-03-20 10:51:32.067188
6,61.86,85.93,False,2026-03-20 11:51:32.067188
6,64.09,85.91,False,2026-03-20 12:51:32.067188
6,66.92,85.89,False,2026-03-20 13:51:32.067188
6,70.68,85.85,False,2026-03-20 14:51:32.067188
6,71.94,85.82,False,2026-03-20 15:51:32.067188
6,72.83,85.79,False,2026-03-20 16:51:32.067188
6,75.26,85.75,False,2026-03-20 17:51:32.067188
6,79.85,85.7,False,2026-03-20 18:51:32.067188
6,82.48,85.68,False,2026-03-20 19:51:32.067188
6,4.13,85.66,False,2026-03-20 20:51:32.067188
6,5.25,85.64,False,2026-03-20 21:51:32.067188
6,5.94,85.59,False,2026-03-20 22:51:32.067188
6,7.16,85.58,False,2026-03-20 23:51:32.067188
6,7.43,85.54,False,2026-03-21 00:51:32.067188
6,7.81,85.53,False,2026-03-21 01:51:32.067188
6,8.23,85.49,False,2026-03-21 02:51:32.067188
6,8.71,85.48,False,2026-03-21 03:51:32.067188
6,8.89,85.46,False,2026-03-21 04:51:32.067188
6,9.25,85.42,False,2026-03-21 05:51:32.067188
6,10.94,85.38,False,2026-03-21 06:51:32.067188
6,12.71,85.34,False,2026-03-21 07:51:32.067188
6,16.39,85.29,False,2026-03-21 08:51:32.067188
6,19.43,85.28,False,2026-03-21 09:51:32.067188
6,22.99,85.26,False,2026-03-21 10:51:32.067188
6,24.88,85.21,False,2026-03-21 11:51:32.067188
6,28.84,85.16,False,2026-03-21 12:51:32.067188
6,30.96,85.12,False,2026-03-21 13:51:32.067188
6,34.2,85.1,False,2026-03-21 14:51:32.067188
6,35.29,85.06,False,2026-03-21 15:51:32.067188
6,35.9,85.02,False,2026-03-21 16:51:32.067188
6,40.32,84.98,False,2026-03-21 17:51:32.067188
6,42.78,84.94,False,2026-03-21 18:51:32.067188
6,45.03,84.9,False,2026-03-21 19:51:32.067188
6,45.82,84.88,False,2026-03-21 20:51:32.067188
6,47.65,84.83,False,2026-03-21 21:51:32.067188
6,48.23,84.81,False,2026-03-21 22:51:32.067188
6,50.17,84.78,False,2026-03-21 23:51:32.067188
6,50.59,84.75,False,2026-03-22 00:51:32.067188
6,50.84,84.73,False,2026-03-22 01:51:32.067188
6,51.07,84.71,False,2026-03-22 02:51:32.067188
6,51.38,84.68,False,2026-03-22 03:51:32.067188
6,51.74,84.65,False,2026-03-22 04:51:32.067188
6,52.02,84.62,False,2026-03-22 05:51:32.067188
6,53.69,84.57,False,2026-03-22 06:51:32.067188
6,55.53,84.54,False,2026-03-22 07:51:32.067188
6,57.67,84.51,False,2026-03-22 08:51:32.067188
6,62.41,84.49,False,2026-03-22 09:51:32.067188
6,66.3,84.47,False,2026-03-22 10:51:32.067188
6,67.19,84.43,False,2026-03-22 11:51:32.067188
6,71.3,84.42,False,2026-03-22 12:51:32.067188
6,74.01,84.39,False,2026-03-22 13:51:32.067188
6,78.24,84.38,False,2026-03-22 14:51:32.067188
6,79.64,84.37,False,2026-03-22 15:51:32.067188
6,80.97,84.35,False,2026-03-22 16:51:32.067188
6,12.53,84.31,False,2026-03-22 17:51:32.067188
6,16.01,84.29,False,2026-03-22 18:51:32.067188
6,18.09,84.24,False,2026-03-22 19:51:32.067188
6,18.64,84.2,False,2026-03-22 20:51:32.067188
6,19.57,84.18,False,2026-03-22 21:51:32.067188
6,21.0,84.15,False,2026-03-22 22:51:32.067188
6,22.58,84.13,False,2026-03-22 23:51:32.067188
6,22.95,84.12,False,2026-03-23 00:51:32.067188
6,23.07,84.08,False,2026-03-23 01:51:32.067188
6,23.25,84.04,False,2026-03-23 02:51:32.067188
6,23.48,83.99,False,2026-03-23 03:51:32.067188
6,23.52,83.94,False,2026-03-23 04:51:32.067188
6,23.79,83.92,False,2026-03-23 05:51:32.067188
6,25.62,83.89,False,2026-03-23 06:51:32.067188
6,26.41,83.85,False,2026-03-23 07:51:32.067188
6,28.78,83.8,False,2026-03-23 08:51:32.067188
6,33.08,83.75,False,2026-03-23 09:51:32.067188
6,36.02,83.71,False,2026-03-23 10:51:32.067188
6,36.89,83.66,False,2026-03-23 11:51:32.067188
6,41.3,83.62,False,2026-03-23 12:51:32.067188
6,43.55,83.6,False,2026-03-23 13:51:32.067188
6,46.98,83.56,False,2026-03-23 14:51:32.067188
6,47.61,83.53,False,2026-03-23 15:51:32.067188
6,49.05,83.51,False,2026-03-23 16:51:32.067188
6,51.17,83.46,False,2026-03-23 17:51:32.067188
6,54.72,83.42,False,2026-03-23 18:51:32.067188
6,59.07,83.39,False,2026-03-23 19:51:32.067188
6,59.81,83.37,False,2026-03-23 20:51:32.067188
6,61.45,83.36,False,2026-03-23 21:51:32.067188
6,62.03,83.34,False,2026-03-23 22:51:32.067188
6,63.58,83.33,False,2026-03-23 23:51:32.067188
6,63.8,83.31,False,2026-03-24 00:51:32.067188
6,64.28,83.26,False,2026-03-24 01:51:32.067188
6,64.61,83.22,False,2026-03-24 02:51:32.067188
6,64.76,83.18,False,2026-03-24 03:51:32.067188
6,65.15,83.16,False,2026-03-24 04:51:32.067188
6,65.58,83.15,False,2026-03-24 05:51:32.067188
6,66.92,83.11,False,2026-03-24 06:51:32.067188
6,68.87,83.09,False,2026-03-24 07:51:32.067188
6,73.54,83.06,False,2026-03-24 08:51:32.067188
6,77.39,83.03,False,2026-03-24 09:51:32.067188
6,80.06,83.02,False,2026-03-24 10:51:32.067188
6,8.22,83.0,False,2026-03-24 11:51:32.067188
6,12.96,82.99,False,2026-03-24 12:51:32.067188
6,16.09,82.96,False,2026-03-24 13:51:32.067188
6,19.58,82.94,False,2026-03-24 14:51:32.067188
6,20.66,82.9,False,2026-03-24 15:51:32.067188
6,22.24,82.87,False,2026-03-24 16:51:32.067188
6,24.65,82.84,False,2026-03-24 17:51:32.067188
6,26.66,82.79,False,2026-03-24 18:51:32.067188
6,30.45,82.75,False,2026-03-24 19:51:32.067188
6,32.37,82.73,False,2026-03-24 20:51:32.067188
6,34.29,82.69,False,2026-03-24 21:51:32.067188
6,36.26,82.67,False,2026-03-24 22:51:32.067188
6,37.85,82.64,False,2026-03-24 23:51:32.067188
6,38.03,82.6,False,2026-03-25 00:51:32.067188
6,38.2,82.57,False,2026-03-25 01:51:32.067188
6,38.29,82.54,False,2026-03-25 02:51:32.067188
6,38.7,82.5,False,2026-03-25 03:51:32.067188
6,38.81,82.45,False,2026-03-25 04:51:32.067188
6,39.17,82.4,False,2026-03-25 05:51:32.067188
6,40.85,82.39,False,2026-03-25 06:51:32.067188
6,42.11,82.35,False,2026-03-25 07:51:32.067188
6,47.04,82.32,False,2026-03-25 08:51:32.067188
6,51.68,82.28,False,2026-03-25 09:51:32.067188
6,54.44,82.27,False,2026-03-25 10:51:32.067188
6,55.85,82.25,False,2026-03-25 11:51:32.067188
6,58.37,82.21,False,2026-03-25 12:51:32.067188
6,61.94,82.2,False,2026-03-25 13:51:32.067188
6,64.02,82.17,False,2026-03-25 14:51:32.067188
6,65.64,82.15,False,2026-03-25 15:51:32.067188
6,67.51,82.12,False,2026-03-25 16:51:32.067188
6,69.55,82.08,False,2026-03-25 17:51:32.067188
6,74.55,82.06,False,2026-03-25 18:51:32.067188
6,76.89,82.02,False,2026-03-25 19:51:32.067188
6,78.53,81.99,False,2026-03-25 20:51:32.067188
6,79.32,81.95,False,2026-03-25 21:51:32.067188
6,80.09,81.92,False,2026-03-25 22:51:32.067188
6,7.28,81.9,False,2026-03-25 23:51:32.067188
6,7.42,81.86,False,2026-03-26 00:51:32.067188
6,7.49,81.85,False,2026-03-26 01:51:32.067188
6,7.64,81.83,False,2026-03-26 02:51:32.067188
6,7.86,81.79,False,2026-03-26 03:51:32.067188
6,8.11,81.76,False,2026-03-26 04:51:32.067188
6,8.31,81.73,False,2026-03-26 05:51:32.067188
6,9.08,81.69,False,2026-03-26 06:51:32.067188
6,9.64,81.66,False,2026-03-26 07:51:32.067188
6,13.45,81.64,False,2026-03-26 08:51:32.067188
6,16.69,81.62,False,2026-03-26 09:51:32.067188
6,20.97,81.61,False,2026-03-26 10:51:32.067188
6,22.05,81.56,False,2026-03-26 11:51:32.067188
6,25.96,81.54,False,2026-03-26 12:51:32.067188
6,30.14,81.49,False,2026-03-26 13:51:32.067188
6,32.92,81.47,False,2026-03-26 14:51:32.067188
6,34.4,81.43,False,2026-03-26 15:51:32.067188
6,36.27,81.38,False,2026-03-26 16:51:32.067188
6,38.85,81.36,False,2026-03-26 17:51:32.067188
6,43.51,81.33,False,2026-03-26 18:51:32.067188
6,47.07,81.29,False,2026-03-26 19:51:32.067188
6,47.63,81.25,False,2026-03-26 20:51:32.067188
6,49.03,81.24,False,2026-03-26 21:51:32.067188
6,50.57,81.2,False,2026-03-26 22:51:32.067188
6,51.08,81.16,False,2026-03-26 23:51:32.067188
6,51.48,81.14,False,2026-03-27 00:51:32.067188
6,51.69,81.12,False,2026-03-27 01:51:32.067188
6,51.76,81.11,False,2026-03-27 02:51:32.067188
6,52.12,81.08,False,2026-03-27 03:51:32.067188
6,52.33,81.07,False,2026-03-27 04:51:32.067188
6,52.36,81.05,False,2026-03-27 05:51:32.067188
6,53.78,81.02,False,2026-03-27 06:51:32.067188
6,55.06,80.97,False,2026-03-27 07:51:32.067188
6,59.98,80.95,False,2026-03-27 08:51:32.067188
6,63.5,80.92,False,2026-03-27 09:51:32.067188
6,68.16,80.87,False,2026-03-27 10:51:32.067188
6,69.16,80.85,False,2026-03-27 11:51:32.067188
6,73.63,80.83,False,2026-03-27 12:51:32.067188
6,78.61,80.8,False,2026-03-27 13:51:32.067188
6,80.67,80.78,False,2026-03-27 14:51:32.067188
6,4.91,80.73,False,2026-03-27 15:51:32.067188
6,5.64,80.72,False,2026-03-27 16:51:32.067188
6,9.63,80.7,False,2026-03-27 17:51:32.067188
6,11.75,80.69,False,2026-03-27 18:51:32.067188
6,14.07,80.64,False,2026-03-27 19:51:32.067188
6,15.23,80.6,False,2026-03-27 20:51:32.067188
6,16.22,80.58,False,2026-03-27 21:51:32.067188
6,17.24,80.57,False,2026-03-27 22:51:32.067188
6,18.93,80.53,False,2026-03-27 23:51:32.067188
6,18.96,80.49,False,2026-03-28 00:51:32.067188
6,19.08,80.47,False,2026-03-28 01:51:32.067188
6,19.3,80.44,False,2026-03-28 02:51:32.067188
6,19.46,80.41,False,2026-03-28 03:51:32.067188
6,19.91,80.39,False,2026-03-28 04:51:32.067188
6,19.99,80.36,False,2026-03-28 05:51:32.067188
6,20.9,80.34,False,2026-03-28 06:51:32.067188
6,21.67,80.32,False,2026-03-28 07:51:32.067188
6,26.01,80.3,False,2026-03-28 08:51:32.067188
6,30.4,80.29,False,2026-03-28 09:51:32.067188
6,34.92,80.28,False,2026-03-28 10:51:32.067188
6,35.49,80.26,False,2026-03-28 11:51:32.067188
6,39.88,80.23,False,2026-03-28 12:51:32.067188
6,44.47,80.19,False,2026-03-28 13:51:32.067188
6,48.93,80.14,False,2026-03-28 14:51:32.067188
6,50.61,80.12,False,2026-03-28 15:51:32.067188
6,51.9,80.09,False,2026-03-28 16:51:32.067188
6,56.18,80.06,False,2026-03-28 17:51:32.067188
6,58.59,80.03,False,2026-03-28 18:51:32.067188
6,60.79,80.02,False,2026-03-28 19:51:32.067188
6,62.14,79.98,False,2026-03-28 20:51:32.067188
6,62.77,79.94,False,2026-03-28 21:51:32.067188
6,64.74,79.89,False,2026-03-28 22:51:32.067188
6,66.52,79.86,False,2026-03-28 23:51:32.067188
6,66.7,79.82,False,2026-03-29 00:51:32.067188
6,66.85,79.78,False,2026-03-29 01:51:32.067188
6,67.17,79.74,False,2026-03-29 02:51:32.067188
6,67.55,79.72,False,2026-03-29 03:51:32.067188
6,67.78,79.7,False,2026-03-29 04:51:32.067188
6,68.01,79.69,False,2026-03-29 05:51:32.067188
6,69.69,79.67,False,2026-03-29 06:51:32.067188
6,71.07,79.65,False,2026-03-29 07:51:32.067188
6,73.16,79.64,False,2026-03-29 08:51:32.067188
6,75.95,79.61,False,2026-03-29 09:51:32.067188
6,80.86,79.6,False,2026-03-29 10:51:32.067188
6,5.01,79.58,False,2026-03-29 11:51:32.067188
6,8.66,79.57,False,2026-03-29 12:51:32.067188
6,13.49,79.54,False,2026-03-29 13:51:32.067188
6,17.14,79.52,False,2026-03-29 14:51:32.067188
6,18.6,79.48,False,2026-03-29 15:51:32.067188
6,20.28,79.45,False,2026-03-29 16:51:32.067188
6,24.83,79.43,False,2026-03-29 17:51:32.067188
6,29.1,79.42,False,2026-03-29 18:51:32.067188
6,33.29,79.38,False,2026-03-29 19:51:32.067188
6,35.17,79.36,False,2026-03-29 20:51:32.067188
6,36.41,79.33,False,2026-03-29 21:51:32.067188
6,38.04,79.3,False,2026-03-29 22:51:32.067188
6,39.07,79.26,False,2026-03-29 23:51:32.067188
6,39.13,79.22,False,2026-03-30 00:51:32.067188
6,39.35,79.21,False,2026-03-30 01:51:32.067188
6,39.44,79.19,False,2026-03-30 02:51:32.067188
6,39.93,79.14,False,2026-03-30 03:51:32.067188
6,40.16,79.11,False,2026-03-30 04:51:32.067188
6,40.49,79.07,False,2026-03-30 05:51:32.067188
6,41.76,79.04,False,2026-03-30 06:51:32.067188
6,42.7,79.02,False,2026-03-30 07:51:32.067188
6,45.17,79.0,False,2026-03-30 08:51:32.067188
6,47.66,78.95,False,2026-03-30 09:51:32.067188
6,51.16,78.94,False,2026-03-30 10:51:32.067188
6,52.86,78.91,False,2026-03-30 11:51:32.067188
6,57.39,78.88,False,2026-03-30 12:51:32.067188
6,60.98,78.87,False,2026-03-30 13:51:32.067188
6,63.96,78.85,False,2026-03-30 14:51:32.067188
6,65.87,78.83,False,2026-03-30 15:51:32.067188
6,67.47,78.8,False,2026-03-30 16:51:32.067188
6,71.19,78.77,False,2026-03-30 17:51:32.067188
6,74.72,78.73,False,2026-03-30 18:51:32.067188
6,77.73,78.71,False,2026-03-30 19:51:32.067188
6,78.48,78.69,False,2026-03-30 20:51:32.067188
6,79.75,78.65,False,2026-03-30 21:51:32.067188
6,81.68,78.63,False,2026-03-30 22:51:32.067188
6,4.68,78.58,False,2026-03-30 23:51:32.067188
6,5.11,78.55,False,2026-03-31 00:51:32.067188
6,5.5,78.53,False,2026-03-31 01:51:32.067188
6,5.94,78.49,False,2026-03-31 02:51:32.067188
6,6.09,78.46,False,2026-03-31 03:51:32.067188
6,6.51,78.44,False,2026-03-31 04:51:32.067188
6,6.83,78.41,False,2026-03-31 05:51:32.067188
6,8.51,78.37,False,2026-03-31 06:51:32.067188
6,10.26,78.35,False,2026-03-31 07:51:32.067188
6,15.07,78.33,False,2026-03-31 08:51:32.067188
6,18.13,78.31,False,2026-03-31 09:51:32.067188
6,20.47,78.26,False,2026-03-31 10:51:32.067188
6,21.7,78.23,False,2026-03-31 11:51:32.067188
6,23.73,78.19,False,2026-03-31 12:51:32.067188
6,26.54,78.15,False,2026-03-31 13:51:32.067188
6,29.0,78.13,False,2026-03-31 14:51:32.067188
6,30.38,78.08,False,2026-03-31 15:51:32.067188
6,30.97,78.04,False,2026-03-31 16:51:32.067188
6,35.46,77.99,False,2026-03-31 17:51:32.067188
6,37.48,77.98,False,2026-03-31 18:51:32.067188
6,41.12,77.95,False,2026-03-31 19:51:32.067188
6,42.43,77.9,False,2026-03-31 20:51:32.067188
6,43.36,77.88,False,2026-03-31 21:51:32.067188
6,44.71,77.85,False,2026-03-31 22:51:32.067188
6,45.94,77.83,False,2026-03-31 23:51:32.067188
6,46.41,77.81,False,2026-04-01 00:51:32.067188
6,46.65,77.79,False,2026-04-01 01:51:32.067188
6,47.1,77.77,False,2026-04-01 02:51:32.067188
6,47.23,77.72,False,2026-04-01 03:51:32.067188
6,47.49,77.68,False,2026-04-01 04:51:32.067188
6,47.52,77.67,False,2026-04-01 05:51:32.067188
6,48.62,77.64,False,2026-04-01 06:51:32.067188
6,50.45,77.59,False,2026-04-01 07:51:32.067188
6,55.37,77.58,False,2026-04-01 08:51:32.067188
6,60.06,77.55,False,2026-04-01 09:51:32.067188
6,64.09,77.5,False,2026-04-01 10:51:32.067188
6,64.62,77.46,False,2026-04-01 11:51:32.067188
6,67.51,77.41,False,2026-04-01 12:51:32.067188
6,71.45,77.36,False,2026-04-01 13:51:32.067188
6,75.5,77.32,False,2026-04-01 14:51:32.067188
6,76.96,77.29,False,2026-04-01 15:51:32.067188
6,77.93,77.24,False,2026-04-01 16:51:32.067188
6,80.6,77.22,False,2026-04-01 17:51:32.067188
6,6.91,77.21,False,2026-04-01 18:51:32.067188
6,9.67,77.18,False,2026-04-01 19:51:32.067188
6,11.22,77.16,False,2026-04-01 20:51:32.067188
6,12.35,77.14,False,2026-04-01 21:51:32.067188
6,12.86,77.11,False,2026-04-01 22:51:32.067188
6,14.74,77.09,False,2026-04-01 23:51:32.067188
6,14.9,77.06,False,2026-04-02 00:51:32.067188
6,15.13,77.02,False,2026-04-02 01:51:32.067188
6,15.19,76.97,False,2026-04-02 02:51:32.067188
6,15.26,76.95,False,2026-04-02 03:51:32.067188
6,15.36,76.92,False,2026-04-02 04:51:32.067188
6,15.5,76.89,False,2026-04-02 05:51:32.067188
6,17.38,76.88,False,2026-04-02 06:51:32.067188
6,19.34,76.85,False,2026-04-02 07:51:32.067188
6,23.67,76.83,False,2026-04-02 08:51:32.067188
6,27.38,76.8,False,2026-04-02 09:51:32.067188
6,29.64,76.76,False,2026-04-02 10:51:32.067188
6,31.5,76.75,False,2026-04-02 11:51:32.067188
6,33.72,76.73,False,2026-04-02 12:51:32.067188
6,38.33,76.69,False,2026-04-02 13:51:32.067188
6,40.69,76.67,False,2026-04-02 14:51:32.067188
6,42.1,76.63,False,2026-04-02 15:51:32.067188
6,43.99,76.6,False,2026-04-02 16:51:32.067188
6,47.11,76.59,False,2026-04-02 17:51:32.067188
6,51.94,76.55,False,2026-04-02 18:51:32.067188
6,54.59,76.51,False,2026-04-02 19:51:32.067188
6,56.19,76.47,False,2026-04-02 20:51:32.067188
6,57.59,76.42,False,2026-04-02 21:51:32.067188
6,58.53,76.37,False,2026-04-02 22:51:32.067188
6,59.42,76.34,False,2026-04-02 23:51:32.067188
6,59.87,76.32,False,2026-04-03 00:51:32.067188
6,60.27,76.28,False,2026-04-03 01:51:32.067188
6,60.35,76.23,False,2026-04-03 02:51:32.067188
6,60.69,76.18,False,2026-04-03 03:51:32.067188
6,61.01,76.17,False,2026-04-03 04:51:32.067188
6,61.31,76.12,False,2026-04-03 05:51:32.067188
6,62.48,76.09,False,2026-04-03 06:51:32.067188
6,64.32,76.05,False,2026-04-03 07:51:32.067188
6,66.73,76.03,False,2026-04-03 08:51:32.067188
6,70.84,76.0,False,2026-04-03 09:51:32.067188
6,73.15,75.98,False,2026-04-03 10:51:32.067188
6,75.07,75.95,False,2026-04-03 11:51:32.067188
6,77.78,75.9,False,2026-04-03 12:51:32.067188
6,80.59,75.86,False,2026-04-03 13:51:32.067188
6,7.51,75.82,False,2026-04-03 14:51:32.067188
6,8.69,75.79,False,2026-04-03 15:51:32.067188
6,10.66,75.77,False,2026-04-03 16:51:32.067188
6,14.65,75.72,False,2026-04-03 17:51:32.067188
6,17.58,75.7,False,2026-04-03 18:51:32.067188
6,20.5,75.68,False,2026-04-03 19:51:32.067188
6,22.26,75.66,False,2026-04-03 20:51:32.067188
6,24.02,75.63,False,2026-04-03 21:51:32.067188
6,25.24,75.6,False,2026-04-03 22:51:32.067188
6,26.98,75.59,False,2026-04-03 23:51:32.067188
6,27.33,75.55,False,2026-04-04 00:51:32.067188
6,27.66,75.54,False,2026-04-04 01:51:32.067188
6,27.71,75.52,False,2026-04-04 02:51:32.067188
6,28.2,75.5,False,2026-04-04 03:51:32.067188
6,28.56,75.47,False,2026-04-04 04:51:32.067188
6,28.75,75.42,False,2026-04-04 05:51:32.067188
6,29.66,75.38,False,2026-04-04 06:51:32.067188
6,30.39,75.35,False,2026-04-04 07:51:32.067188
6,34.35,75.34,False,2026-04-04 08:51:32.067188
6,36.73,75.31,False,2026-04-04 09:51:32.067188
6,40.63,75.3,False,2026-04-04 10:51:32.067188
6,42.51,75.26,False,2026-04-04 11:51:32.067188
6,47.03,75.23,False,2026-04-04 12:51:32.067188
6,50.56,75.18,False,2026-04-04 13:51:32.067188
6,54.35,75.16,False,2026-04-04 14:51:32.067188
6,55.99,75.14,False,2026-04-04 15:51:32.067188
6,56.93,75.11,False,2026-04-04 16:51:32.067188
6,60.23,75.09,False,2026-04-04 17:51:32.067188
6,63.14,75.05,False,2026-04-04 18:51:32.067188
6,66.79,75.0,False,2026-04-04 19:51:32.067188
6,67.66,74.98,False,2026-04-04 20:51:32.067188
6,69.62,74.94,False,2026-04-04 21:51:32.067188
6,71.44,74.92,False,2026-04-04 22:51:32.067188
6,72.07,74.91,False,2026-04-04 23:51:32.067188
6,72.49,74.9,False,2026-04-05 00:51:32.067188
6,72.78,74.86,False,2026-04-05 01:51:32.067188
6,72.86,74.85,False,2026-04-05 02:51:32.067188
6,73.02,74.82,False,2026-04-05 03:51:32.067188
6,73.13,74.81,False,2026-04-05 04:51:32.067188
6,73.33,74.79,False,2026-04-05 05:51:32.067188
6,74.99,74.76,False,2026-04-05 06:51:32.067188
6,76.4,74.73,False,2026-04-05 07:51:32.067188
6,78.69,74.71,False,2026-04-05 08:51:32.067188
6,81.35,74.7,False,2026-04-05 09:51:32.067188
6,7.51,74.67,False,2026-04-05 10:51:32.067188
6,9.41,74.63,False,2026-04-05 11:51:32.067188
6,12.95,74.59,False,2026-04-05 12:51:32.067188
6,16.84,74.56,False,2026-04-05 13:51:32.067188
6,20.93,74.52,False,2026-04-05 14:51:32.067188
6,22.79,74.5,False,2026-04-05 15:51:32.067188
6,23.94,74.46,False,2026-04-05 16:51:32.067188
6,28.74,74.43,False,2026-04-05 17:51:32.067188
6,32.49,74.4,False,2026-04-05 18:51:32.067188
6,36.49,74.35,False,2026-04-05 19:51:32.067188
6,37.62,74.33,False,2026-04-05 20:51:32.067188
6,38.84,74.29,False,2026-04-05 21:51:32.067188
6,40.73,74.26,False,2026-04-05 22:51:32.067188
6,41.29,74.21,False,2026-04-05 23:51:32.067188
6,41.47,74.18,False,2026-04-06 00:51:32.067188
6,41.82,74.15,False,2026-04-06 01:51:32.067188
6,41.97,74.12,False,2026-04-06 02:51:32.067188
6,42.05,74.1,False,2026-04-06 03:51:32.067188
6,42.37,74.08,False,2026-04-06 04:51:32.067188
6,42.63,74.05,False,2026-04-06 05:51:32.067188
6,43.34,74.01,False,2026-04-06 06:51:32.067188
6,44.16,73.98,False,2026-04-06 07:51:32.067188
6,47.53,73.95,False,2026-04-06 08:51:32.067188
6,52.22,73.9,False,2026-04-06 09:51:32.067188
6,54.73,73.88,False,2026-04-06 10:51:32.067188
6,55.93,73.87,False,2026-04-06 11:51:32.067188
6,60.06,73.83,False,2026-04-06 12:51:32.067188
6,63.8,73.78,False,2026-04-06 13:51:32.067188
6,66.6,73.76,False,2026-04-06 14:51:32.067188
6,68.5,73.75,False,2026-04-06 15:51:32.067188
6,70.49,73.7,False,2026-04-06 16:51:32.067188
6,74.03,73.69,False,2026-04-06 17:51:32.067188
6,76.36,73.67,False,2026-04-06 18:51:32.067188
6,78.37,73.66,False,2026-04-06 19:51:32.067188
6,79.21,73.61,False,2026-04-06 20:51:32.067188
6,80.59,73.57,False,2026-04-06 21:51:32.067188
6,6.72,73.53,False,2026-04-06 22:51:32.067188
6,8.51,73.51,False,2026-04-06 23:51:32.067188
6,8.94,73.5,False,2026-04-07 00:51:32.067188
6,8.99,73.46,False,2026-04-07 01:51:32.067188
6,9.06,73.43,False,2026-04-07 02:51:32.067188
6,9.56,73.42,False,2026-04-07 03:51:32.067188
6,10.01,73.39,False,2026-04-07 04:51:32.067188
6,10.3,73.34,False,2026-04-07 05:51:32.067188
6,11.86,73.33,False,2026-04-07 06:51:32.067188
6,12.9,73.31,False,2026-04-07 07:51:32.067188
6,15.28,73.29,False,2026-04-07 08:51:32.067188
6,18.41,73.25,False,2026-04-07 09:51:32.067188
6,23.05,73.23,False,2026-04-07 10:51:32.067188
6,24.31,73.2,False,2026-04-07 11:51:32.067188
6,26.39,73.18,False,2026-04-07 12:51:32.067188
6,30.13,73.16,False,2026-04-07 13:51:32.067188
6,33.38,73.14,False,2026-04-07 14:51:32.067188
6,34.9,73.12,False,2026-04-07 15:51:32.067188
6,36.65,73.09,False,2026-04-07 16:51:32.067188
6,40.58,73.05,False,2026-04-07 17:51:32.067188
6,45.43,73.02,False,2026-04-07 18:51:32.067188
6,49.65,72.99,False,2026-04-07 19:51:32.067188
6,51.16,72.98,False,2026-04-07 20:51:32.067188
6,52.51,72.93,False,2026-04-07 21:51:32.067188
6,53.37,72.92,False,2026-04-07 22:51:32.067188
6,54.95,72.87,False,2026-04-07 23:51:32.067188
6,55.11,72.86,False,2026-04-08 00:51:32.067188
6,55.12,72.83,False,2026-04-08 01:51:32.067188
6,55.54,72.79,False,2026-04-08 02:51:32.067188
6,55.85,72.74,False,2026-04-08 03:51:32.067188
6,55.92,72.7,False,2026-04-08 04:51:32.067188
6,56.09,72.68,False,2026-04-08 05:51:32.067188
6,57.03,72.65,False,2026-04-08 06:51:32.067188
6,58.12,72.61,False,2026-04-08 07:51:32.067188
6,62.49,72.57,False,2026-04-08 08:51:32.067188
6,66.0,72.55,False,2026-04-08 09:51:32.067188
6,68.9,72.51,False,2026-04-08 10:51:32.067188
6,69.99,72.47,False,2026-04-08 11:51:32.067188
6,73.67,72.42,False,2026-04-08 12:51:32.067188
6,77.06,72.4,False,2026-04-08 13:51:32.067188
6,80.71,72.37,False,2026-04-08 14:51:32.067188
6,5.2,72.33,False,2026-04-08 15:51:32.067188
6,6.73,72.3,False,2026-04-08 16:51:32.067188
6,9.31,72.26,False,2026-04-08 17:51:32.067188
6,14.04,72.24,False,2026-04-08 18:51:32.067188
6,18.76,72.21,False,2026-04-08 19:51:32.067188
6,19.48,72.17,False,2026-04-08 20:51:32.067188
6,20.47,72.15,False,2026-04-08 21:51:32.067188
6,22.26,72.12,False,2026-04-08 22:51:32.067188
6,23.12,72.09,False,2026-04-08 23:51:32.067188
6,23.24,72.07,False,2026-04-09 00:51:32.067188
6,23.52,72.05,False,2026-04-09 01:51:32.067188
6,23.92,72.03,False,2026-04-09 02:51:32.067188
6,24.17,72.02,False,2026-04-09 03:51:32.067188
6,24.58,72.0,False,2026-04-09 04:51:32.067188
6,24.66,71.95,False,2026-04-09 05:51:32.067188
6,25.35,71.92,False,2026-04-09 06:51:32.067188
6,27.31,71.9,False,2026-04-09 07:51:32.067188
6,31.89,71.87,False,2026-04-09 08:51:32.067188
6,36.58,71.84,False,2026-04-09 09:51:32.067188
6,40.19,71.8,False,2026-04-09 10:51:32.067188
6,40.73,71.79,False,2026-04-09 11:51:32.067188
6,45.47,71.75,False,2026-04-09 12:51:32.067188
6,48.64,71.72,False,2026-04-09 13:51:32.067188
6,50.94,71.7,False,2026-04-09 14:51:32.067188
6,52.69,71.66,False,2026-04-09 15:51:32.067188
6,53.59,71.62,False,2026-04-09 16:51:32.067188
6,56.66,71.57,False,2026-04-09 17:51:32.067188
6,58.69,71.52,False,2026-04-09 18:51:32.067188
6,62.92,71.48,False,2026-04-09 19:51:32.067188
6,63.72,71.46,False,2026-04-09 20:51:32.067188
6,64.95,71.45,False,2026-04-09 21:51:32.067188
6,66.36,71.42,False,2026-04-09 22:51:32.067188
6,67.78,71.4,False,2026-04-09 23:51:32.067188
6,68.1,71.36,False,2026-04-10 00:51:32.067188
6,68.46,71.32,False,2026-04-10 01:51:32.067188
6,68.89,71.29,False,2026-04-10 02:51:32.067188
6,69.3,71.25,False,2026-04-10 03:51:32.067188
6,69.67,71.2,False,2026-04-10 04:51:32.067188
6,70.16,71.17,False,2026-04-10 05:51:32.067188
6,71.38,71.12,False,2026-04-10 06:51:32.067188
6,72.55,71.08,False,2026-04-10 07:51:32.067188
6,77.29,71.05,False,2026-04-10 08:51:32.067188
6,80.39,71.02,False,2026-04-10 09:51:32.067188
6,6.53,70.99,False,2026-04-10 10:51:32.067188
6,7.3,70.95,False,2026-04-10 11:51:32.067188
6,11.78,70.93,False,2026-04-10 12:51:32.067188
6,16.08,70.9,False,2026-04-10 13:51:32.067188
6,20.38,70.87,False,2026-04-10 14:51:32.067188
6,22.28,70.86,False,2026-04-10 15:51:32.067188
6,24.07,70.84,False,2026-04-10 16:51:32.067188
6,27.09,70.81,False,2026-04-10 17:51:32.067188
6,29.52,70.77,False,2026-04-10 18:51:32.067188
6,34.18,70.75,False,2026-04-10 19:51:32.067188
6,36.11,70.71,False,2026-04-10 20:51:32.067188
6,36.62,70.7,False,2026-04-10 21:51:32.067188
6,38.1,70.67,False,2026-04-10 22:51:32.067188
6,38.7,70.66,False,2026-04-10 23:51:32.067188
6,38.72,70.62,False,2026-04-11 00:51:32.067188
6,38.94,70.6,False,2026-04-11 01:51:32.067188
6,39.02,70.56,False,2026-04-11 02:51:32.067188
6,39.2,70.54,False,2026-04-11 03:51:32.067188
6,39.6,70.5,False,2026-04-11 04:51:32.067188
6,39.76,70.46,False,2026-04-11 05:51:32.067188
6,41.49,70.42,False,2026-04-11 06:51:32.067188
6,43.02,70.4,False,2026-04-11 07:51:32.067188
6,47.95,70.35,False,2026-04-11 08:51:32.067188
6,50.36,70.34,False,2026-04-11 09:51:32.067188
6,52.49,70.31,False,2026-04-11 10:51:32.067188
6,53.85,70.29,False,2026-04-11 11:51:32.067188
6,57.47,70.27,False,2026-04-11 12:51:32.067188
6,60.52,70.24,False,2026-04-11 13:51:32.067188
6,63.08,70.2,False,2026-04-11 14:51:32.067188
6,64.43,70.17,False,2026-04-11 15:51:32.067188
6,65.85,70.12,False,2026-04-11 16:51:32.067188
6,70.38,70.08,False,2026-04-11 17:51:32.067188
6,72.68,70.04,False,2026-04-11 18:51:32.067188
6,76.92,70.03,False,2026-04-11 19:51:32.067188
6,78.44,69.99,False,2026-04-11 20:51:32.067188
6,79.66,69.98,False,2026-04-11 21:51:32.067188
6,80.2,69.95,False,2026-04-11 22:51:32.067188
6,5.26,69.9,False,2026-04-11 23:51:32.067188
6,5.6,69.88,False,2026-04-12 00:51:32.067188
6,5.81,69.84,False,2026-04-12 01:51:32.067188
6,5.91,69.81,False,2026-04-12 02:51:32.067188
6,5.96,69.77,False,2026-04-12 03:51:32.067188
6,5.98,69.73,False,2026-04-12 04:51:32.067188
6,6.41,69.69,False,2026-04-12 05:51:32.067188
6,7.12,69.68,False,2026-04-12 06:51:32.067188
6,8.55,69.64,False,2026-04-12 07:51:32.067188
6,12.07,69.63,False,2026-04-12 08:51:32.067188
6,16.46,69.61,False,2026-04-12 09:51:32.067188
6,19.89,69.59,False,2026-04-12 10:51:32.067188
6,20.83,69.57,False,2026-04-12 11:51:32.067188
6,25.59,69.52,False,2026-04-12 12:51:32.067188
6,29.68,69.48,False,2026-04-12 13:51:32.067188
6,34.13,69.46,False,2026-04-12 14:51:32.067188
6,34.74,69.42,False,2026-04-12 15:51:32.067188
6,36.6,69.38,False,2026-04-12 16:51:32.067188
6,40.41,69.35,False,2026-04-12 17:51:32.067188
6,43.92,69.32,False,2026-04-12 18:51:32.067188
6,46.74,69.28,False,2026-04-12 19:51:32.067188
6,47.81,69.26,False,2026-04-12 20:51:32.067188
6,49.63,69.24,False,2026-04-12 21:51:32.067188
6,50.4,69.21,False,2026-04-12 22:51:32.067188
6,52.12,69.18,False,2026-04-12 23:51:32.067188
6,52.28,69.16,False,2026-04-13 00:51:32.067188
6,52.6,69.12,False,2026-04-13 01:51:32.067188
6,52.74,69.09,False,2026-04-13 02:51:32.067188
6,53.15,69.06,False,2026-04-13 03:51:32.067188
6,53.5,69.03,False,2026-04-13 04:51:32.067188
6,53.51,69.02,False,2026-04-13 05:51:32.067188
6,55.41,68.99,False,2026-04-13 06:51:32.067188
6,56.58,68.96,False,2026-04-13 07:51:32.067188
6,60.81,68.92,False,2026-04-13 08:51:32.067188
6,63.22,68.87,False,2026-04-13 09:51:32.067188
6,65.28,68.84,False,2026-04-13 10:51:32.067188
6,66.95,68.8,False,2026-04-13 11:51:32.067188
6,69.57,68.78,False,2026-04-13 12:51:32.067188
6,72.81,68.76,False,2026-04-13 13:51:32.067188
6,77.68,68.73,False,2026-04-13 14:51:32.067188
6,78.86,68.7,False,2026-04-13 15:51:32.067188
6,80.16,68.65,False,2026-04-13 16:51:32.067188
6,6.49,68.6,False,2026-04-13 17:51:32.067188
6,11.4,68.58,False,2026-04-13 18:51:32.067188
6,13.84,68.54,False,2026-04-13 19:51:32.067188
6,15.33,68.51,False,2026-04-13 20:51:32.067188
6,16.43,68.5,False,2026-04-13 21:51:32.067188
6,18.36,68.46,False,2026-04-13 22:51:32.067188
6,19.29,68.42,False,2026-04-13 23:51:32.067188
6,19.5,68.38,False,2026-04-14 00:51:32.067188
6,19.71,68.35,False,2026-04-14 01:51:32.067188
6,19.89,68.33,False,2026-04-14 02:51:32.067188
6,20.25,68.32,False,2026-04-14 03:51:32.067188
6,20.58,68.3,False,2026-04-14 04:51:32.067188
6,20.6,68.26,False,2026-04-14 05:51:32.067188
6,21.37,68.24,False,2026-04-14 06:51:32.067188
6,22.44,68.2,False,2026-04-14 07:51:32.067188
6,26.49,68.16,False,2026-04-14 08:51:32.067188
6,28.87,68.12,False,2026-04-14 09:51:32.067188
6,31.53,68.07,False,2026-04-14 10:51:32.067188
6,32.54,68.04,False,2026-04-14 11:51:32.067188
6,37.47,68.01,False,2026-04-14 12:51:32.067188
6,40.48,67.99,False,2026-04-14 13:51:32.067188
6,44.2,67.94,False,2026-04-14 14:51:32.067188
6,45.9,67.9,False,2026-04-14 15:51:32.067188
6,47.47,67.85,False,2026-04-14 16:51:32.067188
6,51.87,67.83,False,2026-04-14 17:51:32.067188
6,56.34,67.78,False,2026-04-14 18:51:32.067188
6,59.79,67.73,False,2026-04-14 19:51:32.067188
6,60.66,67.71,False,2026-04-14 20:51:32.067188
6,62.23,67.67,False,2026-04-14 21:51:32.067188
6,64.16,67.62,False,2026-04-14 22:51:32.067188
6,64.82,67.58,False,2026-04-14 23:51:32.067188
6,65.29,67.53,False,2026-04-15 00:51:32.067188
6,65.35,67.52,False,2026-04-15 01:51:32.067188
6,65.59,67.47,False,2026-04-15 02:51:32.067188
6,65.79,67.44,False,2026-04-15 03:51:32.067188
6,66.03,67.39,False,2026-04-15 04:51:32.067188
6,66.33,67.38,False,2026-04-15 05:51:32.067188
6,68.31,67.34,False,2026-04-15 06:51:32.067188
6,69.55,67.32,False,2026-04-15 07:51:32.067188
6,72.08,67.31,False,2026-04-15 08:51:32.067188
6,75.46,67.29,False,2026-04-15 09:51:32.067188
6,77.98,67.27,False,2026-04-15 10:51:32.067188
6,79.83,67.25,False,2026-04-15 11:51:32.067188
6,83.17,67.21,False,2026-04-15 12:51:32.067188
6,9.05,67.18,False,2026-04-15 13:51:32.067188
6,14.04,67.13,False,2026-04-15 14:51:32.067188
6,15.67,67.12,False,2026-04-15 15:51:32.067188
6,17.18,67.09,False,2026-04-15 16:51:32.067188
6,21.5,67.06,False,2026-04-15 17:51:32.067188
6,23.74,67.02,False,2026-04-15 18:51:32.067188
6,27.46,66.98,False,2026-04-15 19:51:32.067188
6,28.71,66.95,False,2026-04-15 20:51:32.067188
6,29.63,66.91,False,2026-04-15 21:51:32.067188
6,30.4,66.9,False,2026-04-15 22:51:32.067188
6,31.9,66.87,False,2026-04-15 23:51:32.067188
6,31.94,66.84,False,2026-04-16 00:51:32.067188
6,32.43,66.83,False,2026-04-16 01:51:32.067188
6,32.45,66.78,False,2026-04-16 02:51:32.067188
6,32.49,66.76,False,2026-04-16 03:51:32.067188
6,32.54,66.71,False,2026-04-16 04:51:32.067188
6,32.67,66.67,False,2026-04-16 05:51:32.067188
6,34.24,66.65,False,2026-04-16 06:51:32.067188
6,36.14,66.61,False,2026-04-16 07:51:32.067188
6,38.55,66.6,False,2026-04-16 08:51:32.067188
6,43.55,66.57,False,2026-04-16 09:51:32.067188
6,48.48,66.55,False,2026-04-16 10:51:32.067188
6,50.16,66.51,False,2026-04-16 11:51:32.067188
6,52.99,66.49,False,2026-04-16 12:51:32.067188
6,56.7,66.44,False,2026-04-16 13:51:32.067188
6,61.04,66.42,False,2026-04-16 14:51:32.067188
6,61.6,66.41,False,2026-04-16 15:51:32.067188
6,63.22,66.36,False,2026-04-16 16:51:32.067188
6,67.98,66.34,False,2026-04-16 17:51:32.067188
6,70.7,66.3,False,2026-04-16 18:51:32.067188
6,74.87,66.25,False,2026-04-16 19:51:32.067188
6,76.46,66.21,False,2026-04-16 20:51:32.067188
6,78.17,66.19,False,2026-04-16 21:51:32.067188
6,79.77,66.15,False,2026-04-16 22:51:32.067188
6,81.63,66.12,False,2026-04-16 23:51:32.067188
6,5.38,66.09,False,2026-04-17 00:51:32.067188
6,5.87,66.04,False,2026-04-17 01:51:32.067188
6,6.23,66.02,False,2026-04-17 02:51:32.067188
6,6.49,66.0,False,2026-04-17 03:51:32.067188
6,6.62,65.98,False,2026-04-17 04:51:32.067188
6,6.64,65.95,False,2026-04-17 05:51:32.067188
6,8.34,65.94,False,2026-04-17 06:51:32.067188
6,9.09,65.9,False,2026-04-17 07:51:32.067188
6,13.02,65.85,False,2026-04-17 08:51:32.067188
6,15.47,65.84,False,2026-04-17 09:51:32.067188
6,18.72,65.82,False,2026-04-17 10:51:32.067188
6,20.6,65.8,False,2026-04-17 11:51:32.067188
6,24.88,65.79,False,2026-04-17 12:51:32.067188
6,29.6,65.75,False,2026-04-17 13:51:32.067188
6,33.08,65.74,False,2026-04-17 14:51:32.067188
6,34.17,65.72,False,2026-04-17 15:51:32.067188
6,35.55,65.67,False,2026-04-17 16:51:32.067188
6,37.79,65.63,False,2026-04-17 17:51:32.067188
6,41.69,65.59,False,2026-04-17 18:51:32.067188
6,43.78,65.55,False,2026-04-17 19:51:32.067188
6,44.86,65.51,False,2026-04-17 20:51:32.067188
6,46.44,65.47,False,2026-04-17 21:51:32.067188
6,48.16,65.43,False,2026-04-17 22:51:32.067188
6,49.73,65.42,False,2026-04-17 23:51:32.067188
6,50.0,65.38,False,2026-04-18 00:51:32.067188
6,50.3,65.33,False,2026-04-18 01:51:32.067188
6,50.69,65.32,False,2026-04-18 02:51:32.067188
6,51.17,65.29,False,2026-04-18 03:51:32.067188
6,51.22,65.26,False,2026-04-18 04:51:32.067188
6,51.63,65.23,False,2026-04-18 05:51:32.067188
6,53.02,65.2,False,2026-04-18 06:51:32.067188
6,53.56,65.17,False,2026-04-18 07:51:32.067188
6,57.53,65.16,False,2026-04-18 08:51:32.067188
6,61.12,65.14,False,2026-04-18 09:51:32.067188
6,65.97,65.12,False,2026-04-18 10:51:32.067188
6,67.19,65.09,False,2026-04-18 11:51:32.067188
6,71.82,65.05,False,2026-04-18 12:51:32.067188
6,76.49,65.01,False,2026-04-18 13:51:32.067188
6,79.11,64.96,False,2026-04-18 14:51:32.067188
6,80.75,64.93,False,2026-04-18 15:51:32.067188
6,8.23,64.92,False,2026-04-18 16:51:32.067188
6,10.4,64.87,False,2026-04-18 17:51:32.067188
6,14.06,64.84,False,2026-04-18 18:51:32.067188
6,16.88,64.82,False,2026-04-18 19:51:32.067188
6,17.42,64.78,False,2026-04-18 20:51:32.067188
6,19.02,64.75,False,2026-04-18 21:51:32.067188
6,20.48,64.71,False,2026-04-18 22:51:32.067188
6,22.17,64.68,False,2026-04-18 23:51:32.067188
6,22.41,64.65,False,2026-04-19 00:51:32.067188
6,22.74,64.63,False,2026-04-19 01:51:32.067188
6,23.01,64.62,False,2026-04-19 02:51:32.067188
6,23.21,64.59,False,2026-04-19 03:51:32.067188
6,23.31,64.56,False,2026-04-19 04:51:32.067188
6,23.72,64.52,False,2026-04-19 05:51:32.067188
6,24.24,64.48,False,2026-04-19 06:51:32.067188
6,25.56,64.46,False,2026-04-19 07:51:32.067188
6,29.07,64.42,False,2026-04-19 08:51:32.067188
6,31.58,64.37,False,2026-04-19 09:51:32.067188
6,34.91,64.33,False,2026-04-19 10:51:32.067188
6,36.44,64.29,False,2026-04-19 11:51:32.067188
6,40.23,64.25,False,2026-04-19 12:51:32.067188
6,42.62,64.24,False,2026-04-19 13:51:32.067188
6,45.41,64.23,False,2026-04-19 14:51:32.067188
6,46.33,64.18,False,2026-04-19 15:51:32.067188
6,48.23,64.13,False,2026-04-19 16:51:32.067188
6,51.36,64.11,False,2026-04-19 17:51:32.067188
6,54.32,64.06,False,2026-04-19 18:51:32.067188
6,56.56,64.04,False,2026-04-19 19:51:32.067188
6,58.11,64.01,False,2026-04-19 20:51:32.067188
6,59.86,63.98,False,2026-04-19 21:51:32.067188
6,61.05,63.94,False,2026-04-19 22:51:32.067188
6,62.77,63.92,False,2026-04-19 23:51:32.067188
6,62.87,63.88,False,2026-04-20 00:51:32.067188
6,62.88,63.86,False,2026-04-20 01:51:32.067188
6,63.05,63.83,False,2026-04-20 02:51:32.067188
6,63.48,63.81,False,2026-04-20 03:51:32.067188
6,63.75,63.78,False,2026-04-20 04:51:32.067188
6,64.17,63.74,False,2026-04-20 05:51:32.067188
6,65.46,63.71,False,2026-04-20 06:51:32.067188
6,67.15,63.69,False,2026-04-20 07:51:32.067188
6,71.61,63.66,False,2026-04-20 08:51:32.067188
6,74.16,63.62,False,2026-04-20 09:51:32.067188
6,77.33,63.57,False,2026-04-20 10:51:32.067188
6,78.26,63.55,False,2026-04-20 11:51:32.067188
6,82.99,63.51,False,2026-04-20 12:51:32.067188
6,6.75,63.49,False,2026-04-20 13:51:32.067188
6,11.47,63.46,False,2026-04-20 14:51:32.067188
6,12.97,63.42,False,2026-04-20 15:51:32.067188
6,14.75,63.41,False,2026-04-20 16:51:32.067188
6,19.19,63.37,False,2026-04-20 17:51:32.067188
6,23.69,63.33,False,2026-04-20 18:51:32.067188
6,26.33,63.3,False,2026-04-20 19:51:32.067188
6,27.14,63.27,False,2026-04-20 20:51:32.067188
6,29.09,63.25,False,2026-04-20 21:51:32.067188
6,30.91,63.23,False,2026-04-20 22:51:32.067188
6,32.17,63.2,False,2026-04-20 23:51:32.067188
6,32.45,63.16,False,2026-04-21 00:51:32.067188
6,32.5,63.13,False,2026-04-21 01:51:32.067188
6,32.94,63.09,False,2026-04-21 02:51:32.067188
6,33.42,63.04,False,2026-04-21 03:51:32.067188
6,33.43,63.0,False,2026-04-21 04:51:32.067188
6,33.58,62.96,False,2026-04-21 05:51:32.067188
6,35.0,62.94,False,2026-04-21 06:51:32.067188
6,36.97,62.9,False,2026-04-21 07:51:32.067188
6,39.0,62.85,False,2026-04-21 08:51:32.067188
6,42.92,62.84,False,2026-04-21 09:51:32.067188
6,45.26,62.8,False,2026-04-21 10:51:32.067188
6,46.52,62.79,False,2026-04-21 11:51:32.067188
6,48.63,62.77,False,2026-04-21 12:51:32.067188
6,51.78,62.75,False,2026-04-21 13:51:32.067188
6,56.31,62.74,False,2026-04-21 14:51:32.067188
6,58.2,62.72,False,2026-04-21 15:51:32.067188
6,58.99,62.71,False,2026-04-21 16:51:32.067188
6,61.58,62.68,False,2026-04-21 17:51:32.067188
6,66.48,62.67,False,2026-04-21 18:51:32.067188
6,68.87,62.63,False,2026-04-21 19:51:32.067188
6,70.45,62.61,False,2026-04-21 20:51:32.067188
6,71.11,62.57,False,2026-04-21 21:51:32.067188
6,72.48,62.53,False,2026-04-21 22:51:32.067188
6,73.64,62.5,False,2026-04-21 23:51:32.067188
6,74.0,62.46,False,2026-04-22 00:51:32.067188
6,74.29,62.41,False,2026-04-22 01:51:32.067188
6,74.51,62.38,False,2026-04-22 02:51:32.067188
6,74.73,62.36,False,2026-04-22 03:51:32.067188
6,74.93,62.31,False,2026-04-22 04:51:32.067188
6,75.31,62.27,False,2026-04-22 05:51:32.067188
6,76.66,62.22,False,2026-04-22 06:51:32.067188
6,77.75,62.2,False,2026-04-22 07:51:32.067188
6,81.79,62.18,False,2026-04-22 08:51:32.067188
6,11.07,62.14,False,2026-04-22 09:51:32.067188
6,14.91,62.11,False,2026-04-22 10:51:32.067188
6,15.49,62.06,False,2026-04-22 11:51:32.067188
6,18.52,62.03,False,2026-04-22 12:51:32.067188
6,21.64,62.02,False,2026-04-22 13:51:32.067188
6,25.29,61.97,False,2026-04-22 14:51:32.067188
6,27.12,61.93,False,2026-04-22 15:51:32.067188
6,28.31,61.92,False,2026-04-22 16:51:32.067188
6,32.98,61.87,False,2026-04-22 17:51:32.067188
6,35.05,61.86,False,2026-04-22 18:51:32.067188
6,39.92,61.81,False,2026-04-22 19:51:32.067188
6,41.8,61.76,False,2026-04-22 20:51:32.067188
6,43.44,61.75,False,2026-04-22 21:51:32.067188
6,44.1,61.72,False,2026-04-22 22:51:32.067188
6,45.05,61.7,False,2026-04-22 23:51:32.067188
6,45.22,61.67,False,2026-04-23 00:51:32.067188
6,45.48,61.65,False,2026-04-23 01:51:32.067188
6,45.52,61.62,False,2026-04-23 02:51:32.067188
6,45.52,61.59,False,2026-04-23 03:51:32.067188
6,45.62,61.56,False,2026-04-23 04:51:32.067188
6,45.69,61.51,False,2026-04-23 05:51:32.067188
6,47.03,61.48,False,2026-04-23 06:51:32.067188
6,48.59,61.46,False,2026-04-23 07:51:32.067188
6,53.0,61.42,False,2026-04-23 08:51:32.067188
6,57.52,61.37,False,2026-04-23 09:51:32.067188
6,60.12,61.34,False,2026-04-23 10:51:32.067188
6,60.84,61.32,False,2026-04-23 11:51:32.067188
6,63.55,61.3,False,2026-04-23 12:51:32.067188
6,66.44,61.29,False,2026-04-23 13:51:32.067188
6,68.63,61.26,False,2026-04-23 14:51:32.067188
6,69.22,61.24,False,2026-04-23 15:51:32.067188
6,70.99,61.21,False,2026-04-23 16:51:32.067188
6,75.15,61.16,False,2026-04-23 17:51:32.067188
6,79.51,61.12,False,2026-04-23 18:51:32.067188
6,81.95,61.11,False,2026-04-23 19:51:32.067188
6,5.37,61.09,False,2026-04-23 20:51:32.067188
6,7.17,61.05,False,2026-04-23 21:51:32.067188
6,8.69,61.01,False,2026-04-23 22:51:32.067188
6,10.34,60.98,False,2026-04-23 23:51:32.067188
6,10.37,60.95,False,2026-04-24 00:51:32.067188
6,10.8,60.9,False,2026-04-24 01:51:32.067188
6,11.02,60.88,False,2026-04-24 02:51:32.067188
6,11.28,60.85,False,2026-04-24 03:51:32.067188
6,11.34,60.82,False,2026-04-24 04:51:32.067188
6,11.36,60.78,False,2026-04-24 05:51:32.067188
6,12.13,60.76,False,2026-04-24 06:51:32.067188
6,12.83,60.72,False,2026-04-24 07:51:32.067188
6,16.49,60.67,False,2026-04-24 08:51:32.067188
6,19.59,60.65,False,2026-04-24 09:51:32.067188
6,21.96,60.64,False,2026-04-24 10:51:32.067188
6,23.13,60.6,False,2026-04-24 11:51:32.067188
6,26.76,60.58,False,2026-04-24 12:51:32.067188
6,28.89,60.56,False,2026-04-24 13:51:32.067188
6,33.42,60.51,False,2026-04-24 14:51:32.067188
6,34.43,60.49,False,2026-04-24 15:51:32.067188
6,36.15,60.45,False,2026-04-24 16:51:32.067188
6,40.17,60.41,False,2026-04-24 17:51:32.067188
6,42.61,60.36,False,2026-04-24 18:51:32.067188
6,45.92,60.34,False,2026-04-24 19:51:32.067188
6,47.47,60.31,False,2026-04-24 20:51:32.067188
6,48.15,60.29,False,2026-04-24 21:51:32.067188
6,49.81,60.26,False,2026-04-24 22:51:32.067188
6,51.69,60.24,False,2026-04-24 23:51:32.067188
6,51.8,60.21,False,2026-04-25 00:51:32.067188
6,51.89,60.19,False,2026-04-25 01:51:32.067188
6,52.03,60.15,False,2026-04-25 02:51:32.067188
6,52.22,60.1,False,2026-04-25 03:51:32.067188
6,52.65,60.08,False,2026-04-25 04:51:32.067188
6,52.74,60.05,False,2026-04-25 05:51:32.067188
6,53.62,60.03,False,2026-04-25 06:51:32.067188
6,54.53,60.0,False,2026-04-25 07:51:32.067188
6,57.48,59.96,False,2026-04-25 08:51:32.067188
6,62.41,59.94,False,2026-04-25 09:51:32.067188
6,66.61,59.93,False,2026-04-25 10:51:32.067188
6,68.12,59.9,False,2026-04-25 11:51:32.067188
6,70.55,59.85,False,2026-04-25 12:51:32.067188
6,73.06,59.81,False,2026-04-25 13:51:32.067188
6,75.85,59.78,False,2026-04-25 14:51:32.067188
6,77.85,59.75,False,2026-04-25 15:51:32.067188
6,79.23,59.71,False,2026-04-25 16:51:32.067188
6,82.49,59.68,False,2026-04-25 17:51:32.067188
6,8.13,59.65,False,2026-04-25 18:51:32.067188
6,12.49,59.61,False,2026-04-25 19:51:32.067188
6,14.27,59.59,False,2026-04-25 20:51:32.067188
6,14.96,59.55,False,2026-04-25 21:51:32.067188
6,16.53,59.52,False,2026-04-25 22:51:32.067188
6,17.17,59.5,False,2026-04-25 23:51:32.067188
6,17.41,59.47,False,2026-04-26 00:51:32.067188
6,17.68,59.45,False,2026-04-26 01:51:32.067188
6,17.69,59.4,False,2026-04-26 02:51:32.067188
6,17.77,59.39,False,2026-04-26 03:51:32.067188
6,18.18,59.37,False,2026-04-26 04:51:32.067188
6,18.26,59.35,False,2026-04-26 05:51:32.067188
6,19.45,59.32,False,2026-04-26 06:51:32.067188
6,20.48,59.29,False,2026-04-26 07:51:32.067188
6,24.89,59.28,False,2026-04-26 08:51:32.067188
6,27.54,59.25,False,2026-04-26 09:51:32.067188
6,30.98,59.23,False,2026-04-26 10:51:32.067188
6,32.26,59.2,False,2026-04-26 11:51:32.067188
6,36.08,59.18,False,2026-04-26 12:51:32.067188
6,39.41,59.16,False,2026-04-26 13:51:32.067188
6,41.84,59.12,False,2026-04-26 14:51:32.067188
6,42.73,59.1,False,2026-04-26 15:51:32.067188
6,44.38,59.08,False,2026-04-26 16:51:32.067188
6,46.59,59.06,False,2026-04-26 17:51:32.067188
6,50.33,59.04,False,2026-04-26 18:51:32.067188
6,52.59,59.03,False,2026-04-26 19:51:32.067188
6,54.2,59.0,False,2026-04-26 20:51:32.067188
6,55.4,58.98,False,2026-04-26 21:51:32.067188
6,56.7,58.94,False,2026-04-26 22:51:32.067188
6,58.17,58.91,False,2026-04-26 23:51:32.067188
6,58.4,58.89,False,2026-04-27 00:51:32.067188
6,58.7,58.86,False,2026-04-27 01:51:32.067188
6,59.15,58.83,False,2026-04-27 02:51:32.067188
6,59.37,58.81,False,2026-04-27 03:51:32.067188
6,59.81,58.77,False,2026-04-27 04:51:32.067188
6,60.04,58.73,False,2026-04-27 05:51:32.067188
6,61.63,58.69,False,2026-04-27 06:51:32.067188
6,62.15,58.68,False,2026-04-27 07:51:32.067188
6,64.55,58.65,False,2026-04-27 08:51:32.067188
6,67.76,58.61,False,2026-04-27 09:51:32.067188
6,70.5,58.57,False,2026-04-27 10:51:32.067188
6,71.84,58.52,False,2026-04-27 11:51:32.067188
6,76.83,58.48,False,2026-04-27 12:51:32.067188
6,79.24,58.45,False,2026-04-27 13:51:32.067188
6,82.4,58.43,False,2026-04-27 14:51:32.067188
6,4.23,58.39,False,2026-04-27 15:51:32.067188
6,5.12,58.36,False,2026-04-27 16:51:32.067188
6,9.98,58.31,False,2026-04-27 17:51:32.067188
6,12.14,58.29,False,2026-04-27 18:51:32.067188
6,15.28,58.28,False,2026-04-27 19:51:32.067188
6,16.21,58.25,False,2026-04-27 20:51:32.067188
6,16.74,58.2,False,2026-04-27 21:51:32.067188
6,18.06,58.16,False,2026-04-27 22:51:32.067188
6,18.74,58.14,False,2026-04-27 23:51:32.067188
6,19.02,58.12,False,2026-04-28 00:51:32.067188
6,19.14,58.07,False,2026-04-28 01:51:32.067188
6,19.28,58.05,False,2026-04-28 02:51:32.067188
6,19.69,58.03,False,2026-04-28 03:51:32.067188
6,19.72,58.0,False,2026-04-28 04:51:32.067188
6,19.95,57.97,False,2026-04-28 05:51:32.067188
6,20.82,57.93,False,2026-04-28 06:51:32.067188
6,21.58,57.89,False,2026-04-28 07:51:32.067188
6,25.86,57.86,False,2026-04-28 08:51:32.067188
6,29.59,57.83,False,2026-04-28 09:51:32.067188
6,33.21,57.81,False,2026-04-28 10:51:32.067188
6,34.91,57.77,False,2026-04-28 11:51:32.067188
6,39.66,57.72,False,2026-04-28 12:51:32.067188
6,41.69,57.71,False,2026-04-28 13:51:32.067188
6,44.56,57.66,False,2026-04-28 14:51:32.067188
6,45.28,57.64,False,2026-04-28 15:51:32.067188
6,46.75,57.62,False,2026-04-28 16:51:32.067188
6,50.2,57.61,False,2026-04-28 17:51:32.067188
6,54.62,57.59,False,2026-04-28 18:51:32.067188
6,59.6,57.56,False,2026-04-28 19:51:32.067188
6,60.89,57.52,False,2026-04-28 20:51:32.067188
6,61.98,57.47,False,2026-04-28 21:51:32.067188
6,62.73,57.44,False,2026-04-28 22:51:32.067188
6,63.27,57.43,False,2026-04-28 23:51:32.067188
6,63.52,57.41,False,2026-04-29 00:51:32.067188
6,63.63,57.39,False,2026-04-29 01:51:32.067188
6,63.87,57.36,False,2026-04-29 02:51:32.067188
6,64.32,57.31,False,2026-04-29 03:51:32.067188
6,64.68,57.3,False,2026-04-29 04:51:32.067188
6,64.68,57.27,False,2026-04-29 05:51:32.067188
6,66.55,57.22,False,2026-04-29 06:51:32.067188
6,67.12,57.19,False,2026-04-29 07:51:32.067188
6,70.84,57.15,False,2026-04-29 08:51:32.067188
6,72.85,57.1,False,2026-04-29 09:51:32.067188
6,75.11,57.09,False,2026-04-29 10:51:32.067188
6,76.03,57.08,False,2026-04-29 11:51:32.067188
6,79.99,57.04,False,2026-04-29 12:51:32.067188
6,84.05,57.0,False,2026-04-29 13:51:32.067188
6,8.01,56.96,False,2026-04-29 14:51:32.067188
6,9.87,56.91,False,2026-04-29 15:51:32.067188
6,11.8,56.9,False,2026-04-29 16:51:32.067188
6,16.77,56.85,False,2026-04-29 17:51:32.067188
6,19.98,56.8,False,2026-04-29 18:51:32.067188
6,23.21,56.77,False,2026-04-29 19:51:32.067188
6,23.89,56.76,False,2026-04-29 20:51:32.067188
6,25.66,56.73,False,2026-04-29 21:51:32.067188
6,27.16,56.69,False,2026-04-29 22:51:32.067188
6,28.06,56.68,False,2026-04-29 23:51:32.067188
6,28.1,56.63,False,2026-04-30 00:51:32.067188
6,28.4,56.62,False,2026-04-30 01:51:32.067188
6,28.51,56.58,False,2026-04-30 02:51:32.067188
6,28.97,56.56,False,2026-04-30 03:51:32.067188
6,29.19,56.52,False,2026-04-30 04:51:32.067188
6,29.51,56.49,False,2026-04-30 05:51:32.067188
6,30.21,56.47,False,2026-04-30 06:51:32.067188
6,31.73,56.45,False,2026-04-30 07:51:32.067188
6,35.62,56.43,False,2026-04-30 08:51:32.067188
6,39.48,56.4,False,2026-04-30 09:51:32.067188
6,41.64,56.37,False,2026-04-30 10:51:32.067188
6,42.46,56.34,False,2026-04-30 11:51:32.067188
6,47.16,56.32,False,2026-04-30 12:51:32.067188
6,50.02,56.28,False,2026-04-30 13:51:32.067188
6,54.09,56.24,False,2026-04-30 14:51:32.067188
6,55.17,56.2,False,2026-04-30 15:51:32.067188
6,55.95,56.18,False,2026-04-30 16:51:32.067188
6,59.24,56.15,False,2026-04-30 17:51:32.067188
6,63.4,56.13,False,2026-04-30 18:51:32.067188
6,66.4,56.11,False,2026-04-30 19:51:32.067188
6,67.02,56.07,False,2026-04-30 20:51:32.067188
6,67.64,56.04,False,2026-04-30 21:51:32.067188
6,69.24,56.02,False,2026-04-30 22:51:32.067188
6,70.9,56.0,False,2026-04-30 23:51:32.067188
6,70.93,55.97,False,2026-05-01 00:51:32.067188
6,71.31,55.94,False,2026-05-01 01:51:32.067188
6,71.36,55.9,False,2026-05-01 02:51:32.067188
6,71.62,55.86,False,2026-05-01 03:51:32.067188
6,71.75,55.83,False,2026-05-01 04:51:32.067188
6,71.8,55.81,False,2026-05-01 05:51:32.067188
6,72.99,55.77,False,2026-05-01 06:51:32.067188
6,74.8,55.76,False,2026-05-01 07:51:32.067188
6,79.54,55.75,False,2026-05-01 08:51:32.067188
6,82.82,55.72,False,2026-05-01 09:51:32.067188
6,9.49,55.67,False,2026-05-01 10:51:32.067188
6,11.04,55.64,False,2026-05-01 11:51:32.067188
6,14.86,55.61,False,2026-05-01 12:51:32.067188
6,18.52,55.57,False,2026-05-01 13:51:32.067188
6,22.37,55.54,False,2026-05-01 14:51:32.067188
6,24.23,55.5,False,2026-05-01 15:51:32.067188
6,26.08,55.47,False,2026-05-01 16:51:32.067188
6,29.8,55.45,False,2026-05-01 17:51:32.067188
6,34.5,55.42,False,2026-05-01 18:51:32.067188
6,37.15,55.38,False,2026-05-01 19:51:32.067188
6,37.72,55.34,False,2026-05-01 20:51:32.067188
6,38.59,55.29,False,2026-05-01 21:51:32.067188
6,40.09,55.26,False,2026-05-01 22:51:32.067188
6,41.57,55.24,False,2026-05-01 23:51:32.067188
6,41.78,55.21,False,2026-05-02 00:51:32.067188
6,41.89,55.16,False,2026-05-02 01:51:32.067188
6,42.32,55.14,False,2026-05-02 02:51:32.067188
6,42.6,55.13,False,2026-05-02 03:51:32.067188
6,42.65,55.11,False,2026-05-02 04:51:32.067188
6,43.04,55.07,False,2026-05-02 05:51:32.067188
6,43.92,55.05,False,2026-05-02 06:51:32.067188
6,45.62,55.01,False,2026-05-02 07:51:32.067188
6,50.06,55.0,False,2026-05-02 08:51:32.067188
6,52.1,54.96,False,2026-05-02 09:51:32.067188
6,57.01,54.94,False,2026-05-02 10:51:32.067188
6,57.57,54.89,False,2026-05-02 11:51:32.067188
6,60.52,54.88,False,2026-05-02 12:51:32.067188
6,63.47,54.84,False,2026-05-02 13:51:32.067188
6,68.23,54.8,False,2026-05-02 14:51:32.067188
6,69.85,54.78,False,2026-05-02 15:51:32.067188
6,71.82,54.74,False,2026-05-02 16:51:32.067188
6,74.24,54.69,False,2026-05-02 17:51:32.067188
6,76.94,54.68,False,2026-05-02 18:51:32.067188
6,79.96,54.63,False,2026-05-02 19:51:32.067188
6,80.52,54.61,False,2026-05-02 20:51:32.067188
6,5.59,54.6,False,2026-05-02 21:51:32.067188
6,7.33,54.56,False,2026-05-02 22:51:32.067188
6,8.63,54.54,False,2026-05-02 23:51:32.067188
6,9.07,54.51,False,2026-05-03 00:51:32.067188
6,9.53,54.48,False,2026-05-03 01:51:32.067188
6,9.81,54.45,False,2026-05-03 02:51:32.067188
6,10.03,54.4,False,2026-05-03 03:51:32.067188
6,10.1,54.35,False,2026-05-03 04:51:32.067188
6,10.39,54.31,False,2026-05-03 05:51:32.067188
6,11.4,54.3,False,2026-05-03 06:51:32.067188
6,13.29,54.27,False,2026-05-03 07:51:32.067188
6,16.25,54.24,False,2026-05-03 08:51:32.067188
6,21.01,54.19,False,2026-05-03 09:51:32.067188
6,24.75,54.18,False,2026-05-03 10:51:32.067188
6,26.25,54.13,False,2026-05-03 11:51:32.067188
6,29.59,54.12,False,2026-05-03 12:51:32.067188
6,32.39,54.09,False,2026-05-03 13:51:32.067188
6,34.56,54.06,False,2026-05-03 14:51:32.067188
6,35.72,54.04,False,2026-05-03 15:51:32.067188
6,36.84,54.02,False,2026-05-03 16:51:32.067188
6,39.03,54.01,False,2026-05-03 17:51:32.067188
6,41.11,53.97,False,2026-05-03 18:51:32.067188
6,44.87,53.94,False,2026-05-03 19:51:32.067188
6,45.67,53.89,False,2026-05-03 20:51:32.067188
6,46.91,53.87,False,2026-05-03 21:51:32.067188
6,47.59,53.85,False,2026-05-03 22:51:32.067188
6,48.21,53.81,False,2026-05-03 23:51:32.067188
6,48.49,53.78,False,2026-05-04 00:51:32.067188
6,48.54,53.74,False,2026-05-04 01:51:32.067188
6,48.95,53.72,False,2026-05-04 02:51:32.067188
6,49.33,53.7,False,2026-05-04 03:51:32.067188
6,49.35,53.67,False,2026-05-04 04:51:32.067188
6,49.4,53.64,False,2026-05-04 05:51:32.067188
6,50.33,53.62,False,2026-05-04 06:51:32.067188
6,51.4,53.58,False,2026-05-04 07:51:32.067188
6,54.85,53.56,False,2026-05-04 08:51:32.067188
6,58.03,53.53,False,2026-05-04 09:51:32.067188
6,61.35,53.5,False,2026-05-04 10:51:32.067188
6,62.89,53.48,False,2026-05-04 11:51:32.067188
6,65.84,53.46,False,2026-05-04 12:51:32.067188
6,69.07,53.44,False,2026-05-04 13:51:32.067188
6,73.38,53.42,False,2026-05-04 14:51:32.067188
6,74.77,53.41,False,2026-05-04 15:51:32.067188
6,75.78,53.38,False,2026-05-04 16:51:32.067188
6,80.7,53.35,False,2026-05-04 17:51:32.067188
6,10.86,53.33,False,2026-05-04 18:51:32.067188
6,13.69,53.32,False,2026-05-04 19:51:32.067188
6,15.61,53.29,False,2026-05-04 20:51:32.067188
6,16.29,53.26,False,2026-05-04 21:51:32.067188
6,16.89,53.25,False,2026-05-04 22:51:32.067188
6,18.23,53.22,False,2026-05-04 23:51:32.067188
6,18.53,53.19,False,2026-05-05 00:51:32.067188
6,18.75,53.18,False,2026-05-05 01:51:32.067188
6,18.76,53.14,False,2026-05-05 02:51:32.067188
6,19.22,53.12,False,2026-05-05 03:51:32.067188
6,19.7,53.07,False,2026-05-05 04:51:32.067188
6,19.89,53.06,False,2026-05-05 05:51:32.067188
6,21.23,53.03,False,2026-05-05 06:51:32.067188
6,21.84,53.0,False,2026-05-05 07:51:32.067188
6,24.18,52.96,False,2026-05-05 08:51:32.067188
6,27.38,52.93,False,2026-05-05 09:51:32.067188
6,30.68,52.9,False,2026-05-05 10:51:32.067188
6,31.69,52.86,False,2026-05-05 11:51:32.067188
6,36.65,52.85,False,2026-05-05 12:51:32.067188
6,40.69,52.8,False,2026-05-05 13:51:32.067188
6,43.84,52.79,False,2026-05-05 14:51:32.067188
6,44.61,52.77,False,2026-05-05 15:51:32.067188
6,46.41,52.72,False,2026-05-05 16:51:32.067188
6,48.73,52.68,False,2026-05-05 17:51:32.067188
6,51.96,52.66,False,2026-05-05 18:51:32.067188
6,55.24,52.62,False,2026-05-05 19:51:32.067188
6,56.52,52.59,False,2026-05-05 20:51:32.067188
6,58.27,52.57,False,2026-05-05 21:51:32.067188
6,59.89,52.54,False,2026-05-05 22:51:32.067188
6,61.19,52.51,False,2026-05-05 23:51:32.067188
6,61.56,52.48,False,2026-05-06 00:51:32.067188
6,61.75,52.45,False,2026-05-06 01:51:32.067188
6,61.83,52.4,False,2026-05-06 02:51:32.067188
6,62.19,52.38,False,2026-05-06 03:51:32.067188
6,62.45,52.35,False,2026-05-06 04:51:32.067188
6,62.61,52.31,False,2026-05-06 05:51:32.067188
6,63.22,52.3,False,2026-05-06 06:51:32.067188
6,64.21,52.26,False,2026-05-06 07:51:32.067188
6,68.74,52.25,False,2026-05-06 08:51:32.067188
6,73.35,52.23,False,2026-05-06 09:51:32.067188
6,75.68,52.21,False,2026-05-06 10:51:32.067188
6,76.34,52.18,False,2026-05-06 11:51:32.067188
6,79.49,52.14,False,2026-05-06 12:51:32.067188
6,81.9,52.1,False,2026-05-06 13:51:32.067188
6,12.32,52.08,False,2026-05-06 14:51:32.067188
6,13.07,52.04,False,2026-05-06 15:51:32.067188
6,14.83,52.02,False,2026-05-06 16:51:32.067188
6,16.89,51.98,False,2026-05-06 17:51:32.067188
6,21.58,51.94,False,2026-05-06 18:51:32.067188
6,23.82,51.89,False,2026-05-06 19:51:32.067188
6,24.95,51.87,False,2026-05-06 20:51:32.067188
6,26.06,51.84,False,2026-05-06 21:51:32.067188
6,26.93,51.83,False,2026-05-06 22:51:32.067188
6,28.35,51.79,False,2026-05-06 23:51:32.067188
6,28.73,51.76,False,2026-05-07 00:51:32.067188
6,28.78,51.73,False,2026-05-07 01:51:32.067188
6,28.87,51.68,False,2026-05-07 02:51:32.067188
6,28.98,51.64,False,2026-05-07 03:51:32.067188
6,29.11,51.6,False,2026-05-07 04:51:32.067188
6,29.58,51.56,False,2026-05-07 05:51:32.067188
6,30.89,51.52,False,2026-05-07 06:51:32.067188
6,32.74,51.5,False,2026-05-07 07:51:32.067188
6,37.5,51.47,False,2026-05-07 08:51:32.067188
6,42.12,51.44,False,2026-05-07 09:51:32.067188
6,44.12,51.43,False,2026-05-07 10:51:32.067188
6,44.9,51.41,False,2026-05-07 11:51:32.067188
6,49.71,51.38,False,2026-05-07 12:51:32.067188
6,53.78,51.34,False,2026-05-07 13:51:32.067188
6,55.84,51.31,False,2026-05-07 14:51:32.067188
6,57.35,51.29,False,2026-05-07 15:51:32.067188
6,58.62,51.27,False,2026-05-07 16:51:32.067188
6,60.87,51.23,False,2026-05-07 17:51:32.067188
6,65.43,51.21,False,2026-05-07 18:51:32.067188
6,69.85,51.18,False,2026-05-07 19:51:32.067188
6,70.45,51.14,False,2026-05-07 20:51:32.067188
7,11.99,98.26,False,2026-03-08 21:51:32.092874
7,13.83,98.23,False,2026-03-08 22:51:32.092874
7,15.67,98.22,False,2026-03-08 23:51:32.092874
7,16.08,98.19,False,2026-03-09 00:51:32.092874
7,16.56,98.16,False,2026-03-09 01:51:32.092874
7,16.86,98.12,False,2026-03-09 02:51:32.092874
7,17.16,98.1,False,2026-03-09 03:51:32.092874
7,17.29,98.09,False,2026-03-09 04:51:32.092874
7,17.52,98.05,False,2026-03-09 05:51:32.092874
7,18.15,98.03,False,2026-03-09 06:51:32.092874
7,19.09,97.99,False,2026-03-09 07:51:32.092874
7,23.98,97.95,False,2026-03-09 08:51:32.092874
7,27.76,97.92,False,2026-03-09 09:51:32.092874
7,32.47,97.9,False,2026-03-09 10:51:32.092874
7,34.36,97.88,False,2026-03-09 11:51:32.092874
7,38.1,97.85,False,2026-03-09 12:51:32.092874
7,41.84,97.84,False,2026-03-09 13:51:32.092874
7,45.19,97.81,False,2026-03-09 14:51:32.092874
7,46.91,97.79,False,2026-03-09 15:51:32.092874
7,48.03,97.75,False,2026-03-09 16:51:32.092874
7,52.33,97.7,False,2026-03-09 17:51:32.092874
7,56.85,97.67,False,2026-03-09 18:51:32.092874
7,59.56,97.65,False,2026-03-09 19:51:32.092874
7,60.59,97.63,False,2026-03-09 20:51:32.092874
7,61.59,97.6,False,2026-03-09 21:51:32.092874
7,62.8,97.57,False,2026-03-09 22:51:32.092874
7,64.53,97.55,False,2026-03-09 23:51:32.092874
7,64.53,97.51,False,2026-03-10 00:51:32.092874
7,64.68,97.48,False,2026-03-10 01:51:32.092874
7,64.76,97.43,False,2026-03-10 02:51:32.092874
7,64.78,97.4,False,2026-03-10 03:51:32.092874
7,64.89,97.35,False,2026-03-10 04:51:32.092874
7,65.36,97.3,False,2026-03-10 05:51:32.092874
7,65.94,97.26,False,2026-03-10 06:51:32.092874
7,67.82,97.22,False,2026-03-10 07:51:32.092874
7,69.85,97.19,False,2026-03-10 08:51:32.092874
7,72.49,97.16,False,2026-03-10 09:51:32.092874
7,75.27,97.12,False,2026-03-10 10:51:32.092874
7,76.43,97.1,False,2026-03-10 11:51:32.092874
7,80.85,97.05,False,2026-03-10 12:51:32.092874
7,6.66,97.01,False,2026-03-10 13:51:32.092874
7,11.05,96.98,False,2026-03-10 14:51:32.092874
7,12.25,96.95,False,2026-03-10 15:51:32.092874
7,14.08,96.93,False,2026-03-10 16:51:32.092874
7,16.76,96.91,False,2026-03-10 17:51:32.092874
7,21.39,96.86,False,2026-03-10 18:51:32.092874
7,24.86,96.83,False,2026-03-10 19:51:32.092874
7,26.38,96.81,False,2026-03-10 20:51:32.092874
7,27.02,96.78,False,2026-03-10 21:51:32.092874
7,27.72,96.74,False,2026-03-10 22:51:32.092874
7,28.95,96.7,False,2026-03-10 23:51:32.092874
7,29.26,96.68,False,2026-03-11 00:51:32.092874
7,29.55,96.64,False,2026-03-11 01:51:32.092874
7,29.95,96.59,False,2026-03-11 02:51:32.092874
7,30.25,96.57,False,2026-03-11 03:51:32.092874
7,30.48,96.55,False,2026-03-11 04:51:32.092874
7,30.65,96.52,False,2026-03-11 05:51:32.092874
7,31.88,96.49,False,2026-03-11 06:51:32.092874
7,33.29,96.46,False,2026-03-11 07:51:32.092874
7,38.17,96.43,False,2026-03-11 08:51:32.092874
7,40.62,96.4,False,2026-03-11 09:51:32.092874
7,42.68,96.36,False,2026-03-11 10:51:32.092874
7,43.83,96.34,False,2026-03-11 11:51:32.092874
7,47.52,96.31,False,2026-03-11 12:51:32.092874
7,51.95,96.3,False,2026-03-11 13:51:32.092874
7,54.32,96.26,False,2026-03-11 14:51:32.092874
7,55.26,96.22,False,2026-03-11 15:51:32.092874
7,56.85,96.2,False,2026-03-11 16:51:32.092874
7,60.11,96.16,False,2026-03-11 17:51:32.092874
7,62.13,96.12,False,2026-03-11 18:51:32.092874
7,65.78,96.1,False,2026-03-11 19:51:32.092874
7,66.7,96.08,False,2026-03-11 20:51:32.092874
7,67.56,96.03,False,2026-03-11 21:51:32.092874
7,69.42,96.01,False,2026-03-11 22:51:32.092874
7,70.04,95.96,False,2026-03-11 23:51:32.092874
7,70.24,95.94,False,2026-03-12 00:51:32.092874
7,70.4,95.9,False,2026-03-12 01:51:32.092874
7,70.73,95.87,False,2026-03-12 02:51:32.092874
7,71.08,95.83,False,2026-03-12 03:51:32.092874
7,71.45,95.78,False,2026-03-12 04:51:32.092874
7,71.86,95.74,False,2026-03-12 05:51:32.092874
7,73.68,95.72,False,2026-03-12 06:51:32.092874
7,74.85,95.7,False,2026-03-12 07:51:32.092874
7,79.26,95.67,False,2026-03-12 08:51:32.092874
7,81.77,95.66,False,2026-03-12 09:51:32.092874
7,8.4,95.64,False,2026-03-12 10:51:32.092874
7,9.06,95.6,False,2026-03-12 11:51:32.092874
7,11.79,95.55,False,2026-03-12 12:51:32.092874
7,15.49,95.5,False,2026-03-12 13:51:32.092874
7,20.39,95.46,False,2026-03-12 14:51:32.092874
7,21.35,95.45,False,2026-03-12 15:51:32.092874
7,23.14,95.41,False,2026-03-12 16:51:32.092874
7,27.7,95.39,False,2026-03-12 17:51:32.092874
7,32.01,95.35,False,2026-03-12 18:51:32.092874
7,35.49,95.32,False,2026-03-12 19:51:32.092874
7,36.42,95.27,False,2026-03-12 20:51:32.092874
7,37.32,95.26,False,2026-03-12 21:51:32.092874
7,38.89,95.23,False,2026-03-12 22:51:32.092874
7,40.82,95.22,False,2026-03-12 23:51:32.092874
7,41.02,95.2,False,2026-03-13 00:51:32.092874
7,41.38,95.16,False,2026-03-13 01:51:32.092874
7,41.43,95.11,False,2026-03-13 02:51:32.092874
7,41.81,95.1,False,2026-03-13 03:51:32.092874
7,42.08,95.07,False,2026-03-13 04:51:32.092874
7,42.49,95.04,False,2026-03-13 05:51:32.092874
7,43.08,95.01,False,2026-03-13 06:51:32.092874
7,44.68,94.98,False,2026-03-13 07:51:32.092874
7,47.36,94.94,False,2026-03-13 08:51:32.092874
7,51.94,94.91,False,2026-03-13 09:51:32.092874
7,56.39,94.89,False,2026-03-13 10:51:32.092874
7,58.25,94.84,False,2026-03-13 11:51:32.092874
7,62.86,94.82,False,2026-03-13 12:51:32.092874
7,65.22,94.8,False,2026-03-13 13:51:32.092874
7,68.45,94.78,False,2026-03-13 14:51:32.092874
7,70.36,94.75,False,2026-03-13 15:51:32.092874
7,71.26,94.71,False,2026-03-13 16:51:32.092874
7,75.9,94.67,False,2026-03-13 17:51:32.092874
7,79.36,94.65,False,2026-03-13 18:51:32.092874
7,81.39,94.61,False,2026-03-13 19:51:32.092874
7,5.64,94.58,False,2026-03-13 20:51:32.092874
7,7.5,94.55,False,2026-03-13 21:51:32.092874
7,8.04,94.52,False,2026-03-13 22:51:32.092874
7,8.75,94.51,False,2026-03-13 23:51:32.092874
7,8.9,94.48,False,2026-03-14 00:51:32.092874
7,8.98,94.46,False,2026-03-14 01:51:32.092874
7,9.08,94.41,False,2026-03-14 02:51:32.092874
7,9.26,94.36,False,2026-03-14 03:51:32.092874
7,9.51,94.34,False,2026-03-14 04:51:32.092874
7,9.65,94.3,False,2026-03-14 05:51:32.092874
7,11.26,94.28,False,2026-03-14 06:51:32.092874
7,12.18,94.24,False,2026-03-14 07:51:32.092874
7,14.58,94.21,False,2026-03-14 08:51:32.092874
7,18.95,94.2,False,2026-03-14 09:51:32.092874
7,22.19,94.18,False,2026-03-14 10:51:32.092874
7,23.31,94.15,False,2026-03-14 11:51:32.092874
7,28.12,94.13,False,2026-03-14 12:51:32.092874
7,32.34,94.1,False,2026-03-14 13:51:32.092874
7,36.84,94.08,False,2026-03-14 14:51:32.092874
7,38.69,94.03,False,2026-03-14 15:51:32.092874
7,40.01,94.02,False,2026-03-14 16:51:32.092874
7,44.06,93.99,False,2026-03-14 17:51:32.092874
7,49.06,93.96,False,2026-03-14 18:51:32.092874
7,53.07,93.93,False,2026-03-14 19:51:32.092874
7,54.21,93.9,False,2026-03-14 20:51:32.092874
7,55.46,93.85,False,2026-03-14 21:51:32.092874
7,56.58,93.84,False,2026-03-14 22:51:32.092874
7,58.33,93.81,False,2026-03-14 23:51:32.092874
7,58.83,93.77,False,2026-03-15 00:51:32.092874
7,59.14,93.75,False,2026-03-15 01:51:32.092874
7,59.34,93.73,False,2026-03-15 02:51:32.092874
7,59.75,93.68,False,2026-03-15 03:51:32.092874
7,59.9,93.66,False,2026-03-15 04:51:32.092874
7,60.0,93.64,False,2026-03-15 05:51:32.092874
7,61.25,93.61,False,2026-03-15 06:51:32.092874
7,62.54,93.59,False,2026-03-15 07:51:32.092874
7,66.66,93.56,False,2026-03-15 08:51:32.092874
7,69.67,93.51,False,2026-03-15 09:51:32.092874
7,73.03,93.49,False,2026-03-15 10:51:32.092874
7,74.15,93.46,False,2026-03-15 11:51:32.092874
7,78.29,93.43,False,2026-03-15 12:51:32.092874
7,80.64,93.39,False,2026-03-15 13:51:32.092874
7,7.9,93.37,False,2026-03-15 14:51:32.092874
7,9.6,93.33,False,2026-03-15 15:51:32.092874
7,10.76,93.32,False,2026-03-15 16:51:32.092874
7,14.74,93.3,False,2026-03-15 17:51:32.092874
7,18.31,93.26,False,2026-03-15 18:51:32.092874
7,22.65,93.23,False,2026-03-15 19:51:32.092874
7,23.98,93.2,False,2026-03-15 20:51:32.092874
7,25.82,93.15,False,2026-03-15 21:51:32.092874
7,26.96,93.1,False,2026-03-15 22:51:32.092874
7,27.47,93.09,False,2026-03-15 23:51:32.092874
7,27.69,93.08,False,2026-03-16 00:51:32.092874
7,27.9,93.05,False,2026-03-16 01:51:32.092874
7,27.95,93.03,False,2026-03-16 02:51:32.092874
7,28.38,93.0,False,2026-03-16 03:51:32.092874
7,28.39,92.98,False,2026-03-16 04:51:32.092874
7,28.7,92.95,False,2026-03-16 05:51:32.092874
7,30.42,92.93,False,2026-03-16 06:51:32.092874
7,32.14,92.89,False,2026-03-16 07:51:32.092874
7,37.06,92.85,False,2026-03-16 08:51:32.092874
7,39.5,92.81,False,2026-03-16 09:51:32.092874
7,41.9,92.77,False,2026-03-16 10:51:32.092874
7,42.56,92.76,False,2026-03-16 11:51:32.092874
7,44.9,92.74,False,2026-03-16 12:51:32.092874
7,49.56,92.72,False,2026-03-16 13:51:32.092874
7,52.45,92.7,False,2026-03-16 14:51:32.092874
7,54.29,92.68,False,2026-03-16 15:51:32.092874
7,55.03,92.67,False,2026-03-16 16:51:32.092874
7,58.7,92.66,False,2026-03-16 17:51:32.092874
7,61.53,92.63,False,2026-03-16 18:51:32.092874
7,65.12,92.61,False,2026-03-16 19:51:32.092874
7,65.95,92.57,False,2026-03-16 20:51:32.092874
7,66.78,92.56,False,2026-03-16 21:51:32.092874
7,67.66,92.51,False,2026-03-16 22:51:32.092874
7,68.41,92.5,False,2026-03-16 23:51:32.092874
7,68.55,92.46,False,2026-03-17 00:51:32.092874
7,68.76,92.42,False,2026-03-17 01:51:32.092874
7,69.0,92.38,False,2026-03-17 02:51:32.092874
7,69.13,92.34,False,2026-03-17 03:51:32.092874
7,69.16,92.3,False,2026-03-17 04:51:32.092874
7,69.39,92.26,False,2026-03-17 05:51:32.092874
7,70.09,92.24,False,2026-03-17 06:51:32.092874
7,70.91,92.19,False,2026-03-17 07:51:32.092874
7,73.2,92.17,False,2026-03-17 08:51:32.092874
7,75.9,92.16,False,2026-03-17 09:51:32.092874
7,80.42,92.14,False,2026-03-17 10:51:32.092874
7,8.58,92.09,False,2026-03-17 11:51:32.092874
7,11.23,92.06,False,2026-03-17 12:51:32.092874
7,15.17,92.05,False,2026-03-17 13:51:32.092874
7,17.22,92.02,False,2026-03-17 14:51:32.092874
7,18.38,91.98,False,2026-03-17 15:51:32.092874
7,20.0,91.94,False,2026-03-17 16:51:32.092874
7,23.28,91.92,False,2026-03-17 17:51:32.092874
7,28.01,91.88,False,2026-03-17 18:51:32.092874
7,32.02,91.85,False,2026-03-17 19:51:32.092874
7,33.18,91.8,False,2026-03-17 20:51:32.092874
7,34.74,91.78,False,2026-03-17 21:51:32.092874
7,35.3,91.74,False,2026-03-17 22:51:32.092874
7,36.58,91.71,False,2026-03-17 23:51:32.092874
7,36.72,91.67,False,2026-03-18 00:51:32.092874
7,36.9,91.63,False,2026-03-18 01:51:32.092874
7,37.35,91.62,False,2026-03-18 02:51:32.092874
7,37.44,91.6,False,2026-03-18 03:51:32.092874
7,37.69,91.57,False,2026-03-18 04:51:32.092874
7,37.86,91.53,False,2026-03-18 05:51:32.092874
7,38.41,91.52,False,2026-03-18 06:51:32.092874
7,39.61,91.5,False,2026-03-18 07:51:32.092874
7,42.98,91.47,False,2026-03-18 08:51:32.092874
7,47.8,91.45,False,2026-03-18 09:51:32.092874
7,51.93,91.43,False,2026-03-18 10:51:32.092874
7,53.26,91.41,False,2026-03-18 11:51:32.092874
7,58.19,91.38,False,2026-03-18 12:51:32.092874
7,62.49,91.35,False,2026-03-18 13:51:32.092874
7,66.48,91.3,False,2026-03-18 14:51:32.092874
7,68.06,91.29,False,2026-03-18 15:51:32.092874
7,70.04,91.28,False,2026-03-18 16:51:32.092874
7,73.4,91.24,False,2026-03-18 17:51:32.092874
7,76.56,91.2,False,2026-03-18 18:51:32.092874
7,79.34,91.16,False,2026-03-18 19:51:32.092874
7,80.68,91.13,False,2026-03-18 20:51:32.092874
7,7.54,91.09,False,2026-03-18 21:51:32.092874
7,8.19,91.04,False,2026-03-18 22:51:32.092874
7,9.73,91.01,False,2026-03-18 23:51:32.092874
7,9.77,91.0,False,2026-03-19 00:51:32.092874
7,9.85,90.97,False,2026-03-19 01:51:32.092874
7,10.0,90.92,False,2026-03-19 02:51:32.092874
7,10.24,90.89,False,2026-03-19 03:51:32.092874
7,10.66,90.87,False,2026-03-19 04:51:32.092874
7,10.95,90.83,False,2026-03-19 05:51:32.092874
7,11.9,90.78,False,2026-03-19 06:51:32.092874
7,13.77,90.76,False,2026-03-19 07:51:32.092874
7,17.65,90.74,False,2026-03-19 08:51:32.092874
7,19.85,90.69,False,2026-03-19 09:51:32.092874
7,22.73,90.65,False,2026-03-19 10:51:32.092874
7,23.73,90.63,False,2026-03-19 11:51:32.092874
7,27.94,90.61,False,2026-03-19 12:51:32.092874
7,31.88,90.57,False,2026-03-19 13:51:32.092874
7,35.31,90.52,False,2026-03-19 14:51:32.092874
7,35.92,90.47,False,2026-03-19 15:51:32.092874
7,37.56,90.46,False,2026-03-19 16:51:32.092874
7,41.9,90.42,False,2026-03-19 17:51:32.092874
7,43.97,90.4,False,2026-03-19 18:51:32.092874
7,46.73,90.36,False,2026-03-19 19:51:32.092874
7,48.52,90.32,False,2026-03-19 20:51:32.092874
7,50.51,90.3,False,2026-03-19 21:51:32.092874
7,52.2,90.26,False,2026-03-19 22:51:32.092874
7,53.25,90.23,False,2026-03-19 23:51:32.092874
7,53.32,90.21,False,2026-03-20 00:51:32.092874
7,53.35,90.18,False,2026-03-20 01:51:32.092874
7,53.79,90.15,False,2026-03-20 02:51:32.092874
7,54.23,90.13,False,2026-03-20 03:51:32.092874
7,54.25,90.09,False,2026-03-20 04:51:32.092874
7,54.4,90.07,False,2026-03-20 05:51:32.092874
7,56.02,90.02,False,2026-03-20 06:51:32.092874
7,56.71,90.0,False,2026-03-20 07:51:32.092874
7,59.89,89.95,False,2026-03-20 08:51:32.092874
7,64.43,89.94,False,2026-03-20 09:51:32.092874
7,66.86,89.89,False,2026-03-20 10:51:32.092874
7,68.08,89.84,False,2026-03-20 11:51:32.092874
7,72.97,89.82,False,2026-03-20 12:51:32.092874
7,75.54,89.77,False,2026-03-20 13:51:32.092874
7,77.72,89.76,False,2026-03-20 14:51:32.092874
7,78.33,89.73,False,2026-03-20 15:51:32.092874
7,79.33,89.72,False,2026-03-20 16:51:32.092874
7,82.35,89.71,False,2026-03-20 17:51:32.092874
7,7.0,89.68,False,2026-03-20 18:51:32.092874
7,10.15,89.65,False,2026-03-20 19:51:32.092874
7,11.47,89.64,False,2026-03-20 20:51:32.092874
7,12.58,89.62,False,2026-03-20 21:51:32.092874
7,14.51,89.58,False,2026-03-20 22:51:32.092874
7,16.49,89.53,False,2026-03-20 23:51:32.092874
7,16.98,89.51,False,2026-03-21 00:51:32.092874
7,17.32,89.48,False,2026-03-21 01:51:32.092874
7,17.65,89.45,False,2026-03-21 02:51:32.092874
7,17.88,89.42,False,2026-03-21 03:51:32.092874
7,17.91,89.38,False,2026-03-21 04:51:32.092874
7,18.41,89.34,False,2026-03-21 05:51:32.092874
7,19.1,89.32,False,2026-03-21 06:51:32.092874
7,20.34,89.29,False,2026-03-21 07:51:32.092874
7,22.97,89.24,False,2026-03-21 08:51:32.092874
7,27.83,89.22,False,2026-03-21 09:51:32.092874
7,32.43,89.21,False,2026-03-21 10:51:32.092874
7,33.81,89.17,False,2026-03-21 11:51:32.092874
7,38.35,89.15,False,2026-03-21 12:51:32.092874
7,42.99,89.12,False,2026-03-21 13:51:32.092874
7,46.28,89.09,False,2026-03-21 14:51:32.092874
7,48.07,89.07,False,2026-03-21 15:51:32.092874
7,49.47,89.03,False,2026-03-21 16:51:32.092874
7,52.61,89.01,False,2026-03-21 17:51:32.092874
7,56.88,88.98,False,2026-03-21 18:51:32.092874
7,59.14,88.97,False,2026-03-21 19:51:32.092874
7,60.2,88.93,False,2026-03-21 20:51:32.092874
7,60.96,88.9,False,2026-03-21 21:51:32.092874
7,62.25,88.87,False,2026-03-21 22:51:32.092874
7,63.69,88.85,False,2026-03-21 23:51:32.092874
7,64.13,88.81,False,2026-03-22 00:51:32.092874
7,64.38,88.8,False,2026-03-22 01:51:32.092874
7,64.72,88.75,False,2026-03-22 02:51:32.092874
7,65.1,88.71,False,2026-03-22 03:51:32.092874
7,65.5,88.68,False,2026-03-22 04:51:32.092874
7,65.62,88.64,False,2026-03-22 05:51:32.092874
7,67.53,88.59,False,2026-03-22 06:51:32.092874
7,68.1,88.56,False,2026-03-22 07:51:32.092874
7,70.43,88.54,False,2026-03-22 08:51:32.092874
7,74.66,88.52,False,2026-03-22 09:51:32.092874
7,78.49,88.49,False,2026-03-22 10:51:32.092874
7,80.06,88.44,False,2026-03-22 11:51:32.092874
7,10.25,88.4,False,2026-03-22 12:51:32.092874
7,13.85,88.35,False,2026-03-22 13:51:32.092874
7,18.65,88.31,False,2026-03-22 14:51:32.092874
7,19.7,88.29,False,2026-03-22 15:51:32.092874
7,20.6,88.27,False,2026-03-22 16:51:32.092874
7,22.72,88.25,False,2026-03-22 17:51:32.092874
7,26.29,88.21,False,2026-03-22 18:51:32.092874
7,29.26,88.19,False,2026-03-22 19:51:32.092874
7,31.03,88.18,False,2026-03-22 20:51:32.092874
7,31.73,88.16,False,2026-03-22 21:51:32.092874
7,32.87,88.15,False,2026-03-22 22:51:32.092874
7,34.67,88.13,False,2026-03-22 23:51:32.092874
7,35.1,88.11,False,2026-03-23 00:51:32.092874
7,35.33,88.09,False,2026-03-23 01:51:32.092874
7,35.45,88.06,False,2026-03-23 02:51:32.092874
7,35.71,88.03,False,2026-03-23 03:51:32.092874
7,35.87,87.99,False,2026-03-23 04:51:32.092874
7,35.96,87.95,False,2026-03-23 05:51:32.092874
7,36.69,87.91,False,2026-03-23 06:51:32.092874
7,37.49,87.9,False,2026-03-23 07:51:32.092874
7,40.79,87.88,False,2026-03-23 08:51:32.092874
7,44.76,87.86,False,2026-03-23 09:51:32.092874
7,47.16,87.85,False,2026-03-23 10:51:32.092874
7,47.74,87.82,False,2026-03-23 11:51:32.092874
7,50.67,87.81,False,2026-03-23 12:51:32.092874
7,53.98,87.77,False,2026-03-23 13:51:32.092874
7,56.82,87.75,False,2026-03-23 14:51:32.092874
7,57.65,87.74,False,2026-03-23 15:51:32.092874
7,58.58,87.69,False,2026-03-23 16:51:32.092874
7,60.88,87.65,False,2026-03-23 17:51:32.092874
7,64.75,87.62,False,2026-03-23 18:51:32.092874
7,67.76,87.6,False,2026-03-23 19:51:32.092874
7,68.39,87.58,False,2026-03-23 20:51:32.092874
7,69.2,87.55,False,2026-03-23 21:51:32.092874
7,70.13,87.5,False,2026-03-23 22:51:32.092874
7,70.81,87.48,False,2026-03-23 23:51:32.092874
7,71.09,87.46,False,2026-03-24 00:51:32.092874
7,71.42,87.45,False,2026-03-24 01:51:32.092874
7,71.69,87.4,False,2026-03-24 02:51:32.092874
7,72.04,87.37,False,2026-03-24 03:51:32.092874
7,72.25,87.35,False,2026-03-24 04:51:32.092874
7,72.59,87.33,False,2026-03-24 05:51:32.092874
7,73.43,87.29,False,2026-03-24 06:51:32.092874
7,74.0,87.26,False,2026-03-24 07:51:32.092874
7,76.57,87.25,False,2026-03-24 08:51:32.092874
7,79.02,87.2,False,2026-03-24 09:51:32.092874
7,81.35,87.15,False,2026-03-24 10:51:32.092874
7,7.96,87.11,False,2026-03-24 11:51:32.092874
7,12.39,87.08,False,2026-03-24 12:51:32.092874
7,14.57,87.04,False,2026-03-24 13:51:32.092874
7,19.44,87.0,False,2026-03-24 14:51:32.092874
7,21.0,86.96,False,2026-03-24 15:51:32.092874
7,22.31,86.92,False,2026-03-24 16:51:32.092874
7,25.48,86.87,False,2026-03-24 17:51:32.092874
7,27.65,86.86,False,2026-03-24 18:51:32.092874
7,31.35,86.83,False,2026-03-24 19:51:32.092874
7,31.97,86.82,False,2026-03-24 20:51:32.092874
7,33.83,86.78,False,2026-03-24 21:51:32.092874
7,34.61,86.74,False,2026-03-24 22:51:32.092874
7,35.88,86.71,False,2026-03-24 23:51:32.092874
7,36.17,86.69,False,2026-03-25 00:51:32.092874
7,36.23,86.66,False,2026-03-25 01:51:32.092874
7,36.66,86.61,False,2026-03-25 02:51:32.092874
7,37.05,86.58,False,2026-03-25 03:51:32.092874
7,37.06,86.55,False,2026-03-25 04:51:32.092874
7,37.53,86.52,False,2026-03-25 05:51:32.092874
7,38.06,86.49,False,2026-03-25 06:51:32.092874
7,39.71,86.45,False,2026-03-25 07:51:32.092874
7,43.6,86.4,False,2026-03-25 08:51:32.092874
7,48.15,86.37,False,2026-03-25 09:51:32.092874
7,51.42,86.33,False,2026-03-25 10:51:32.092874
7,52.51,86.32,False,2026-03-25 11:51:32.092874
7,57.14,86.29,False,2026-03-25 12:51:32.092874
7,59.35,86.26,False,2026-03-25 13:51:32.092874
7,61.67,86.21,False,2026-03-25 14:51:32.092874
7,63.16,86.18,False,2026-03-25 15:51:32.092874
7,63.81,86.17,False,2026-03-25 16:51:32.092874
7,67.89,86.14,False,2026-03-25 17:51:32.092874
7,72.84,86.11,False,2026-03-25 18:51:32.092874
7,75.57,86.07,False,2026-03-25 19:51:32.092874
7,77.03,86.03,False,2026-03-25 20:51:32.092874
7,78.91,86.02,False,2026-03-25 21:51:32.092874
7,79.79,86.0,False,2026-03-25 22:51:32.092874
7,81.2,85.98,False,2026-03-25 23:51:32.092874
7,6.07,85.94,False,2026-03-26 00:51:32.092874
7,6.16,85.92,False,2026-03-26 01:51:32.092874
7,6.56,85.88,False,2026-03-26 02:51:32.092874
7,6.96,85.85,False,2026-03-26 03:51:32.092874
7,7.38,85.82,False,2026-03-26 04:51:32.092874
7,7.46,85.81,False,2026-03-26 05:51:32.092874
7,9.25,85.77,False,2026-03-26 06:51:32.092874
7,10.62,85.75,False,2026-03-26 07:51:32.092874
7,15.61,85.72,False,2026-03-26 08:51:32.092874
7,17.9,85.67,False,2026-03-26 09:51:32.092874
7,20.05,85.63,False,2026-03-26 10:51:32.092874
7,21.59,85.59,False,2026-03-26 11:51:32.092874
7,23.98,85.55,False,2026-03-26 12:51:32.092874
7,28.69,85.54,False,2026-03-26 13:51:32.092874
7,30.74,85.5,False,2026-03-26 14:51:32.092874
7,31.32,85.47,False,2026-03-26 15:51:32.092874
7,33.2,85.45,False,2026-03-26 16:51:32.092874
7,35.53,85.43,False,2026-03-26 17:51:32.092874
7,40.48,85.4,False,2026-03-26 18:51:32.092874
7,44.63,85.38,False,2026-03-26 19:51:32.092874
7,45.28,85.36,False,2026-03-26 20:51:32.092874
7,46.33,85.35,False,2026-03-26 21:51:32.092874
7,47.75,85.31,False,2026-03-26 22:51:32.092874
7,48.56,85.3,False,2026-03-26 23:51:32.092874
7,48.82,85.28,False,2026-03-27 00:51:32.092874
7,48.98,85.25,False,2026-03-27 01:51:32.092874
7,49.33,85.22,False,2026-03-27 02:51:32.092874
7,49.5,85.18,False,2026-03-27 03:51:32.092874
7,49.93,85.14,False,2026-03-27 04:51:32.092874
7,50.41,85.11,False,2026-03-27 05:51:32.092874
7,50.99,85.06,False,2026-03-27 06:51:32.092874
7,52.34,85.03,False,2026-03-27 07:51:32.092874
7,54.93,85.0,False,2026-03-27 08:51:32.092874
7,58.37,84.98,False,2026-03-27 09:51:32.092874
7,61.59,84.94,False,2026-03-27 10:51:32.092874
7,62.7,84.93,False,2026-03-27 11:51:32.092874
7,65.5,84.9,False,2026-03-27 12:51:32.092874
7,69.01,84.86,False,2026-03-27 13:51:32.092874
7,72.29,84.82,False,2026-03-27 14:51:32.092874
7,73.85,84.81,False,2026-03-27 15:51:32.092874
7,75.57,84.78,False,2026-03-27 16:51:32.092874
7,80.56,84.74,False,2026-03-27 17:51:32.092874
7,8.71,84.7,False,2026-03-27 18:51:32.092874
7,12.9,84.65,False,2026-03-27 19:51:32.092874
7,14.3,84.63,False,2026-03-27 20:51:32.092874
7,15.03,84.6,False,2026-03-27 21:51:32.092874
7,16.7,84.59,False,2026-03-27 22:51:32.092874
7,18.16,84.55,False,2026-03-27 23:51:32.092874
7,18.3,84.52,False,2026-03-28 00:51:32.092874
7,18.32,84.48,False,2026-03-28 01:51:32.092874
7,18.72,84.45,False,2026-03-28 02:51:32.092874
7,19.19,84.4,False,2026-03-28 03:51:32.092874
7,19.59,84.36,False,2026-03-28 04:51:32.092874
7,20.09,84.33,False,2026-03-28 05:51:32.092874
7,21.45,84.3,False,2026-03-28 06:51:32.092874
7,21.95,84.26,False,2026-03-28 07:51:32.092874
7,25.52,84.23,False,2026-03-28 08:51:32.092874
7,28.47,84.2,False,2026-03-28 09:51:32.092874
7,33.41,84.16,False,2026-03-28 10:51:32.092874
7,34.42,84.13,False,2026-03-28 11:51:32.092874
7,37.1,84.08,False,2026-03-28 12:51:32.092874
7,41.25,84.03,False,2026-03-28 13:51:32.092874
7,43.52,83.99,False,2026-03-28 14:51:32.092874
7,45.32,83.98,False,2026-03-28 15:51:32.092874
7,46.86,83.94,False,2026-03-28 16:51:32.092874
7,50.89,83.93,False,2026-03-28 17:51:32.092874
7,54.73,83.9,False,2026-03-28 18:51:32.092874
7,57.58,83.88,False,2026-03-28 19:51:32.092874
7,58.58,83.85,False,2026-03-28 20:51:32.092874
7,59.2,83.82,False,2026-03-28 21:51:32.092874
7,59.72,83.78,False,2026-03-28 22:51:32.092874
7,60.49,83.77,False,2026-03-28 23:51:32.092874
7,60.82,83.74,False,2026-03-29 00:51:32.092874
7,60.98,83.72,False,2026-03-29 01:51:32.092874
7,61.15,83.7,False,2026-03-29 02:51:32.092874
7,61.37,83.68,False,2026-03-29 03:51:32.092874
7,61.37,83.66,False,2026-03-29 04:51:32.092874
7,61.41,83.64,False,2026-03-29 05:51:32.092874
7,63.22,83.59,False,2026-03-29 06:51:32.092874
7,65.1,83.57,False,2026-03-29 07:51:32.092874
7,68.3,83.53,False,2026-03-29 08:51:32.092874
7,72.59,83.51,False,2026-03-29 09:51:32.092874
7,74.99,83.47,False,2026-03-29 10:51:32.092874
7,76.01,83.43,False,2026-03-29 11:51:32.092874
7,79.9,83.4,False,2026-03-29 12:51:32.092874
7,83.43,83.39,False,2026-03-29 13:51:32.092874
7,12.71,83.37,False,2026-03-29 14:51:32.092874
7,13.72,83.35,False,2026-03-29 15:51:32.092874
7,15.48,83.33,False,2026-03-29 16:51:32.092874
7,19.32,83.32,False,2026-03-29 17:51:32.092874
7,23.01,83.29,False,2026-03-29 18:51:32.092874
7,26.64,83.26,False,2026-03-29 19:51:32.092874
7,27.44,83.24,False,2026-03-29 20:51:32.092874
7,29.41,83.21,False,2026-03-29 21:51:32.092874
7,30.18,83.17,False,2026-03-29 22:51:32.092874
7,31.79,83.14,False,2026-03-29 23:51:32.092874
7,32.24,83.1,False,2026-03-30 00:51:32.092874
7,32.62,83.09,False,2026-03-30 01:51:32.092874
7,32.76,83.06,False,2026-03-30 02:51:32.092874
7,32.86,83.04,False,2026-03-30 03:51:32.092874
7,32.9,83.03,False,2026-03-30 04:51:32.092874
7,33.31,82.99,False,2026-03-30 05:51:32.092874
7,34.84,82.96,False,2026-03-30 06:51:32.092874
7,36.78,82.93,False,2026-03-30 07:51:32.092874
7,38.88,82.9,False,2026-03-30 08:51:32.092874
7,42.54,82.87,False,2026-03-30 09:51:32.092874
7,46.88,82.84,False,2026-03-30 10:51:32.092874
7,48.0,82.82,False,2026-03-30 11:51:32.092874
7,50.91,82.8,False,2026-03-30 12:51:32.092874
7,55.69,82.76,False,2026-03-30 13:51:32.092874
7,58.41,82.73,False,2026-03-30 14:51:32.092874
7,60.31,82.68,False,2026-03-30 15:51:32.092874
7,61.94,82.66,False,2026-03-30 16:51:32.092874
7,64.69,82.62,False,2026-03-30 17:51:32.092874
7,68.19,82.58,False,2026-03-30 18:51:32.092874
7,71.88,82.54,False,2026-03-30 19:51:32.092874
7,73.38,82.51,False,2026-03-30 20:51:32.092874
7,73.93,82.48,False,2026-03-30 21:51:32.092874
7,75.42,82.46,False,2026-03-30 22:51:32.092874
7,76.24,82.42,False,2026-03-30 23:51:32.092874
7,76.6,82.38,False,2026-03-31 00:51:32.092874
7,76.91,82.36,False,2026-03-31 01:51:32.092874
7,77.13,82.31,False,2026-03-31 02:51:32.092874
7,77.6,82.3,False,2026-03-31 03:51:32.092874
7,77.65,82.27,False,2026-03-31 04:51:32.092874
7,77.83,82.24,False,2026-03-31 05:51:32.092874
7,79.62,82.2,False,2026-03-31 06:51:32.092874
7,80.15,82.19,False,2026-03-31 07:51:32.092874
7,8.42,82.17,False,2026-03-31 08:51:32.092874
7,12.53,82.12,False,2026-03-31 09:51:32.092874
7,16.85,82.1,False,2026-03-31 10:51:32.092874
7,18.01,82.07,False,2026-03-31 11:51:32.092874
7,22.01,82.06,False,2026-03-31 12:51:32.092874
7,25.78,82.03,False,2026-03-31 13:51:32.092874
7,29.06,81.98,False,2026-03-31 14:51:32.092874
7,29.9,81.94,False,2026-03-31 15:51:32.092874
7,31.1,81.92,False,2026-03-31 16:51:32.092874
7,33.14,81.9,False,2026-03-31 17:51:32.092874
7,37.42,81.88,False,2026-03-31 18:51:32.092874
7,39.95,81.84,False,2026-03-31 19:51:32.092874
7,41.08,81.83,False,2026-03-31 20:51:32.092874
7,42.88,81.8,False,2026-03-31 21:51:32.092874
7,44.73,81.76,False,2026-03-31 22:51:32.092874
7,45.44,81.71,False,2026-03-31 23:51:32.092874
7,45.92,81.67,False,2026-04-01 00:51:32.092874
7,46.06,81.63,False,2026-04-01 01:51:32.092874
7,46.27,81.61,False,2026-04-01 02:51:32.092874
7,46.61,81.59,False,2026-04-01 03:51:32.092874
7,46.67,81.58,False,2026-04-01 04:51:32.092874
7,47.15,81.56,False,2026-04-01 05:51:32.092874
7,48.56,81.51,False,2026-04-01 06:51:32.092874
7,50.01,81.47,False,2026-04-01 07:51:32.092874
7,54.74,81.44,False,2026-04-01 08:51:32.092874
7,56.96,81.4,False,2026-04-01 09:51:32.092874
7,60.06,81.38,False,2026-04-01 10:51:32.092874
7,61.23,81.37,False,2026-04-01 11:51:32.092874
7,64.63,81.33,False,2026-04-01 12:51:32.092874
7,69.24,81.31,False,2026-04-01 13:51:32.092874
7,72.23,81.27,False,2026-04-01 14:51:32.092874
7,73.9,81.23,False,2026-04-01 15:51:32.092874
7,74.45,81.22,False,2026-04-01 16:51:32.092874
7,78.91,81.18,False,2026-04-01 17:51:32.092874
7,81.86,81.14,False,2026-04-01 18:51:32.092874
7,10.22,81.12,False,2026-04-01 19:51:32.092874
7,11.5,81.08,False,2026-04-01 20:51:32.092874
7,12.52,81.06,False,2026-04-01 21:51:32.092874
7,13.03,81.02,False,2026-04-01 22:51:32.092874
7,13.79,80.99,False,2026-04-01 23:51:32.092874
7,14.1,80.96,False,2026-04-02 00:51:32.092874
7,14.14,80.95,False,2026-04-02 01:51:32.092874
7,14.52,80.92,False,2026-04-02 02:51:32.092874
7,14.97,80.88,False,2026-04-02 03:51:32.092874
7,15.17,80.85,False,2026-04-02 04:51:32.092874
7,15.54,80.83,False,2026-04-02 05:51:32.092874
7,17.01,80.79,False,2026-04-02 06:51:32.092874
7,18.86,80.74,False,2026-04-02 07:51:32.092874
7,20.89,80.71,False,2026-04-02 08:51:32.092874
7,24.89,80.69,False,2026-04-02 09:51:32.092874
7,29.14,80.68,False,2026-04-02 10:51:32.092874
7,31.06,80.67,False,2026-04-02 11:51:32.092874
7,33.44,80.62,False,2026-04-02 12:51:32.092874
7,37.9,80.58,False,2026-04-02 13:51:32.092874
7,41.68,80.55,False,2026-04-02 14:51:32.092874
7,42.36,80.54,False,2026-04-02 15:51:32.092874
7,42.95,80.51,False,2026-04-02 16:51:32.092874
7,46.23,80.46,False,2026-04-02 17:51:32.092874
7,48.53,80.43,False,2026-04-02 18:51:32.092874
7,52.65,80.39,False,2026-04-02 19:51:32.092874
7,53.83,80.35,False,2026-04-02 20:51:32.092874
7,54.93,80.31,False,2026-04-02 21:51:32.092874
7,56.83,80.26,False,2026-04-02 22:51:32.092874
7,57.5,80.22,False,2026-04-02 23:51:32.092874
7,57.57,80.19,False,2026-04-03 00:51:32.092874
7,57.72,80.16,False,2026-04-03 01:51:32.092874
7,58.13,80.12,False,2026-04-03 02:51:32.092874
7,58.31,80.09,False,2026-04-03 03:51:32.092874
7,58.58,80.05,False,2026-04-03 04:51:32.092874
7,58.81,80.01,False,2026-04-03 05:51:32.092874
7,60.24,79.99,False,2026-04-03 06:51:32.092874
7,61.87,79.94,False,2026-04-03 07:51:32.092874
7,65.2,79.9,False,2026-04-03 08:51:32.092874
7,68.2,79.87,False,2026-04-03 09:51:32.092874
7,71.85,79.83,False,2026-04-03 10:51:32.092874
7,72.71,79.81,False,2026-04-03 11:51:32.092874
7,77.03,79.79,False,2026-04-03 12:51:32.092874
7,80.15,79.77,False,2026-04-03 13:51:32.092874
7,12.57,79.74,False,2026-04-03 14:51:32.092874
7,14.05,79.7,False,2026-04-03 15:51:32.092874
7,15.02,79.67,False,2026-04-03 16:51:32.092874
7,19.31,79.66,False,2026-04-03 17:51:32.092874
7,22.92,79.64,False,2026-04-03 18:51:32.092874
7,27.77,79.61,False,2026-04-03 19:51:32.092874
7,29.46,79.57,False,2026-04-03 20:51:32.092874
7,30.74,79.53,False,2026-04-03 21:51:32.092874
7,31.75,79.51,False,2026-04-03 22:51:32.092874
7,33.24,79.47,False,2026-04-03 23:51:32.092874
7,33.74,79.44,False,2026-04-04 00:51:32.092874
7,34.03,79.4,False,2026-04-04 01:51:32.092874
7,34.3,79.36,False,2026-04-04 02:51:32.092874
7,34.46,79.31,False,2026-04-04 03:51:32.092874
7,34.86,79.29,False,2026-04-04 04:51:32.092874
7,35.32,79.27,False,2026-04-04 05:51:32.092874
7,36.41,79.23,False,2026-04-04 06:51:32.092874
7,38.39,79.19,False,2026-04-04 07:51:32.092874
7,43.18,79.17,False,2026-04-04 08:51:32.092874
7,47.28,79.14,False,2026-04-04 09:51:32.092874
7,52.0,79.09,False,2026-04-04 10:51:32.092874
7,52.94,79.08,False,2026-04-04 11:51:32.092874
7,56.64,79.07,False,2026-04-04 12:51:32.092874
7,59.66,79.04,False,2026-04-04 13:51:32.092874
7,62.84,79.02,False,2026-04-04 14:51:32.092874
7,63.87,78.99,False,2026-04-04 15:51:32.092874
7,64.98,78.97,False,2026-04-04 16:51:32.092874
7,68.03,78.93,False,2026-04-04 17:51:32.092874
7,70.46,78.92,False,2026-04-04 18:51:32.092874
7,73.67,78.9,False,2026-04-04 19:51:32.092874
7,75.65,78.86,False,2026-04-04 20:51:32.092874
7,76.26,78.82,False,2026-04-04 21:51:32.092874
7,77.83,78.78,False,2026-04-04 22:51:32.092874
7,78.58,78.75,False,2026-04-04 23:51:32.092874
7,79.02,78.7,False,2026-04-05 00:51:32.092874
7,79.5,78.67,False,2026-04-05 01:51:32.092874
7,79.56,78.64,False,2026-04-05 02:51:32.092874
7,79.61,78.6,False,2026-04-05 03:51:32.092874
7,79.82,78.55,False,2026-04-05 04:51:32.092874
7,80.15,78.53,False,2026-04-05 05:51:32.092874
7,8.19,78.48,False,2026-04-05 06:51:32.092874
7,8.74,78.44,False,2026-04-05 07:51:32.092874
7,13.53,78.41,False,2026-04-05 08:51:32.092874
7,16.63,78.39,False,2026-04-05 09:51:32.092874
7,20.2,78.37,False,2026-04-05 10:51:32.092874
7,21.07,78.34,False,2026-04-05 11:51:32.092874
7,25.31,78.31,False,2026-04-05 12:51:32.092874
7,29.23,78.27,False,2026-04-05 13:51:32.092874
7,31.71,78.23,False,2026-04-05 14:51:32.092874
7,33.05,78.18,False,2026-04-05 15:51:32.092874
7,33.94,78.15,False,2026-04-05 16:51:32.092874
7,38.49,78.13,False,2026-04-05 17:51:32.092874
7,42.0,78.08,False,2026-04-05 18:51:32.092874
7,46.1,78.06,False,2026-04-05 19:51:32.092874
7,48.03,78.02,False,2026-04-05 20:51:32.092874
7,48.55,78.01,False,2026-04-05 21:51:32.092874
7,49.52,77.99,False,2026-04-05 22:51:32.092874
7,50.2,77.94,False,2026-04-05 23:51:32.092874
7,50.42,77.89,False,2026-04-06 00:51:32.092874
7,50.92,77.86,False,2026-04-06 01:51:32.092874
7,51.28,77.82,False,2026-04-06 02:51:32.092874
7,51.39,77.8,False,2026-04-06 03:51:32.092874
7,51.48,77.78,False,2026-04-06 04:51:32.092874
7,51.73,77.74,False,2026-04-06 05:51:32.092874
7,53.64,77.69,False,2026-04-06 06:51:32.092874
7,55.11,77.65,False,2026-04-06 07:51:32.092874
7,58.68,77.62,False,2026-04-06 08:51:32.092874
7,61.68,77.58,False,2026-04-06 09:51:32.092874
7,65.7,77.56,False,2026-04-06 10:51:32.092874
7,67.4,77.52,False,2026-04-06 11:51:32.092874
7,69.58,77.51,False,2026-04-06 12:51:32.092874
7,71.8,77.47,False,2026-04-06 13:51:32.092874
7,74.81,77.44,False,2026-04-06 14:51:32.092874
7,76.71,77.39,False,2026-04-06 15:51:32.092874
7,78.36,77.35,False,2026-04-06 16:51:32.092874
7,80.6,77.3,False,2026-04-06 17:51:32.092874
7,9.3,77.26,False,2026-04-06 18:51:32.092874
7,13.24,77.23,False,2026-04-06 19:51:32.092874
7,14.42,77.19,False,2026-04-06 20:51:32.092874
7,15.55,77.16,False,2026-04-06 21:51:32.092874
7,16.17,77.12,False,2026-04-06 22:51:32.092874
7,17.15,77.11,False,2026-04-06 23:51:32.092874
7,17.3,77.06,False,2026-04-07 00:51:32.092874
7,17.59,77.03,False,2026-04-07 01:51:32.092874
7,17.93,77.0,False,2026-04-07 02:51:32.092874
7,18.26,76.98,False,2026-04-07 03:51:32.092874
7,18.63,76.97,False,2026-04-07 04:51:32.092874
7,18.94,76.93,False,2026-04-07 05:51:32.092874
7,19.6,76.91,False,2026-04-07 06:51:32.092874
7,21.18,76.87,False,2026-04-07 07:51:32.092874
7,23.2,76.83,False,2026-04-07 08:51:32.092874
7,27.24,76.79,False,2026-04-07 09:51:32.092874
7,30.12,76.76,False,2026-04-07 10:51:32.092874
7,31.04,76.72,False,2026-04-07 11:51:32.092874
7,34.44,76.68,False,2026-04-07 12:51:32.092874
7,37.71,76.65,False,2026-04-07 13:51:32.092874
7,41.25,76.63,False,2026-04-07 14:51:32.092874
7,43.03,76.6,False,2026-04-07 15:51:32.092874
7,44.07,76.58,False,2026-04-07 16:51:32.092874
7,46.4,76.53,False,2026-04-07 17:51:32.092874
7,49.59,76.49,False,2026-04-07 18:51:32.092874
7,53.81,76.47,False,2026-04-07 19:51:32.092874
7,54.49,76.44,False,2026-04-07 20:51:32.092874
7,55.8,76.41,False,2026-04-07 21:51:32.092874
7,57.29,76.37,False,2026-04-07 22:51:32.092874
7,58.77,76.34,False,2026-04-07 23:51:32.092874
7,59.0,76.3,False,2026-04-08 00:51:32.092874
7,59.42,76.28,False,2026-04-08 01:51:32.092874
7,59.8,76.26,False,2026-04-08 02:51:32.092874
7,59.95,76.21,False,2026-04-08 03:51:32.092874
7,60.31,76.17,False,2026-04-08 04:51:32.092874
7,60.39,76.16,False,2026-04-08 05:51:32.092874
7,62.04,76.13,False,2026-04-08 06:51:32.092874
7,64.04,76.11,False,2026-04-08 07:51:32.092874
7,66.6,76.09,False,2026-04-08 08:51:32.092874
7,68.99,76.07,False,2026-04-08 09:51:32.092874
7,72.16,76.04,False,2026-04-08 10:51:32.092874
7,73.33,76.02,False,2026-04-08 11:51:32.092874
7,77.2,76.0,False,2026-04-08 12:51:32.092874
7,79.96,75.96,False,2026-04-08 13:51:32.092874
7,82.46,75.93,False,2026-04-08 14:51:32.092874
7,7.41,75.88,False,2026-04-08 15:51:32.092874
7,8.29,75.85,False,2026-04-08 16:51:32.092874
7,12.63,75.83,False,2026-04-08 17:51:32.092874
7,15.32,75.8,False,2026-04-08 18:51:32.092874
7,20.16,75.77,False,2026-04-08 19:51:32.092874
7,21.96,75.76,False,2026-04-08 20:51:32.092874
7,22.64,75.73,False,2026-04-08 21:51:32.092874
7,23.67,75.7,False,2026-04-08 22:51:32.092874
7,24.55,75.67,False,2026-04-08 23:51:32.092874
7,24.84,75.64,False,2026-04-09 00:51:32.092874
7,25.32,75.61,False,2026-04-09 01:51:32.092874
7,25.55,75.58,False,2026-04-09 02:51:32.092874
7,25.91,75.56,False,2026-04-09 03:51:32.092874
7,25.99,75.52,False,2026-04-09 04:51:32.092874
7,26.19,75.49,False,2026-04-09 05:51:32.092874
7,27.98,75.44,False,2026-04-09 06:51:32.092874
7,29.68,75.39,False,2026-04-09 07:51:32.092874
7,32.25,75.35,False,2026-04-09 08:51:32.092874
7,34.82,75.33,False,2026-04-09 09:51:32.092874
7,36.94,75.29,False,2026-04-09 10:51:32.092874
7,37.53,75.25,False,2026-04-09 11:51:32.092874
7,41.64,75.22,False,2026-04-09 12:51:32.092874
7,45.23,75.21,False,2026-04-09 13:51:32.092874
7,48.0,75.2,False,2026-04-09 14:51:32.092874
7,49.75,75.15,False,2026-04-09 15:51:32.092874
7,51.11,75.13,False,2026-04-09 16:51:32.092874
7,55.08,75.09,False,2026-04-09 17:51:32.092874
7,59.57,75.05,False,2026-04-09 18:51:32.092874
7,63.98,75.01,False,2026-04-09 19:51:32.092874
7,64.68,74.98,False,2026-04-09 20:51:32.092874
7,65.88,74.96,False,2026-04-09 21:51:32.092874
7,67.73,74.95,False,2026-04-09 22:51:32.092874
7,69.26,74.93,False,2026-04-09 23:51:32.092874
7,69.53,74.91,False,2026-04-10 00:51:32.092874
7,69.86,74.88,False,2026-04-10 01:51:32.092874
7,70.22,74.86,False,2026-04-10 02:51:32.092874
7,70.53,74.83,False,2026-04-10 03:51:32.092874
7,70.98,74.79,False,2026-04-10 04:51:32.092874
7,71.1,74.75,False,2026-04-10 05:51:32.092874
7,72.76,74.7,False,2026-04-10 06:51:32.092874
7,74.12,74.69,False,2026-04-10 07:51:32.092874
7,78.03,74.67,False,2026-04-10 08:51:32.092874
7,80.68,74.62,False,2026-04-10 09:51:32.092874
7,6.94,74.6,False,2026-04-10 10:51:32.092874
7,8.51,74.59,False,2026-04-10 11:51:32.092874
7,13.21,74.56,False,2026-04-10 12:51:32.092874
7,17.91,74.55,False,2026-04-10 13:51:32.092874
7,21.41,74.54,False,2026-04-10 14:51:32.092874
7,23.08,74.5,False,2026-04-10 15:51:32.092874
7,24.58,74.47,False,2026-04-10 16:51:32.092874
7,27.12,74.44,False,2026-04-10 17:51:32.092874
7,31.99,74.41,False,2026-04-10 18:51:32.092874
7,35.76,74.37,False,2026-04-10 19:51:32.092874
7,37.02,74.34,False,2026-04-10 20:51:32.092874
7,38.0,74.3,False,2026-04-10 21:51:32.092874
7,39.63,74.28,False,2026-04-10 22:51:32.092874
7,40.48,74.25,False,2026-04-10 23:51:32.092874
7,40.96,74.22,False,2026-04-11 00:51:32.092874
7,41.0,74.18,False,2026-04-11 01:51:32.092874
7,41.47,74.14,False,2026-04-11 02:51:32.092874
7,41.6,74.12,False,2026-04-11 03:51:32.092874
7,41.74,74.08,False,2026-04-11 04:51:32.092874
7,41.99,74.05,False,2026-04-11 05:51:32.092874
7,42.85,74.03,False,2026-04-11 06:51:32.092874
7,43.81,73.98,False,2026-04-11 07:51:32.092874
7,47.85,73.96,False,2026-04-11 08:51:32.092874
7,50.13,73.92,False,2026-04-11 09:51:32.092874
7,53.37,73.88,False,2026-04-11 10:51:32.092874
7,53.89,73.86,False,2026-04-11 11:51:32.092874
7,58.1,73.85,False,2026-04-11 12:51:32.092874
7,61.01,73.82,False,2026-04-11 13:51:32.092874
7,63.64,73.79,False,2026-04-11 14:51:32.092874
7,64.79,73.76,False,2026-04-11 15:51:32.092874
7,66.12,73.72,False,2026-04-11 16:51:32.092874
7,68.82,73.7,False,2026-04-11 17:51:32.092874
7,71.78,73.65,False,2026-04-11 18:51:32.092874
7,75.34,73.62,False,2026-04-11 19:51:32.092874
7,76.55,73.58,False,2026-04-11 20:51:32.092874
7,77.54,73.57,False,2026-04-11 21:51:32.092874
7,79.48,73.54,False,2026-04-11 22:51:32.092874
7,81.33,73.51,False,2026-04-11 23:51:32.092874
7,4.43,73.46,False,2026-04-12 00:51:32.092874
7,4.92,73.42,False,2026-04-12 01:51:32.092874
7,5.05,73.39,False,2026-04-12 02:51:32.092874
7,5.12,73.35,False,2026-04-12 03:51:32.092874
7,5.58,73.32,False,2026-04-12 04:51:32.092874
7,5.98,73.29,False,2026-04-12 05:51:32.092874
7,7.92,73.24,False,2026-04-12 06:51:32.092874
7,8.74,73.2,False,2026-04-12 07:51:32.092874
7,11.36,73.16,False,2026-04-12 08:51:32.092874
7,14.14,73.12,False,2026-04-12 09:51:32.092874
7,16.38,73.09,False,2026-04-12 10:51:32.092874
7,17.57,73.04,False,2026-04-12 11:51:32.092874
7,22.01,73.02,False,2026-04-12 12:51:32.092874
7,25.43,73.0,False,2026-04-12 13:51:32.092874
7,28.02,72.97,False,2026-04-12 14:51:32.092874
7,29.3,72.92,False,2026-04-12 15:51:32.092874
7,30.73,72.9,False,2026-04-12 16:51:32.092874
7,33.14,72.87,False,2026-04-12 17:51:32.092874
7,35.81,72.83,False,2026-04-12 18:51:32.092874
7,40.66,72.79,False,2026-04-12 19:51:32.092874
7,41.83,72.78,False,2026-04-12 20:51:32.092874
7,42.95,72.74,False,2026-04-12 21:51:32.092874
7,44.76,72.7,False,2026-04-12 22:51:32.092874
7,46.25,72.69,False,2026-04-12 23:51:32.092874
7,46.34,72.68,False,2026-04-13 00:51:32.092874
7,46.4,72.66,False,2026-04-13 01:51:32.092874
7,46.86,72.63,False,2026-04-13 02:51:32.092874
7,47.04,72.59,False,2026-04-13 03:51:32.092874
7,47.1,72.56,False,2026-04-13 04:51:32.092874
7,47.34,72.52,False,2026-04-13 05:51:32.092874
7,49.21,72.5,False,2026-04-13 06:51:32.092874
7,50.04,72.47,False,2026-04-13 07:51:32.092874
7,54.82,72.44,False,2026-04-13 08:51:32.092874
7,57.68,72.42,False,2026-04-13 09:51:32.092874
7,61.31,72.38,False,2026-04-13 10:51:32.092874
7,62.44,72.35,False,2026-04-13 11:51:32.092874
7,67.29,72.33,False,2026-04-13 12:51:32.092874
7,71.35,72.28,False,2026-04-13 13:51:32.092874
7,74.08,72.26,False,2026-04-13 14:51:32.092874
7,74.73,72.23,False,2026-04-13 15:51:32.092874
7,75.65,72.22,False,2026-04-13 16:51:32.092874
7,79.69,72.21,False,2026-04-13 17:51:32.092874
7,83.84,72.19,False,2026-04-13 18:51:32.092874
7,8.58,72.15,False,2026-04-13 19:51:32.092874
7,9.97,72.1,False,2026-04-13 20:51:32.092874
7,10.98,72.06,False,2026-04-13 21:51:32.092874
7,12.51,72.05,False,2026-04-13 22:51:32.092874
7,13.99,72.01,False,2026-04-13 23:51:32.092874
7,14.18,71.98,False,2026-04-14 00:51:32.092874
7,14.28,71.95,False,2026-04-14 01:51:32.092874
7,14.47,71.92,False,2026-04-14 02:51:32.092874
7,14.52,71.88,False,2026-04-14 03:51:32.092874
7,14.87,71.84,False,2026-04-14 04:51:32.092874
7,14.97,71.82,False,2026-04-14 05:51:32.092874
7,16.76,71.8,False,2026-04-14 06:51:32.092874
7,18.75,71.78,False,2026-04-14 07:51:32.092874
7,22.56,71.73,False,2026-04-14 08:51:32.092874
7,25.53,71.7,False,2026-04-14 09:51:32.092874
7,29.45,71.66,False,2026-04-14 10:51:32.092874
7,31.37,71.64,False,2026-04-14 11:51:32.092874
7,33.49,71.62,False,2026-04-14 12:51:32.092874
7,36.17,71.6,False,2026-04-14 13:51:32.092874
7,40.86,71.59,False,2026-04-14 14:51:32.092874
7,42.13,71.54,False,2026-04-14 15:51:32.092874
7,42.68,71.49,False,2026-04-14 16:51:32.092874
7,47.54,71.47,False,2026-04-14 17:51:32.092874
7,50.01,71.45,False,2026-04-14 18:51:32.092874
7,53.05,71.43,False,2026-04-14 19:51:32.092874
7,53.96,71.39,False,2026-04-14 20:51:32.092874
7,54.86,71.38,False,2026-04-14 21:51:32.092874
7,56.68,71.37,False,2026-04-14 22:51:32.092874
7,58.22,71.35,False,2026-04-14 23:51:32.092874
7,58.64,71.31,False,2026-04-15 00:51:32.092874
7,58.69,71.27,False,2026-04-15 01:51:32.092874
7,58.98,71.25,False,2026-04-15 02:51:32.092874
7,59.02,71.22,False,2026-04-15 03:51:32.092874
7,59.23,71.19,False,2026-04-15 04:51:32.092874
7,59.62,71.16,False,2026-04-15 05:51:32.092874
7,60.43,71.12,False,2026-04-15 06:51:32.092874
7,61.92,71.07,False,2026-04-15 07:51:32.092874
7,64.78,71.04,False,2026-04-15 08:51:32.092874
7,68.99,71.0,False,2026-04-15 09:51:32.092874
7,71.15,70.96,False,2026-04-15 10:51:32.092874
7,71.99,70.91,False,2026-04-15 11:51:32.092874
7,74.65,70.86,False,2026-04-15 12:51:32.092874
7,79.31,70.81,False,2026-04-15 13:51:32.092874
7,82.89,70.78,False,2026-04-15 14:51:32.092874
7,5.72,70.75,False,2026-04-15 15:51:32.092874
7,7.23,70.73,False,2026-04-15 16:51:32.092874
7,10.11,70.7,False,2026-04-15 17:51:32.092874
7,13.99,70.68,False,2026-04-15 18:51:32.092874
7,16.55,70.64,False,2026-04-15 19:51:32.092874
7,18.36,70.6,False,2026-04-15 20:51:32.092874
7,19.38,70.59,False,2026-04-15 21:51:32.092874
7,21.29,70.58,False,2026-04-15 22:51:32.092874
7,23.23,70.53,False,2026-04-15 23:51:32.092874
7,23.51,70.49,False,2026-04-16 00:51:32.092874
7,23.95,70.44,False,2026-04-16 01:51:32.092874
7,24.03,70.39,False,2026-04-16 02:51:32.092874
7,24.21,70.37,False,2026-04-16 03:51:32.092874
7,24.32,70.32,False,2026-04-16 04:51:32.092874
7,24.51,70.3,False,2026-04-16 05:51:32.092874
7,25.3,70.26,False,2026-04-16 06:51:32.092874
7,26.55,70.22,False,2026-04-16 07:51:32.092874
7,29.04,70.19,False,2026-04-16 08:51:32.092874
7,33.55,70.18,False,2026-04-16 09:51:32.092874
7,37.33,70.16,False,2026-04-16 10:51:32.092874
7,38.93,70.12,False,2026-04-16 11:51:32.092874
7,43.88,70.11,False,2026-04-16 12:51:32.092874
7,47.67,70.06,False,2026-04-16 13:51:32.092874
7,51.23,70.05,False,2026-04-16 14:51:32.092874
7,52.6,70.01,False,2026-04-16 15:51:32.092874
7,53.12,69.96,False,2026-04-16 16:51:32.092874
7,56.77,69.95,False,2026-04-16 17:51:32.092874
7,59.32,69.91,False,2026-04-16 18:51:32.092874
7,63.01,69.89,False,2026-04-16 19:51:32.092874
7,63.88,69.85,False,2026-04-16 20:51:32.092874
7,65.67,69.82,False,2026-04-16 21:51:32.092874
7,66.81,69.8,False,2026-04-16 22:51:32.092874
7,68.02,69.78,False,2026-04-16 23:51:32.092874
7,68.02,69.74,False,2026-04-17 00:51:32.092874
7,68.35,69.7,False,2026-04-17 01:51:32.092874
7,68.68,69.66,False,2026-04-17 02:51:32.092874
7,69.06,69.64,False,2026-04-17 03:51:32.092874
7,69.29,69.61,False,2026-04-17 04:51:32.092874
7,69.43,69.59,False,2026-04-17 05:51:32.092874
7,71.33,69.55,False,2026-04-17 06:51:32.092874
7,73.23,69.54,False,2026-04-17 07:51:32.092874
7,75.73,69.5,False,2026-04-17 08:51:32.092874
7,78.51,69.46,False,2026-04-17 09:51:32.092874
7,81.74,69.42,False,2026-04-17 10:51:32.092874
7,5.07,69.39,False,2026-04-17 11:51:32.092874
7,8.74,69.35,False,2026-04-17 12:51:32.092874
7,11.24,69.31,False,2026-04-17 13:51:32.092874
7,13.66,69.27,False,2026-04-17 14:51:32.092874
7,14.68,69.22,False,2026-04-17 15:51:32.092874
7,15.31,69.2,False,2026-04-17 16:51:32.092874
7,17.88,69.15,False,2026-04-17 17:51:32.092874
7,20.19,69.1,False,2026-04-17 18:51:32.092874
7,22.76,69.09,False,2026-04-17 19:51:32.092874
7,24.04,69.07,False,2026-04-17 20:51:32.092874
7,25.33,69.04,False,2026-04-17 21:51:32.092874
7,27.05,69.02,False,2026-04-17 22:51:32.092874
7,27.88,68.99,False,2026-04-17 23:51:32.092874
7,28.2,68.96,False,2026-04-18 00:51:32.092874
7,28.45,68.94,False,2026-04-18 01:51:32.092874
7,28.75,68.9,False,2026-04-18 02:51:32.092874
7,29.25,68.86,False,2026-04-18 03:51:32.092874
7,29.54,68.82,False,2026-04-18 04:51:32.092874
7,29.66,68.8,False,2026-04-18 05:51:32.092874
7,31.5,68.77,False,2026-04-18 06:51:32.092874
7,32.41,68.73,False,2026-04-18 07:51:32.092874
7,35.99,68.7,False,2026-04-18 08:51:32.092874
7,39.67,68.68,False,2026-04-18 09:51:32.092874
7,42.55,68.64,False,2026-04-18 10:51:32.092874
7,43.94,68.6,False,2026-04-18 11:51:32.092874
7,46.87,68.56,False,2026-04-18 12:51:32.092874
7,48.88,68.53,False,2026-04-18 13:51:32.092874
7,51.5,68.51,False,2026-04-18 14:51:32.092874
7,52.51,68.47,False,2026-04-18 15:51:32.092874
7,53.58,68.45,False,2026-04-18 16:51:32.092874
7,55.68,68.43,False,2026-04-18 17:51:32.092874
7,59.99,68.41,False,2026-04-18 18:51:32.092874
7,64.64,68.38,False,2026-04-18 19:51:32.092874
7,65.28,68.33,False,2026-04-18 20:51:32.092874
7,67.25,68.31,False,2026-04-18 21:51:32.092874
7,68.28,68.3,False,2026-04-18 22:51:32.092874
7,70.14,68.25,False,2026-04-18 23:51:32.092874
7,70.46,68.24,False,2026-04-19 00:51:32.092874
7,70.91,68.2,False,2026-04-19 01:51:32.092874
7,71.21,68.17,False,2026-04-19 02:51:32.092874
7,71.38,68.16,False,2026-04-19 03:51:32.092874
7,71.46,68.13,False,2026-04-19 04:51:32.092874
7,71.61,68.1,False,2026-04-19 05:51:32.092874
7,72.43,68.06,False,2026-04-19 06:51:32.092874
7,74.23,68.02,False,2026-04-19 07:51:32.092874
7,76.4,67.98,False,2026-04-19 08:51:32.092874
7,79.73,67.96,False,2026-04-19 09:51:32.092874
7,83.71,67.94,False,2026-04-19 10:51:32.092874
7,5.27,67.91,False,2026-04-19 11:51:32.092874
7,7.85,67.88,False,2026-04-19 12:51:32.092874
7,11.18,67.84,False,2026-04-19 13:51:32.092874
7,14.11,67.82,False,2026-04-19 14:51:32.092874
7,15.11,67.78,False,2026-04-19 15:51:32.092874
7,15.82,67.76,False,2026-04-19 16:51:32.092874
7,20.81,67.74,False,2026-04-19 17:51:32.092874
7,22.91,67.69,False,2026-04-19 18:51:32.092874
7,27.84,67.65,False,2026-04-19 19:51:32.092874
7,29.54,67.6,False,2026-04-19 20:51:32.092874
7,30.09,67.56,False,2026-04-19 21:51:32.092874
7,31.35,67.52,False,2026-04-19 22:51:32.092874
7,33.11,67.49,False,2026-04-19 23:51:32.092874
7,33.17,67.45,False,2026-04-20 00:51:32.092874
7,33.3,67.42,False,2026-04-20 01:51:32.092874
7,33.71,67.37,False,2026-04-20 02:51:32.092874
7,33.84,67.33,False,2026-04-20 03:51:32.092874
7,33.94,67.32,False,2026-04-20 04:51:32.092874
7,34.26,67.28,False,2026-04-20 05:51:32.092874
7,36.07,67.26,False,2026-04-20 06:51:32.092874
7,36.64,67.21,False,2026-04-20 07:51:32.092874
7,38.75,67.18,False,2026-04-20 08:51:32.092874
7,42.36,67.17,False,2026-04-20 09:51:32.092874
7,46.7,67.13,False,2026-04-20 10:51:32.092874
7,48.6,67.11,False,2026-04-20 11:51:32.092874
7,53.13,67.08,False,2026-04-20 12:51:32.092874
7,56.81,67.04,False,2026-04-20 13:51:32.092874
7,60.13,67.0,False,2026-04-20 14:51:32.092874
7,61.88,66.95,False,2026-04-20 15:51:32.092874
7,62.45,66.92,False,2026-04-20 16:51:32.092874
7,67.1,66.88,False,2026-04-20 17:51:32.092874
7,70.8,66.85,False,2026-04-20 18:51:32.092874
7,75.77,66.8,False,2026-04-20 19:51:32.092874
7,77.26,66.79,False,2026-04-20 20:51:32.092874
7,78.46,66.74,False,2026-04-20 21:51:32.092874
7,80.11,66.72,False,2026-04-20 22:51:32.092874
7,10.64,66.68,False,2026-04-20 23:51:32.092874
7,10.99,66.66,False,2026-04-21 00:51:32.092874
7,11.48,66.61,False,2026-04-21 01:51:32.092874
7,11.97,66.59,False,2026-04-21 02:51:32.092874
7,12.05,66.54,False,2026-04-21 03:51:32.092874
7,12.19,66.5,False,2026-04-21 04:51:32.092874
7,12.24,66.45,False,2026-04-21 05:51:32.092874
7,12.79,66.44,False,2026-04-21 06:51:32.092874
7,13.73,66.39,False,2026-04-21 07:51:32.092874
7,18.46,66.36,False,2026-04-21 08:51:32.092874
7,21.79,66.31,False,2026-04-21 09:51:32.092874
7,26.25,66.29,False,2026-04-21 10:51:32.092874
7,28.19,66.28,False,2026-04-21 11:51:32.092874
7,30.42,66.24,False,2026-04-21 12:51:32.092874
7,34.3,66.23,False,2026-04-21 13:51:32.092874
7,38.46,66.2,False,2026-04-21 14:51:32.092874
7,39.82,66.15,False,2026-04-21 15:51:32.092874
7,41.34,66.1,False,2026-04-21 16:51:32.092874
7,44.57,66.07,False,2026-04-21 17:51:32.092874
7,48.59,66.04,False,2026-04-21 18:51:32.092874
7,51.91,66.01,False,2026-04-21 19:51:32.092874
7,52.86,65.98,False,2026-04-21 20:51:32.092874
7,53.39,65.93,False,2026-04-21 21:51:32.092874
7,54.59,65.92,False,2026-04-21 22:51:32.092874
7,55.34,65.9,False,2026-04-21 23:51:32.092874
7,55.44,65.89,False,2026-04-22 00:51:32.092874
7,55.86,65.86,False,2026-04-22 01:51:32.092874
7,56.11,65.84,False,2026-04-22 02:51:32.092874
7,56.42,65.8,False,2026-04-22 03:51:32.092874
7,56.45,65.77,False,2026-04-22 04:51:32.092874
7,56.5,65.76,False,2026-04-22 05:51:32.092874
7,58.33,65.75,False,2026-04-22 06:51:32.092874
7,60.16,65.72,False,2026-04-22 07:51:32.092874
7,63.51,65.7,False,2026-04-22 08:51:32.092874
7,67.94,65.67,False,2026-04-22 09:51:32.092874
7,72.42,65.63,False,2026-04-22 10:51:32.092874
7,74.38,65.6,False,2026-04-22 11:51:32.092874
7,77.56,65.59,False,2026-04-22 12:51:32.092874
7,82.32,65.54,False,2026-04-22 13:51:32.092874
7,9.41,65.5,False,2026-04-22 14:51:32.092874
7,10.38,65.49,False,2026-04-22 15:51:32.092874
7,12.09,65.48,False,2026-04-22 16:51:32.092874
7,14.32,65.44,False,2026-04-22 17:51:32.092874
7,16.44,65.41,False,2026-04-22 18:51:32.092874
7,20.76,65.38,False,2026-04-22 19:51:32.092874
7,21.72,65.35,False,2026-04-22 20:51:32.092874
7,22.97,65.33,False,2026-04-22 21:51:32.092874
7,23.76,65.3,False,2026-04-22 22:51:32.092874
7,25.37,65.28,False,2026-04-22 23:51:32.092874
7,25.61,65.25,False,2026-04-23 00:51:32.092874
7,25.67,65.22,False,2026-04-23 01:51:32.092874
7,25.97,65.18,False,2026-04-23 02:51:32.092874
7,26.0,65.17,False,2026-04-23 03:51:32.092874
7,26.04,65.13,False,2026-04-23 04:51:32.092874
7,26.53,65.1,False,2026-04-23 05:51:32.092874
7,27.34,65.08,False,2026-04-23 06:51:32.092874
7,29.27,65.04,False,2026-04-23 07:51:32.092874
7,34.06,65.01,False,2026-04-23 08:51:32.092874
7,38.19,64.96,False,2026-04-23 09:51:32.092874
7,41.15,64.92,False,2026-04-23 10:51:32.092874
7,42.06,64.88,False,2026-04-23 11:51:32.092874
7,44.86,64.84,False,2026-04-23 12:51:32.092874
7,49.22,64.8,False,2026-04-23 13:51:32.092874
7,53.77,64.77,False,2026-04-23 14:51:32.092874
7,55.24,64.75,False,2026-04-23 15:51:32.092874
7,56.78,64.71,False,2026-04-23 16:51:32.092874
7,59.06,64.68,False,2026-04-23 17:51:32.092874
7,61.22,64.65,False,2026-04-23 18:51:32.092874
7,63.33,64.64,False,2026-04-23 19:51:32.092874
7,64.41,64.59,False,2026-04-23 20:51:32.092874
7,66.39,64.58,False,2026-04-23 21:51:32.092874
7,68.21,64.56,False,2026-04-23 22:51:32.092874
7,68.84,64.52,False,2026-04-23 23:51:32.092874
7,69.1,64.49,False,2026-04-24 00:51:32.092874
7,69.54,64.46,False,2026-04-24 01:51:32.092874
7,69.56,64.44,False,2026-04-24 02:51:32.092874
7,69.89,64.4,False,2026-04-24 03:51:32.092874
7,70.08,64.36,False,2026-04-24 04:51:32.092874
7,70.48,64.33,False,2026-04-24 05:51:32.092874
7,72.23,64.29,False,2026-04-24 06:51:32.092874
7,73.6,64.26,False,2026-04-24 07:51:32.092874
7,77.5,64.22,False,2026-04-24 08:51:32.092874
7,81.45,64.17,False,2026-04-24 09:51:32.092874
7,13.07,64.14,False,2026-04-24 10:51:32.092874
7,14.89,64.1,False,2026-04-24 11:51:32.092874
7,18.9,64.07,False,2026-04-24 12:51:32.092874
7,23.81,64.04,False,2026-04-24 13:51:32.092874
7,26.53,64.0,False,2026-04-24 14:51:32.092874
7,28.32,63.95,False,2026-04-24 15:51:32.092874
7,28.84,63.93,False,2026-04-24 16:51:32.092874
7,32.96,63.89,False,2026-04-24 17:51:32.092874
7,35.56,63.86,False,2026-04-24 18:51:32.092874
7,37.65,63.83,False,2026-04-24 19:51:32.092874
7,39.55,63.82,False,2026-04-24 20:51:32.092874
7,41.16,63.79,False,2026-04-24 21:51:32.092874
7,42.15,63.77,False,2026-04-24 22:51:32.092874
7,43.81,63.75,False,2026-04-24 23:51:32.092874
7,44.02,63.71,False,2026-04-25 00:51:32.092874
7,44.5,63.67,False,2026-04-25 01:51:32.092874
7,44.7,63.66,False,2026-04-25 02:51:32.092874
7,45.01,63.64,False,2026-04-25 03:51:32.092874
7,45.2,63.6,False,2026-04-25 04:51:32.092874
7,45.24,63.55,False,2026-04-25 05:51:32.092874
7,46.85,63.52,False,2026-04-25 06:51:32.092874
7,47.78,63.49,False,2026-04-25 07:51:32.092874
7,51.43,63.45,False,2026-04-25 08:51:32.092874
7,54.31,63.41,False,2026-04-25 09:51:32.092874
7,56.41,63.39,False,2026-04-25 10:51:32.092874
7,57.1,63.35,False,2026-04-25 11:51:32.092874
7,59.36,63.3,False,2026-04-25 12:51:32.092874
7,62.94,63.26,False,2026-04-25 13:51:32.092874
7,67.32,63.25,False,2026-04-25 14:51:32.092874
7,67.82,63.21,False,2026-04-25 15:51:32.092874
7,68.49,63.19,False,2026-04-25 16:51:32.092874
7,72.83,63.14,False,2026-04-25 17:51:32.092874
7,77.06,63.1,False,2026-04-25 18:51:32.092874
7,80.34,63.07,False,2026-04-25 19:51:32.092874
7,7.97,63.05,False,2026-04-25 20:51:32.092874
7,8.74,63.01,False,2026-04-25 21:51:32.092874
7,9.95,62.97,False,2026-04-25 22:51:32.092874
7,10.59,62.95,False,2026-04-25 23:51:32.092874
7,10.8,62.91,False,2026-04-26 00:51:32.092874
7,11.23,62.9,False,2026-04-26 01:51:32.092874
7,11.38,62.85,False,2026-04-26 02:51:32.092874
7,11.81,62.83,False,2026-04-26 03:51:32.092874
7,12.08,62.79,False,2026-04-26 04:51:32.092874
7,12.51,62.77,False,2026-04-26 05:51:32.092874
7,13.3,62.72,False,2026-04-26 06:51:32.092874
7,15.17,62.68,False,2026-04-26 07:51:32.092874
7,19.41,62.64,False,2026-04-26 08:51:32.092874
7,23.81,62.63,False,2026-04-26 09:51:32.092874
7,28.03,62.59,False,2026-04-26 10:51:32.092874
7,28.92,62.55,False,2026-04-26 11:51:32.092874
7,33.32,62.51,False,2026-04-26 12:51:32.092874
7,36.49,62.5,False,2026-04-26 13:51:32.092874
7,38.55,62.46,False,2026-04-26 14:51:32.092874
7,39.65,62.42,False,2026-04-26 15:51:32.092874
7,41.58,62.4,False,2026-04-26 16:51:32.092874
7,46.19,62.36,False,2026-04-26 17:51:32.092874
7,49.67,62.34,False,2026-04-26 18:51:32.092874
7,53.4,62.32,False,2026-04-26 19:51:32.092874
7,54.4,62.28,False,2026-04-26 20:51:32.092874
7,56.06,62.25,False,2026-04-26 21:51:32.092874
7,56.73,62.21,False,2026-04-26 22:51:32.092874
7,58.59,62.17,False,2026-04-26 23:51:32.092874
7,59.02,62.14,False,2026-04-27 00:51:32.092874
7,59.06,62.1,False,2026-04-27 01:51:32.092874
7,59.08,62.08,False,2026-04-27 02:51:32.092874
7,59.58,62.05,False,2026-04-27 03:51:32.092874
7,60.04,62.03,False,2026-04-27 04:51:32.092874
7,60.34,62.0,False,2026-04-27 05:51:32.092874
7,61.3,61.97,False,2026-04-27 06:51:32.092874
7,61.84,61.94,False,2026-04-27 07:51:32.092874
7,66.7,61.93,False,2026-04-27 08:51:32.092874
7,69.14,61.92,False,2026-04-27 09:51:32.092874
7,72.62,61.88,False,2026-04-27 10:51:32.092874
7,73.51,61.86,False,2026-04-27 11:51:32.092874
7,77.58,61.85,False,2026-04-27 12:51:32.092874
7,82.02,61.83,False,2026-04-27 13:51:32.092874
7,12.58,61.79,False,2026-04-27 14:51:32.092874
7,14.08,61.77,False,2026-04-27 15:51:32.092874
7,15.97,61.75,False,2026-04-27 16:51:32.092874
7,19.96,61.74,False,2026-04-27 17:51:32.092874
7,23.61,61.72,False,2026-04-27 18:51:32.092874
7,25.85,61.7,False,2026-04-27 19:51:32.092874
7,27.13,61.65,False,2026-04-27 20:51:32.092874
7,28.23,61.63,False,2026-04-27 21:51:32.092874
7,28.89,61.61,False,2026-04-27 22:51:32.092874
7,30.17,61.59,False,2026-04-27 23:51:32.092874
7,30.32,61.54,False,2026-04-28 00:51:32.092874
7,30.58,61.52,False,2026-04-28 01:51:32.092874
7,30.82,61.48,False,2026-04-28 02:51:32.092874
7,30.83,61.47,False,2026-04-28 03:51:32.092874
7,30.98,61.45,False,2026-04-28 04:51:32.092874
7,31.11,61.43,False,2026-04-28 05:51:32.092874
7,31.74,61.41,False,2026-04-28 06:51:32.092874
7,33.29,61.37,False,2026-04-28 07:51:32.092874
7,35.95,61.35,False,2026-04-28 08:51:32.092874
7,40.94,61.3,False,2026-04-28 09:51:32.092874
7,44.8,61.28,False,2026-04-28 10:51:32.092874
7,46.7,61.23,False,2026-04-28 11:51:32.092874
7,48.94,61.19,False,2026-04-28 12:51:32.092874
7,53.11,61.16,False,2026-04-28 13:51:32.092874
7,57.41,61.15,False,2026-04-28 14:51:32.092874
7,58.22,61.13,False,2026-04-28 15:51:32.092874
7,59.16,61.1,False,2026-04-28 16:51:32.092874
7,63.08,61.08,False,2026-04-28 17:51:32.092874
7,66.76,61.05,False,2026-04-28 18:51:32.092874
7,69.04,61.01,False,2026-04-28 19:51:32.092874
7,69.71,60.96,False,2026-04-28 20:51:32.092874
7,71.54,60.95,False,2026-04-28 21:51:32.092874
7,72.76,60.93,False,2026-04-28 22:51:32.092874
7,73.78,60.92,False,2026-04-28 23:51:32.092874
7,73.87,60.89,False,2026-04-29 00:51:32.092874
7,74.21,60.84,False,2026-04-29 01:51:32.092874
7,74.49,60.79,False,2026-04-29 02:51:32.092874
7,74.51,60.77,False,2026-04-29 03:51:32.092874
7,74.99,60.76,False,2026-04-29 04:51:32.092874
7,75.17,60.74,False,2026-04-29 05:51:32.092874
7,76.75,60.7,False,2026-04-29 06:51:32.092874
7,77.95,60.66,False,2026-04-29 07:51:32.092874
7,82.54,60.64,False,2026-04-29 08:51:32.092874
7,8.05,60.62,False,2026-04-29 09:51:32.092874
7,11.34,60.6,False,2026-04-29 10:51:32.092874
7,11.92,60.55,False,2026-04-29 11:51:32.092874
7,16.91,60.52,False,2026-04-29 12:51:32.092874
7,19.64,60.5,False,2026-04-29 13:51:32.092874
7,23.73,60.48,False,2026-04-29 14:51:32.092874
7,24.46,60.44,False,2026-04-29 15:51:32.092874
7,26.1,60.41,False,2026-04-29 16:51:32.092874
7,28.9,60.39,False,2026-04-29 17:51:32.092874
7,33.27,60.37,False,2026-04-29 18:51:32.092874
7,38.04,60.35,False,2026-04-29 19:51:32.092874
7,39.9,60.34,False,2026-04-29 20:51:32.092874
7,41.23,60.32,False,2026-04-29 21:51:32.092874
7,42.15,60.28,False,2026-04-29 22:51:32.092874
7,43.47,60.24,False,2026-04-29 23:51:32.092874
7,43.72,60.2,False,2026-04-30 00:51:32.092874
7,44.11,60.17,False,2026-04-30 01:51:32.092874
7,44.49,60.16,False,2026-04-30 02:51:32.092874
7,44.5,60.14,False,2026-04-30 03:51:32.092874
7,44.71,60.13,False,2026-04-30 04:51:32.092874
7,45.14,60.1,False,2026-04-30 05:51:32.092874
7,46.85,60.07,False,2026-04-30 06:51:32.092874
7,48.1,60.02,False,2026-04-30 07:51:32.092874
7,53.02,60.01,False,2026-04-30 08:51:32.092874
7,57.75,59.97,False,2026-04-30 09:51:32.092874
7,61.51,59.96,False,2026-04-30 10:51:32.092874
7,62.09,59.94,False,2026-04-30 11:51:32.092874
7,65.25,59.92,False,2026-04-30 12:51:32.092874
7,69.2,59.89,False,2026-04-30 13:51:32.092874
7,72.36,59.86,False,2026-04-30 14:51:32.092874
7,73.03,59.82,False,2026-04-30 15:51:32.092874
7,74.45,59.79,False,2026-04-30 16:51:32.092874
7,77.37,59.76,False,2026-04-30 17:51:32.092874
7,80.05,59.72,False,2026-04-30 18:51:32.092874
7,11.3,59.71,False,2026-04-30 19:51:32.092874
7,12.49,59.68,False,2026-04-30 20:51:32.092874
7,13.31,59.67,False,2026-04-30 21:51:32.092874
7,15.03,59.63,False,2026-04-30 22:51:32.092874
7,15.74,59.6,False,2026-04-30 23:51:32.092874
7,15.89,59.56,False,2026-05-01 00:51:32.092874
7,16.0,59.55,False,2026-05-01 01:51:32.092874
7,16.5,59.51,False,2026-05-01 02:51:32.092874
7,16.5,59.47,False,2026-05-01 03:51:32.092874
7,16.76,59.44,False,2026-05-01 04:51:32.092874
7,17.19,59.42,False,2026-05-01 05:51:32.092874
7,18.57,59.38,False,2026-05-01 06:51:32.092874
7,19.65,59.36,False,2026-05-01 07:51:32.092874
7,23.68,59.32,False,2026-05-01 08:51:32.092874
7,26.73,59.3,False,2026-05-01 09:51:32.092874
7,29.82,59.26,False,2026-05-01 10:51:32.092874
7,31.59,59.24,False,2026-05-01 11:51:32.092874
7,34.45,59.21,False,2026-05-01 12:51:32.092874
7,39.2,59.2,False,2026-05-01 13:51:32.092874
7,43.1,59.18,False,2026-05-01 14:51:32.092874
7,44.4,59.13,False,2026-05-01 15:51:32.092874
7,45.81,59.1,False,2026-05-01 16:51:32.092874
7,49.76,59.07,False,2026-05-01 17:51:32.092874
7,53.09,59.05,False,2026-05-01 18:51:32.092874
7,57.9,59.02,False,2026-05-01 19:51:32.092874
7,58.77,59.0,False,2026-05-01 20:51:32.092874
7,59.73,58.99,False,2026-05-01 21:51:32.092874
7,61.4,58.97,False,2026-05-01 22:51:32.092874
7,62.76,58.92,False,2026-05-01 23:51:32.092874
7,63.02,58.88,False,2026-05-02 00:51:32.092874
7,63.22,58.86,False,2026-05-02 01:51:32.092874
7,63.6,58.82,False,2026-05-02 02:51:32.092874
7,63.91,58.8,False,2026-05-02 03:51:32.092874
7,63.99,58.76,False,2026-05-02 04:51:32.092874
7,64.27,58.71,False,2026-05-02 05:51:32.092874
7,65.82,58.67,False,2026-05-02 06:51:32.092874
7,66.89,58.65,False,2026-05-02 07:51:32.092874
7,70.46,58.64,False,2026-05-02 08:51:32.092874
7,72.52,58.6,False,2026-05-02 09:51:32.092874
7,77.4,58.56,False,2026-05-02 10:51:32.092874
7,78.84,58.51,False,2026-05-02 11:51:32.092874
7,81.59,58.46,False,2026-05-02 12:51:32.092874
7,11.86,58.43,False,2026-05-02 13:51:32.092874
7,16.07,58.42,False,2026-05-02 14:51:32.092874
7,17.28,58.4,False,2026-05-02 15:51:32.092874
7,18.68,58.38,False,2026-05-02 16:51:32.092874
7,22.69,58.36,False,2026-05-02 17:51:32.092874
7,27.06,58.34,False,2026-05-02 18:51:32.092874
7,31.36,58.3,False,2026-05-02 19:51:32.092874
7,32.92,58.28,False,2026-05-02 20:51:32.092874
7,33.85,58.25,False,2026-05-02 21:51:32.092874
7,34.84,58.22,False,2026-05-02 22:51:32.092874
7,35.96,58.19,False,2026-05-02 23:51:32.092874
7,36.08,58.16,False,2026-05-03 00:51:32.092874
7,36.46,58.12,False,2026-05-03 01:51:32.092874
7,36.93,58.1,False,2026-05-03 02:51:32.092874
7,37.32,58.06,False,2026-05-03 03:51:32.092874
7,37.39,58.03,False,2026-05-03 04:51:32.092874
7,37.62,58.0,False,2026-05-03 05:51:32.092874
7,39.0,57.99,False,2026-05-03 06:51:32.092874
7,39.77,57.96,False,2026-05-03 07:51:32.092874
7,43.68,57.94,False,2026-05-03 08:51:32.092874
7,45.84,57.93,False,2026-05-03 09:51:32.092874
7,49.68,57.9,False,2026-05-03 10:51:32.092874
7,50.61,57.87,False,2026-05-03 11:51:32.092874
7,53.4,57.83,False,2026-05-03 12:51:32.092874
7,56.1,57.8,False,2026-05-03 13:51:32.092874
7,60.77,57.79,False,2026-05-03 14:51:32.092874
7,61.69,57.77,False,2026-05-03 15:51:32.092874
7,63.19,57.75,False,2026-05-03 16:51:32.092874
7,67.46,57.73,False,2026-05-03 17:51:32.092874
7,69.59,57.71,False,2026-05-03 18:51:32.092874
7,74.21,57.66,False,2026-05-03 19:51:32.092874
7,75.76,57.64,False,2026-05-03 20:51:32.092874
7,76.63,57.6,False,2026-05-03 21:51:32.092874
7,77.13,57.57,False,2026-05-03 22:51:32.092874
7,78.74,57.53,False,2026-05-03 23:51:32.092874
7,78.82,57.5,False,2026-05-04 00:51:32.092874
7,79.15,57.46,False,2026-05-04 01:51:32.092874
7,79.52,57.43,False,2026-05-04 02:51:32.092874
7,79.59,57.4,False,2026-05-04 03:51:32.092874
7,79.81,57.36,False,2026-05-04 04:51:32.092874
7,79.83,57.32,False,2026-05-04 05:51:32.092874
7,81.77,57.27,False,2026-05-04 06:51:32.092874
7,5.09,57.25,False,2026-05-04 07:51:32.092874
7,8.23,57.22,False,2026-05-04 08:51:32.092874
7,12.04,57.17,False,2026-05-04 09:51:32.092874
7,14.35,57.12,False,2026-05-04 10:51:32.092874
7,15.48,57.11,False,2026-05-04 11:51:32.092874
7,18.62,57.07,False,2026-05-04 12:51:32.092874
7,21.66,57.05,False,2026-05-04 13:51:32.092874
7,23.73,57.02,False,2026-05-04 14:51:32.092874
7,24.51,56.98,False,2026-05-04 15:51:32.092874
7,26.11,56.96,False,2026-05-04 16:51:32.092874
7,30.58,56.93,False,2026-05-04 17:51:32.092874
7,33.77,56.89,False,2026-05-04 18:51:32.092874
7,35.81,56.86,False,2026-05-04 19:51:32.092874
7,36.88,56.83,False,2026-05-04 20:51:32.092874
7,38.59,56.81,False,2026-05-04 21:51:32.092874
7,39.26,56.79,False,2026-05-04 22:51:32.092874
7,40.94,56.76,False,2026-05-04 23:51:32.092874
7,41.06,56.74,False,2026-05-05 00:51:32.092874
7,41.09,56.71,False,2026-05-05 01:51:32.092874
7,41.27,56.7,False,2026-05-05 02:51:32.092874
7,41.38,56.69,False,2026-05-05 03:51:32.092874
7,41.74,56.68,False,2026-05-05 04:51:32.092874
7,42.18,56.64,False,2026-05-05 05:51:32.092874
7,43.94,56.61,False,2026-05-05 06:51:32.092874
7,45.74,56.57,False,2026-05-05 07:51:32.092874
7,50.59,56.54,False,2026-05-05 08:51:32.092874
7,55.13,56.53,False,2026-05-05 09:51:32.092874
7,59.94,56.51,False,2026-05-05 10:51:32.092874
7,60.71,56.49,False,2026-05-05 11:51:32.092874
7,64.07,56.46,False,2026-05-05 12:51:32.092874
7,66.27,56.44,False,2026-05-05 13:51:32.092874
7,71.14,56.42,False,2026-05-05 14:51:32.092874
7,71.72,56.39,False,2026-05-05 15:51:32.092874
7,73.16,56.37,False,2026-05-05 16:51:32.092874
7,75.26,56.36,False,2026-05-05 17:51:32.092874
7,78.31,56.34,False,2026-05-05 18:51:32.092874
7,81.6,56.32,False,2026-05-05 19:51:32.092874
7,10.0,56.28,False,2026-05-05 20:51:32.092874
7,11.56,56.24,False,2026-05-05 21:51:32.092874
7,12.26,56.22,False,2026-05-05 22:51:32.092874
7,13.58,56.18,False,2026-05-05 23:51:32.092874
7,13.85,56.17,False,2026-05-06 00:51:32.092874
7,14.16,56.13,False,2026-05-06 01:51:32.092874
7,14.4,56.11,False,2026-05-06 02:51:32.092874
7,14.84,56.07,False,2026-05-06 03:51:32.092874
7,15.22,56.05,False,2026-05-06 04:51:32.092874
7,15.58,56.01,False,2026-05-06 05:51:32.092874
7,16.17,56.0,False,2026-05-06 06:51:32.092874
7,17.57,55.97,False,2026-05-06 07:51:32.092874
7,21.13,55.95,False,2026-05-06 08:51:32.092874
7,23.38,55.93,False,2026-05-06 09:51:32.092874
7,28.15,55.9,False,2026-05-06 10:51:32.092874
7,30.14,55.89,False,2026-05-06 11:51:32.092874
7,32.23,55.86,False,2026-05-06 12:51:32.092874
7,34.32,55.81,False,2026-05-06 13:51:32.092874
7,36.69,55.77,False,2026-05-06 14:51:32.092874
7,37.22,55.73,False,2026-05-06 15:51:32.092874
7,38.25,55.72,False,2026-05-06 16:51:32.092874
7,40.53,55.71,False,2026-05-06 17:51:32.092874
7,44.26,55.68,False,2026-05-06 18:51:32.092874
7,48.97,55.65,False,2026-05-06 19:51:32.092874
7,50.01,55.63,False,2026-05-06 20:51:32.092874
7,51.47,55.61,False,2026-05-06 21:51:32.092874
7,52.71,55.57,False,2026-05-06 22:51:32.092874
7,53.64,55.55,False,2026-05-06 23:51:32.092874
7,54.02,55.52,False,2026-05-07 00:51:32.092874
7,54.25,55.49,False,2026-05-07 01:51:32.092874
7,54.53,55.46,False,2026-05-07 02:51:32.092874
7,54.74,55.43,False,2026-05-07 03:51:32.092874
7,54.77,55.41,False,2026-05-07 04:51:32.092874
7,54.83,55.39,False,2026-05-07 05:51:32.092874
7,56.67,55.35,False,2026-05-07 06:51:32.092874
7,57.99,55.31,False,2026-05-07 07:51:32.092874
7,61.32,55.28,False,2026-05-07 08:51:32.092874
7,64.52,55.27,False,2026-05-07 09:51:32.092874
7,69.45,55.23,False,2026-05-07 10:51:32.092874
7,70.79,55.21,False,2026-05-07 11:51:32.092874
7,75.19,55.18,False,2026-05-07 12:51:32.092874
7,78.72,55.14,False,2026-05-07 13:51:32.092874
7,83.38,55.12,False,2026-05-07 14:51:32.092874
7,7.48,55.1,False,2026-05-07 15:51:32.092874
7,8.84,55.05,False,2026-05-07 16:51:32.092874
7,11.53,55.04,False,2026-05-07 17:51:32.092874
7,15.64,54.99,False,2026-05-07 18:51:32.092874
7,19.5,54.95,False,2026-05-07 19:51:32.092874
7,21.18,54.93,False,2026-05-07 20:51:32.092874
8,14.84,95.2,False,2026-03-08 21:51:32.116297
8,16.81,95.16,False,2026-03-08 22:51:32.116297
8,18.41,95.14,False,2026-03-08 23:51:32.116297
8,18.81,95.11,False,2026-03-09 00:51:32.116297
8,18.84,95.1,False,2026-03-09 01:51:32.116297
8,18.9,95.08,False,2026-03-09 02:51:32.116297
8,18.92,95.04,False,2026-03-09 03:51:32.116297
8,19.28,94.99,False,2026-03-09 04:51:32.116297
8,19.67,94.97,False,2026-03-09 05:51:32.116297
8,20.61,94.93,False,2026-03-09 06:51:32.116297
8,21.9,94.91,False,2026-03-09 07:51:32.116297
8,25.81,94.87,False,2026-03-09 08:51:32.116297
8,27.83,94.83,False,2026-03-09 09:51:32.116297
8,32.13,94.81,False,2026-03-09 10:51:32.116297
8,33.21,94.8,False,2026-03-09 11:51:32.116297
8,35.6,94.78,False,2026-03-09 12:51:32.116297
8,39.3,94.73,False,2026-03-09 13:51:32.116297
8,43.9,94.69,False,2026-03-09 14:51:32.116297
8,44.94,94.66,False,2026-03-09 15:51:32.116297
8,46.38,94.62,False,2026-03-09 16:51:32.116297
8,50.33,94.61,False,2026-03-09 17:51:32.116297
8,55.07,94.58,False,2026-03-09 18:51:32.116297
8,59.04,94.54,False,2026-03-09 19:51:32.116297
8,60.13,94.49,False,2026-03-09 20:51:32.116297
8,61.73,94.46,False,2026-03-09 21:51:32.116297
8,63.72,94.44,False,2026-03-09 22:51:32.116297
8,64.69,94.41,False,2026-03-09 23:51:32.116297
8,65.08,94.38,False,2026-03-10 00:51:32.116297
8,65.31,94.35,False,2026-03-10 01:51:32.116297
8,65.65,94.31,False,2026-03-10 02:51:32.116297
8,65.9,94.27,False,2026-03-10 03:51:32.116297
8,66.37,94.24,False,2026-03-10 04:51:32.116297
8,66.53,94.19,False,2026-03-10 05:51:32.116297
8,67.48,94.18,False,2026-03-10 06:51:32.116297
8,68.97,94.13,False,2026-03-10 07:51:32.116297
8,72.85,94.08,False,2026-03-10 08:51:32.116297
8,77.76,94.07,False,2026-03-10 09:51:32.116297
8,82.6,94.05,False,2026-03-10 10:51:32.116297
8,6.9,94.02,False,2026-03-10 11:51:32.116297
8,10.89,94.01,False,2026-03-10 12:51:32.116297
8,13.08,93.98,False,2026-03-10 13:51:32.116297
8,17.44,93.97,False,2026-03-10 14:51:32.116297
8,18.75,93.95,False,2026-03-10 15:51:32.116297
8,20.17,93.9,False,2026-03-10 16:51:32.116297
8,25.1,93.87,False,2026-03-10 17:51:32.116297
8,29.08,93.85,False,2026-03-10 18:51:32.116297
8,33.26,93.81,False,2026-03-10 19:51:32.116297
8,33.83,93.79,False,2026-03-10 20:51:32.116297
8,35.82,93.75,False,2026-03-10 21:51:32.116297
8,36.49,93.72,False,2026-03-10 22:51:32.116297
8,37.55,93.67,False,2026-03-10 23:51:32.116297
8,37.93,93.63,False,2026-03-11 00:51:32.116297
8,38.2,93.61,False,2026-03-11 01:51:32.116297
8,38.25,93.58,False,2026-03-11 02:51:32.116297
8,38.61,93.57,False,2026-03-11 03:51:32.116297
8,38.94,93.54,False,2026-03-11 04:51:32.116297
8,38.96,93.51,False,2026-03-11 05:51:32.116297
8,39.65,93.5,False,2026-03-11 06:51:32.116297
8,41.49,93.47,False,2026-03-11 07:51:32.116297
8,45.43,93.43,False,2026-03-11 08:51:32.116297
8,50.04,93.4,False,2026-03-11 09:51:32.116297
8,54.14,93.38,False,2026-03-11 10:51:32.116297
8,55.78,93.36,False,2026-03-11 11:51:32.116297
8,57.96,93.32,False,2026-03-11 12:51:32.116297
8,61.43,93.31,False,2026-03-11 13:51:32.116297
8,64.35,93.28,False,2026-03-11 14:51:32.116297
8,65.38,93.23,False,2026-03-11 15:51:32.116297
8,65.95,93.21,False,2026-03-11 16:51:32.116297
8,69.59,93.16,False,2026-03-11 17:51:32.116297
8,72.63,93.12,False,2026-03-11 18:51:32.116297
8,75.59,93.07,False,2026-03-11 19:51:32.116297
8,77.02,93.04,False,2026-03-11 20:51:32.116297
8,78.49,93.01,False,2026-03-11 21:51:32.116297
8,79.42,92.97,False,2026-03-11 22:51:32.116297
8,80.46,92.93,False,2026-03-11 23:51:32.116297
8,4.78,92.88,False,2026-03-12 00:51:32.116297
8,5.18,92.85,False,2026-03-12 01:51:32.116297
8,5.51,92.82,False,2026-03-12 02:51:32.116297
8,5.57,92.79,False,2026-03-12 03:51:32.116297
8,5.77,92.77,False,2026-03-12 04:51:32.116297
8,6.25,92.74,False,2026-03-12 05:51:32.116297
8,7.57,92.69,False,2026-03-12 06:51:32.116297
8,9.39,92.64,False,2026-03-12 07:51:32.116297
8,13.01,92.63,False,2026-03-12 08:51:32.116297
8,16.21,92.61,False,2026-03-12 09:51:32.116297
8,19.85,92.58,False,2026-03-12 10:51:32.116297
8,21.59,92.56,False,2026-03-12 11:51:32.116297
8,25.53,92.55,False,2026-03-12 12:51:32.116297
8,29.54,92.53,False,2026-03-12 13:51:32.116297
8,34.53,92.51,False,2026-03-12 14:51:32.116297
8,36.35,92.5,False,2026-03-12 15:51:32.116297
8,38.05,92.46,False,2026-03-12 16:51:32.116297
8,40.87,92.44,False,2026-03-12 17:51:32.116297
8,44.04,92.42,False,2026-03-12 18:51:32.116297
8,47.74,92.37,False,2026-03-12 19:51:32.116297
8,49.44,92.34,False,2026-03-12 20:51:32.116297
8,51.09,92.32,False,2026-03-12 21:51:32.116297
8,52.75,92.29,False,2026-03-12 22:51:32.116297
8,54.55,92.26,False,2026-03-12 23:51:32.116297
8,54.98,92.23,False,2026-03-13 00:51:32.116297
8,55.38,92.18,False,2026-03-13 01:51:32.116297
8,55.87,92.15,False,2026-03-13 02:51:32.116297
8,56.24,92.11,False,2026-03-13 03:51:32.116297
8,56.54,92.09,False,2026-03-13 04:51:32.116297
8,56.75,92.07,False,2026-03-13 05:51:32.116297
8,58.51,92.05,False,2026-03-13 06:51:32.116297
8,60.0,92.01,False,2026-03-13 07:51:32.116297
8,62.37,91.97,False,2026-03-13 08:51:32.116297
8,66.96,91.94,False,2026-03-13 09:51:32.116297
8,69.61,91.93,False,2026-03-13 10:51:32.116297
8,71.13,91.9,False,2026-03-13 11:51:32.116297
8,74.51,91.88,False,2026-03-13 12:51:32.116297
8,76.62,91.85,False,2026-03-13 13:51:32.116297
8,79.77,91.81,False,2026-03-13 14:51:32.116297
8,81.17,91.77,False,2026-03-13 15:51:32.116297
8,7.2,91.73,False,2026-03-13 16:51:32.116297
8,10.79,91.69,False,2026-03-13 17:51:32.116297
8,15.66,91.68,False,2026-03-13 18:51:32.116297
8,20.15,91.63,False,2026-03-13 19:51:32.116297
8,21.58,91.61,False,2026-03-13 20:51:32.116297
8,22.85,91.57,False,2026-03-13 21:51:32.116297
8,24.47,91.55,False,2026-03-13 22:51:32.116297
8,25.14,91.53,False,2026-03-13 23:51:32.116297
8,25.43,91.51,False,2026-03-14 00:51:32.116297
8,25.64,91.48,False,2026-03-14 01:51:32.116297
8,25.92,91.45,False,2026-03-14 02:51:32.116297
8,26.07,91.43,False,2026-03-14 03:51:32.116297
8,26.56,91.42,False,2026-03-14 04:51:32.116297
8,26.77,91.38,False,2026-03-14 05:51:32.116297
8,27.83,91.36,False,2026-03-14 06:51:32.116297
8,29.6,91.32,False,2026-03-14 07:51:32.116297
8,32.42,91.29,False,2026-03-14 08:51:32.116297
8,34.86,91.27,False,2026-03-14 09:51:32.116297
8,39.57,91.23,False,2026-03-14 10:51:32.116297
8,40.88,91.19,False,2026-03-14 11:51:32.116297
8,43.26,91.16,False,2026-03-14 12:51:32.116297
8,46.58,91.14,False,2026-03-14 13:51:32.116297
8,49.7,91.09,False,2026-03-14 14:51:32.116297
8,51.24,91.04,False,2026-03-14 15:51:32.116297
8,53.06,91.0,False,2026-03-14 16:51:32.116297
8,57.88,90.99,False,2026-03-14 17:51:32.116297
8,61.29,90.94,False,2026-03-14 18:51:32.116297
8,64.25,90.93,False,2026-03-14 19:51:32.116297
8,66.13,90.9,False,2026-03-14 20:51:32.116297
8,67.14,90.86,False,2026-03-14 21:51:32.116297
8,68.26,90.84,False,2026-03-14 22:51:32.116297
8,69.74,90.81,False,2026-03-14 23:51:32.116297
8,70.19,90.77,False,2026-03-15 00:51:32.116297
8,70.64,90.74,False,2026-03-15 01:51:32.116297
8,70.69,90.69,False,2026-03-15 02:51:32.116297
8,71.11,90.65,False,2026-03-15 03:51:32.116297
8,71.15,90.61,False,2026-03-15 04:51:32.116297
8,71.16,90.58,False,2026-03-15 05:51:32.116297
8,72.1,90.57,False,2026-03-15 06:51:32.116297
8,73.69,90.52,False,2026-03-15 07:51:32.116297
8,77.73,90.51,False,2026-03-15 08:51:32.116297
8,81.52,90.48,False,2026-03-15 09:51:32.116297
8,9.3,90.46,False,2026-03-15 10:51:32.116297
8,11.28,90.41,False,2026-03-15 11:51:32.116297
8,15.17,90.38,False,2026-03-15 12:51:32.116297
8,19.14,90.33,False,2026-03-15 13:51:32.116297
8,22.81,90.31,False,2026-03-15 14:51:32.116297
8,24.07,90.27,False,2026-03-15 15:51:32.116297
8,25.91,90.25,False,2026-03-15 16:51:32.116297
8,30.16,90.2,False,2026-03-15 17:51:32.116297
8,32.34,90.17,False,2026-03-15 18:51:32.116297
8,36.1,90.14,False,2026-03-15 19:51:32.116297
8,37.71,90.09,False,2026-03-15 20:51:32.116297
8,39.35,90.06,False,2026-03-15 21:51:32.116297
8,41.32,90.02,False,2026-03-15 22:51:32.116297
8,43.15,89.98,False,2026-03-15 23:51:32.116297
8,43.34,89.94,False,2026-03-16 00:51:32.116297
8,43.46,89.9,False,2026-03-16 01:51:32.116297
8,43.94,89.86,False,2026-03-16 02:51:32.116297
8,43.98,89.83,False,2026-03-16 03:51:32.116297
8,44.14,89.8,False,2026-03-16 04:51:32.116297
8,44.46,89.76,False,2026-03-16 05:51:32.116297
8,46.4,89.75,False,2026-03-16 06:51:32.116297
8,46.94,89.7,False,2026-03-16 07:51:32.116297
8,50.41,89.69,False,2026-03-16 08:51:32.116297
8,54.87,89.67,False,2026-03-16 09:51:32.116297
8,58.29,89.64,False,2026-03-16 10:51:32.116297
8,59.72,89.61,False,2026-03-16 11:51:32.116297
8,61.82,89.57,False,2026-03-16 12:51:32.116297
8,64.42,89.53,False,2026-03-16 13:51:32.116297
8,68.02,89.49,False,2026-03-16 14:51:32.116297
8,69.11,89.46,False,2026-03-16 15:51:32.116297
8,70.63,89.42,False,2026-03-16 16:51:32.116297
8,73.96,89.38,False,2026-03-16 17:51:32.116297
8,76.78,89.35,False,2026-03-16 18:51:32.116297
8,79.05,89.32,False,2026-03-16 19:51:32.116297
8,80.07,89.27,False,2026-03-16 20:51:32.116297
8,9.1,89.26,False,2026-03-16 21:51:32.116297
8,11.06,89.23,False,2026-03-16 22:51:32.116297
8,11.6,89.19,False,2026-03-16 23:51:32.116297
8,11.92,89.16,False,2026-03-17 00:51:32.116297
8,12.11,89.14,False,2026-03-17 01:51:32.116297
8,12.53,89.12,False,2026-03-17 02:51:32.116297
8,12.96,89.1,False,2026-03-17 03:51:32.116297
8,13.22,89.06,False,2026-03-17 04:51:32.116297
8,13.28,89.04,False,2026-03-17 05:51:32.116297
8,14.52,89.03,False,2026-03-17 06:51:32.116297
8,16.07,88.99,False,2026-03-17 07:51:32.116297
8,18.55,88.96,False,2026-03-17 08:51:32.116297
8,22.55,88.94,False,2026-03-17 09:51:32.116297
8,26.85,88.92,False,2026-03-17 10:51:32.116297
8,28.24,88.89,False,2026-03-17 11:51:32.116297
8,32.86,88.86,False,2026-03-17 12:51:32.116297
8,37.44,88.84,False,2026-03-17 13:51:32.116297
8,39.94,88.8,False,2026-03-17 14:51:32.116297
8,40.49,88.78,False,2026-03-17 15:51:32.116297
8,42.28,88.76,False,2026-03-17 16:51:32.116297
8,45.81,88.75,False,2026-03-17 17:51:32.116297
8,49.01,88.71,False,2026-03-17 18:51:32.116297
8,52.14,88.66,False,2026-03-17 19:51:32.116297
8,53.88,88.63,False,2026-03-17 20:51:32.116297
8,55.65,88.58,False,2026-03-17 21:51:32.116297
8,56.67,88.54,False,2026-03-17 22:51:32.116297
8,57.91,88.49,False,2026-03-17 23:51:32.116297
8,58.21,88.48,False,2026-03-18 00:51:32.116297
8,58.52,88.46,False,2026-03-18 01:51:32.116297
8,58.86,88.42,False,2026-03-18 02:51:32.116297
8,59.31,88.4,False,2026-03-18 03:51:32.116297
8,59.45,88.36,False,2026-03-18 04:51:32.116297
8,59.85,88.33,False,2026-03-18 05:51:32.116297
8,60.61,88.31,False,2026-03-18 06:51:32.116297
8,62.05,88.28,False,2026-03-18 07:51:32.116297
8,66.73,88.26,False,2026-03-18 08:51:32.116297
8,70.82,88.23,False,2026-03-18 09:51:32.116297
8,75.27,88.21,False,2026-03-18 10:51:32.116297
8,76.5,88.16,False,2026-03-18 11:51:32.116297
8,79.36,88.14,False,2026-03-18 12:51:32.116297
8,82.91,88.1,False,2026-03-18 13:51:32.116297
8,9.52,88.06,False,2026-03-18 14:51:32.116297
8,11.27,88.02,False,2026-03-18 15:51:32.116297
8,13.25,87.99,False,2026-03-18 16:51:32.116297
8,17.01,87.96,False,2026-03-18 17:51:32.116297
8,21.78,87.93,False,2026-03-18 18:51:32.116297
8,24.99,87.91,False,2026-03-18 19:51:32.116297
8,25.61,87.86,False,2026-03-18 20:51:32.116297
8,26.71,87.84,False,2026-03-18 21:51:32.116297
8,28.12,87.82,False,2026-03-18 22:51:32.116297
8,29.37,87.78,False,2026-03-18 23:51:32.116297
8,29.69,87.76,False,2026-03-19 00:51:32.116297
8,29.96,87.72,False,2026-03-19 01:51:32.116297
8,30.05,87.68,False,2026-03-19 02:51:32.116297
8,30.07,87.67,False,2026-03-19 03:51:32.116297
8,30.56,87.63,False,2026-03-19 04:51:32.116297
8,30.63,87.59,False,2026-03-19 05:51:32.116297
8,31.41,87.58,False,2026-03-19 06:51:32.116297
8,32.88,87.54,False,2026-03-19 07:51:32.116297
8,35.02,87.51,False,2026-03-19 08:51:32.116297
8,37.49,87.46,False,2026-03-19 09:51:32.116297
8,40.0,87.44,False,2026-03-19 10:51:32.116297
8,41.73,87.42,False,2026-03-19 11:51:32.116297
8,44.18,87.4,False,2026-03-19 12:51:32.116297
8,47.02,87.38,False,2026-03-19 13:51:32.116297
8,50.06,87.35,False,2026-03-19 14:51:32.116297
8,50.88,87.3,False,2026-03-19 15:51:32.116297
8,52.37,87.29,False,2026-03-19 16:51:32.116297
8,56.59,87.28,False,2026-03-19 17:51:32.116297
8,58.66,87.26,False,2026-03-19 18:51:32.116297
8,62.11,87.25,False,2026-03-19 19:51:32.116297
8,63.02,87.21,False,2026-03-19 20:51:32.116297
8,63.71,87.17,False,2026-03-19 21:51:32.116297
8,64.43,87.15,False,2026-03-19 22:51:32.116297
8,66.3,87.11,False,2026-03-19 23:51:32.116297
8,66.31,87.08,False,2026-03-20 00:51:32.116297
8,66.44,87.07,False,2026-03-20 01:51:32.116297
8,66.69,87.05,False,2026-03-20 02:51:32.116297
8,66.95,87.0,False,2026-03-20 03:51:32.116297
8,67.4,86.96,False,2026-03-20 04:51:32.116297
8,67.6,86.92,False,2026-03-20 05:51:32.116297
8,69.52,86.88,False,2026-03-20 06:51:32.116297
8,70.96,86.86,False,2026-03-20 07:51:32.116297
8,74.81,86.81,False,2026-03-20 08:51:32.116297
8,79.76,86.78,False,2026-03-20 09:51:32.116297
8,84.53,86.74,False,2026-03-20 10:51:32.116297
8,5.1,86.72,False,2026-03-20 11:51:32.116297
8,8.16,86.67,False,2026-03-20 12:51:32.116297
8,10.56,86.65,False,2026-03-20 13:51:32.116297
8,13.02,86.62,False,2026-03-20 14:51:32.116297
8,14.56,86.6,False,2026-03-20 15:51:32.116297
8,16.25,86.57,False,2026-03-20 16:51:32.116297
8,18.95,86.53,False,2026-03-20 17:51:32.116297
8,23.6,86.51,False,2026-03-20 18:51:32.116297
8,26.83,86.46,False,2026-03-20 19:51:32.116297
8,28.15,86.42,False,2026-03-20 20:51:32.116297
8,29.92,86.38,False,2026-03-20 21:51:32.116297
8,30.61,86.37,False,2026-03-20 22:51:32.116297
8,32.08,86.33,False,2026-03-20 23:51:32.116297
8,32.11,86.29,False,2026-03-21 00:51:32.116297
8,32.59,86.28,False,2026-03-21 01:51:32.116297
8,32.77,86.24,False,2026-03-21 02:51:32.116297
8,32.89,86.21,False,2026-03-21 03:51:32.116297
8,33.08,86.19,False,2026-03-21 04:51:32.116297
8,33.45,86.17,False,2026-03-21 05:51:32.116297
8,34.82,86.14,False,2026-03-21 06:51:32.116297
8,35.36,86.11,False,2026-03-21 07:51:32.116297
8,38.37,86.07,False,2026-03-21 08:51:32.116297
8,42.87,86.06,False,2026-03-21 09:51:32.116297
8,46.68,86.03,False,2026-03-21 10:51:32.116297
8,48.58,85.99,False,2026-03-21 11:51:32.116297
8,51.21,85.97,False,2026-03-21 12:51:32.116297
8,54.11,85.93,False,2026-03-21 13:51:32.116297
8,58.81,85.89,False,2026-03-21 14:51:32.116297
8,60.49,85.86,False,2026-03-21 15:51:32.116297
8,61.81,85.83,False,2026-03-21 16:51:32.116297
8,64.76,85.8,False,2026-03-21 17:51:32.116297
8,67.32,85.78,False,2026-03-21 18:51:32.116297
8,71.88,85.74,False,2026-03-21 19:51:32.116297
8,73.05,85.73,False,2026-03-21 20:51:32.116297
8,74.08,85.69,False,2026-03-21 21:51:32.116297
8,75.95,85.67,False,2026-03-21 22:51:32.116297
8,77.09,85.63,False,2026-03-21 23:51:32.116297
8,77.09,85.6,False,2026-03-22 00:51:32.116297
8,77.57,85.57,False,2026-03-22 01:51:32.116297
8,78.01,85.53,False,2026-03-22 02:51:32.116297
8,78.14,85.5,False,2026-03-22 03:51:32.116297
8,78.17,85.48,False,2026-03-22 04:51:32.116297
8,78.21,85.44,False,2026-03-22 05:51:32.116297
8,79.45,85.42,False,2026-03-22 06:51:32.116297
8,80.31,85.4,False,2026-03-22 07:51:32.116297
8,9.92,85.38,False,2026-03-22 08:51:32.116297
8,13.4,85.36,False,2026-03-22 09:51:32.116297
8,15.65,85.33,False,2026-03-22 10:51:32.116297
8,17.43,85.32,False,2026-03-22 11:51:32.116297
8,21.97,85.29,False,2026-03-22 12:51:32.116297
8,25.01,85.26,False,2026-03-22 13:51:32.116297
8,29.51,85.22,False,2026-03-22 14:51:32.116297
8,30.93,85.19,False,2026-03-22 15:51:32.116297
8,32.18,85.15,False,2026-03-22 16:51:32.116297
8,37.18,85.13,False,2026-03-22 17:51:32.116297
8,40.27,85.11,False,2026-03-22 18:51:32.116297
8,44.88,85.07,False,2026-03-22 19:51:32.116297
8,46.75,85.05,False,2026-03-22 20:51:32.116297
8,47.33,85.0,False,2026-03-22 21:51:32.116297
8,48.85,84.97,False,2026-03-22 22:51:32.116297
8,49.92,84.94,False,2026-03-22 23:51:32.116297
8,50.28,84.9,False,2026-03-23 00:51:32.116297
8,50.6,84.87,False,2026-03-23 01:51:32.116297
8,50.86,84.84,False,2026-03-23 02:51:32.116297
8,51.33,84.8,False,2026-03-23 03:51:32.116297
8,51.79,84.76,False,2026-03-23 04:51:32.116297
8,51.92,84.75,False,2026-03-23 05:51:32.116297
8,53.38,84.71,False,2026-03-23 06:51:32.116297
8,54.04,84.69,False,2026-03-23 07:51:32.116297
8,57.39,84.67,False,2026-03-23 08:51:32.116297
8,61.12,84.63,False,2026-03-23 09:51:32.116297
8,63.78,84.6,False,2026-03-23 10:51:32.116297
8,65.48,84.57,False,2026-03-23 11:51:32.116297
8,69.06,84.54,False,2026-03-23 12:51:32.116297
8,71.55,84.53,False,2026-03-23 13:51:32.116297
8,74.18,84.5,False,2026-03-23 14:51:32.116297
8,75.24,84.47,False,2026-03-23 15:51:32.116297
8,76.05,84.42,False,2026-03-23 16:51:32.116297
8,78.76,84.39,False,2026-03-23 17:51:32.116297
8,83.48,84.34,False,2026-03-23 18:51:32.116297
8,5.91,84.31,False,2026-03-23 19:51:32.116297
8,6.44,84.28,False,2026-03-23 20:51:32.116297
8,7.43,84.26,False,2026-03-23 21:51:32.116297
8,8.36,84.22,False,2026-03-23 22:51:32.116297
8,9.31,84.18,False,2026-03-23 23:51:32.116297
8,9.44,84.15,False,2026-03-24 00:51:32.116297
8,9.48,84.13,False,2026-03-24 01:51:32.116297
8,9.92,84.1,False,2026-03-24 02:51:32.116297
8,10.11,84.05,False,2026-03-24 03:51:32.116297
8,10.24,84.01,False,2026-03-24 04:51:32.116297
8,10.25,83.98,False,2026-03-24 05:51:32.116297
8,12.03,83.95,False,2026-03-24 06:51:32.116297
8,13.54,83.92,False,2026-03-24 07:51:32.116297
8,18.11,83.89,False,2026-03-24 08:51:32.116297
8,21.14,83.85,False,2026-03-24 09:51:32.116297
8,25.43,83.8,False,2026-03-24 10:51:32.116297
8,25.96,83.76,False,2026-03-24 11:51:32.116297
8,28.44,83.73,False,2026-03-24 12:51:32.116297
8,32.11,83.68,False,2026-03-24 13:51:32.116297
8,36.72,83.64,False,2026-03-24 14:51:32.116297
8,37.96,83.61,False,2026-03-24 15:51:32.116297
8,38.94,83.57,False,2026-03-24 16:51:32.116297
8,40.99,83.53,False,2026-03-24 17:51:32.116297
8,44.57,83.51,False,2026-03-24 18:51:32.116297
8,47.56,83.48,False,2026-03-24 19:51:32.116297
8,49.31,83.47,False,2026-03-24 20:51:32.116297
8,50.2,83.43,False,2026-03-24 21:51:32.116297
8,51.44,83.39,False,2026-03-24 22:51:32.116297
8,52.62,83.34,False,2026-03-24 23:51:32.116297
8,52.82,83.33,False,2026-03-25 00:51:32.116297
8,52.96,83.31,False,2026-03-25 01:51:32.116297
8,53.21,83.29,False,2026-03-25 02:51:32.116297
8,53.34,83.28,False,2026-03-25 03:51:32.116297
8,53.68,83.26,False,2026-03-25 04:51:32.116297
8,53.95,83.23,False,2026-03-25 05:51:32.116297
8,54.53,83.19,False,2026-03-25 06:51:32.116297
8,56.1,83.18,False,2026-03-25 07:51:32.116297
8,59.1,83.17,False,2026-03-25 08:51:32.116297
8,62.21,83.14,False,2026-03-25 09:51:32.116297
8,64.37,83.1,False,2026-03-25 10:51:32.116297
8,66.33,83.08,False,2026-03-25 11:51:32.116297
8,69.81,83.06,False,2026-03-25 12:51:32.116297
8,74.33,83.04,False,2026-03-25 13:51:32.116297
8,78.6,83.02,False,2026-03-25 14:51:32.116297
8,80.1,83.01,False,2026-03-25 15:51:32.116297
8,6.77,82.99,False,2026-03-25 16:51:32.116297
8,11.42,82.95,False,2026-03-25 17:51:32.116297
8,16.02,82.92,False,2026-03-25 18:51:32.116297
8,20.35,82.89,False,2026-03-25 19:51:32.116297
8,22.19,82.88,False,2026-03-25 20:51:32.116297
8,23.05,82.84,False,2026-03-25 21:51:32.116297
8,24.16,82.83,False,2026-03-25 22:51:32.116297
8,26.12,82.79,False,2026-03-25 23:51:32.116297
8,26.5,82.75,False,2026-03-26 00:51:32.116297
8,26.91,82.7,False,2026-03-26 01:51:32.116297
8,27.22,82.69,False,2026-03-26 02:51:32.116297
8,27.37,82.66,False,2026-03-26 03:51:32.116297
8,27.63,82.62,False,2026-03-26 04:51:32.116297
8,27.91,82.6,False,2026-03-26 05:51:32.116297
8,29.17,82.58,False,2026-03-26 06:51:32.116297
8,30.44,82.55,False,2026-03-26 07:51:32.116297
8,34.56,82.52,False,2026-03-26 08:51:32.116297
8,36.94,82.48,False,2026-03-26 09:51:32.116297
8,40.27,82.44,False,2026-03-26 10:51:32.116297
8,42.14,82.41,False,2026-03-26 11:51:32.116297
8,45.45,82.39,False,2026-03-26 12:51:32.116297
8,49.65,82.35,False,2026-03-26 13:51:32.116297
8,53.45,82.32,False,2026-03-26 14:51:32.116297
8,54.69,82.27,False,2026-03-26 15:51:32.116297
8,56.02,82.25,False,2026-03-26 16:51:32.116297
8,59.4,82.23,False,2026-03-26 17:51:32.116297
8,63.48,82.2,False,2026-03-26 18:51:32.116297
8,67.9,82.16,False,2026-03-26 19:51:32.116297
8,68.91,82.15,False,2026-03-26 20:51:32.116297
8,69.62,82.13,False,2026-03-26 21:51:32.116297
8,70.27,82.11,False,2026-03-26 22:51:32.116297
8,71.16,82.1,False,2026-03-26 23:51:32.116297
8,71.2,82.09,False,2026-03-27 00:51:32.116297
8,71.66,82.07,False,2026-03-27 01:51:32.116297
8,71.68,82.04,False,2026-03-27 02:51:32.116297
8,72.07,82.01,False,2026-03-27 03:51:32.116297
8,72.18,81.98,False,2026-03-27 04:51:32.116297
8,72.45,81.97,False,2026-03-27 05:51:32.116297
8,73.38,81.94,False,2026-03-27 06:51:32.116297
8,74.8,81.89,False,2026-03-27 07:51:32.116297
8,77.83,81.86,False,2026-03-27 08:51:32.116297
8,81.99,81.85,False,2026-03-27 09:51:32.116297
8,9.93,81.81,False,2026-03-27 10:51:32.116297
8,11.04,81.77,False,2026-03-27 11:51:32.116297
8,15.98,81.76,False,2026-03-27 12:51:32.116297
8,19.94,81.72,False,2026-03-27 13:51:32.116297
8,24.53,81.67,False,2026-03-27 14:51:32.116297
8,26.47,81.63,False,2026-03-27 15:51:32.116297
8,28.18,81.61,False,2026-03-27 16:51:32.116297
8,32.44,81.58,False,2026-03-27 17:51:32.116297
8,35.33,81.56,False,2026-03-27 18:51:32.116297
8,37.51,81.54,False,2026-03-27 19:51:32.116297
8,39.33,81.52,False,2026-03-27 20:51:32.116297
8,40.9,81.51,False,2026-03-27 21:51:32.116297
8,42.19,81.48,False,2026-03-27 22:51:32.116297
8,43.38,81.45,False,2026-03-27 23:51:32.116297
8,43.79,81.4,False,2026-03-28 00:51:32.116297
8,44.09,81.38,False,2026-03-28 01:51:32.116297
8,44.52,81.34,False,2026-03-28 02:51:32.116297
8,44.76,81.33,False,2026-03-28 03:51:32.116297
8,45.08,81.29,False,2026-03-28 04:51:32.116297
8,45.55,81.24,False,2026-03-28 05:51:32.116297
8,46.72,81.23,False,2026-03-28 06:51:32.116297
8,48.2,81.19,False,2026-03-28 07:51:32.116297
8,53.05,81.15,False,2026-03-28 08:51:32.116297
8,55.37,81.11,False,2026-03-28 09:51:32.116297
8,59.71,81.09,False,2026-03-28 10:51:32.116297
8,60.3,81.07,False,2026-03-28 11:51:32.116297
8,64.2,81.03,False,2026-03-28 12:51:32.116297
8,68.54,81.01,False,2026-03-28 13:51:32.116297
8,71.45,80.99,False,2026-03-28 14:51:32.116297
8,72.32,80.96,False,2026-03-28 15:51:32.116297
8,73.73,80.92,False,2026-03-28 16:51:32.116297
8,75.75,80.91,False,2026-03-28 17:51:32.116297
8,80.46,80.89,False,2026-03-28 18:51:32.116297
8,5.63,80.87,False,2026-03-28 19:51:32.116297
8,6.5,80.83,False,2026-03-28 20:51:32.116297
8,8.05,80.82,False,2026-03-28 21:51:32.116297
8,8.73,80.79,False,2026-03-28 22:51:32.116297
8,9.25,80.74,False,2026-03-28 23:51:32.116297
8,9.36,80.71,False,2026-03-29 00:51:32.116297
8,9.49,80.66,False,2026-03-29 01:51:32.116297
8,9.83,80.64,False,2026-03-29 02:51:32.116297
8,10.27,80.59,False,2026-03-29 03:51:32.116297
8,10.31,80.57,False,2026-03-29 04:51:32.116297
8,10.37,80.55,False,2026-03-29 05:51:32.116297
8,12.34,80.51,False,2026-03-29 06:51:32.116297
8,14.13,80.46,False,2026-03-29 07:51:32.116297
8,17.71,80.42,False,2026-03-29 08:51:32.116297
8,20.42,80.41,False,2026-03-29 09:51:32.116297
8,23.91,80.38,False,2026-03-29 10:51:32.116297
8,24.79,80.35,False,2026-03-29 11:51:32.116297
8,28.26,80.32,False,2026-03-29 12:51:32.116297
8,30.55,80.29,False,2026-03-29 13:51:32.116297
8,33.35,80.26,False,2026-03-29 14:51:32.116297
8,35.04,80.25,False,2026-03-29 15:51:32.116297
8,36.56,80.23,False,2026-03-29 16:51:32.116297
8,38.85,80.2,False,2026-03-29 17:51:32.116297
8,41.32,80.16,False,2026-03-29 18:51:32.116297
8,45.59,80.13,False,2026-03-29 19:51:32.116297
8,46.82,80.12,False,2026-03-29 20:51:32.116297
8,48.7,80.1,False,2026-03-29 21:51:32.116297
8,50.57,80.07,False,2026-03-29 22:51:32.116297
8,52.54,80.04,False,2026-03-29 23:51:32.116297
8,52.92,80.01,False,2026-03-30 00:51:32.116297
8,53.26,79.99,False,2026-03-30 01:51:32.116297
8,53.56,79.95,False,2026-03-30 02:51:32.116297
8,53.63,79.92,False,2026-03-30 03:51:32.116297
8,54.04,79.88,False,2026-03-30 04:51:32.116297
8,54.23,79.86,False,2026-03-30 05:51:32.116297
8,55.48,79.85,False,2026-03-30 06:51:32.116297
8,56.5,79.8,False,2026-03-30 07:51:32.116297
8,59.47,79.77,False,2026-03-30 08:51:32.116297
8,62.41,79.75,False,2026-03-30 09:51:32.116297
8,65.43,79.72,False,2026-03-30 10:51:32.116297
8,66.99,79.71,False,2026-03-30 11:51:32.116297
8,69.21,79.67,False,2026-03-30 12:51:32.116297
8,74.14,79.66,False,2026-03-30 13:51:32.116297
8,78.31,79.63,False,2026-03-30 14:51:32.116297
8,79.38,79.58,False,2026-03-30 15:51:32.116297
8,81.08,79.57,False,2026-03-30 16:51:32.116297
8,12.73,79.55,False,2026-03-30 17:51:32.116297
8,17.24,79.54,False,2026-03-30 18:51:32.116297
8,21.09,79.5,False,2026-03-30 19:51:32.116297
8,21.84,79.46,False,2026-03-30 20:51:32.116297
8,23.41,79.42,False,2026-03-30 21:51:32.116297
8,23.96,79.4,False,2026-03-30 22:51:32.116297
8,25.28,79.38,False,2026-03-30 23:51:32.116297
8,25.77,79.35,False,2026-03-31 00:51:32.116297
8,25.85,79.3,False,2026-03-31 01:51:32.116297
8,26.26,79.26,False,2026-03-31 02:51:32.116297
8,26.61,79.23,False,2026-03-31 03:51:32.116297
8,26.68,79.18,False,2026-03-31 04:51:32.116297
8,27.05,79.16,False,2026-03-31 05:51:32.116297
8,28.28,79.14,False,2026-03-31 06:51:32.116297
8,29.99,79.11,False,2026-03-31 07:51:32.116297
8,34.78,79.06,False,2026-03-31 08:51:32.116297
8,37.56,79.04,False,2026-03-31 09:51:32.116297
8,41.97,79.02,False,2026-03-31 10:51:32.116297
8,43.34,78.99,False,2026-03-31 11:51:32.116297
8,46.26,78.96,False,2026-03-31 12:51:32.116297
8,49.61,78.95,False,2026-03-31 13:51:32.116297
8,53.1,78.93,False,2026-03-31 14:51:32.116297
8,54.17,78.92,False,2026-03-31 15:51:32.116297
8,55.63,78.91,False,2026-03-31 16:51:32.116297
8,60.11,78.89,False,2026-03-31 17:51:32.116297
8,63.05,78.86,False,2026-03-31 18:51:32.116297
8,67.31,78.81,False,2026-03-31 19:51:32.116297
8,69.22,78.79,False,2026-03-31 20:51:32.116297
8,69.83,78.75,False,2026-03-31 21:51:32.116297
8,70.99,78.72,False,2026-03-31 22:51:32.116297
8,72.72,78.7,False,2026-03-31 23:51:32.116297
8,73.2,78.68,False,2026-04-01 00:51:32.116297
8,73.7,78.63,False,2026-04-01 01:51:32.116297
8,74.14,78.6,False,2026-04-01 02:51:32.116297
8,74.33,78.58,False,2026-04-01 03:51:32.116297
8,74.44,78.54,False,2026-04-01 04:51:32.116297
8,74.84,78.49,False,2026-04-01 05:51:32.116297
8,76.01,78.46,False,2026-04-01 06:51:32.116297
8,76.79,78.43,False,2026-04-01 07:51:32.116297
8,80.73,78.39,False,2026-04-01 08:51:32.116297
8,8.73,78.37,False,2026-04-01 09:51:32.116297
8,13.42,78.36,False,2026-04-01 10:51:32.116297
8,14.29,78.31,False,2026-04-01 11:51:32.116297
8,17.28,78.29,False,2026-04-01 12:51:32.116297
8,21.5,78.28,False,2026-04-01 13:51:32.116297
8,24.9,78.23,False,2026-04-01 14:51:32.116297
8,26.83,78.2,False,2026-04-01 15:51:32.116297
8,28.2,78.17,False,2026-04-01 16:51:32.116297
8,33.11,78.16,False,2026-04-01 17:51:32.116297
8,35.32,78.14,False,2026-04-01 18:51:32.116297
8,37.52,78.12,False,2026-04-01 19:51:32.116297
8,39.4,78.07,False,2026-04-01 20:51:32.116297
8,40.6,78.04,False,2026-04-01 21:51:32.116297
8,42.1,78.01,False,2026-04-01 22:51:32.116297
8,43.99,77.96,False,2026-04-01 23:51:32.116297
8,44.38,77.93,False,2026-04-02 00:51:32.116297
8,44.47,77.88,False,2026-04-02 01:51:32.116297
8,44.74,77.85,False,2026-04-02 02:51:32.116297
8,45.15,77.8,False,2026-04-02 03:51:32.116297
8,45.47,77.75,False,2026-04-02 04:51:32.116297
8,45.93,77.73,False,2026-04-02 05:51:32.116297
8,47.45,77.69,False,2026-04-02 06:51:32.116297
8,48.82,77.67,False,2026-04-02 07:51:32.116297
8,51.64,77.62,False,2026-04-02 08:51:32.116297
8,56.35,77.59,False,2026-04-02 09:51:32.116297
8,58.59,77.57,False,2026-04-02 10:51:32.116297
8,60.38,77.52,False,2026-04-02 11:51:32.116297
8,63.98,77.48,False,2026-04-02 12:51:32.116297
8,67.67,77.45,False,2026-04-02 13:51:32.116297
8,70.22,77.44,False,2026-04-02 14:51:32.116297
8,71.66,77.39,False,2026-04-02 15:51:32.116297
8,72.56,77.35,False,2026-04-02 16:51:32.116297
8,77.41,77.32,False,2026-04-02 17:51:32.116297
8,80.69,77.31,False,2026-04-02 18:51:32.116297
8,11.51,77.3,False,2026-04-02 19:51:32.116297
8,12.78,77.25,False,2026-04-02 20:51:32.116297
8,14.11,77.2,False,2026-04-02 21:51:32.116297
8,16.11,77.15,False,2026-04-02 22:51:32.116297
8,17.36,77.12,False,2026-04-02 23:51:32.116297
8,17.65,77.07,False,2026-04-03 00:51:32.116297
8,18.0,77.06,False,2026-04-03 01:51:32.116297
8,18.03,77.03,False,2026-04-03 02:51:32.116297
8,18.27,76.98,False,2026-04-03 03:51:32.116297
8,18.58,76.96,False,2026-04-03 04:51:32.116297
8,18.64,76.91,False,2026-04-03 05:51:32.116297
8,19.65,76.89,False,2026-04-03 06:51:32.116297
8,20.49,76.85,False,2026-04-03 07:51:32.116297
8,25.24,76.83,False,2026-04-03 08:51:32.116297
8,29.21,76.8,False,2026-04-03 09:51:32.116297
8,31.47,76.76,False,2026-04-03 10:51:32.116297
8,32.39,76.71,False,2026-04-03 11:51:32.116297
8,34.85,76.69,False,2026-04-03 12:51:32.116297
8,39.72,76.67,False,2026-04-03 13:51:32.116297
8,42.99,76.63,False,2026-04-03 14:51:32.116297
8,44.35,76.61,False,2026-04-03 15:51:32.116297
8,46.06,76.6,False,2026-04-03 16:51:32.116297
8,48.42,76.56,False,2026-04-03 17:51:32.116297
8,50.69,76.55,False,2026-04-03 18:51:32.116297
8,53.08,76.53,False,2026-04-03 19:51:32.116297
8,54.3,76.49,False,2026-04-03 20:51:32.116297
8,55.64,76.47,False,2026-04-03 21:51:32.116297
8,56.68,76.44,False,2026-04-03 22:51:32.116297
8,57.9,76.43,False,2026-04-03 23:51:32.116297
8,57.91,76.4,False,2026-04-04 00:51:32.116297
8,58.31,76.39,False,2026-04-04 01:51:32.116297
8,58.71,76.38,False,2026-04-04 02:51:32.116297
8,59.08,76.33,False,2026-04-04 03:51:32.116297
8,59.25,76.3,False,2026-04-04 04:51:32.116297
8,59.71,76.28,False,2026-04-04 05:51:32.116297
8,60.73,76.23,False,2026-04-04 06:51:32.116297
8,61.66,76.21,False,2026-04-04 07:51:32.116297
8,66.34,76.2,False,2026-04-04 08:51:32.116297
8,69.16,76.18,False,2026-04-04 09:51:32.116297
8,71.94,76.17,False,2026-04-04 10:51:32.116297
8,72.84,76.15,False,2026-04-04 11:51:32.116297
8,76.71,76.11,False,2026-04-04 12:51:32.116297
8,80.21,76.08,False,2026-04-04 13:51:32.116297
8,11.22,76.06,False,2026-04-04 14:51:32.116297
8,12.42,76.04,False,2026-04-04 15:51:32.116297
8,13.62,76.0,False,2026-04-04 16:51:32.116297
8,17.17,75.98,False,2026-04-04 17:51:32.116297
8,20.47,75.94,False,2026-04-04 18:51:32.116297
8,24.28,75.92,False,2026-04-04 19:51:32.116297
8,25.66,75.91,False,2026-04-04 20:51:32.116297
8,26.19,75.9,False,2026-04-04 21:51:32.116297
8,26.89,75.88,False,2026-04-04 22:51:32.116297
8,28.88,75.86,False,2026-04-04 23:51:32.116297
8,29.12,75.81,False,2026-04-05 00:51:32.116297
8,29.4,75.8,False,2026-04-05 01:51:32.116297
8,29.64,75.78,False,2026-04-05 02:51:32.116297
8,29.76,75.76,False,2026-04-05 03:51:32.116297
8,29.8,75.72,False,2026-04-05 04:51:32.116297
8,30.02,75.68,False,2026-04-05 05:51:32.116297
8,31.9,75.65,False,2026-04-05 06:51:32.116297
8,33.42,75.63,False,2026-04-05 07:51:32.116297
8,37.49,75.58,False,2026-04-05 08:51:32.116297
8,39.63,75.55,False,2026-04-05 09:51:32.116297
8,42.08,75.52,False,2026-04-05 10:51:32.116297
8,43.26,75.49,False,2026-04-05 11:51:32.116297
8,46.72,75.48,False,2026-04-05 12:51:32.116297
8,50.16,75.44,False,2026-04-05 13:51:32.116297
8,54.91,75.43,False,2026-04-05 14:51:32.116297
8,56.21,75.4,False,2026-04-05 15:51:32.116297
8,58.16,75.38,False,2026-04-05 16:51:32.116297
8,60.34,75.37,False,2026-04-05 17:51:32.116297
8,63.68,75.36,False,2026-04-05 18:51:32.116297
8,68.63,75.32,False,2026-04-05 19:51:32.116297
8,70.46,75.3,False,2026-04-05 20:51:32.116297
8,71.53,75.27,False,2026-04-05 21:51:32.116297
8,73.17,75.24,False,2026-04-05 22:51:32.116297
8,74.43,75.21,False,2026-04-05 23:51:32.116297
8,74.56,75.18,False,2026-04-06 00:51:32.116297
8,74.93,75.16,False,2026-04-06 01:51:32.116297
8,75.35,75.12,False,2026-04-06 02:51:32.116297
8,75.6,75.11,False,2026-04-06 03:51:32.116297
8,75.67,75.06,False,2026-04-06 04:51:32.116297
8,76.01,75.03,False,2026-04-06 05:51:32.116297
8,76.63,74.99,False,2026-04-06 06:51:32.116297
8,77.86,74.97,False,2026-04-06 07:51:32.116297
8,80.04,74.94,False,2026-04-06 08:51:32.116297
8,13.64,74.9,False,2026-04-06 09:51:32.116297
8,16.75,74.85,False,2026-04-06 10:51:32.116297
8,18.56,74.81,False,2026-04-06 11:51:32.116297
8,20.62,74.78,False,2026-04-06 12:51:32.116297
8,23.67,74.75,False,2026-04-06 13:51:32.116297
8,26.67,74.72,False,2026-04-06 14:51:32.116297
8,28.4,74.69,False,2026-04-06 15:51:32.116297
8,29.6,74.65,False,2026-04-06 16:51:32.116297
8,33.59,74.64,False,2026-04-06 17:51:32.116297
8,36.39,74.59,False,2026-04-06 18:51:32.116297
8,39.63,74.55,False,2026-04-06 19:51:32.116297
8,40.31,74.52,False,2026-04-06 20:51:32.116297
8,42.27,74.49,False,2026-04-06 21:51:32.116297
8,43.94,74.45,False,2026-04-06 22:51:32.116297
8,44.93,74.42,False,2026-04-06 23:51:32.116297
8,45.06,74.37,False,2026-04-07 00:51:32.116297
8,45.07,74.35,False,2026-04-07 01:51:32.116297
8,45.24,74.32,False,2026-04-07 02:51:32.116297
8,45.45,74.31,False,2026-04-07 03:51:32.116297
8,45.86,74.28,False,2026-04-07 04:51:32.116297
8,46.33,74.26,False,2026-04-07 05:51:32.116297
8,47.8,74.24,False,2026-04-07 06:51:32.116297
8,49.28,74.22,False,2026-04-07 07:51:32.116297
8,53.43,74.19,False,2026-04-07 08:51:32.116297
8,56.15,74.17,False,2026-04-07 09:51:32.116297
8,59.48,74.14,False,2026-04-07 10:51:32.116297
8,61.24,74.1,False,2026-04-07 11:51:32.116297
8,65.48,74.08,False,2026-04-07 12:51:32.116297
8,68.14,74.04,False,2026-04-07 13:51:32.116297
8,70.31,74.0,False,2026-04-07 14:51:32.116297
8,71.23,73.97,False,2026-04-07 15:51:32.116297
8,72.69,73.94,False,2026-04-07 16:51:32.116297
8,75.83,73.92,False,2026-04-07 17:51:32.116297
8,78.06,73.87,False,2026-04-07 18:51:32.116297
8,81.55,73.85,False,2026-04-07 19:51:32.116297
8,8.39,73.82,False,2026-04-07 20:51:32.116297
8,9.53,73.79,False,2026-04-07 21:51:32.116297
8,10.2,73.78,False,2026-04-07 22:51:32.116297
8,11.84,73.74,False,2026-04-07 23:51:32.116297
8,12.27,73.72,False,2026-04-08 00:51:32.116297
8,12.63,73.69,False,2026-04-08 01:51:32.116297
8,12.87,73.64,False,2026-04-08 02:51:32.116297
8,13.04,73.62,False,2026-04-08 03:51:32.116297
8,13.11,73.58,False,2026-04-08 04:51:32.116297
8,13.47,73.57,False,2026-04-08 05:51:32.116297
8,15.43,73.54,False,2026-04-08 06:51:32.116297
8,16.55,73.5,False,2026-04-08 07:51:32.116297
8,21.13,73.46,False,2026-04-08 08:51:32.116297
8,24.46,73.43,False,2026-04-08 09:51:32.116297
8,28.03,73.41,False,2026-04-08 10:51:32.116297
8,28.71,73.36,False,2026-04-08 11:51:32.116297
8,31.42,73.35,False,2026-04-08 12:51:32.116297
8,35.78,73.34,False,2026-04-08 13:51:32.116297
8,38.95,73.3,False,2026-04-08 14:51:32.116297
8,40.91,73.25,False,2026-04-08 15:51:32.116297
8,42.12,73.23,False,2026-04-08 16:51:32.116297
8,44.83,73.21,False,2026-04-08 17:51:32.116297
8,48.74,73.17,False,2026-04-08 18:51:32.116297
8,51.94,73.13,False,2026-04-08 19:51:32.116297
8,53.02,73.11,False,2026-04-08 20:51:32.116297
8,54.0,73.1,False,2026-04-08 21:51:32.116297
8,55.33,73.07,False,2026-04-08 22:51:32.116297
8,57.1,73.03,False,2026-04-08 23:51:32.116297
8,57.14,73.02,False,2026-04-09 00:51:32.116297
8,57.49,72.99,False,2026-04-09 01:51:32.116297
8,57.61,72.95,False,2026-04-09 02:51:32.116297
8,57.94,72.94,False,2026-04-09 03:51:32.116297
8,58.37,72.92,False,2026-04-09 04:51:32.116297
8,58.63,72.9,False,2026-04-09 05:51:32.116297
8,60.46,72.88,False,2026-04-09 06:51:32.116297
8,61.31,72.84,False,2026-04-09 07:51:32.116297
8,65.64,72.8,False,2026-04-09 08:51:32.116297
8,69.75,72.78,False,2026-04-09 09:51:32.116297
8,74.64,72.76,False,2026-04-09 10:51:32.116297
8,75.8,72.75,False,2026-04-09 11:51:32.116297
8,78.37,72.73,False,2026-04-09 12:51:32.116297
8,83.29,72.72,False,2026-04-09 13:51:32.116297
8,5.99,72.7,False,2026-04-09 14:51:32.116297
8,7.4,72.66,False,2026-04-09 15:51:32.116297
8,9.39,72.62,False,2026-04-09 16:51:32.116297
8,12.8,72.59,False,2026-04-09 17:51:32.116297
8,17.67,72.56,False,2026-04-09 18:51:32.116297
8,20.83,72.53,False,2026-04-09 19:51:32.116297
8,22.03,72.51,False,2026-04-09 20:51:32.116297
8,23.35,72.5,False,2026-04-09 21:51:32.116297
8,23.88,72.46,False,2026-04-09 22:51:32.116297
8,25.71,72.42,False,2026-04-09 23:51:32.116297
8,26.02,72.39,False,2026-04-10 00:51:32.116297
8,26.17,72.36,False,2026-04-10 01:51:32.116297
8,26.23,72.31,False,2026-04-10 02:51:32.116297
8,26.3,72.3,False,2026-04-10 03:51:32.116297
8,26.48,72.26,False,2026-04-10 04:51:32.116297
8,26.82,72.25,False,2026-04-10 05:51:32.116297
8,27.89,72.2,False,2026-04-10 06:51:32.116297
8,29.14,72.18,False,2026-04-10 07:51:32.116297
8,33.12,72.17,False,2026-04-10 08:51:32.116297
8,37.91,72.12,False,2026-04-10 09:51:32.116297
8,40.06,72.07,False,2026-04-10 10:51:32.116297
8,40.93,72.03,False,2026-04-10 11:51:32.116297
8,43.1,72.02,False,2026-04-10 12:51:32.116297
8,47.68,71.99,False,2026-04-10 13:51:32.116297
8,52.11,71.95,False,2026-04-10 14:51:32.116297
8,54.02,71.92,False,2026-04-10 15:51:32.116297
8,55.57,71.89,False,2026-04-10 16:51:32.116297
8,59.59,71.86,False,2026-04-10 17:51:32.116297
8,63.08,71.82,False,2026-04-10 18:51:32.116297
8,65.48,71.77,False,2026-04-10 19:51:32.116297
8,67.13,71.75,False,2026-04-10 20:51:32.116297
8,68.87,71.72,False,2026-04-10 21:51:32.116297
8,70.2,71.71,False,2026-04-10 22:51:32.116297
8,72.13,71.67,False,2026-04-10 23:51:32.116297
8,72.32,71.63,False,2026-04-11 00:51:32.116297
8,72.46,71.59,False,2026-04-11 01:51:32.116297
8,72.93,71.58,False,2026-04-11 02:51:32.116297
8,73.22,71.54,False,2026-04-11 03:51:32.116297
8,73.23,71.52,False,2026-04-11 04:51:32.116297
8,73.33,71.49,False,2026-04-11 05:51:32.116297
8,74.28,71.47,False,2026-04-11 06:51:32.116297
8,75.37,71.46,False,2026-04-11 07:51:32.116297
8,78.8,71.41,False,2026-04-11 08:51:32.116297
8,81.85,71.38,False,2026-04-11 09:51:32.116297
8,6.72,71.35,False,2026-04-11 10:51:32.116297
8,8.17,71.32,False,2026-04-11 11:51:32.116297
8,11.57,71.3,False,2026-04-11 12:51:32.116297
8,16.09,71.28,False,2026-04-11 13:51:32.116297
8,18.67,71.24,False,2026-04-11 14:51:32.116297
8,20.12,71.21,False,2026-04-11 15:51:32.116297
8,21.46,71.18,False,2026-04-11 16:51:32.116297
8,24.74,71.15,False,2026-04-11 17:51:32.116297
8,28.68,71.11,False,2026-04-11 18:51:32.116297
8,32.91,71.07,False,2026-04-11 19:51:32.116297
8,34.71,71.05,False,2026-04-11 20:51:32.116297
8,36.64,71.04,False,2026-04-11 21:51:32.116297
8,38.12,71.02,False,2026-04-11 22:51:32.116297
8,38.92,70.99,False,2026-04-11 23:51:32.116297
8,39.2,70.94,False,2026-04-12 00:51:32.116297
8,39.68,70.93,False,2026-04-12 01:51:32.116297
8,40.17,70.9,False,2026-04-12 02:51:32.116297
8,40.43,70.87,False,2026-04-12 03:51:32.116297
8,40.57,70.84,False,2026-04-12 04:51:32.116297
8,41.0,70.83,False,2026-04-12 05:51:32.116297
8,42.67,70.79,False,2026-04-12 06:51:32.116297
8,44.42,70.76,False,2026-04-12 07:51:32.116297
8,49.27,70.75,False,2026-04-12 08:51:32.116297
8,52.28,70.7,False,2026-04-12 09:51:32.116297
8,56.93,70.68,False,2026-04-12 10:51:32.116297
8,58.64,70.64,False,2026-04-12 11:51:32.116297
8,61.19,70.63,False,2026-04-12 12:51:32.116297
8,63.41,70.58,False,2026-04-12 13:51:32.116297
8,67.69,70.54,False,2026-04-12 14:51:32.116297
8,68.47,70.51,False,2026-04-12 15:51:32.116297
8,70.26,70.47,False,2026-04-12 16:51:32.116297
8,74.17,70.46,False,2026-04-12 17:51:32.116297
8,77.39,70.45,False,2026-04-12 18:51:32.116297
8,81.15,70.4,False,2026-04-12 19:51:32.116297
8,8.57,70.35,False,2026-04-12 20:51:32.116297
8,10.01,70.31,False,2026-04-12 21:51:32.116297
8,11.77,70.28,False,2026-04-12 22:51:32.116297
8,12.55,70.25,False,2026-04-12 23:51:32.116297
8,12.75,70.22,False,2026-04-13 00:51:32.116297
8,12.96,70.18,False,2026-04-13 01:51:32.116297
8,13.32,70.15,False,2026-04-13 02:51:32.116297
8,13.57,70.12,False,2026-04-13 03:51:32.116297
8,13.88,70.1,False,2026-04-13 04:51:32.116297
8,14.03,70.09,False,2026-04-13 05:51:32.116297
8,15.32,70.04,False,2026-04-13 06:51:32.116297
8,16.97,69.99,False,2026-04-13 07:51:32.116297
8,21.4,69.95,False,2026-04-13 08:51:32.116297
8,24.89,69.92,False,2026-04-13 09:51:32.116297
8,27.91,69.91,False,2026-04-13 10:51:32.116297
8,28.89,69.89,False,2026-04-13 11:51:32.116297
8,33.66,69.84,False,2026-04-13 12:51:32.116297
8,37.51,69.8,False,2026-04-13 13:51:32.116297
8,39.65,69.79,False,2026-04-13 14:51:32.116297
8,41.16,69.78,False,2026-04-13 15:51:32.116297
8,42.36,69.74,False,2026-04-13 16:51:32.116297
8,47.01,69.7,False,2026-04-13 17:51:32.116297
8,49.63,69.66,False,2026-04-13 18:51:32.116297
8,52.33,69.63,False,2026-04-13 19:51:32.116297
8,53.11,69.62,False,2026-04-13 20:51:32.116297
8,54.03,69.6,False,2026-04-13 21:51:32.116297
8,55.86,69.56,False,2026-04-13 22:51:32.116297
8,56.6,69.51,False,2026-04-13 23:51:32.116297
8,56.71,69.49,False,2026-04-14 00:51:32.116297
8,56.8,69.45,False,2026-04-14 01:51:32.116297
8,57.18,69.4,False,2026-04-14 02:51:32.116297
8,57.35,69.38,False,2026-04-14 03:51:32.116297
8,57.61,69.33,False,2026-04-14 04:51:32.116297
8,57.79,69.32,False,2026-04-14 05:51:32.116297
8,59.57,69.31,False,2026-04-14 06:51:32.116297
8,60.62,69.28,False,2026-04-14 07:51:32.116297
8,64.38,69.24,False,2026-04-14 08:51:32.116297
8,66.99,69.21,False,2026-04-14 09:51:32.116297
8,69.67,69.18,False,2026-04-14 10:51:32.116297
8,70.19,69.16,False,2026-04-14 11:51:32.116297
8,73.63,69.14,False,2026-04-14 12:51:32.116297
8,77.43,69.09,False,2026-04-14 13:51:32.116297
8,81.01,69.07,False,2026-04-14 14:51:32.116297
8,10.19,69.03,False,2026-04-14 15:51:32.116297
8,11.59,69.01,False,2026-04-14 16:51:32.116297
8,13.82,69.0,False,2026-04-14 17:51:32.116297
8,16.15,68.95,False,2026-04-14 18:51:32.116297
8,19.67,68.9,False,2026-04-14 19:51:32.116297
8,21.34,68.86,False,2026-04-14 20:51:32.116297
8,22.8,68.82,False,2026-04-14 21:51:32.116297
8,24.42,68.77,False,2026-04-14 22:51:32.116297
8,26.17,68.75,False,2026-04-14 23:51:32.116297
8,26.22,68.71,False,2026-04-15 00:51:32.116297
8,26.3,68.66,False,2026-04-15 01:51:32.116297
8,26.35,68.63,False,2026-04-15 02:51:32.116297
8,26.6,68.62,False,2026-04-15 03:51:32.116297
8,26.99,68.58,False,2026-04-15 04:51:32.116297
8,27.29,68.57,False,2026-04-15 05:51:32.116297
8,28.48,68.54,False,2026-04-15 06:51:32.116297
8,29.07,68.5,False,2026-04-15 07:51:32.116297
8,32.44,68.46,False,2026-04-15 08:51:32.116297
8,36.18,68.42,False,2026-04-15 09:51:32.116297
8,40.77,68.41,False,2026-04-15 10:51:32.116297
8,41.85,68.38,False,2026-04-15 11:51:32.116297
8,45.23,68.34,False,2026-04-15 12:51:32.116297
8,47.93,68.3,False,2026-04-15 13:51:32.116297
8,52.25,68.27,False,2026-04-15 14:51:32.116297
8,53.67,68.24,False,2026-04-15 15:51:32.116297
8,54.47,68.19,False,2026-04-15 16:51:32.116297
8,56.87,68.18,False,2026-04-15 17:51:32.116297
8,60.19,68.15,False,2026-04-15 18:51:32.116297
8,63.13,68.14,False,2026-04-15 19:51:32.116297
8,64.27,68.11,False,2026-04-15 20:51:32.116297
8,66.26,68.09,False,2026-04-15 21:51:32.116297
8,67.26,68.08,False,2026-04-15 22:51:32.116297
8,68.59,68.06,False,2026-04-15 23:51:32.116297
8,68.76,68.03,False,2026-04-16 00:51:32.116297
8,68.8,68.01,False,2026-04-16 01:51:32.116297
8,68.97,67.98,False,2026-04-16 02:51:32.116297
8,69.16,67.96,False,2026-04-16 03:51:32.116297
8,69.43,67.91,False,2026-04-16 04:51:32.116297
8,69.76,67.87,False,2026-04-16 05:51:32.116297
8,70.36,67.83,False,2026-04-16 06:51:32.116297
8,72.34,67.82,False,2026-04-16 07:51:32.116297
8,75.75,67.78,False,2026-04-16 08:51:32.116297
8,78.68,67.73,False,2026-04-16 09:51:32.116297
8,80.99,67.72,False,2026-04-16 10:51:32.116297
8,10.8,67.68,False,2026-04-16 11:51:32.116297
8,14.22,67.65,False,2026-04-16 12:51:32.116297
8,18.48,67.62,False,2026-04-16 13:51:32.116297
8,22.3,67.6,False,2026-04-16 14:51:32.116297
8,24.15,67.59,False,2026-04-16 15:51:32.116297
8,24.85,67.56,False,2026-04-16 16:51:32.116297
8,27.49,67.52,False,2026-04-16 17:51:32.116297
8,31.23,67.48,False,2026-04-16 18:51:32.116297
8,33.37,67.44,False,2026-04-16 19:51:32.116297
8,35.29,67.43,False,2026-04-16 20:51:32.116297
8,36.91,67.39,False,2026-04-16 21:51:32.116297
8,38.41,67.38,False,2026-04-16 22:51:32.116297
8,39.55,67.33,False,2026-04-16 23:51:32.116297
8,39.93,67.31,False,2026-04-17 00:51:32.116297
8,40.3,67.29,False,2026-04-17 01:51:32.116297
8,40.52,67.25,False,2026-04-17 02:51:32.116297
8,40.77,67.23,False,2026-04-17 03:51:32.116297
8,41.14,67.2,False,2026-04-17 04:51:32.116297
8,41.41,67.18,False,2026-04-17 05:51:32.116297
8,43.04,67.17,False,2026-04-17 06:51:32.116297
8,44.43,67.16,False,2026-04-17 07:51:32.116297
8,46.61,67.14,False,2026-04-17 08:51:32.116297
8,49.29,67.11,False,2026-04-17 09:51:32.116297
8,52.62,67.07,False,2026-04-17 10:51:32.116297
8,53.46,67.05,False,2026-04-17 11:51:32.116297
8,56.39,67.01,False,2026-04-17 12:51:32.116297
8,60.15,66.96,False,2026-04-17 13:51:32.116297
8,63.74,66.95,False,2026-04-17 14:51:32.116297
8,64.69,66.91,False,2026-04-17 15:51:32.116297
8,66.55,66.89,False,2026-04-17 16:51:32.116297
8,69.18,66.86,False,2026-04-17 17:51:32.116297
8,73.27,66.84,False,2026-04-17 18:51:32.116297
8,75.74,66.81,False,2026-04-17 19:51:32.116297
8,77.24,66.78,False,2026-04-17 20:51:32.116297
8,78.12,66.76,False,2026-04-17 21:51:32.116297
8,79.33,66.74,False,2026-04-17 22:51:32.116297
8,80.93,66.72,False,2026-04-17 23:51:32.116297
8,8.63,66.67,False,2026-04-18 00:51:32.116297
8,8.88,66.64,False,2026-04-18 01:51:32.116297
8,9.24,66.63,False,2026-04-18 02:51:32.116297
8,9.25,66.61,False,2026-04-18 03:51:32.116297
8,9.72,66.59,False,2026-04-18 04:51:32.116297
8,9.91,66.55,False,2026-04-18 05:51:32.116297
8,11.59,66.52,False,2026-04-18 06:51:32.116297
8,13.57,66.47,False,2026-04-18 07:51:32.116297
8,17.59,66.46,False,2026-04-18 08:51:32.116297
8,21.19,66.43,False,2026-04-18 09:51:32.116297
8,26.11,66.4,False,2026-04-18 10:51:32.116297
8,27.78,66.38,False,2026-04-18 11:51:32.116297
8,32.19,66.34,False,2026-04-18 12:51:32.116297
8,34.52,66.32,False,2026-04-18 13:51:32.116297
8,38.92,66.27,False,2026-04-18 14:51:32.116297
8,39.57,66.23,False,2026-04-18 15:51:32.116297
8,40.13,66.2,False,2026-04-18 16:51:32.116297
8,44.42,66.17,False,2026-04-18 17:51:32.116297
8,47.47,66.14,False,2026-04-18 18:51:32.116297
8,50.1,66.11,False,2026-04-18 19:51:32.116297
8,51.92,66.07,False,2026-04-18 20:51:32.116297
8,52.67,66.05,False,2026-04-18 21:51:32.116297
8,53.21,66.03,False,2026-04-18 22:51:32.116297
8,55.13,65.99,False,2026-04-18 23:51:32.116297
8,55.3,65.97,False,2026-04-19 00:51:32.116297
8,55.38,65.94,False,2026-04-19 01:51:32.116297
8,55.5,65.91,False,2026-04-19 02:51:32.116297
8,55.62,65.86,False,2026-04-19 03:51:32.116297
8,55.89,65.83,False,2026-04-19 04:51:32.116297
8,56.28,65.79,False,2026-04-19 05:51:32.116297
8,57.88,65.76,False,2026-04-19 06:51:32.116297
8,58.69,65.75,False,2026-04-19 07:51:32.116297
8,63.11,65.73,False,2026-04-19 08:51:32.116297
8,66.82,65.7,False,2026-04-19 09:51:32.116297
8,70.44,65.69,False,2026-04-19 10:51:32.116297
8,71.99,65.66,False,2026-04-19 11:51:32.116297
8,76.32,65.62,False,2026-04-19 12:51:32.116297
8,79.45,65.58,False,2026-04-19 13:51:32.116297
8,83.19,65.55,False,2026-04-19 14:51:32.116297
8,10.61,65.53,False,2026-04-19 15:51:32.116297
8,12.29,65.5,False,2026-04-19 16:51:32.116297
8,16.55,65.47,False,2026-04-19 17:51:32.116297
8,19.27,65.44,False,2026-04-19 18:51:32.116297
8,22.79,65.42,False,2026-04-19 19:51:32.116297
8,23.61,65.41,False,2026-04-19 20:51:32.116297
8,24.94,65.37,False,2026-04-19 21:51:32.116297
8,26.53,65.33,False,2026-04-19 22:51:32.116297
8,28.4,65.31,False,2026-04-19 23:51:32.116297
8,28.78,65.28,False,2026-04-20 00:51:32.116297
8,29.1,65.24,False,2026-04-20 01:51:32.116297
8,29.6,65.19,False,2026-04-20 02:51:32.116297
8,29.97,65.17,False,2026-04-20 03:51:32.116297
8,30.2,65.14,False,2026-04-20 04:51:32.116297
8,30.57,65.09,False,2026-04-20 05:51:32.116297
8,31.38,65.05,False,2026-04-20 06:51:32.116297
8,33.13,65.02,False,2026-04-20 07:51:32.116297
8,35.86,65.0,False,2026-04-20 08:51:32.116297
8,40.09,64.97,False,2026-04-20 09:51:32.116297
8,43.03,64.93,False,2026-04-20 10:51:32.116297
8,44.67,64.91,False,2026-04-20 11:51:32.116297
8,47.89,64.89,False,2026-04-20 12:51:32.116297
8,51.59,64.87,False,2026-04-20 13:51:32.116297
8,56.39,64.83,False,2026-04-20 14:51:32.116297
8,58.27,64.79,False,2026-04-20 15:51:32.116297
8,59.93,64.77,False,2026-04-20 16:51:32.116297
8,63.91,64.75,False,2026-04-20 17:51:32.116297
8,68.91,64.73,False,2026-04-20 18:51:32.116297
8,73.75,64.69,False,2026-04-20 19:51:32.116297
8,75.69,64.66,False,2026-04-20 20:51:32.116297
8,76.95,64.62,False,2026-04-20 21:51:32.116297
8,78.91,64.57,False,2026-04-20 22:51:32.116297
8,80.82,64.54,False,2026-04-20 23:51:32.116297
8,7.85,64.52,False,2026-04-21 00:51:32.116297
8,8.22,64.51,False,2026-04-21 01:51:32.116297
8,8.66,64.47,False,2026-04-21 02:51:32.116297
8,9.0,64.45,False,2026-04-21 03:51:32.116297
8,9.39,64.42,False,2026-04-21 04:51:32.116297
8,9.51,64.41,False,2026-04-21 05:51:32.116297
8,10.82,64.37,False,2026-04-21 06:51:32.116297
8,12.49,64.34,False,2026-04-21 07:51:32.116297
8,15.0,64.33,False,2026-04-21 08:51:32.116297
8,18.67,64.32,False,2026-04-21 09:51:32.116297
8,21.74,64.28,False,2026-04-21 10:51:32.116297
8,22.32,64.26,False,2026-04-21 11:51:32.116297
8,25.38,64.22,False,2026-04-21 12:51:32.116297
8,29.44,64.2,False,2026-04-21 13:51:32.116297
8,31.53,64.15,False,2026-04-21 14:51:32.116297
8,32.66,64.14,False,2026-04-21 15:51:32.116297
8,33.73,64.13,False,2026-04-21 16:51:32.116297
8,36.41,64.11,False,2026-04-21 17:51:32.116297
8,41.4,64.09,False,2026-04-21 18:51:32.116297
8,43.74,64.06,False,2026-04-21 19:51:32.116297
8,44.3,64.05,False,2026-04-21 20:51:32.116297
8,45.95,64.03,False,2026-04-21 21:51:32.116297
8,46.74,64.0,False,2026-04-21 22:51:32.116297
8,48.1,63.98,False,2026-04-21 23:51:32.116297
8,48.32,63.93,False,2026-04-22 00:51:32.116297
8,48.42,63.92,False,2026-04-22 01:51:32.116297
8,48.71,63.89,False,2026-04-22 02:51:32.116297
8,49.21,63.87,False,2026-04-22 03:51:32.116297
8,49.44,63.86,False,2026-04-22 04:51:32.116297
8,49.44,63.83,False,2026-04-22 05:51:32.116297
8,50.87,63.78,False,2026-04-22 06:51:32.116297
8,51.84,63.76,False,2026-04-22 07:51:32.116297
8,55.0,63.73,False,2026-04-22 08:51:32.116297
8,59.55,63.68,False,2026-04-22 09:51:32.116297
8,63.11,63.65,False,2026-04-22 10:51:32.116297
8,63.9,63.63,False,2026-04-22 11:51:32.116297
8,68.31,63.61,False,2026-04-22 12:51:32.116297
8,70.91,63.57,False,2026-04-22 13:51:32.116297
8,75.46,63.53,False,2026-04-22 14:51:32.116297
8,76.41,63.49,False,2026-04-22 15:51:32.116297
8,78.35,63.46,False,2026-04-22 16:51:32.116297
8,81.07,63.41,False,2026-04-22 17:51:32.116297
8,8.22,63.37,False,2026-04-22 18:51:32.116297
8,12.12,63.36,False,2026-04-22 19:51:32.116297
8,13.68,63.33,False,2026-04-22 20:51:32.116297
8,15.53,63.29,False,2026-04-22 21:51:32.116297
8,16.66,63.27,False,2026-04-22 22:51:32.116297
8,17.45,63.23,False,2026-04-22 23:51:32.116297
8,17.52,63.19,False,2026-04-23 00:51:32.116297
8,17.84,63.14,False,2026-04-23 01:51:32.116297
8,18.32,63.12,False,2026-04-23 02:51:32.116297
8,18.61,63.08,False,2026-04-23 03:51:32.116297
8,18.91,63.04,False,2026-04-23 04:51:32.116297
8,19.31,63.01,False,2026-04-23 05:51:32.116297
8,21.12,62.98,False,2026-04-23 06:51:32.116297
8,22.7,62.96,False,2026-04-23 07:51:32.116297
8,25.08,62.93,False,2026-04-23 08:51:32.116297
8,27.52,62.9,False,2026-04-23 09:51:32.116297
8,30.03,62.88,False,2026-04-23 10:51:32.116297
8,31.24,62.84,False,2026-04-23 11:51:32.116297
8,33.52,62.79,False,2026-04-23 12:51:32.116297
8,37.47,62.77,False,2026-04-23 13:51:32.116297
8,41.5,62.76,False,2026-04-23 14:51:32.116297
8,42.11,62.71,False,2026-04-23 15:51:32.116297
8,43.62,62.69,False,2026-04-23 16:51:32.116297
8,47.05,62.67,False,2026-04-23 17:51:32.116297
8,52.03,62.63,False,2026-04-23 18:51:32.116297
8,56.97,62.61,False,2026-04-23 19:51:32.116297
8,57.75,62.57,False,2026-04-23 20:51:32.116297
8,59.56,62.53,False,2026-04-23 21:51:32.116297
8,60.89,62.52,False,2026-04-23 22:51:32.116297
8,62.8,62.48,False,2026-04-23 23:51:32.116297
8,62.94,62.46,False,2026-04-24 00:51:32.116297
8,63.38,62.42,False,2026-04-24 01:51:32.116297
8,63.67,62.39,False,2026-04-24 02:51:32.116297
8,63.84,62.38,False,2026-04-24 03:51:32.116297
8,64.33,62.36,False,2026-04-24 04:51:32.116297
8,64.56,62.32,False,2026-04-24 05:51:32.116297
8,65.08,62.29,False,2026-04-24 06:51:32.116297
8,66.08,62.24,False,2026-04-24 07:51:32.116297
8,70.19,62.21,False,2026-04-24 08:51:32.116297
8,73.84,62.18,False,2026-04-24 09:51:32.116297
8,77.23,62.15,False,2026-04-24 10:51:32.116297
8,78.33,62.11,False,2026-04-24 11:51:32.116297
8,80.52,62.09,False,2026-04-24 12:51:32.116297
8,10.5,62.07,False,2026-04-24 13:51:32.116297
8,15.15,62.04,False,2026-04-24 14:51:32.116297
8,15.95,62.01,False,2026-04-24 15:51:32.116297
8,17.84,61.96,False,2026-04-24 16:51:32.116297
8,20.83,61.91,False,2026-04-24 17:51:32.116297
8,25.58,61.87,False,2026-04-24 18:51:32.116297
8,29.09,61.85,False,2026-04-24 19:51:32.116297
8,30.21,61.84,False,2026-04-24 20:51:32.116297
8,32.07,61.83,False,2026-04-24 21:51:32.116297
8,33.3,61.8,False,2026-04-24 22:51:32.116297
8,33.98,61.75,False,2026-04-24 23:51:32.116297
8,34.13,61.74,False,2026-04-25 00:51:32.116297
8,34.36,61.73,False,2026-04-25 01:51:32.116297
8,34.66,61.71,False,2026-04-25 02:51:32.116297
8,35.14,61.68,False,2026-04-25 03:51:32.116297
8,35.47,61.66,False,2026-04-25 04:51:32.116297
8,35.5,61.64,False,2026-04-25 05:51:32.116297
8,37.36,61.59,False,2026-04-25 06:51:32.116297
8,39.3,61.54,False,2026-04-25 07:51:32.116297
8,42.63,61.5,False,2026-04-25 08:51:32.116297
8,47.09,61.48,False,2026-04-25 09:51:32.116297
8,50.97,61.44,False,2026-04-25 10:51:32.116297
8,52.31,61.42,False,2026-04-25 11:51:32.116297
8,56.11,61.37,False,2026-04-25 12:51:32.116297
8,58.41,61.32,False,2026-04-25 13:51:32.116297
8,62.47,61.3,False,2026-04-25 14:51:32.116297
8,63.91,61.28,False,2026-04-25 15:51:32.116297
8,64.48,61.24,False,2026-04-25 16:51:32.116297
8,67.53,61.21,False,2026-04-25 17:51:32.116297
8,70.51,61.19,False,2026-04-25 18:51:32.116297
8,74.33,61.15,False,2026-04-25 19:51:32.116297
8,74.89,61.11,False,2026-04-25 20:51:32.116297
8,75.97,61.08,False,2026-04-25 21:51:32.116297
8,76.84,61.03,False,2026-04-25 22:51:32.116297
8,78.4,61.01,False,2026-04-25 23:51:32.116297
8,78.56,61.0,False,2026-04-26 00:51:32.116297
8,79.01,60.97,False,2026-04-26 01:51:32.116297
8,79.22,60.93,False,2026-04-26 02:51:32.116297
8,79.64,60.9,False,2026-04-26 03:51:32.116297
8,79.88,60.87,False,2026-04-26 04:51:32.116297
8,80.34,60.83,False,2026-04-26 05:51:32.116297
8,9.21,60.8,False,2026-04-26 06:51:32.116297
8,10.5,60.76,False,2026-04-26 07:51:32.116297
8,14.93,60.72,False,2026-04-26 08:51:32.116297
8,17.41,60.67,False,2026-04-26 09:51:32.116297
8,20.55,60.65,False,2026-04-26 10:51:32.116297
8,22.3,60.61,False,2026-04-26 11:51:32.116297
8,26.17,60.57,False,2026-04-26 12:51:32.116297
8,29.16,60.54,False,2026-04-26 13:51:32.116297
8,32.95,60.52,False,2026-04-26 14:51:32.116297
8,33.62,60.51,False,2026-04-26 15:51:32.116297
8,35.59,60.48,False,2026-04-26 16:51:32.116297
8,40.31,60.46,False,2026-04-26 17:51:32.116297
8,42.85,60.41,False,2026-04-26 18:51:32.116297
8,45.27,60.39,False,2026-04-26 19:51:32.116297
8,46.64,60.38,False,2026-04-26 20:51:32.116297
8,47.26,60.34,False,2026-04-26 21:51:32.116297
8,48.02,60.3,False,2026-04-26 22:51:32.116297
8,49.68,60.26,False,2026-04-26 23:51:32.116297
8,50.1,60.22,False,2026-04-27 00:51:32.116297
8,50.59,60.17,False,2026-04-27 01:51:32.116297
8,50.91,60.14,False,2026-04-27 02:51:32.116297
8,51.41,60.1,False,2026-04-27 03:51:32.116297
8,51.46,60.05,False,2026-04-27 04:51:32.116297
8,51.69,60.02,False,2026-04-27 05:51:32.116297
8,52.88,59.97,False,2026-04-27 06:51:32.116297
8,53.67,59.94,False,2026-04-27 07:51:32.116297
8,55.87,59.89,False,2026-04-27 08:51:32.116297
8,59.19,59.88,False,2026-04-27 09:51:32.116297
8,61.4,59.86,False,2026-04-27 10:51:32.116297
8,63.29,59.84,False,2026-04-27 11:51:32.116297
8,66.25,59.8,False,2026-04-27 12:51:32.116297
8,68.31,59.78,False,2026-04-27 13:51:32.116297
8,72.99,59.73,False,2026-04-27 14:51:32.116297
8,74.53,59.72,False,2026-04-27 15:51:32.116297
8,76.11,59.69,False,2026-04-27 16:51:32.116297
8,79.26,59.65,False,2026-04-27 17:51:32.116297
8,82.38,59.63,False,2026-04-27 18:51:32.116297
8,14.5,59.62,False,2026-04-27 19:51:32.116297
8,16.27,59.58,False,2026-04-27 20:51:32.116297
8,17.78,59.56,False,2026-04-27 21:51:32.116297
8,18.51,59.54,False,2026-04-27 22:51:32.116297
8,19.47,59.5,False,2026-04-27 23:51:32.116297
8,19.84,59.46,False,2026-04-28 00:51:32.116297
8,19.96,59.42,False,2026-04-28 01:51:32.116297
8,20.41,59.4,False,2026-04-28 02:51:32.116297
8,20.49,59.35,False,2026-04-28 03:51:32.116297
8,20.96,59.33,False,2026-04-28 04:51:32.116297
8,21.08,59.28,False,2026-04-28 05:51:32.116297
8,22.06,59.23,False,2026-04-28 06:51:32.116297
8,23.7,59.19,False,2026-04-28 07:51:32.116297
8,25.74,59.15,False,2026-04-28 08:51:32.116297
8,29.29,59.12,False,2026-04-28 09:51:32.116297
8,34.02,59.11,False,2026-04-28 10:51:32.116297
8,34.75,59.1,False,2026-04-28 11:51:32.116297
8,37.85,59.07,False,2026-04-28 12:51:32.116297
8,41.81,59.05,False,2026-04-28 13:51:32.116297
8,45.6,59.01,False,2026-04-28 14:51:32.116297
8,46.26,58.98,False,2026-04-28 15:51:32.116297
8,48.15,58.94,False,2026-04-28 16:51:32.116297
8,52.66,58.9,False,2026-04-28 17:51:32.116297
8,54.87,58.86,False,2026-04-28 18:51:32.116297
8,57.22,58.81,False,2026-04-28 19:51:32.116297
8,57.81,58.8,False,2026-04-28 20:51:32.116297
8,58.41,58.77,False,2026-04-28 21:51:32.116297
8,59.02,58.76,False,2026-04-28 22:51:32.116297
8,60.57,58.73,False,2026-04-28 23:51:32.116297
8,61.03,58.69,False,2026-04-29 00:51:32.116297
8,61.48,58.64,False,2026-04-29 01:51:32.116297
8,61.69,58.63,False,2026-04-29 02:51:32.116297
8,62.16,58.59,False,2026-04-29 03:51:32.116297
8,62.23,58.56,False,2026-04-29 04:51:32.116297
8,62.61,58.54,False,2026-04-29 05:51:32.116297
8,64.39,58.52,False,2026-04-29 06:51:32.116297
8,66.18,58.49,False,2026-04-29 07:51:32.116297
8,70.11,58.44,False,2026-04-29 08:51:32.116297
8,74.56,58.42,False,2026-04-29 09:51:32.116297
8,78.73,58.39,False,2026-04-29 10:51:32.116297
8,79.69,58.37,False,2026-04-29 11:51:32.116297
8,81.72,58.36,False,2026-04-29 12:51:32.116297
8,13.41,58.32,False,2026-04-29 13:51:32.116297
8,16.08,58.28,False,2026-04-29 14:51:32.116297
8,16.63,58.24,False,2026-04-29 15:51:32.116297
8,18.1,58.22,False,2026-04-29 16:51:32.116297
8,22.08,58.19,False,2026-04-29 17:51:32.116297
8,24.45,58.15,False,2026-04-29 18:51:32.116297
8,28.65,58.1,False,2026-04-29 19:51:32.116297
8,29.48,58.08,False,2026-04-29 20:51:32.116297
8,30.35,58.04,False,2026-04-29 21:51:32.116297
8,31.54,57.99,False,2026-04-29 22:51:32.116297
8,32.85,57.97,False,2026-04-29 23:51:32.116297
8,33.12,57.92,False,2026-04-30 00:51:32.116297
8,33.21,57.88,False,2026-04-30 01:51:32.116297
8,33.54,57.85,False,2026-04-30 02:51:32.116297
8,33.67,57.84,False,2026-04-30 03:51:32.116297
8,33.81,57.79,False,2026-04-30 04:51:32.116297
8,34.15,57.74,False,2026-04-30 05:51:32.116297
8,35.89,57.72,False,2026-04-30 06:51:32.116297
8,36.98,57.68,False,2026-04-30 07:51:32.116297
8,39.53,57.67,False,2026-04-30 08:51:32.116297
8,41.54,57.65,False,2026-04-30 09:51:32.116297
8,43.97,57.61,False,2026-04-30 10:51:32.116297
8,45.52,57.57,False,2026-04-30 11:51:32.116297
8,48.06,57.56,False,2026-04-30 12:51:32.116297
8,50.95,57.51,False,2026-04-30 13:51:32.116297
8,53.67,57.49,False,2026-04-30 14:51:32.116297
8,54.57,57.44,False,2026-04-30 15:51:32.116297
8,55.35,57.42,False,2026-04-30 16:51:32.116297
8,57.96,57.4,False,2026-04-30 17:51:32.116297
8,60.09,57.38,False,2026-04-30 18:51:32.116297
8,64.84,57.34,False,2026-04-30 19:51:32.116297
8,66.66,57.32,False,2026-04-30 20:51:32.116297
8,67.79,57.28,False,2026-04-30 21:51:32.116297
8,68.84,57.24,False,2026-04-30 22:51:32.116297
8,69.68,57.22,False,2026-04-30 23:51:32.116297
8,69.8,57.21,False,2026-05-01 00:51:32.116297
8,70.26,57.2,False,2026-05-01 01:51:32.116297
8,70.76,57.18,False,2026-05-01 02:51:32.116297
8,70.92,57.17,False,2026-05-01 03:51:32.116297
8,71.2,57.12,False,2026-05-01 04:51:32.116297
8,71.51,57.1,False,2026-05-01 05:51:32.116297
8,72.52,57.07,False,2026-05-01 06:51:32.116297
8,73.51,57.04,False,2026-05-01 07:51:32.116297
8,77.75,57.01,False,2026-05-01 08:51:32.116297
8,80.6,56.97,False,2026-05-01 09:51:32.116297
8,13.77,56.95,False,2026-05-01 10:51:32.116297
8,14.27,56.93,False,2026-05-01 11:51:32.116297
8,18.27,56.88,False,2026-05-01 12:51:32.116297
8,20.8,56.85,False,2026-05-01 13:51:32.116297
8,23.15,56.81,False,2026-05-01 14:51:32.116297
8,24.91,56.78,False,2026-05-01 15:51:32.116297
8,26.7,56.75,False,2026-05-01 16:51:32.116297
8,31.15,56.7,False,2026-05-01 17:51:32.116297
8,33.81,56.66,False,2026-05-01 18:51:32.116297
8,37.01,56.62,False,2026-05-01 19:51:32.116297
8,38.39,56.59,False,2026-05-01 20:51:32.116297
8,39.46,56.58,False,2026-05-01 21:51:32.116297
8,41.23,56.53,False,2026-05-01 22:51:32.116297
8,42.73,56.51,False,2026-05-01 23:51:32.116297
8,42.97,56.47,False,2026-05-02 00:51:32.116297
8,43.15,56.45,False,2026-05-02 01:51:32.116297
8,43.62,56.41,False,2026-05-02 02:51:32.116297
8,43.67,56.37,False,2026-05-02 03:51:32.116297
8,43.69,56.34,False,2026-05-02 04:51:32.116297
8,43.82,56.3,False,2026-05-02 05:51:32.116297
8,44.52,56.25,False,2026-05-02 06:51:32.116297
8,45.39,56.21,False,2026-05-02 07:51:32.116297
8,47.69,56.19,False,2026-05-02 08:51:32.116297
8,50.43,56.17,False,2026-05-02 09:51:32.116297
8,52.67,56.14,False,2026-05-02 10:51:32.116297
8,54.41,56.11,False,2026-05-02 11:51:32.116297
8,57.71,56.07,False,2026-05-02 12:51:32.116297
8,60.22,56.05,False,2026-05-02 13:51:32.116297
8,65.09,56.04,False,2026-05-02 14:51:32.116297
8,66.57,56.02,False,2026-05-02 15:51:32.116297
8,67.64,55.99,False,2026-05-02 16:51:32.116297
8,70.73,55.97,False,2026-05-02 17:51:32.116297
8,73.58,55.92,False,2026-05-02 18:51:32.116297
8,77.71,55.89,False,2026-05-02 19:51:32.116297
8,78.54,55.86,False,2026-05-02 20:51:32.116297
8,79.41,55.83,False,2026-05-02 21:51:32.116297
8,79.97,55.8,False,2026-05-02 22:51:32.116297
8,81.07,55.78,False,2026-05-02 23:51:32.116297
8,8.85,55.74,False,2026-05-03 00:51:32.116297
8,9.12,55.71,False,2026-05-03 01:51:32.116297
8,9.15,55.69,False,2026-05-03 02:51:32.116297
8,9.17,55.67,False,2026-05-03 03:51:32.116297
8,9.58,55.65,False,2026-05-03 04:51:32.116297
8,9.62,55.62,False,2026-05-03 05:51:32.116297
8,11.23,55.6,False,2026-05-03 06:51:32.116297
8,12.84,55.57,False,2026-05-03 07:51:32.116297
8,15.43,55.56,False,2026-05-03 08:51:32.116297
8,19.11,55.52,False,2026-05-03 09:51:32.116297
8,22.97,55.49,False,2026-05-03 10:51:32.116297
8,23.84,55.47,False,2026-05-03 11:51:32.116297
8,26.71,55.43,False,2026-05-03 12:51:32.116297
8,28.88,55.39,False,2026-05-03 13:51:32.116297
8,32.95,55.36,False,2026-05-03 14:51:32.116297
8,34.82,55.32,False,2026-05-03 15:51:32.116297
8,36.45,55.29,False,2026-05-03 16:51:32.116297
8,38.45,55.25,False,2026-05-03 17:51:32.116297
8,40.93,55.2,False,2026-05-03 18:51:32.116297
8,43.48,55.17,False,2026-05-03 19:51:32.116297
8,45.03,55.15,False,2026-05-03 20:51:32.116297
8,46.2,55.14,False,2026-05-03 21:51:32.116297
8,47.37,55.11,False,2026-05-03 22:51:32.116297
8,48.31,55.07,False,2026-05-03 23:51:32.116297
8,48.69,55.04,False,2026-05-04 00:51:32.116297
8,48.87,55.0,False,2026-05-04 01:51:32.116297
8,49.13,54.96,False,2026-05-04 02:51:32.116297
8,49.2,54.95,False,2026-05-04 03:51:32.116297
8,49.44,54.92,False,2026-05-04 04:51:32.116297
8,49.67,54.9,False,2026-05-04 05:51:32.116297
8,51.07,54.85,False,2026-05-04 06:51:32.116297
8,52.07,54.8,False,2026-05-04 07:51:32.116297
8,56.63,54.79,False,2026-05-04 08:51:32.116297
8,58.83,54.76,False,2026-05-04 09:51:32.116297
8,62.17,54.74,False,2026-05-04 10:51:32.116297
8,64.11,54.71,False,2026-05-04 11:51:32.116297
8,67.8,54.7,False,2026-05-04 12:51:32.116297
8,70.51,54.67,False,2026-05-04 13:51:32.116297
8,74.42,54.63,False,2026-05-04 14:51:32.116297
8,76.2,54.6,False,2026-05-04 15:51:32.116297
8,78.09,54.57,False,2026-05-04 16:51:32.116297
8,81.55,54.54,False,2026-05-04 17:51:32.116297
8,9.98,54.52,False,2026-05-04 18:51:32.116297
8,13.5,54.5,False,2026-05-04 19:51:32.116297
8,14.91,54.48,False,2026-05-04 20:51:32.116297
8,15.77,54.43,False,2026-05-04 21:51:32.116297
8,16.98,54.41,False,2026-05-04 22:51:32.116297
8,18.22,54.38,False,2026-05-04 23:51:32.116297
8,18.62,54.34,False,2026-05-05 00:51:32.116297
8,18.62,54.32,False,2026-05-05 01:51:32.116297
8,18.77,54.27,False,2026-05-05 02:51:32.116297
8,18.82,54.25,False,2026-05-05 03:51:32.116297
8,19.27,54.21,False,2026-05-05 04:51:32.116297
8,19.29,54.17,False,2026-05-05 05:51:32.116297
8,20.08,54.13,False,2026-05-05 06:51:32.116297
8,21.48,54.1,False,2026-05-05 07:51:32.116297
8,23.91,54.07,False,2026-05-05 08:51:32.116297
8,26.85,54.03,False,2026-05-05 09:51:32.116297
8,30.09,53.99,False,2026-05-05 10:51:32.116297
8,31.95,53.95,False,2026-05-05 11:51:32.116297
8,36.52,53.93,False,2026-05-05 12:51:32.116297
8,41.01,53.9,False,2026-05-05 13:51:32.116297
8,44.1,53.87,False,2026-05-05 14:51:32.116297
8,45.27,53.84,False,2026-05-05 15:51:32.116297
8,46.21,53.8,False,2026-05-05 16:51:32.116297
8,48.52,53.75,False,2026-05-05 17:51:32.116297
8,51.18,53.71,False,2026-05-05 18:51:32.116297
8,54.28,53.69,False,2026-05-05 19:51:32.116297
8,55.58,53.66,False,2026-05-05 20:51:32.116297
8,56.86,53.62,False,2026-05-05 21:51:32.116297
8,57.46,53.59,False,2026-05-05 22:51:32.116297
8,58.9,53.54,False,2026-05-05 23:51:32.116297
8,59.33,53.51,False,2026-05-06 00:51:32.116297
8,59.44,53.5,False,2026-05-06 01:51:32.116297
8,59.58,53.45,False,2026-05-06 02:51:32.116297
8,59.88,53.43,False,2026-05-06 03:51:32.116297
8,60.24,53.4,False,2026-05-06 04:51:32.116297
8,60.35,53.38,False,2026-05-06 05:51:32.116297
8,61.61,53.37,False,2026-05-06 06:51:32.116297
8,63.15,53.34,False,2026-05-06 07:51:32.116297
8,67.33,53.3,False,2026-05-06 08:51:32.116297
8,70.7,53.26,False,2026-05-06 09:51:32.116297
8,74.64,53.22,False,2026-05-06 10:51:32.116297
8,76.6,53.18,False,2026-05-06 11:51:32.116297
8,80.99,53.16,False,2026-05-06 12:51:32.116297
8,7.89,53.15,False,2026-05-06 13:51:32.116297
8,10.18,53.14,False,2026-05-06 14:51:32.116297
8,10.77,53.12,False,2026-05-06 15:51:32.116297
8,12.53,53.08,False,2026-05-06 16:51:32.116297
8,14.56,53.04,False,2026-05-06 17:51:32.116297
8,18.62,53.0,False,2026-05-06 18:51:32.116297
8,22.54,52.95,False,2026-05-06 19:51:32.116297
8,23.17,52.9,False,2026-05-06 20:51:32.116297
8,24.9,52.89,False,2026-05-06 21:51:32.116297
8,26.69,52.86,False,2026-05-06 22:51:32.116297
8,27.2,52.83,False,2026-05-06 23:51:32.116297
8,27.5,52.82,False,2026-05-07 00:51:32.116297
8,27.5,52.8,False,2026-05-07 01:51:32.116297
8,27.76,52.79,False,2026-05-07 02:51:32.116297
8,27.96,52.77,False,2026-05-07 03:51:32.116297
8,28.36,52.72,False,2026-05-07 04:51:32.116297
8,28.38,52.68,False,2026-05-07 05:51:32.116297
8,30.25,52.64,False,2026-05-07 06:51:32.116297
8,30.96,52.6,False,2026-05-07 07:51:32.116297
8,35.25,52.56,False,2026-05-07 08:51:32.116297
8,38.1,52.55,False,2026-05-07 09:51:32.116297
8,42.18,52.52,False,2026-05-07 10:51:32.116297
8,43.79,52.48,False,2026-05-07 11:51:32.116297
8,46.46,52.47,False,2026-05-07 12:51:32.116297
8,49.31,52.43,False,2026-05-07 13:51:32.116297
8,53.97,52.4,False,2026-05-07 14:51:32.116297
8,55.01,52.38,False,2026-05-07 15:51:32.116297
8,56.21,52.34,False,2026-05-07 16:51:32.116297
8,60.43,52.3,False,2026-05-07 17:51:32.116297
8,62.59,52.29,False,2026-05-07 18:51:32.116297
8,65.49,52.24,False,2026-05-07 19:51:32.116297
8,66.59,52.23,False,2026-05-07 20:51:32.116297
9,26.0,93.63,False,2026-03-08 21:51:32.138434
9,27.13,93.6,False,2026-03-08 22:51:32.138434
9,28.54,93.58,False,2026-03-08 23:51:32.138434
9,28.61,93.55,False,2026-03-09 00:51:32.138434
9,28.92,93.52,False,2026-03-09 01:51:32.138434
9,29.05,93.49,False,2026-03-09 02:51:32.138434
9,29.48,93.46,False,2026-03-09 03:51:32.138434
9,29.98,93.42,False,2026-03-09 04:51:32.138434
9,30.36,93.37,False,2026-03-09 05:51:32.138434
9,31.58,93.35,False,2026-03-09 06:51:32.138434
9,32.8,93.32,False,2026-03-09 07:51:32.138434
9,35.03,93.29,False,2026-03-09 08:51:32.138434
9,37.85,93.26,False,2026-03-09 09:51:32.138434
9,42.58,93.23,False,2026-03-09 10:51:32.138434
9,43.83,93.19,False,2026-03-09 11:51:32.138434
9,46.2,93.17,False,2026-03-09 12:51:32.138434
9,49.4,93.13,False,2026-03-09 13:51:32.138434
9,52.44,93.09,False,2026-03-09 14:51:32.138434
9,53.14,93.08,False,2026-03-09 15:51:32.138434
9,54.84,93.06,False,2026-03-09 16:51:32.138434
9,59.8,93.01,False,2026-03-09 17:51:32.138434
9,62.05,92.97,False,2026-03-09 18:51:32.138434
9,64.11,92.92,False,2026-03-09 19:51:32.138434
9,65.87,92.91,False,2026-03-09 20:51:32.138434
9,67.51,92.9,False,2026-03-09 21:51:32.138434
9,68.35,92.88,False,2026-03-09 22:51:32.138434
9,69.66,92.84,False,2026-03-09 23:51:32.138434
9,69.9,92.8,False,2026-03-10 00:51:32.138434
9,70.22,92.75,False,2026-03-10 01:51:32.138434
9,70.7,92.72,False,2026-03-10 02:51:32.138434
9,70.95,92.7,False,2026-03-10 03:51:32.138434
9,71.16,92.69,False,2026-03-10 04:51:32.138434
9,71.55,92.65,False,2026-03-10 05:51:32.138434
9,72.88,92.63,False,2026-03-10 06:51:32.138434
9,73.95,92.59,False,2026-03-10 07:51:32.138434
9,76.02,92.57,False,2026-03-10 08:51:32.138434
9,79.14,92.54,False,2026-03-10 09:51:32.138434
9,82.6,92.52,False,2026-03-10 10:51:32.138434
9,5.98,92.48,False,2026-03-10 11:51:32.138434
9,8.68,92.45,False,2026-03-10 12:51:32.138434
9,12.71,92.42,False,2026-03-10 13:51:32.138434
9,16.53,92.38,False,2026-03-10 14:51:32.138434
9,18.15,92.34,False,2026-03-10 15:51:32.138434
9,19.72,92.32,False,2026-03-10 16:51:32.138434
9,23.19,92.29,False,2026-03-10 17:51:32.138434
9,26.16,92.25,False,2026-03-10 18:51:32.138434
9,29.72,92.21,False,2026-03-10 19:51:32.138434
9,31.66,92.19,False,2026-03-10 20:51:32.138434
9,33.29,92.15,False,2026-03-10 21:51:32.138434
9,34.51,92.11,False,2026-03-10 22:51:32.138434
9,36.0,92.07,False,2026-03-10 23:51:32.138434
9,36.15,92.05,False,2026-03-11 00:51:32.138434
9,36.65,92.01,False,2026-03-11 01:51:32.138434
9,37.14,91.99,False,2026-03-11 02:51:32.138434
9,37.42,91.97,False,2026-03-11 03:51:32.138434
9,37.66,91.94,False,2026-03-11 04:51:32.138434
9,38.12,91.89,False,2026-03-11 05:51:32.138434
9,39.45,91.87,False,2026-03-11 06:51:32.138434
9,41.36,91.85,False,2026-03-11 07:51:32.138434
9,45.16,91.81,False,2026-03-11 08:51:32.138434
9,47.69,91.79,False,2026-03-11 09:51:32.138434
9,51.15,91.74,False,2026-03-11 10:51:32.138434
9,51.66,91.71,False,2026-03-11 11:51:32.138434
9,56.63,91.67,False,2026-03-11 12:51:32.138434
9,59.41,91.63,False,2026-03-11 13:51:32.138434
9,62.47,91.6,False,2026-03-11 14:51:32.138434
9,63.62,91.56,False,2026-03-11 15:51:32.138434
9,64.93,91.53,False,2026-03-11 16:51:32.138434
9,67.46,91.5,False,2026-03-11 17:51:32.138434
9,70.92,91.48,False,2026-03-11 18:51:32.138434
9,73.96,91.46,False,2026-03-11 19:51:32.138434
9,75.14,91.41,False,2026-03-11 20:51:32.138434
9,76.66,91.37,False,2026-03-11 21:51:32.138434
9,78.13,91.33,False,2026-03-11 22:51:32.138434
9,78.66,91.3,False,2026-03-11 23:51:32.138434
9,78.74,91.29,False,2026-03-12 00:51:32.138434
9,78.84,91.26,False,2026-03-12 01:51:32.138434
9,78.86,91.22,False,2026-03-12 02:51:32.138434
9,79.08,91.18,False,2026-03-12 03:51:32.138434
9,79.14,91.15,False,2026-03-12 04:51:32.138434
9,79.15,91.12,False,2026-03-12 05:51:32.138434
9,80.36,91.08,False,2026-03-12 06:51:32.138434
9,8.6,91.05,False,2026-03-12 07:51:32.138434
9,12.18,91.04,False,2026-03-12 08:51:32.138434
9,16.11,91.01,False,2026-03-12 09:51:32.138434
9,19.88,91.0,False,2026-03-12 10:51:32.138434
9,21.63,90.97,False,2026-03-12 11:51:32.138434
9,25.46,90.95,False,2026-03-12 12:51:32.138434
9,28.59,90.91,False,2026-03-12 13:51:32.138434
9,32.9,90.87,False,2026-03-12 14:51:32.138434
9,33.91,90.83,False,2026-03-12 15:51:32.138434
9,35.34,90.78,False,2026-03-12 16:51:32.138434
9,38.22,90.76,False,2026-03-12 17:51:32.138434
9,41.24,90.74,False,2026-03-12 18:51:32.138434
9,44.25,90.72,False,2026-03-12 19:51:32.138434
9,46.07,90.7,False,2026-03-12 20:51:32.138434
9,46.81,90.66,False,2026-03-12 21:51:32.138434
9,48.64,90.62,False,2026-03-12 22:51:32.138434
9,50.57,90.59,False,2026-03-12 23:51:32.138434
9,50.99,90.56,False,2026-03-13 00:51:32.138434
9,51.35,90.51,False,2026-03-13 01:51:32.138434
9,51.73,90.49,False,2026-03-13 02:51:32.138434
9,51.81,90.47,False,2026-03-13 03:51:32.138434
9,52.15,90.45,False,2026-03-13 04:51:32.138434
9,52.26,90.41,False,2026-03-13 05:51:32.138434
9,53.82,90.38,False,2026-03-13 06:51:32.138434
9,55.22,90.36,False,2026-03-13 07:51:32.138434
9,59.38,90.33,False,2026-03-13 08:51:32.138434
9,62.7,90.3,False,2026-03-13 09:51:32.138434
9,67.67,90.28,False,2026-03-13 10:51:32.138434
9,68.59,90.27,False,2026-03-13 11:51:32.138434
9,71.02,90.23,False,2026-03-13 12:51:32.138434
9,74.33,90.2,False,2026-03-13 13:51:32.138434
9,78.65,90.18,False,2026-03-13 14:51:32.138434
9,80.36,90.15,False,2026-03-13 15:51:32.138434
9,5.11,90.13,False,2026-03-13 16:51:32.138434
9,9.61,90.09,False,2026-03-13 17:51:32.138434
9,12.54,90.08,False,2026-03-13 18:51:32.138434
9,15.61,90.06,False,2026-03-13 19:51:32.138434
9,16.8,90.02,False,2026-03-13 20:51:32.138434
9,18.35,89.97,False,2026-03-13 21:51:32.138434
9,19.81,89.95,False,2026-03-13 22:51:32.138434
9,20.6,89.9,False,2026-03-13 23:51:32.138434
9,20.83,89.87,False,2026-03-14 00:51:32.138434
9,21.13,89.84,False,2026-03-14 01:51:32.138434
9,21.51,89.8,False,2026-03-14 02:51:32.138434
9,21.77,89.78,False,2026-03-14 03:51:32.138434
9,22.05,89.77,False,2026-03-14 04:51:32.138434
9,22.53,89.73,False,2026-03-14 05:51:32.138434
9,23.76,89.69,False,2026-03-14 06:51:32.138434
9,25.27,89.64,False,2026-03-14 07:51:32.138434
9,28.8,89.62,False,2026-03-14 08:51:32.138434
9,31.13,89.58,False,2026-03-14 09:51:32.138434
9,34.06,89.54,False,2026-03-14 10:51:32.138434
9,35.8,89.5,False,2026-03-14 11:51:32.138434
9,39.46,89.49,False,2026-03-14 12:51:32.138434
9,42.01,89.44,False,2026-03-14 13:51:32.138434
9,46.52,89.42,False,2026-03-14 14:51:32.138434
9,47.36,89.38,False,2026-03-14 15:51:32.138434
9,49.26,89.34,False,2026-03-14 16:51:32.138434
9,54.07,89.32,False,2026-03-14 17:51:32.138434
9,58.88,89.3,False,2026-03-14 18:51:32.138434
9,63.78,89.26,False,2026-03-14 19:51:32.138434
9,65.6,89.24,False,2026-03-14 20:51:32.138434
9,67.07,89.22,False,2026-03-14 21:51:32.138434
9,68.81,89.18,False,2026-03-14 22:51:32.138434
9,70.36,89.14,False,2026-03-14 23:51:32.138434
9,70.38,89.09,False,2026-03-15 00:51:32.138434
9,70.59,89.06,False,2026-03-15 01:51:32.138434
9,71.06,89.04,False,2026-03-15 02:51:32.138434
9,71.33,89.03,False,2026-03-15 03:51:32.138434
9,71.63,88.99,False,2026-03-15 04:51:32.138434
9,72.11,88.95,False,2026-03-15 05:51:32.138434
9,73.57,88.92,False,2026-03-15 06:51:32.138434
9,74.87,88.89,False,2026-03-15 07:51:32.138434
9,77.69,88.87,False,2026-03-15 08:51:32.138434
9,82.46,88.84,False,2026-03-15 09:51:32.138434
9,8.03,88.82,False,2026-03-15 10:51:32.138434
9,9.61,88.81,False,2026-03-15 11:51:32.138434
9,12.3,88.78,False,2026-03-15 12:51:32.138434
9,15.26,88.75,False,2026-03-15 13:51:32.138434
9,17.88,88.71,False,2026-03-15 14:51:32.138434
9,19.07,88.68,False,2026-03-15 15:51:32.138434
9,20.4,88.66,False,2026-03-15 16:51:32.138434
9,24.29,88.63,False,2026-03-15 17:51:32.138434
9,26.8,88.6,False,2026-03-15 18:51:32.138434
9,29.51,88.55,False,2026-03-15 19:51:32.138434
9,31.01,88.53,False,2026-03-15 20:51:32.138434
9,31.55,88.52,False,2026-03-15 21:51:32.138434
9,32.22,88.47,False,2026-03-15 22:51:32.138434
9,34.2,88.43,False,2026-03-15 23:51:32.138434
9,34.39,88.4,False,2026-03-16 00:51:32.138434
9,34.66,88.38,False,2026-03-16 01:51:32.138434
9,35.07,88.36,False,2026-03-16 02:51:32.138434
9,35.51,88.33,False,2026-03-16 03:51:32.138434
9,35.85,88.32,False,2026-03-16 04:51:32.138434
9,36.02,88.29,False,2026-03-16 05:51:32.138434
9,37.81,88.25,False,2026-03-16 06:51:32.138434
9,38.65,88.22,False,2026-03-16 07:51:32.138434
9,41.35,88.18,False,2026-03-16 08:51:32.138434
9,44.77,88.16,False,2026-03-16 09:51:32.138434
9,48.16,88.14,False,2026-03-16 10:51:32.138434
9,49.74,88.12,False,2026-03-16 11:51:32.138434
9,53.76,88.07,False,2026-03-16 12:51:32.138434
9,58.32,88.05,False,2026-03-16 13:51:32.138434
9,62.51,88.02,False,2026-03-16 14:51:32.138434
9,63.11,87.99,False,2026-03-16 15:51:32.138434
9,64.26,87.98,False,2026-03-16 16:51:32.138434
9,68.04,87.95,False,2026-03-16 17:51:32.138434
9,71.95,87.91,False,2026-03-16 18:51:32.138434
9,76.6,87.88,False,2026-03-16 19:51:32.138434
9,77.28,87.84,False,2026-03-16 20:51:32.138434
9,78.68,87.82,False,2026-03-16 21:51:32.138434
9,79.2,87.78,False,2026-03-16 22:51:32.138434
9,79.8,87.77,False,2026-03-16 23:51:32.138434
9,79.96,87.72,False,2026-03-17 00:51:32.138434
9,80.24,87.68,False,2026-03-17 01:51:32.138434
9,9.53,87.65,False,2026-03-17 02:51:32.138434
9,9.57,87.62,False,2026-03-17 03:51:32.138434
9,9.85,87.6,False,2026-03-17 04:51:32.138434
9,9.87,87.57,False,2026-03-17 05:51:32.138434
9,11.01,87.55,False,2026-03-17 06:51:32.138434
9,12.16,87.52,False,2026-03-17 07:51:32.138434
9,14.22,87.48,False,2026-03-17 08:51:32.138434
9,19.07,87.46,False,2026-03-17 09:51:32.138434
9,21.07,87.41,False,2026-03-17 10:51:32.138434
9,22.92,87.38,False,2026-03-17 11:51:32.138434
9,26.3,87.37,False,2026-03-17 12:51:32.138434
9,30.99,87.33,False,2026-03-17 13:51:32.138434
9,35.56,87.31,False,2026-03-17 14:51:32.138434
9,37.55,87.3,False,2026-03-17 15:51:32.138434
9,38.64,87.28,False,2026-03-17 16:51:32.138434
9,42.86,87.25,False,2026-03-17 17:51:32.138434
9,46.46,87.22,False,2026-03-17 18:51:32.138434
9,51.24,87.17,False,2026-03-17 19:51:32.138434
9,52.43,87.14,False,2026-03-17 20:51:32.138434
9,54.36,87.12,False,2026-03-17 21:51:32.138434
9,55.65,87.11,False,2026-03-17 22:51:32.138434
9,56.62,87.08,False,2026-03-17 23:51:32.138434
9,56.74,87.04,False,2026-03-18 00:51:32.138434
9,56.91,87.02,False,2026-03-18 01:51:32.138434
9,57.39,87.0,False,2026-03-18 02:51:32.138434
9,57.54,86.96,False,2026-03-18 03:51:32.138434
9,57.99,86.94,False,2026-03-18 04:51:32.138434
9,58.0,86.92,False,2026-03-18 05:51:32.138434
9,59.87,86.87,False,2026-03-18 06:51:32.138434
9,60.64,86.84,False,2026-03-18 07:51:32.138434
9,62.98,86.81,False,2026-03-18 08:51:32.138434
9,65.8,86.8,False,2026-03-18 09:51:32.138434
9,68.34,86.76,False,2026-03-18 10:51:32.138434
9,69.59,86.75,False,2026-03-18 11:51:32.138434
9,73.79,86.71,False,2026-03-18 12:51:32.138434
9,78.45,86.68,False,2026-03-18 13:51:32.138434
9,80.98,86.64,False,2026-03-18 14:51:32.138434
9,9.08,86.62,False,2026-03-18 15:51:32.138434
9,9.65,86.59,False,2026-03-18 16:51:32.138434
9,13.61,86.57,False,2026-03-18 17:51:32.138434
9,17.31,86.54,False,2026-03-18 18:51:32.138434
9,19.73,86.5,False,2026-03-18 19:51:32.138434
9,20.74,86.47,False,2026-03-18 20:51:32.138434
9,22.69,86.46,False,2026-03-18 21:51:32.138434
9,23.6,86.42,False,2026-03-18 22:51:32.138434
9,25.13,86.38,False,2026-03-18 23:51:32.138434
9,25.36,86.34,False,2026-03-19 00:51:32.138434
9,25.4,86.3,False,2026-03-19 01:51:32.138434
9,25.7,86.27,False,2026-03-19 02:51:32.138434
9,25.8,86.22,False,2026-03-19 03:51:32.138434
9,25.95,86.19,False,2026-03-19 04:51:32.138434
9,26.26,86.16,False,2026-03-19 05:51:32.138434
9,27.63,86.15,False,2026-03-19 06:51:32.138434
9,29.09,86.11,False,2026-03-19 07:51:32.138434
9,31.62,86.08,False,2026-03-19 08:51:32.138434
9,34.97,86.07,False,2026-03-19 09:51:32.138434
9,37.7,86.02,False,2026-03-19 10:51:32.138434
9,38.95,85.98,False,2026-03-19 11:51:32.138434
9,42.97,85.97,False,2026-03-19 12:51:32.138434
9,47.09,85.92,False,2026-03-19 13:51:32.138434
9,50.99,85.9,False,2026-03-19 14:51:32.138434
9,52.91,85.87,False,2026-03-19 15:51:32.138434
9,53.92,85.83,False,2026-03-19 16:51:32.138434
9,56.51,85.8,False,2026-03-19 17:51:32.138434
9,59.67,85.78,False,2026-03-19 18:51:32.138434
9,64.43,85.76,False,2026-03-19 19:51:32.138434
9,65.77,85.74,False,2026-03-19 20:51:32.138434
9,66.74,85.7,False,2026-03-19 21:51:32.138434
9,68.01,85.65,False,2026-03-19 22:51:32.138434
9,69.87,85.6,False,2026-03-19 23:51:32.138434
9,70.3,85.56,False,2026-03-20 00:51:32.138434
9,70.64,85.53,False,2026-03-20 01:51:32.138434
9,70.73,85.49,False,2026-03-20 02:51:32.138434
9,70.76,85.47,False,2026-03-20 03:51:32.138434
9,71.13,85.44,False,2026-03-20 04:51:32.138434
9,71.5,85.39,False,2026-03-20 05:51:32.138434
9,73.25,85.35,False,2026-03-20 06:51:32.138434
9,73.83,85.33,False,2026-03-20 07:51:32.138434
9,78.5,85.3,False,2026-03-20 08:51:32.138434
9,82.92,85.28,False,2026-03-20 09:51:32.138434
9,12.07,85.25,False,2026-03-20 10:51:32.138434
9,13.72,85.21,False,2026-03-20 11:51:32.138434
9,16.36,85.17,False,2026-03-20 12:51:32.138434
9,19.78,85.15,False,2026-03-20 13:51:32.138434
9,22.01,85.11,False,2026-03-20 14:51:32.138434
9,22.93,85.09,False,2026-03-20 15:51:32.138434
9,24.91,85.07,False,2026-03-20 16:51:32.138434
9,29.29,85.03,False,2026-03-20 17:51:32.138434
9,31.4,85.01,False,2026-03-20 18:51:32.138434
9,36.29,84.98,False,2026-03-20 19:51:32.138434
9,37.27,84.93,False,2026-03-20 20:51:32.138434
9,37.87,84.91,False,2026-03-20 21:51:32.138434
9,38.87,84.87,False,2026-03-20 22:51:32.138434
9,40.13,84.84,False,2026-03-20 23:51:32.138434
9,40.41,84.82,False,2026-03-21 00:51:32.138434
9,40.74,84.8,False,2026-03-21 01:51:32.138434
9,40.84,84.75,False,2026-03-21 02:51:32.138434
9,41.17,84.72,False,2026-03-21 03:51:32.138434
9,41.41,84.69,False,2026-03-21 04:51:32.138434
9,41.62,84.65,False,2026-03-21 05:51:32.138434
9,43.45,84.61,False,2026-03-21 06:51:32.138434
9,44.13,84.57,False,2026-03-21 07:51:32.138434
9,47.55,84.56,False,2026-03-21 08:51:32.138434
9,51.12,84.51,False,2026-03-21 09:51:32.138434
9,54.65,84.47,False,2026-03-21 10:51:32.138434
9,55.89,84.45,False,2026-03-21 11:51:32.138434
9,59.25,84.41,False,2026-03-21 12:51:32.138434
9,61.45,84.4,False,2026-03-21 13:51:32.138434
9,64.66,84.37,False,2026-03-21 14:51:32.138434
9,66.47,84.35,False,2026-03-21 15:51:32.138434
9,67.95,84.33,False,2026-03-21 16:51:32.138434
9,70.05,84.29,False,2026-03-21 17:51:32.138434
9,73.18,84.26,False,2026-03-21 18:51:32.138434
9,77.12,84.24,False,2026-03-21 19:51:32.138434
9,78.06,84.23,False,2026-03-21 20:51:32.138434
9,78.77,84.19,False,2026-03-21 21:51:32.138434
9,80.15,84.16,False,2026-03-21 22:51:32.138434
9,7.74,84.15,False,2026-03-21 23:51:32.138434
9,7.81,84.13,False,2026-03-22 00:51:32.138434
9,8.05,84.11,False,2026-03-22 01:51:32.138434
9,8.27,84.08,False,2026-03-22 02:51:32.138434
9,8.49,84.07,False,2026-03-22 03:51:32.138434
9,8.95,84.03,False,2026-03-22 04:51:32.138434
9,9.27,84.02,False,2026-03-22 05:51:32.138434
9,11.01,84.01,False,2026-03-22 06:51:32.138434
9,12.6,84.0,False,2026-03-22 07:51:32.138434
9,15.96,83.97,False,2026-03-22 08:51:32.138434
9,18.37,83.94,False,2026-03-22 09:51:32.138434
9,23.2,83.91,False,2026-03-22 10:51:32.138434
9,24.95,83.88,False,2026-03-22 11:51:32.138434
9,29.83,83.87,False,2026-03-22 12:51:32.138434
9,33.39,83.85,False,2026-03-22 13:51:32.138434
9,36.29,83.81,False,2026-03-22 14:51:32.138434
9,37.05,83.77,False,2026-03-22 15:51:32.138434
9,38.06,83.73,False,2026-03-22 16:51:32.138434
9,40.69,83.7,False,2026-03-22 17:51:32.138434
9,43.93,83.66,False,2026-03-22 18:51:32.138434
9,46.44,83.62,False,2026-03-22 19:51:32.138434
9,47.47,83.58,False,2026-03-22 20:51:32.138434
9,49.41,83.56,False,2026-03-22 21:51:32.138434
9,50.7,83.52,False,2026-03-22 22:51:32.138434
9,51.99,83.48,False,2026-03-22 23:51:32.138434
9,52.02,83.44,False,2026-03-23 00:51:32.138434
9,52.52,83.41,False,2026-03-23 01:51:32.138434
9,52.94,83.36,False,2026-03-23 02:51:32.138434
9,53.17,83.33,False,2026-03-23 03:51:32.138434
9,53.3,83.29,False,2026-03-23 04:51:32.138434
9,53.47,83.26,False,2026-03-23 05:51:32.138434
9,54.12,83.23,False,2026-03-23 06:51:32.138434
9,55.48,83.2,False,2026-03-23 07:51:32.138434
9,60.42,83.16,False,2026-03-23 08:51:32.138434
9,64.18,83.14,False,2026-03-23 09:51:32.138434
9,68.79,83.11,False,2026-03-23 10:51:32.138434
9,69.99,83.09,False,2026-03-23 11:51:32.138434
9,73.1,83.07,False,2026-03-23 12:51:32.138434
9,75.24,83.04,False,2026-03-23 13:51:32.138434
9,79.85,83.01,False,2026-03-23 14:51:32.138434
9,80.54,82.97,False,2026-03-23 15:51:32.138434
9,7.09,82.92,False,2026-03-23 16:51:32.138434
9,9.19,82.9,False,2026-03-23 17:51:32.138434
9,11.56,82.87,False,2026-03-23 18:51:32.138434
9,15.38,82.83,False,2026-03-23 19:51:32.138434
9,16.0,82.81,False,2026-03-23 20:51:32.138434
9,17.7,82.8,False,2026-03-23 21:51:32.138434
9,18.26,82.75,False,2026-03-23 22:51:32.138434
9,19.29,82.73,False,2026-03-23 23:51:32.138434
9,19.69,82.69,False,2026-03-24 00:51:32.138434
9,19.82,82.67,False,2026-03-24 01:51:32.138434
9,20.05,82.62,False,2026-03-24 02:51:32.138434
9,20.34,82.57,False,2026-03-24 03:51:32.138434
9,20.64,82.56,False,2026-03-24 04:51:32.138434
9,21.11,82.51,False,2026-03-24 05:51:32.138434
9,22.96,82.46,False,2026-03-24 06:51:32.138434
9,24.5,82.43,False,2026-03-24 07:51:32.138434
9,27.02,82.41,False,2026-03-24 08:51:32.138434
9,30.52,82.39,False,2026-03-24 09:51:32.138434
9,33.61,82.36,False,2026-03-24 10:51:32.138434
9,34.92,82.33,False,2026-03-24 11:51:32.138434
9,37.25,82.29,False,2026-03-24 12:51:32.138434
9,41.44,82.26,False,2026-03-24 13:51:32.138434
9,43.65,82.24,False,2026-03-24 14:51:32.138434
9,44.87,82.2,False,2026-03-24 15:51:32.138434
9,46.1,82.17,False,2026-03-24 16:51:32.138434
9,49.0,82.15,False,2026-03-24 17:51:32.138434
9,51.4,82.12,False,2026-03-24 18:51:32.138434
9,55.86,82.07,False,2026-03-24 19:51:32.138434
9,57.55,82.04,False,2026-03-24 20:51:32.138434
9,58.35,81.99,False,2026-03-24 21:51:32.138434
9,58.97,81.95,False,2026-03-24 22:51:32.138434
9,60.49,81.92,False,2026-03-24 23:51:32.138434
9,60.61,81.88,False,2026-03-25 00:51:32.138434
9,60.74,81.86,False,2026-03-25 01:51:32.138434
9,61.16,81.83,False,2026-03-25 02:51:32.138434
9,61.57,81.79,False,2026-03-25 03:51:32.138434
9,61.62,81.75,False,2026-03-25 04:51:32.138434
9,62.05,81.7,False,2026-03-25 05:51:32.138434
9,63.01,81.67,False,2026-03-25 06:51:32.138434
9,64.89,81.64,False,2026-03-25 07:51:32.138434
9,67.0,81.59,False,2026-03-25 08:51:32.138434
9,69.1,81.55,False,2026-03-25 09:51:32.138434
9,73.45,81.54,False,2026-03-25 10:51:32.138434
9,74.59,81.49,False,2026-03-25 11:51:32.138434
9,77.63,81.46,False,2026-03-25 12:51:32.138434
9,81.26,81.41,False,2026-03-25 13:51:32.138434
9,9.74,81.38,False,2026-03-25 14:51:32.138434
9,11.4,81.33,False,2026-03-25 15:51:32.138434
9,12.89,81.3,False,2026-03-25 16:51:32.138434
9,16.84,81.26,False,2026-03-25 17:51:32.138434
9,20.81,81.24,False,2026-03-25 18:51:32.138434
9,23.14,81.19,False,2026-03-25 19:51:32.138434
9,24.08,81.15,False,2026-03-25 20:51:32.138434
9,25.0,81.13,False,2026-03-25 21:51:32.138434
9,26.86,81.08,False,2026-03-25 22:51:32.138434
9,27.85,81.06,False,2026-03-25 23:51:32.138434
9,28.33,81.01,False,2026-03-26 00:51:32.138434
9,28.36,80.99,False,2026-03-26 01:51:32.138434
9,28.44,80.97,False,2026-03-26 02:51:32.138434
9,28.93,80.92,False,2026-03-26 03:51:32.138434
9,28.97,80.9,False,2026-03-26 04:51:32.138434
9,29.39,80.87,False,2026-03-26 05:51:32.138434
9,31.3,80.84,False,2026-03-26 06:51:32.138434
9,33.07,80.83,False,2026-03-26 07:51:32.138434
9,36.66,80.8,False,2026-03-26 08:51:32.138434
9,39.61,80.79,False,2026-03-26 09:51:32.138434
9,44.5,80.75,False,2026-03-26 10:51:32.138434
9,45.99,80.72,False,2026-03-26 11:51:32.138434
9,50.09,80.7,False,2026-03-26 12:51:32.138434
9,52.91,80.69,False,2026-03-26 13:51:32.138434
9,56.59,80.66,False,2026-03-26 14:51:32.138434
9,58.44,80.62,False,2026-03-26 15:51:32.138434
9,59.77,80.6,False,2026-03-26 16:51:32.138434
9,64.57,80.58,False,2026-03-26 17:51:32.138434
9,68.99,80.53,False,2026-03-26 18:51:32.138434
9,73.31,80.51,False,2026-03-26 19:51:32.138434
9,74.76,80.47,False,2026-03-26 20:51:32.138434
9,76.49,80.44,False,2026-03-26 21:51:32.138434
9,77.02,80.41,False,2026-03-26 22:51:32.138434
9,77.54,80.39,False,2026-03-26 23:51:32.138434
9,77.94,80.35,False,2026-03-27 00:51:32.138434
9,78.35,80.32,False,2026-03-27 01:51:32.138434
9,78.74,80.31,False,2026-03-27 02:51:32.138434
9,78.82,80.27,False,2026-03-27 03:51:32.138434
9,78.84,80.24,False,2026-03-27 04:51:32.138434
9,78.95,80.2,False,2026-03-27 05:51:32.138434
9,80.72,80.19,False,2026-03-27 06:51:32.138434
9,9.2,80.16,False,2026-03-27 07:51:32.138434
9,13.08,80.15,False,2026-03-27 08:51:32.138434
9,17.07,80.14,False,2026-03-27 09:51:32.138434
9,21.21,80.13,False,2026-03-27 10:51:32.138434
9,22.19,80.11,False,2026-03-27 11:51:32.138434
9,26.02,80.08,False,2026-03-27 12:51:32.138434
9,29.34,80.06,False,2026-03-27 13:51:32.138434
9,32.53,80.05,False,2026-03-27 14:51:32.138434
9,33.87,80.0,False,2026-03-27 15:51:32.138434
9,34.89,79.97,False,2026-03-27 16:51:32.138434
9,38.31,79.94,False,2026-03-27 17:51:32.138434
9,41.69,79.92,False,2026-03-27 18:51:32.138434
9,45.6,79.9,False,2026-03-27 19:51:32.138434
9,46.73,79.85,False,2026-03-27 20:51:32.138434
9,47.63,79.84,False,2026-03-27 21:51:32.138434
9,49.07,79.8,False,2026-03-27 22:51:32.138434
9,50.84,79.76,False,2026-03-27 23:51:32.138434
9,50.85,79.71,False,2026-03-28 00:51:32.138434
9,51.08,79.69,False,2026-03-28 01:51:32.138434
9,51.38,79.68,False,2026-03-28 02:51:32.138434
9,51.63,79.64,False,2026-03-28 03:51:32.138434
9,51.85,79.6,False,2026-03-28 04:51:32.138434
9,51.94,79.57,False,2026-03-28 05:51:32.138434
9,52.5,79.53,False,2026-03-28 06:51:32.138434
9,53.5,79.5,False,2026-03-28 07:51:32.138434
9,56.03,79.48,False,2026-03-28 08:51:32.138434
9,58.22,79.44,False,2026-03-28 09:51:32.138434
9,61.08,79.43,False,2026-03-28 10:51:32.138434
9,62.85,79.41,False,2026-03-28 11:51:32.138434
9,66.13,79.37,False,2026-03-28 12:51:32.138434
9,70.27,79.33,False,2026-03-28 13:51:32.138434
9,72.28,79.28,False,2026-03-28 14:51:32.138434
9,74.14,79.24,False,2026-03-28 15:51:32.138434
9,75.87,79.2,False,2026-03-28 16:51:32.138434
9,78.76,79.18,False,2026-03-28 17:51:32.138434
9,81.49,79.13,False,2026-03-28 18:51:32.138434
9,10.19,79.1,False,2026-03-28 19:51:32.138434
9,10.94,79.08,False,2026-03-28 20:51:32.138434
9,12.13,79.06,False,2026-03-28 21:51:32.138434
9,13.16,79.03,False,2026-03-28 22:51:32.138434
9,13.75,79.01,False,2026-03-28 23:51:32.138434
9,14.1,78.98,False,2026-03-29 00:51:32.138434
9,14.32,78.96,False,2026-03-29 01:51:32.138434
9,14.38,78.92,False,2026-03-29 02:51:32.138434
9,14.7,78.87,False,2026-03-29 03:51:32.138434
9,15.12,78.84,False,2026-03-29 04:51:32.138434
9,15.44,78.8,False,2026-03-29 05:51:32.138434
9,16.9,78.78,False,2026-03-29 06:51:32.138434
9,17.74,78.74,False,2026-03-29 07:51:32.138434
9,22.43,78.69,False,2026-03-29 08:51:32.138434
9,26.75,78.66,False,2026-03-29 09:51:32.138434
9,28.75,78.65,False,2026-03-29 10:51:32.138434
9,30.37,78.61,False,2026-03-29 11:51:32.138434
9,33.4,78.59,False,2026-03-29 12:51:32.138434
9,35.65,78.56,False,2026-03-29 13:51:32.138434
9,39.34,78.53,False,2026-03-29 14:51:32.138434
9,40.62,78.49,False,2026-03-29 15:51:32.138434
9,42.4,78.48,False,2026-03-29 16:51:32.138434
9,44.73,78.46,False,2026-03-29 17:51:32.138434
9,49.45,78.43,False,2026-03-29 18:51:32.138434
9,53.11,78.4,False,2026-03-29 19:51:32.138434
9,54.37,78.37,False,2026-03-29 20:51:32.138434
9,56.18,78.32,False,2026-03-29 21:51:32.138434
9,56.85,78.28,False,2026-03-29 22:51:32.138434
9,57.91,78.24,False,2026-03-29 23:51:32.138434
9,58.12,78.23,False,2026-03-30 00:51:32.138434
9,58.5,78.2,False,2026-03-30 01:51:32.138434
9,58.96,78.17,False,2026-03-30 02:51:32.138434
9,59.3,78.12,False,2026-03-30 03:51:32.138434
9,59.46,78.1,False,2026-03-30 04:51:32.138434
9,59.55,78.05,False,2026-03-30 05:51:32.138434
9,61.11,78.02,False,2026-03-30 06:51:32.138434
9,62.21,77.99,False,2026-03-30 07:51:32.138434
9,66.3,77.97,False,2026-03-30 08:51:32.138434
9,69.92,77.93,False,2026-03-30 09:51:32.138434
9,74.87,77.91,False,2026-03-30 10:51:32.138434
9,75.71,77.89,False,2026-03-30 11:51:32.138434
9,80.24,77.84,False,2026-03-30 12:51:32.138434
9,6.38,77.82,False,2026-03-30 13:51:32.138434
9,9.41,77.79,False,2026-03-30 14:51:32.138434
9,10.22,77.77,False,2026-03-30 15:51:32.138434
9,11.19,77.72,False,2026-03-30 16:51:32.138434
9,16.16,77.69,False,2026-03-30 17:51:32.138434
9,18.39,77.67,False,2026-03-30 18:51:32.138434
9,22.9,77.66,False,2026-03-30 19:51:32.138434
9,24.54,77.65,False,2026-03-30 20:51:32.138434
9,26.33,77.61,False,2026-03-30 21:51:32.138434
9,26.84,77.58,False,2026-03-30 22:51:32.138434
9,28.49,77.54,False,2026-03-30 23:51:32.138434
9,28.74,77.49,False,2026-03-31 00:51:32.138434
9,29.15,77.46,False,2026-03-31 01:51:32.138434
9,29.21,77.44,False,2026-03-31 02:51:32.138434
9,29.29,77.41,False,2026-03-31 03:51:32.138434
9,29.36,77.37,False,2026-03-31 04:51:32.138434
9,29.82,77.33,False,2026-03-31 05:51:32.138434
9,30.56,77.29,False,2026-03-31 06:51:32.138434
9,31.28,77.26,False,2026-03-31 07:51:32.138434
9,34.39,77.25,False,2026-03-31 08:51:32.138434
9,39.28,77.23,False,2026-03-31 09:51:32.138434
9,42.21,77.18,False,2026-03-31 10:51:32.138434
9,42.95,77.17,False,2026-03-31 11:51:32.138434
9,45.45,77.15,False,2026-03-31 12:51:32.138434
9,49.33,77.14,False,2026-03-31 13:51:32.138434
9,51.4,77.12,False,2026-03-31 14:51:32.138434
9,52.78,77.1,False,2026-03-31 15:51:32.138434
9,54.29,77.06,False,2026-03-31 16:51:32.138434
9,57.63,77.02,False,2026-03-31 17:51:32.138434
9,61.66,77.01,False,2026-03-31 18:51:32.138434
9,63.94,76.96,False,2026-03-31 19:51:32.138434
9,65.05,76.93,False,2026-03-31 20:51:32.138434
9,65.85,76.89,False,2026-03-31 21:51:32.138434
9,66.97,76.88,False,2026-03-31 22:51:32.138434
9,67.82,76.86,False,2026-03-31 23:51:32.138434
9,68.3,76.84,False,2026-04-01 00:51:32.138434
9,68.51,76.8,False,2026-04-01 01:51:32.138434
9,68.75,76.78,False,2026-04-01 02:51:32.138434
9,68.82,76.75,False,2026-04-01 03:51:32.138434
9,69.16,76.7,False,2026-04-01 04:51:32.138434
9,69.57,76.66,False,2026-04-01 05:51:32.138434
9,71.35,76.64,False,2026-04-01 06:51:32.138434
9,72.38,76.61,False,2026-04-01 07:51:32.138434
9,74.78,76.6,False,2026-04-01 08:51:32.138434
9,79.69,76.59,False,2026-04-01 09:51:32.138434
9,82.08,76.54,False,2026-04-01 10:51:32.138434
9,6.24,76.5,False,2026-04-01 11:51:32.138434
9,10.84,76.46,False,2026-04-01 12:51:32.138434
9,13.78,76.45,False,2026-04-01 13:51:32.138434
9,17.3,76.44,False,2026-04-01 14:51:32.138434
9,18.88,76.4,False,2026-04-01 15:51:32.138434
9,20.03,76.36,False,2026-04-01 16:51:32.138434
9,24.63,76.35,False,2026-04-01 17:51:32.138434
9,29.58,76.33,False,2026-04-01 18:51:32.138434
9,31.89,76.29,False,2026-04-01 19:51:32.138434
9,33.69,76.27,False,2026-04-01 20:51:32.138434
9,34.41,76.25,False,2026-04-01 21:51:32.138434
9,35.71,76.2,False,2026-04-01 22:51:32.138434
9,37.37,76.16,False,2026-04-01 23:51:32.138434
9,37.72,76.12,False,2026-04-02 00:51:32.138434
9,37.8,76.08,False,2026-04-02 01:51:32.138434
9,38.28,76.07,False,2026-04-02 02:51:32.138434
9,38.67,76.05,False,2026-04-02 03:51:32.138434
9,38.86,76.04,False,2026-04-02 04:51:32.138434
9,39.31,76.02,False,2026-04-02 05:51:32.138434
9,39.96,75.98,False,2026-04-02 06:51:32.138434
9,40.84,75.95,False,2026-04-02 07:51:32.138434
9,43.95,75.91,False,2026-04-02 08:51:32.138434
9,47.06,75.89,False,2026-04-02 09:51:32.138434
9,51.92,75.87,False,2026-04-02 10:51:32.138434
9,53.53,75.85,False,2026-04-02 11:51:32.138434
9,55.59,75.82,False,2026-04-02 12:51:32.138434
9,59.37,75.81,False,2026-04-02 13:51:32.138434
9,63.01,75.77,False,2026-04-02 14:51:32.138434
9,63.52,75.74,False,2026-04-02 15:51:32.138434
9,65.32,75.71,False,2026-04-02 16:51:32.138434
9,68.02,75.66,False,2026-04-02 17:51:32.138434
9,70.86,75.61,False,2026-04-02 18:51:32.138434
9,74.56,75.58,False,2026-04-02 19:51:32.138434
9,76.29,75.53,False,2026-04-02 20:51:32.138434
9,77.22,75.49,False,2026-04-02 21:51:32.138434
9,79.22,75.44,False,2026-04-02 22:51:32.138434
9,80.35,75.4,False,2026-04-02 23:51:32.138434
9,3.27,75.36,False,2026-04-03 00:51:32.138434
9,3.41,75.33,False,2026-04-03 01:51:32.138434
9,3.62,75.31,False,2026-04-03 02:51:32.138434
9,3.63,75.26,False,2026-04-03 03:51:32.138434
9,3.96,75.23,False,2026-04-03 04:51:32.138434
9,4.25,75.2,False,2026-04-03 05:51:32.138434
9,5.54,75.18,False,2026-04-03 06:51:32.138434
9,6.47,75.17,False,2026-04-03 07:51:32.138434
9,9.42,75.15,False,2026-04-03 08:51:32.138434
9,12.45,75.13,False,2026-04-03 09:51:32.138434
9,16.49,75.1,False,2026-04-03 10:51:32.138434
9,17.65,75.07,False,2026-04-03 11:51:32.138434
9,19.86,75.03,False,2026-04-03 12:51:32.138434
9,22.98,74.99,False,2026-04-03 13:51:32.138434
9,26.17,74.97,False,2026-04-03 14:51:32.138434
9,28.01,74.95,False,2026-04-03 15:51:32.138434
9,28.56,74.91,False,2026-04-03 16:51:32.138434
9,32.43,74.89,False,2026-04-03 17:51:32.138434
9,35.56,74.87,False,2026-04-03 18:51:32.138434
9,39.88,74.82,False,2026-04-03 19:51:32.138434
9,41.81,74.79,False,2026-04-03 20:51:32.138434
9,43.48,74.77,False,2026-04-03 21:51:32.138434
9,44.08,74.74,False,2026-04-03 22:51:32.138434
9,44.8,74.7,False,2026-04-03 23:51:32.138434
9,44.9,74.67,False,2026-04-04 00:51:32.138434
9,45.07,74.65,False,2026-04-04 01:51:32.138434
9,45.07,74.63,False,2026-04-04 02:51:32.138434
9,45.32,74.62,False,2026-04-04 03:51:32.138434
9,45.38,74.61,False,2026-04-04 04:51:32.138434
9,45.44,74.57,False,2026-04-04 05:51:32.138434
9,47.04,74.53,False,2026-04-04 06:51:32.138434
9,47.56,74.49,False,2026-04-04 07:51:32.138434
9,50.25,74.48,False,2026-04-04 08:51:32.138434
9,53.86,74.46,False,2026-04-04 09:51:32.138434
9,56.38,74.42,False,2026-04-04 10:51:32.138434
9,57.6,74.4,False,2026-04-04 11:51:32.138434
9,61.73,74.37,False,2026-04-04 12:51:32.138434
9,63.76,74.34,False,2026-04-04 13:51:32.138434
9,68.73,74.29,False,2026-04-04 14:51:32.138434
9,70.17,74.28,False,2026-04-04 15:51:32.138434
9,72.17,74.25,False,2026-04-04 16:51:32.138434
9,74.38,74.21,False,2026-04-04 17:51:32.138434
9,77.85,74.19,False,2026-04-04 18:51:32.138434
9,82.66,74.17,False,2026-04-04 19:51:32.138434
9,8.72,74.14,False,2026-04-04 20:51:32.138434
9,9.23,74.11,False,2026-04-04 21:51:32.138434
9,10.51,74.09,False,2026-04-04 22:51:32.138434
9,11.53,74.08,False,2026-04-04 23:51:32.138434
9,11.58,74.06,False,2026-04-05 00:51:32.138434
9,11.67,74.04,False,2026-04-05 01:51:32.138434
9,12.15,74.01,False,2026-04-05 02:51:32.138434
9,12.15,73.98,False,2026-04-05 03:51:32.138434
9,12.23,73.94,False,2026-04-05 04:51:32.138434
9,12.7,73.93,False,2026-04-05 05:51:32.138434
9,13.63,73.9,False,2026-04-05 06:51:32.138434
9,14.67,73.85,False,2026-04-05 07:51:32.138434
9,17.82,73.84,False,2026-04-05 08:51:32.138434
9,19.93,73.83,False,2026-04-05 09:51:32.138434
9,24.36,73.8,False,2026-04-05 10:51:32.138434
9,25.48,73.76,False,2026-04-05 11:51:32.138434
9,28.02,73.74,False,2026-04-05 12:51:32.138434
9,30.54,73.71,False,2026-04-05 13:51:32.138434
9,33.81,73.68,False,2026-04-05 14:51:32.138434
9,35.55,73.64,False,2026-04-05 15:51:32.138434
9,37.35,73.61,False,2026-04-05 16:51:32.138434
9,42.23,73.59,False,2026-04-05 17:51:32.138434
9,46.89,73.56,False,2026-04-05 18:51:32.138434
9,48.94,73.53,False,2026-04-05 19:51:32.138434
9,49.48,73.52,False,2026-04-05 20:51:32.138434
9,50.64,73.48,False,2026-04-05 21:51:32.138434
9,52.48,73.45,False,2026-04-05 22:51:32.138434
9,53.21,73.42,False,2026-04-05 23:51:32.138434
9,53.26,73.38,False,2026-04-06 00:51:32.138434
9,53.51,73.34,False,2026-04-06 01:51:32.138434
9,53.52,73.29,False,2026-04-06 02:51:32.138434
9,53.72,73.25,False,2026-04-06 03:51:32.138434
9,53.91,73.23,False,2026-04-06 04:51:32.138434
9,53.96,73.2,False,2026-04-06 05:51:32.138434
9,55.32,73.19,False,2026-04-06 06:51:32.138434
9,56.37,73.14,False,2026-04-06 07:51:32.138434
9,59.92,73.11,False,2026-04-06 08:51:32.138434
9,64.84,73.09,False,2026-04-06 09:51:32.138434
9,67.26,73.04,False,2026-04-06 10:51:32.138434
9,68.5,73.02,False,2026-04-06 11:51:32.138434
9,72.79,72.98,False,2026-04-06 12:51:32.138434
9,75.88,72.94,False,2026-04-06 13:51:32.138434
9,78.07,72.92,False,2026-04-06 14:51:32.138434
9,79.61,72.91,False,2026-04-06 15:51:32.138434
9,80.52,72.86,False,2026-04-06 16:51:32.138434
9,11.09,72.84,False,2026-04-06 17:51:32.138434
9,14.98,72.8,False,2026-04-06 18:51:32.138434
9,17.97,72.76,False,2026-04-06 19:51:32.138434
9,19.87,72.74,False,2026-04-06 20:51:32.138434
9,20.57,72.73,False,2026-04-06 21:51:32.138434
9,21.52,72.68,False,2026-04-06 22:51:32.138434
9,23.49,72.65,False,2026-04-06 23:51:32.138434
9,23.65,72.61,False,2026-04-07 00:51:32.138434
9,24.06,72.56,False,2026-04-07 01:51:32.138434
9,24.24,72.51,False,2026-04-07 02:51:32.138434
9,24.43,72.49,False,2026-04-07 03:51:32.138434
9,24.85,72.45,False,2026-04-07 04:51:32.138434
9,25.11,72.42,False,2026-04-07 05:51:32.138434
9,26.56,72.39,False,2026-04-07 06:51:32.138434
9,27.27,72.38,False,2026-04-07 07:51:32.138434
9,29.66,72.34,False,2026-04-07 08:51:32.138434
9,33.96,72.33,False,2026-04-07 09:51:32.138434
9,38.01,72.32,False,2026-04-07 10:51:32.138434
9,39.21,72.28,False,2026-04-07 11:51:32.138434
9,41.49,72.27,False,2026-04-07 12:51:32.138434
9,45.4,72.26,False,2026-04-07 13:51:32.138434
9,50.28,72.23,False,2026-04-07 14:51:32.138434
9,50.86,72.2,False,2026-04-07 15:51:32.138434
9,52.12,72.18,False,2026-04-07 16:51:32.138434
9,56.94,72.14,False,2026-04-07 17:51:32.138434
9,61.42,72.12,False,2026-04-07 18:51:32.138434
9,64.02,72.09,False,2026-04-07 19:51:32.138434
9,65.87,72.08,False,2026-04-07 20:51:32.138434
9,67.04,72.05,False,2026-04-07 21:51:32.138434
9,67.69,72.04,False,2026-04-07 22:51:32.138434
9,68.25,72.0,False,2026-04-07 23:51:32.138434
9,68.4,71.97,False,2026-04-08 00:51:32.138434
9,68.56,71.95,False,2026-04-08 01:51:32.138434
9,68.73,71.93,False,2026-04-08 02:51:32.138434
9,69.18,71.91,False,2026-04-08 03:51:32.138434
9,69.63,71.88,False,2026-04-08 04:51:32.138434
9,69.97,71.84,False,2026-04-08 05:51:32.138434
9,70.91,71.81,False,2026-04-08 06:51:32.138434
9,72.73,71.79,False,2026-04-08 07:51:32.138434
9,77.28,71.75,False,2026-04-08 08:51:32.138434
9,79.44,71.73,False,2026-04-08 09:51:32.138434
9,83.63,71.69,False,2026-04-08 10:51:32.138434
9,9.9,71.64,False,2026-04-08 11:51:32.138434
9,12.61,71.62,False,2026-04-08 12:51:32.138434
9,15.58,71.61,False,2026-04-08 13:51:32.138434
9,18.42,71.56,False,2026-04-08 14:51:32.138434
9,20.13,71.54,False,2026-04-08 15:51:32.138434
9,21.76,71.49,False,2026-04-08 16:51:32.138434
9,25.86,71.47,False,2026-04-08 17:51:32.138434
9,28.48,71.45,False,2026-04-08 18:51:32.138434
9,30.8,71.41,False,2026-04-08 19:51:32.138434
9,31.98,71.37,False,2026-04-08 20:51:32.138434
9,32.58,71.33,False,2026-04-08 21:51:32.138434
9,33.95,71.29,False,2026-04-08 22:51:32.138434
9,35.62,71.25,False,2026-04-08 23:51:32.138434
9,35.92,71.21,False,2026-04-09 00:51:32.138434
9,36.08,71.18,False,2026-04-09 01:51:32.138434
9,36.33,71.16,False,2026-04-09 02:51:32.138434
9,36.44,71.14,False,2026-04-09 03:51:32.138434
9,36.59,71.09,False,2026-04-09 04:51:32.138434
9,36.9,71.08,False,2026-04-09 05:51:32.138434
9,38.73,71.05,False,2026-04-09 06:51:32.138434
9,40.24,71.03,False,2026-04-09 07:51:32.138434
9,45.19,70.99,False,2026-04-09 08:51:32.138434
9,49.72,70.97,False,2026-04-09 09:51:32.138434
9,53.95,70.92,False,2026-04-09 10:51:32.138434
9,55.24,70.9,False,2026-04-09 11:51:32.138434
9,57.52,70.88,False,2026-04-09 12:51:32.138434
9,59.88,70.87,False,2026-04-09 13:51:32.138434
9,64.12,70.82,False,2026-04-09 14:51:32.138434
9,65.27,70.79,False,2026-04-09 15:51:32.138434
9,66.66,70.75,False,2026-04-09 16:51:32.138434
9,69.91,70.74,False,2026-04-09 17:51:32.138434
9,72.35,70.73,False,2026-04-09 18:51:32.138434
9,77.33,70.69,False,2026-04-09 19:51:32.138434
9,78.2,70.68,False,2026-04-09 20:51:32.138434
9,78.81,70.65,False,2026-04-09 21:51:32.138434
9,79.93,70.62,False,2026-04-09 22:51:32.138434
9,81.34,70.58,False,2026-04-09 23:51:32.138434
9,6.21,70.53,False,2026-04-10 00:51:32.138434
9,6.21,70.48,False,2026-04-10 01:51:32.138434
9,6.27,70.44,False,2026-04-10 02:51:32.138434
9,6.38,70.42,False,2026-04-10 03:51:32.138434
9,6.66,70.41,False,2026-04-10 04:51:32.138434
9,6.93,70.39,False,2026-04-10 05:51:32.138434
9,7.89,70.35,False,2026-04-10 06:51:32.138434
9,8.76,70.31,False,2026-04-10 07:51:32.138434
9,13.22,70.27,False,2026-04-10 08:51:32.138434
9,16.95,70.24,False,2026-04-10 09:51:32.138434
9,20.97,70.2,False,2026-04-10 10:51:32.138434
9,22.38,70.19,False,2026-04-10 11:51:32.138434
9,26.05,70.17,False,2026-04-10 12:51:32.138434
9,30.14,70.13,False,2026-04-10 13:51:32.138434
9,32.77,70.11,False,2026-04-10 14:51:32.138434
9,33.61,70.1,False,2026-04-10 15:51:32.138434
9,34.29,70.07,False,2026-04-10 16:51:32.138434
9,36.88,70.04,False,2026-04-10 17:51:32.138434
9,41.75,70.02,False,2026-04-10 18:51:32.138434
9,45.67,69.98,False,2026-04-10 19:51:32.138434
9,47.3,69.95,False,2026-04-10 20:51:32.138434
9,49.12,69.93,False,2026-04-10 21:51:32.138434
9,50.95,69.91,False,2026-04-10 22:51:32.138434
9,51.7,69.88,False,2026-04-10 23:51:32.138434
9,51.87,69.84,False,2026-04-11 00:51:32.138434
9,52.06,69.82,False,2026-04-11 01:51:32.138434
9,52.32,69.77,False,2026-04-11 02:51:32.138434
9,52.62,69.75,False,2026-04-11 03:51:32.138434
9,52.97,69.71,False,2026-04-11 04:51:32.138434
9,53.07,69.69,False,2026-04-11 05:51:32.138434
9,54.92,69.68,False,2026-04-11 06:51:32.138434
9,56.37,69.64,False,2026-04-11 07:51:32.138434
9,60.21,69.59,False,2026-04-11 08:51:32.138434
9,63.57,69.57,False,2026-04-11 09:51:32.138434
9,67.55,69.53,False,2026-04-11 10:51:32.138434
9,68.88,69.49,False,2026-04-11 11:51:32.138434
9,71.69,69.48,False,2026-04-11 12:51:32.138434
9,74.72,69.43,False,2026-04-11 13:51:32.138434
9,78.08,69.39,False,2026-04-11 14:51:32.138434
9,78.8,69.36,False,2026-04-11 15:51:32.138434
9,80.51,69.32,False,2026-04-11 16:51:32.138434
9,11.61,69.3,False,2026-04-11 17:51:32.138434
9,14.4,69.26,False,2026-04-11 18:51:32.138434
9,16.53,69.23,False,2026-04-11 19:51:32.138434
9,18.35,69.22,False,2026-04-11 20:51:32.138434
9,19.78,69.18,False,2026-04-11 21:51:32.138434
9,20.68,69.17,False,2026-04-11 22:51:32.138434
9,22.02,69.13,False,2026-04-11 23:51:32.138434
9,22.46,69.11,False,2026-04-12 00:51:32.138434
9,22.53,69.1,False,2026-04-12 01:51:32.138434
9,22.54,69.06,False,2026-04-12 02:51:32.138434
9,22.93,69.02,False,2026-04-12 03:51:32.138434
9,23.28,68.99,False,2026-04-12 04:51:32.138434
9,23.76,68.96,False,2026-04-12 05:51:32.138434
9,25.48,68.92,False,2026-04-12 06:51:32.138434
9,26.48,68.9,False,2026-04-12 07:51:32.138434
9,31.03,68.85,False,2026-04-12 08:51:32.138434
9,35.62,68.83,False,2026-04-12 09:51:32.138434
9,37.79,68.81,False,2026-04-12 10:51:32.138434
9,38.46,68.77,False,2026-04-12 11:51:32.138434
9,41.37,68.73,False,2026-04-12 12:51:32.138434
9,43.79,68.68,False,2026-04-12 13:51:32.138434
9,47.49,68.65,False,2026-04-12 14:51:32.138434
9,48.6,68.62,False,2026-04-12 15:51:32.138434
9,50.35,68.58,False,2026-04-12 16:51:32.138434
9,53.78,68.56,False,2026-04-12 17:51:32.138434
9,56.87,68.54,False,2026-04-12 18:51:32.138434
9,60.13,68.53,False,2026-04-12 19:51:32.138434
9,61.96,68.5,False,2026-04-12 20:51:32.138434
9,63.36,68.48,False,2026-04-12 21:51:32.138434
9,64.86,68.46,False,2026-04-12 22:51:32.138434
9,66.1,68.41,False,2026-04-12 23:51:32.138434
9,66.35,68.4,False,2026-04-13 00:51:32.138434
9,66.82,68.37,False,2026-04-13 01:51:32.138434
9,67.17,68.35,False,2026-04-13 02:51:32.138434
9,67.56,68.31,False,2026-04-13 03:51:32.138434
9,67.91,68.28,False,2026-04-13 04:51:32.138434
9,68.32,68.25,False,2026-04-13 05:51:32.138434
9,69.4,68.24,False,2026-04-13 06:51:32.138434
9,71.11,68.2,False,2026-04-13 07:51:32.138434
9,74.61,68.17,False,2026-04-13 08:51:32.138434
9,77.71,68.15,False,2026-04-13 09:51:32.138434
9,80.03,68.11,False,2026-04-13 10:51:32.138434
9,6.45,68.09,False,2026-04-13 11:51:32.138434
9,8.67,68.05,False,2026-04-13 12:51:32.138434
9,11.99,68.02,False,2026-04-13 13:51:32.138434
9,14.37,68.0,False,2026-04-13 14:51:32.138434
9,15.93,67.96,False,2026-04-13 15:51:32.138434
9,17.2,67.93,False,2026-04-13 16:51:32.138434
9,19.27,67.91,False,2026-04-13 17:51:32.138434
9,23.49,67.88,False,2026-04-13 18:51:32.138434
9,26.03,67.86,False,2026-04-13 19:51:32.138434
9,26.77,67.85,False,2026-04-13 20:51:32.138434
9,28.28,67.8,False,2026-04-13 21:51:32.138434
9,29.98,67.77,False,2026-04-13 22:51:32.138434
9,30.65,67.76,False,2026-04-13 23:51:32.138434
9,31.11,67.74,False,2026-04-14 00:51:32.138434
9,31.58,67.72,False,2026-04-14 01:51:32.138434
9,31.66,67.69,False,2026-04-14 02:51:32.138434
9,31.82,67.65,False,2026-04-14 03:51:32.138434
9,32.06,67.61,False,2026-04-14 04:51:32.138434
9,32.37,67.58,False,2026-04-14 05:51:32.138434
9,33.18,67.54,False,2026-04-14 06:51:32.138434
9,34.27,67.49,False,2026-04-14 07:51:32.138434
9,39.11,67.46,False,2026-04-14 08:51:32.138434
9,43.93,67.44,False,2026-04-14 09:51:32.138434
9,47.03,67.42,False,2026-04-14 10:51:32.138434
9,48.19,67.39,False,2026-04-14 11:51:32.138434
9,51.37,67.36,False,2026-04-14 12:51:32.138434
9,56.24,67.35,False,2026-04-14 13:51:32.138434
9,59.51,67.31,False,2026-04-14 14:51:32.138434
9,60.45,67.29,False,2026-04-14 15:51:32.138434
9,62.2,67.25,False,2026-04-14 16:51:32.138434
9,64.3,67.21,False,2026-04-14 17:51:32.138434
9,67.15,67.17,False,2026-04-14 18:51:32.138434
9,69.56,67.14,False,2026-04-14 19:51:32.138434
9,70.93,67.09,False,2026-04-14 20:51:32.138434
9,72.93,67.05,False,2026-04-14 21:51:32.138434
9,74.18,67.03,False,2026-04-14 22:51:32.138434
9,75.01,67.01,False,2026-04-14 23:51:32.138434
9,75.04,66.99,False,2026-04-15 00:51:32.138434
9,75.06,66.95,False,2026-04-15 01:51:32.138434
9,75.17,66.91,False,2026-04-15 02:51:32.138434
9,75.57,66.89,False,2026-04-15 03:51:32.138434
9,75.91,66.86,False,2026-04-15 04:51:32.138434
9,76.11,66.83,False,2026-04-15 05:51:32.138434
9,77.83,66.81,False,2026-04-15 06:51:32.138434
9,79.54,66.77,False,2026-04-15 07:51:32.138434
9,83.6,66.74,False,2026-04-15 08:51:32.138434
9,10.15,66.72,False,2026-04-15 09:51:32.138434
9,15.03,66.67,False,2026-04-15 10:51:32.138434
9,16.14,66.65,False,2026-04-15 11:51:32.138434
9,18.75,66.61,False,2026-04-15 12:51:32.138434
9,21.47,66.6,False,2026-04-15 13:51:32.138434
9,26.11,66.57,False,2026-04-15 14:51:32.138434
9,27.62,66.54,False,2026-04-15 15:51:32.138434
9,29.38,66.51,False,2026-04-15 16:51:32.138434
9,33.2,66.47,False,2026-04-15 17:51:32.138434
9,36.09,66.44,False,2026-04-15 18:51:32.138434
9,38.45,66.42,False,2026-04-15 19:51:32.138434
9,40.22,66.41,False,2026-04-15 20:51:32.138434
9,40.88,66.36,False,2026-04-15 21:51:32.138434
9,41.85,66.31,False,2026-04-15 22:51:32.138434
9,42.97,66.29,False,2026-04-15 23:51:32.138434
9,43.39,66.27,False,2026-04-16 00:51:32.138434
9,43.81,66.25,False,2026-04-16 01:51:32.138434
9,44.09,66.23,False,2026-04-16 02:51:32.138434
9,44.47,66.19,False,2026-04-16 03:51:32.138434
9,44.51,66.16,False,2026-04-16 04:51:32.138434
9,44.99,66.13,False,2026-04-16 05:51:32.138434
9,46.69,66.08,False,2026-04-16 06:51:32.138434
9,47.41,66.03,False,2026-04-16 07:51:32.138434
9,52.04,66.02,False,2026-04-16 08:51:32.138434
9,56.24,65.99,False,2026-04-16 09:51:32.138434
9,59.12,65.96,False,2026-04-16 10:51:32.138434
9,60.96,65.93,False,2026-04-16 11:51:32.138434
9,65.26,65.89,False,2026-04-16 12:51:32.138434
9,69.56,65.84,False,2026-04-16 13:51:32.138434
9,71.77,65.81,False,2026-04-16 14:51:32.138434
9,72.78,65.76,False,2026-04-16 15:51:32.138434
9,73.81,65.73,False,2026-04-16 16:51:32.138434
9,76.67,65.7,False,2026-04-16 17:51:32.138434
9,79.2,65.65,False,2026-04-16 18:51:32.138434
9,82.61,65.63,False,2026-04-16 19:51:32.138434
9,10.73,65.6,False,2026-04-16 20:51:32.138434
9,11.61,65.58,False,2026-04-16 21:51:32.138434
9,12.47,65.55,False,2026-04-16 22:51:32.138434
9,13.05,65.51,False,2026-04-16 23:51:32.138434
9,13.43,65.47,False,2026-04-17 00:51:32.138434
9,13.66,65.45,False,2026-04-17 01:51:32.138434
9,14.14,65.4,False,2026-04-17 02:51:32.138434
9,14.3,65.35,False,2026-04-17 03:51:32.138434
9,14.53,65.32,False,2026-04-17 04:51:32.138434
9,14.72,65.28,False,2026-04-17 05:51:32.138434
9,15.83,65.24,False,2026-04-17 06:51:32.138434
9,16.5,65.22,False,2026-04-17 07:51:32.138434
9,20.88,65.2,False,2026-04-17 08:51:32.138434
9,23.88,65.17,False,2026-04-17 09:51:32.138434
9,27.42,65.14,False,2026-04-17 10:51:32.138434
9,28.49,65.11,False,2026-04-17 11:51:32.138434
9,32.52,65.07,False,2026-04-17 12:51:32.138434
9,35.57,65.04,False,2026-04-17 13:51:32.138434
9,40.17,65.02,False,2026-04-17 14:51:32.138434
9,41.29,64.97,False,2026-04-17 15:51:32.138434
9,42.8,64.94,False,2026-04-17 16:51:32.138434
9,47.12,64.9,False,2026-04-17 17:51:32.138434
9,51.11,64.87,False,2026-04-17 18:51:32.138434
9,54.93,64.83,False,2026-04-17 19:51:32.138434
9,55.62,64.81,False,2026-04-17 20:51:32.138434
9,56.3,64.78,False,2026-04-17 21:51:32.138434
9,57.17,64.74,False,2026-04-17 22:51:32.138434
9,57.73,64.7,False,2026-04-17 23:51:32.138434
9,57.86,64.69,False,2026-04-18 00:51:32.138434
9,57.98,64.66,False,2026-04-18 01:51:32.138434
9,58.18,64.64,False,2026-04-18 02:51:32.138434
9,58.56,64.59,False,2026-04-18 03:51:32.138434
9,59.02,64.55,False,2026-04-18 04:51:32.138434
9,59.36,64.53,False,2026-04-18 05:51:32.138434
9,61.07,64.51,False,2026-04-18 06:51:32.138434
9,62.5,64.5,False,2026-04-18 07:51:32.138434
9,64.7,64.47,False,2026-04-18 08:51:32.138434
9,67.92,64.45,False,2026-04-18 09:51:32.138434
9,71.77,64.42,False,2026-04-18 10:51:32.138434
9,73.31,64.39,False,2026-04-18 11:51:32.138434
9,77.02,64.37,False,2026-04-18 12:51:32.138434
9,79.34,64.33,False,2026-04-18 13:51:32.138434
9,81.86,64.3,False,2026-04-18 14:51:32.138434
9,4.2,64.28,False,2026-04-18 15:51:32.138434
9,5.15,64.25,False,2026-04-18 16:51:32.138434
9,8.34,64.24,False,2026-04-18 17:51:32.138434
9,10.86,64.21,False,2026-04-18 18:51:32.138434
9,13.89,64.19,False,2026-04-18 19:51:32.138434
9,14.62,64.15,False,2026-04-18 20:51:32.138434
9,15.23,64.12,False,2026-04-18 21:51:32.138434
9,16.39,64.08,False,2026-04-18 22:51:32.138434
9,18.09,64.06,False,2026-04-18 23:51:32.138434
9,18.24,64.03,False,2026-04-19 00:51:32.138434
9,18.65,64.0,False,2026-04-19 01:51:32.138434
9,18.88,63.97,False,2026-04-19 02:51:32.138434
9,19.15,63.95,False,2026-04-19 03:51:32.138434
9,19.24,63.91,False,2026-04-19 04:51:32.138434
9,19.45,63.88,False,2026-04-19 05:51:32.138434
9,21.28,63.86,False,2026-04-19 06:51:32.138434
9,22.7,63.83,False,2026-04-19 07:51:32.138434
9,25.62,63.82,False,2026-04-19 08:51:32.138434
9,28.21,63.8,False,2026-04-19 09:51:32.138434
9,32.14,63.77,False,2026-04-19 10:51:32.138434
9,33.98,63.75,False,2026-04-19 11:51:32.138434
9,38.67,63.74,False,2026-04-19 12:51:32.138434
9,40.68,63.71,False,2026-04-19 13:51:32.138434
9,44.8,63.69,False,2026-04-19 14:51:32.138434
9,46.25,63.66,False,2026-04-19 15:51:32.138434
9,47.92,63.61,False,2026-04-19 16:51:32.138434
9,50.63,63.59,False,2026-04-19 17:51:32.138434
9,54.61,63.55,False,2026-04-19 18:51:32.138434
9,58.23,63.5,False,2026-04-19 19:51:32.138434
9,59.81,63.46,False,2026-04-19 20:51:32.138434
9,61.79,63.45,False,2026-04-19 21:51:32.138434
9,63.49,63.42,False,2026-04-19 22:51:32.138434
9,64.2,63.37,False,2026-04-19 23:51:32.138434
9,64.49,63.35,False,2026-04-20 00:51:32.138434
9,64.97,63.33,False,2026-04-20 01:51:32.138434
9,65.04,63.31,False,2026-04-20 02:51:32.138434
9,65.34,63.29,False,2026-04-20 03:51:32.138434
9,65.5,63.25,False,2026-04-20 04:51:32.138434
9,65.76,63.2,False,2026-04-20 05:51:32.138434
9,66.39,63.16,False,2026-04-20 06:51:32.138434
9,68.24,63.12,False,2026-04-20 07:51:32.138434
9,70.58,63.08,False,2026-04-20 08:51:32.138434
9,74.06,63.03,False,2026-04-20 09:51:32.138434
9,77.25,63.01,False,2026-04-20 10:51:32.138434
9,78.26,62.98,False,2026-04-20 11:51:32.138434
9,81.55,62.93,False,2026-04-20 12:51:32.138434
9,10.26,62.9,False,2026-04-20 13:51:32.138434
9,15.25,62.86,False,2026-04-20 14:51:32.138434
9,16.5,62.82,False,2026-04-20 15:51:32.138434
9,17.71,62.79,False,2026-04-20 16:51:32.138434
9,20.41,62.77,False,2026-04-20 17:51:32.138434
9,24.65,62.74,False,2026-04-20 18:51:32.138434
9,26.86,62.71,False,2026-04-20 19:51:32.138434
9,27.81,62.7,False,2026-04-20 20:51:32.138434
9,28.52,62.68,False,2026-04-20 21:51:32.138434
9,30.03,62.67,False,2026-04-20 22:51:32.138434
9,31.6,62.65,False,2026-04-20 23:51:32.138434
9,31.93,62.61,False,2026-04-21 00:51:32.138434
9,32.38,62.57,False,2026-04-21 01:51:32.138434
9,32.87,62.54,False,2026-04-21 02:51:32.138434
9,33.1,62.53,False,2026-04-21 03:51:32.138434
9,33.1,62.5,False,2026-04-21 04:51:32.138434
9,33.12,62.49,False,2026-04-21 05:51:32.138434
9,34.83,62.48,False,2026-04-21 06:51:32.138434
9,36.6,62.46,False,2026-04-21 07:51:32.138434
9,40.94,62.44,False,2026-04-21 08:51:32.138434
9,45.55,62.43,False,2026-04-21 09:51:32.138434
9,48.29,62.4,False,2026-04-21 10:51:32.138434
9,49.47,62.39,False,2026-04-21 11:51:32.138434
9,51.74,62.37,False,2026-04-21 12:51:32.138434
9,55.38,62.34,False,2026-04-21 13:51:32.138434
9,58.43,62.31,False,2026-04-21 14:51:32.138434
9,59.36,62.29,False,2026-04-21 15:51:32.138434
9,60.65,62.27,False,2026-04-21 16:51:32.138434
9,65.56,62.25,False,2026-04-21 17:51:32.138434
9,70.28,62.21,False,2026-04-21 18:51:32.138434
9,74.26,62.17,False,2026-04-21 19:51:32.138434
9,75.73,62.14,False,2026-04-21 20:51:32.138434
9,77.6,62.11,False,2026-04-21 21:51:32.138434
9,78.85,62.09,False,2026-04-21 22:51:32.138434
9,79.44,62.08,False,2026-04-21 23:51:32.138434
9,79.64,62.03,False,2026-04-22 00:51:32.138434
9,79.85,61.98,False,2026-04-22 01:51:32.138434
9,79.96,61.96,False,2026-04-22 02:51:32.138434
9,80.22,61.94,False,2026-04-22 03:51:32.138434
9,6.18,61.9,False,2026-04-22 04:51:32.138434
9,6.55,61.88,False,2026-04-22 05:51:32.138434
9,7.92,61.86,False,2026-04-22 06:51:32.138434
9,9.38,61.82,False,2026-04-22 07:51:32.138434
9,12.62,61.8,False,2026-04-22 08:51:32.138434
9,17.09,61.78,False,2026-04-22 09:51:32.138434
9,21.11,61.76,False,2026-04-22 10:51:32.138434
9,21.83,61.73,False,2026-04-22 11:51:32.138434
9,24.13,61.69,False,2026-04-22 12:51:32.138434
9,28.33,61.65,False,2026-04-22 13:51:32.138434
9,31.74,61.61,False,2026-04-22 14:51:32.138434
9,32.41,61.59,False,2026-04-22 15:51:32.138434
9,34.08,61.56,False,2026-04-22 16:51:32.138434
9,38.26,61.54,False,2026-04-22 17:51:32.138434
9,42.69,61.53,False,2026-04-22 18:51:32.138434
9,45.92,61.49,False,2026-04-22 19:51:32.138434
9,47.69,61.45,False,2026-04-22 20:51:32.138434
9,48.42,61.42,False,2026-04-22 21:51:32.138434
9,49.53,61.38,False,2026-04-22 22:51:32.138434
9,51.18,61.34,False,2026-04-22 23:51:32.138434
9,51.61,61.33,False,2026-04-23 00:51:32.138434
9,51.64,61.29,False,2026-04-23 01:51:32.138434
9,51.91,61.27,False,2026-04-23 02:51:32.138434
9,52.06,61.24,False,2026-04-23 03:51:32.138434
9,52.26,61.2,False,2026-04-23 04:51:32.138434
9,52.69,61.17,False,2026-04-23 05:51:32.138434
9,54.21,61.15,False,2026-04-23 06:51:32.138434
9,54.72,61.11,False,2026-04-23 07:51:32.138434
9,59.01,61.07,False,2026-04-23 08:51:32.138434
9,62.83,61.03,False,2026-04-23 09:51:32.138434
9,67.34,61.0,False,2026-04-23 10:51:32.138434
9,68.76,60.98,False,2026-04-23 11:51:32.138434
9,72.52,60.95,False,2026-04-23 12:51:32.138434
9,76.42,60.9,False,2026-04-23 13:51:32.138434
9,80.61,60.87,False,2026-04-23 14:51:32.138434
9,4.13,60.83,False,2026-04-23 15:51:32.138434
9,5.76,60.8,False,2026-04-23 16:51:32.138434
9,8.91,60.75,False,2026-04-23 17:51:32.138434
9,12.92,60.72,False,2026-04-23 18:51:32.138434
9,17.12,60.68,False,2026-04-23 19:51:32.138434
9,18.8,60.66,False,2026-04-23 20:51:32.138434
9,19.87,60.64,False,2026-04-23 21:51:32.138434
9,21.33,60.59,False,2026-04-23 22:51:32.138434
9,23.31,60.55,False,2026-04-23 23:51:32.138434
9,23.38,60.52,False,2026-04-24 00:51:32.138434
9,23.46,60.49,False,2026-04-24 01:51:32.138434
9,23.79,60.46,False,2026-04-24 02:51:32.138434
9,23.94,60.42,False,2026-04-24 03:51:32.138434
9,24.27,60.4,False,2026-04-24 04:51:32.138434
9,24.34,60.37,False,2026-04-24 05:51:32.138434
9,24.99,60.32,False,2026-04-24 06:51:32.138434
9,26.94,60.28,False,2026-04-24 07:51:32.138434
9,30.38,60.24,False,2026-04-24 08:51:32.138434
9,34.65,60.21,False,2026-04-24 09:51:32.138434
9,37.29,60.18,False,2026-04-24 10:51:32.138434
9,38.31,60.14,False,2026-04-24 11:51:32.138434
9,40.47,60.1,False,2026-04-24 12:51:32.138434
9,42.83,60.05,False,2026-04-24 13:51:32.138434
9,45.79,60.02,False,2026-04-24 14:51:32.138434
9,46.99,59.98,False,2026-04-24 15:51:32.138434
9,47.9,59.96,False,2026-04-24 16:51:32.138434
9,50.49,59.94,False,2026-04-24 17:51:32.138434
9,52.94,59.9,False,2026-04-24 18:51:32.138434
9,56.92,59.86,False,2026-04-24 19:51:32.138434
9,57.79,59.83,False,2026-04-24 20:51:32.138434
9,59.12,59.81,False,2026-04-24 21:51:32.138434
9,59.85,59.76,False,2026-04-24 22:51:32.138434
9,60.78,59.73,False,2026-04-24 23:51:32.138434
9,61.02,59.72,False,2026-04-25 00:51:32.138434
9,61.48,59.7,False,2026-04-25 01:51:32.138434
9,61.63,59.68,False,2026-04-25 02:51:32.138434
9,61.88,59.65,False,2026-04-25 03:51:32.138434
9,62.15,59.6,False,2026-04-25 04:51:32.138434
9,62.43,59.59,False,2026-04-25 05:51:32.138434
9,64.37,59.55,False,2026-04-25 06:51:32.138434
9,65.04,59.52,False,2026-04-25 07:51:32.138434
9,69.18,59.48,False,2026-04-25 08:51:32.138434
9,73.61,59.46,False,2026-04-25 09:51:32.138434
9,76.65,59.44,False,2026-04-25 10:51:32.138434
9,78.12,59.39,False,2026-04-25 11:51:32.138434
9,83.01,59.37,False,2026-04-25 12:51:32.138434
9,10.65,59.34,False,2026-04-25 13:51:32.138434
9,12.97,59.31,False,2026-04-25 14:51:32.138434
9,14.46,59.3,False,2026-04-25 15:51:32.138434
9,16.41,59.27,False,2026-04-25 16:51:32.138434
9,20.77,59.24,False,2026-04-25 17:51:32.138434
9,24.91,59.21,False,2026-04-25 18:51:32.138434
9,27.6,59.18,False,2026-04-25 19:51:32.138434
9,28.91,59.15,False,2026-04-25 20:51:32.138434
9,30.17,59.13,False,2026-04-25 21:51:32.138434
9,31.98,59.11,False,2026-04-25 22:51:32.138434
9,32.69,59.08,False,2026-04-25 23:51:32.138434
9,32.99,59.06,False,2026-04-26 00:51:32.138434
9,33.25,59.02,False,2026-04-26 01:51:32.138434
9,33.53,59.0,False,2026-04-26 02:51:32.138434
9,33.86,58.99,False,2026-04-26 03:51:32.138434
9,33.95,58.95,False,2026-04-26 04:51:32.138434
9,34.03,58.92,False,2026-04-26 05:51:32.138434
9,35.92,58.9,False,2026-04-26 06:51:32.138434
9,37.4,58.87,False,2026-04-26 07:51:32.138434
9,41.07,58.84,False,2026-04-26 08:51:32.138434
9,45.01,58.8,False,2026-04-26 09:51:32.138434
9,48.86,58.75,False,2026-04-26 10:51:32.138434
9,49.66,58.73,False,2026-04-26 11:51:32.138434
9,54.5,58.69,False,2026-04-26 12:51:32.138434
9,56.56,58.67,False,2026-04-26 13:51:32.138434
9,59.22,58.62,False,2026-04-26 14:51:32.138434
9,61.05,58.58,False,2026-04-26 15:51:32.138434
9,62.6,58.54,False,2026-04-26 16:51:32.138434
9,67.39,58.51,False,2026-04-26 17:51:32.138434
9,70.13,58.47,False,2026-04-26 18:51:32.138434
9,72.51,58.45,False,2026-04-26 19:51:32.138434
9,73.16,58.43,False,2026-04-26 20:51:32.138434
9,74.31,58.41,False,2026-04-26 21:51:32.138434
9,75.57,58.38,False,2026-04-26 22:51:32.138434
9,77.41,58.33,False,2026-04-26 23:51:32.138434
9,77.59,58.3,False,2026-04-27 00:51:32.138434
9,77.94,58.26,False,2026-04-27 01:51:32.138434
9,78.17,58.25,False,2026-04-27 02:51:32.138434
9,78.53,58.21,False,2026-04-27 03:51:32.138434
9,78.75,58.16,False,2026-04-27 04:51:32.138434
9,79.05,58.11,False,2026-04-27 05:51:32.138434
9,80.76,58.09,False,2026-04-27 06:51:32.138434
9,5.15,58.04,False,2026-04-27 07:51:32.138434
9,8.95,58.01,False,2026-04-27 08:51:32.138434
9,11.85,57.96,False,2026-04-27 09:51:32.138434
9,15.52,57.92,False,2026-04-27 10:51:32.138434
9,17.11,57.9,False,2026-04-27 11:51:32.138434
9,22.08,57.88,False,2026-04-27 12:51:32.138434
9,26.04,57.86,False,2026-04-27 13:51:32.138434
9,29.91,57.84,False,2026-04-27 14:51:32.138434
9,30.7,57.79,False,2026-04-27 15:51:32.138434
9,32.45,57.75,False,2026-04-27 16:51:32.138434
9,36.71,57.72,False,2026-04-27 17:51:32.138434
9,39.93,57.7,False,2026-04-27 18:51:32.138434
9,42.28,57.67,False,2026-04-27 19:51:32.138434
9,43.9,57.64,False,2026-04-27 20:51:32.138434
9,45.47,57.62,False,2026-04-27 21:51:32.138434
9,46.11,57.58,False,2026-04-27 22:51:32.138434
9,47.97,57.54,False,2026-04-27 23:51:32.138434
9,48.09,57.52,False,2026-04-28 00:51:32.138434
9,48.48,57.47,False,2026-04-28 01:51:32.138434
9,48.85,57.44,False,2026-04-28 02:51:32.138434
9,49.15,57.4,False,2026-04-28 03:51:32.138434
9,49.62,57.39,False,2026-04-28 04:51:32.138434
9,49.94,57.34,False,2026-04-28 05:51:32.138434
9,51.54,57.3,False,2026-04-28 06:51:32.138434
9,52.62,57.26,False,2026-04-28 07:51:32.138434
9,57.42,57.25,False,2026-04-28 08:51:32.138434
9,62.03,57.23,False,2026-04-28 09:51:32.138434
9,65.28,57.2,False,2026-04-28 10:51:32.138434
9,66.91,57.18,False,2026-04-28 11:51:32.138434
9,71.29,57.16,False,2026-04-28 12:51:32.138434
9,74.41,57.12,False,2026-04-28 13:51:32.138434
9,76.63,57.07,False,2026-04-28 14:51:32.138434
9,78.58,57.04,False,2026-04-28 15:51:32.138434
9,79.31,57.0,False,2026-04-28 16:51:32.138434
9,82.77,56.96,False,2026-04-28 17:51:32.138434
9,12.04,56.94,False,2026-04-28 18:51:32.138434
9,14.93,56.91,False,2026-04-28 19:51:32.138434
9,15.98,56.89,False,2026-04-28 20:51:32.138434
9,16.68,56.86,False,2026-04-28 21:51:32.138434
9,18.52,56.83,False,2026-04-28 22:51:32.138434
9,20.02,56.79,False,2026-04-28 23:51:32.138434
9,20.1,56.77,False,2026-04-29 00:51:32.138434
9,20.33,56.73,False,2026-04-29 01:51:32.138434
9,20.38,56.72,False,2026-04-29 02:51:32.138434
9,20.59,56.67,False,2026-04-29 03:51:32.138434
9,20.94,56.64,False,2026-04-29 04:51:32.138434
9,21.14,56.62,False,2026-04-29 05:51:32.138434
9,21.66,56.57,False,2026-04-29 06:51:32.138434
9,22.17,56.56,False,2026-04-29 07:51:32.138434
9,25.25,56.54,False,2026-04-29 08:51:32.138434
9,28.11,56.5,False,2026-04-29 09:51:32.138434
9,30.59,56.49,False,2026-04-29 10:51:32.138434
9,32.14,56.46,False,2026-04-29 11:51:32.138434
9,35.37,56.43,False,2026-04-29 12:51:32.138434
9,38.44,56.42,False,2026-04-29 13:51:32.138434
9,41.99,56.41,False,2026-04-29 14:51:32.138434
9,43.47,56.38,False,2026-04-29 15:51:32.138434
9,45.23,56.36,False,2026-04-29 16:51:32.138434
9,49.75,56.33,False,2026-04-29 17:51:32.138434
9,52.05,56.32,False,2026-04-29 18:51:32.138434
9,55.2,56.28,False,2026-04-29 19:51:32.138434
9,55.9,56.26,False,2026-04-29 20:51:32.138434
9,56.83,56.24,False,2026-04-29 21:51:32.138434
9,58.66,56.22,False,2026-04-29 22:51:32.138434
9,60.5,56.18,False,2026-04-29 23:51:32.138434
9,60.8,56.16,False,2026-04-30 00:51:32.138434
9,61.2,56.11,False,2026-04-30 01:51:32.138434
9,61.46,56.09,False,2026-04-30 02:51:32.138434
9,61.57,56.07,False,2026-04-30 03:51:32.138434
9,61.63,56.04,False,2026-04-30 04:51:32.138434
9,61.78,56.01,False,2026-04-30 05:51:32.138434
9,63.61,55.99,False,2026-04-30 06:51:32.138434
9,65.16,55.94,False,2026-04-30 07:51:32.138434
9,67.94,55.91,False,2026-04-30 08:51:32.138434
9,70.93,55.89,False,2026-04-30 09:51:32.138434
9,74.99,55.86,False,2026-04-30 10:51:32.138434
9,76.04,55.82,False,2026-04-30 11:51:32.138434
9,80.56,55.78,False,2026-04-30 12:51:32.138434
9,11.9,55.76,False,2026-04-30 13:51:32.138434
9,16.53,55.72,False,2026-04-30 14:51:32.138434
9,17.32,55.7,False,2026-04-30 15:51:32.138434
9,19.09,55.65,False,2026-04-30 16:51:32.138434
9,21.47,55.64,False,2026-04-30 17:51:32.138434
9,25.69,55.59,False,2026-04-30 18:51:32.138434
9,29.35,55.57,False,2026-04-30 19:51:32.138434
9,31.0,55.55,False,2026-04-30 20:51:32.138434
9,32.41,55.54,False,2026-04-30 21:51:32.138434
9,33.21,55.5,False,2026-04-30 22:51:32.138434
9,34.14,55.45,False,2026-04-30 23:51:32.138434
9,34.49,55.43,False,2026-05-01 00:51:32.138434
9,34.57,55.4,False,2026-05-01 01:51:32.138434
9,34.9,55.37,False,2026-05-01 02:51:32.138434
9,35.18,55.34,False,2026-05-01 03:51:32.138434
9,35.41,55.32,False,2026-05-01 04:51:32.138434
9,35.48,55.29,False,2026-05-01 05:51:32.138434
9,35.98,55.26,False,2026-05-01 06:51:32.138434
9,37.02,55.22,False,2026-05-01 07:51:32.138434
9,39.25,55.2,False,2026-05-01 08:51:32.138434
9,44.09,55.19,False,2026-05-01 09:51:32.138434
9,48.28,55.17,False,2026-05-01 10:51:32.138434
9,48.9,55.14,False,2026-05-01 11:51:32.138434
9,52.53,55.11,False,2026-05-01 12:51:32.138434
9,57.19,55.07,False,2026-05-01 13:51:32.138434
9,60.42,55.05,False,2026-05-01 14:51:32.138434
9,61.58,55.03,False,2026-05-01 15:51:32.138434
9,63.54,55.0,False,2026-05-01 16:51:32.138434
9,66.03,54.99,False,2026-05-01 17:51:32.138434
9,68.93,54.97,False,2026-05-01 18:51:32.138434
9,72.14,54.92,False,2026-05-01 19:51:32.138434
9,73.05,54.88,False,2026-05-01 20:51:32.138434
9,74.44,54.83,False,2026-05-01 21:51:32.138434
9,75.02,54.82,False,2026-05-01 22:51:32.138434
9,76.96,54.79,False,2026-05-01 23:51:32.138434
9,77.04,54.77,False,2026-05-02 00:51:32.138434
9,77.54,54.73,False,2026-05-02 01:51:32.138434
9,77.75,54.71,False,2026-05-02 02:51:32.138434
9,77.76,54.68,False,2026-05-02 03:51:32.138434
9,77.81,54.64,False,2026-05-02 04:51:32.138434
9,77.91,54.63,False,2026-05-02 05:51:32.138434
9,79.26,54.6,False,2026-05-02 06:51:32.138434
9,80.98,54.56,False,2026-05-02 07:51:32.138434
9,7.54,54.53,False,2026-05-02 08:51:32.138434
9,10.16,54.51,False,2026-05-02 09:51:32.138434
9,14.47,54.48,False,2026-05-02 10:51:32.138434
9,15.17,54.45,False,2026-05-02 11:51:32.138434
9,18.34,54.41,False,2026-05-02 12:51:32.138434
9,22.98,54.37,False,2026-05-02 13:51:32.138434
9,26.18,54.35,False,2026-05-02 14:51:32.138434
9,26.99,54.34,False,2026-05-02 15:51:32.138434
9,28.56,54.3,False,2026-05-02 16:51:32.138434
9,31.79,54.26,False,2026-05-02 17:51:32.138434
9,36.01,54.24,False,2026-05-02 18:51:32.138434
9,38.07,54.22,False,2026-05-02 19:51:32.138434
9,38.94,54.2,False,2026-05-02 20:51:32.138434
9,39.75,54.18,False,2026-05-02 21:51:32.138434
9,41.55,54.17,False,2026-05-02 22:51:32.138434
9,42.39,54.14,False,2026-05-02 23:51:32.138434
9,42.47,54.11,False,2026-05-03 00:51:32.138434
9,42.77,54.09,False,2026-05-03 01:51:32.138434
9,42.81,54.05,False,2026-05-03 02:51:32.138434
9,42.91,54.03,False,2026-05-03 03:51:32.138434
9,43.05,54.0,False,2026-05-03 04:51:32.138434
9,43.29,53.98,False,2026-05-03 05:51:32.138434
9,44.14,53.94,False,2026-05-03 06:51:32.138434
9,45.09,53.92,False,2026-05-03 07:51:32.138434
9,47.37,53.89,False,2026-05-03 08:51:32.138434
9,49.77,53.85,False,2026-05-03 09:51:32.138434
9,51.87,53.81,False,2026-05-03 10:51:32.138434
9,52.45,53.79,False,2026-05-03 11:51:32.138434
9,55.32,53.77,False,2026-05-03 12:51:32.138434
9,58.77,53.72,False,2026-05-03 13:51:32.138434
9,62.11,53.69,False,2026-05-03 14:51:32.138434
9,63.43,53.67,False,2026-05-03 15:51:32.138434
9,65.41,53.66,False,2026-05-03 16:51:32.138434
9,68.16,53.64,False,2026-05-03 17:51:32.138434
9,71.29,53.62,False,2026-05-03 18:51:32.138434
9,75.09,53.58,False,2026-05-03 19:51:32.138434
9,75.76,53.56,False,2026-05-03 20:51:32.138434
9,76.34,53.53,False,2026-05-03 21:51:32.138434
9,77.17,53.51,False,2026-05-03 22:51:32.138434
9,78.8,53.46,False,2026-05-03 23:51:32.138434
9,79.28,53.42,False,2026-05-04 00:51:32.138434
9,79.61,53.4,False,2026-05-04 01:51:32.138434
9,79.93,53.39,False,2026-05-04 02:51:32.138434
9,80.32,53.36,False,2026-05-04 03:51:32.138434
9,9.18,53.33,False,2026-05-04 04:51:32.138434
9,9.37,53.29,False,2026-05-04 05:51:32.138434
9,11.1,53.26,False,2026-05-04 06:51:32.138434
9,11.67,53.23,False,2026-05-04 07:51:32.138434
9,16.4,53.21,False,2026-05-04 08:51:32.138434
9,21.38,53.18,False,2026-05-04 09:51:32.138434
9,24.18,53.17,False,2026-05-04 10:51:32.138434
9,24.72,53.12,False,2026-05-04 11:51:32.138434
9,28.19,53.1,False,2026-05-04 12:51:32.138434
9,30.26,53.06,False,2026-05-04 13:51:32.138434
9,34.46,53.02,False,2026-05-04 14:51:32.138434
9,35.54,53.0,False,2026-05-04 15:51:32.138434
9,37.39,52.98,False,2026-05-04 16:51:32.138434
9,39.7,52.97,False,2026-05-04 17:51:32.138434
9,44.24,52.94,False,2026-05-04 18:51:32.138434
9,47.13,52.9,False,2026-05-04 19:51:32.138434
9,48.88,52.86,False,2026-05-04 20:51:32.138434
9,49.4,52.85,False,2026-05-04 21:51:32.138434
9,50.2,52.83,False,2026-05-04 22:51:32.138434
9,50.88,52.79,False,2026-05-04 23:51:32.138434
9,51.36,52.77,False,2026-05-05 00:51:32.138434
9,51.55,52.73,False,2026-05-05 01:51:32.138434
9,51.87,52.7,False,2026-05-05 02:51:32.138434
9,52.18,52.67,False,2026-05-05 03:51:32.138434
9,52.44,52.65,False,2026-05-05 04:51:32.138434
9,52.76,52.64,False,2026-05-05 05:51:32.138434
9,53.68,52.61,False,2026-05-05 06:51:32.138434
9,54.72,52.59,False,2026-05-05 07:51:32.138434
9,57.07,52.55,False,2026-05-05 08:51:32.138434
9,61.22,52.52,False,2026-05-05 09:51:32.138434
9,63.43,52.48,False,2026-05-05 10:51:32.138434
9,64.64,52.43,False,2026-05-05 11:51:32.138434
9,68.58,52.4,False,2026-05-05 12:51:32.138434
9,72.8,52.36,False,2026-05-05 13:51:32.138434
9,77.16,52.35,False,2026-05-05 14:51:32.138434
9,78.52,52.3,False,2026-05-05 15:51:32.138434
9,79.79,52.27,False,2026-05-05 16:51:32.138434
9,84.42,52.25,False,2026-05-05 17:51:32.138434
9,5.83,52.24,False,2026-05-05 18:51:32.138434
9,8.96,52.21,False,2026-05-05 19:51:32.138434
9,9.65,52.16,False,2026-05-05 20:51:32.138434
9,10.44,52.13,False,2026-05-05 21:51:32.138434
9,12.07,52.12,False,2026-05-05 22:51:32.138434
9,13.54,52.07,False,2026-05-05 23:51:32.138434
9,13.6,52.05,False,2026-05-06 00:51:32.138434
9,13.81,52.01,False,2026-05-06 01:51:32.138434
9,13.96,51.99,False,2026-05-06 02:51:32.138434
9,14.1,51.96,False,2026-05-06 03:51:32.138434
9,14.14,51.93,False,2026-05-06 04:51:32.138434
9,14.54,51.89,False,2026-05-06 05:51:32.138434
9,15.37,51.85,False,2026-05-06 06:51:32.138434
9,17.36,51.81,False,2026-05-06 07:51:32.138434
9,20.37,51.78,False,2026-05-06 08:51:32.138434
9,24.37,51.74,False,2026-05-06 09:51:32.138434
9,26.38,51.7,False,2026-05-06 10:51:32.138434
9,27.01,51.69,False,2026-05-06 11:51:32.138434
9,29.94,51.67,False,2026-05-06 12:51:32.138434
9,33.62,51.64,False,2026-05-06 13:51:32.138434
9,38.09,51.61,False,2026-05-06 14:51:32.138434
9,39.97,51.57,False,2026-05-06 15:51:32.138434
9,41.33,51.55,False,2026-05-06 16:51:32.138434
9,43.49,51.52,False,2026-05-06 17:51:32.138434
9,45.88,51.5,False,2026-05-06 18:51:32.138434
9,50.48,51.47,False,2026-05-06 19:51:32.138434
9,51.57,51.43,False,2026-05-06 20:51:32.138434
9,53.21,51.39,False,2026-05-06 21:51:32.138434
9,54.41,51.35,False,2026-05-06 22:51:32.138434
9,54.92,51.33,False,2026-05-06 23:51:32.138434
9,55.41,51.29,False,2026-05-07 00:51:32.138434
9,55.91,51.24,False,2026-05-07 01:51:32.138434
9,56.37,51.23,False,2026-05-07 02:51:32.138434
9,56.82,51.19,False,2026-05-07 03:51:32.138434
9,57.28,51.17,False,2026-05-07 04:51:32.138434
9,57.61,51.13,False,2026-05-07 05:51:32.138434
9,59.59,51.1,False,2026-05-07 06:51:32.138434
9,61.42,51.07,False,2026-05-07 07:51:32.138434
9,64.97,51.04,False,2026-05-07 08:51:32.138434
9,67.33,51.02,False,2026-05-07 09:51:32.138434
9,70.93,50.97,False,2026-05-07 10:51:32.138434
9,71.55,50.95,False,2026-05-07 11:51:32.138434
9,75.54,50.94,False,2026-05-07 12:51:32.138434
9,79.63,50.9,False,2026-05-07 13:51:32.138434
9,83.46,50.86,False,2026-05-07 14:51:32.138434
9,11.61,50.83,False,2026-05-07 15:51:32.138434
9,12.46,50.79,False,2026-05-07 16:51:32.138434
9,17.19,50.75,False,2026-05-07 17:51:32.138434
9,21.52,50.73,False,2026-05-07 18:51:32.138434
9,24.85,50.7,False,2026-05-07 19:51:32.138434
9,26.29,50.66,False,2026-05-07 20:51:32.138434
10,9.99,87.82,False,2026-03-08 21:51:32.159961
10,10.83,87.78,False,2026-03-08 22:51:32.159961
10,11.62,87.73,False,2026-03-08 23:51:32.159961
10,12.03,87.68,False,2026-03-09 00:51:32.159961
10,12.3,87.65,False,2026-03-09 01:51:32.159961
10,12.51,87.6,False,2026-03-09 02:51:32.159961
10,12.72,87.56,False,2026-03-09 03:51:32.159961
10,13.02,87.52,False,2026-03-09 04:51:32.159961
10,13.23,87.48,False,2026-03-09 05:51:32.159961
10,13.84,87.46,False,2026-03-09 06:51:32.159961
10,14.83,87.44,False,2026-03-09 07:51:32.159961
10,18.62,87.43,False,2026-03-09 08:51:32.159961
10,22.45,87.4,False,2026-03-09 09:51:32.159961
10,26.44,87.38,False,2026-03-09 10:51:32.159961
10,28.28,87.36,False,2026-03-09 11:51:32.159961
10,32.01,87.33,False,2026-03-09 12:51:32.159961
10,36.88,87.28,False,2026-03-09 13:51:32.159961
10,41.65,87.26,False,2026-03-09 14:51:32.159961
10,43.41,87.24,False,2026-03-09 15:51:32.159961
10,44.96,87.22,False,2026-03-09 16:51:32.159961
10,49.95,87.19,False,2026-03-09 17:51:32.159961
10,54.79,87.14,False,2026-03-09 18:51:32.159961
10,59.7,87.12,False,2026-03-09 19:51:32.159961
10,60.5,87.11,False,2026-03-09 20:51:32.159961
10,61.24,87.06,False,2026-03-09 21:51:32.159961
10,63.02,87.01,False,2026-03-09 22:51:32.159961
10,65.01,86.97,False,2026-03-09 23:51:32.159961
10,65.37,86.94,False,2026-03-10 00:51:32.159961
10,65.4,86.92,False,2026-03-10 01:51:32.159961
10,65.62,86.9,False,2026-03-10 02:51:32.159961
10,65.9,86.89,False,2026-03-10 03:51:32.159961
10,66.16,86.87,False,2026-03-10 04:51:32.159961
10,66.29,86.84,False,2026-03-10 05:51:32.159961
10,67.3,86.82,False,2026-03-10 06:51:32.159961
10,68.66,86.79,False,2026-03-10 07:51:32.159961
10,73.46,86.75,False,2026-03-10 08:51:32.159961
10,77.36,86.72,False,2026-03-10 09:51:32.159961
10,80.89,86.7,False,2026-03-10 10:51:32.159961
10,6.48,86.67,False,2026-03-10 11:51:32.159961
10,9.09,86.64,False,2026-03-10 12:51:32.159961
10,11.25,86.61,False,2026-03-10 13:51:32.159961
10,15.68,86.57,False,2026-03-10 14:51:32.159961
10,17.45,86.54,False,2026-03-10 15:51:32.159961
10,18.76,86.5,False,2026-03-10 16:51:32.159961
10,23.72,86.48,False,2026-03-10 17:51:32.159961
10,28.26,86.45,False,2026-03-10 18:51:32.159961
10,30.91,86.42,False,2026-03-10 19:51:32.159961
10,32.17,86.37,False,2026-03-10 20:51:32.159961
10,34.13,86.34,False,2026-03-10 21:51:32.159961
10,35.67,86.3,False,2026-03-10 22:51:32.159961
10,36.31,86.28,False,2026-03-10 23:51:32.159961
10,36.36,86.26,False,2026-03-11 00:51:32.159961
10,36.63,86.23,False,2026-03-11 01:51:32.159961
10,36.63,86.2,False,2026-03-11 02:51:32.159961
10,36.78,86.19,False,2026-03-11 03:51:32.159961
10,37.14,86.17,False,2026-03-11 04:51:32.159961
10,37.2,86.12,False,2026-03-11 05:51:32.159961
10,37.83,86.09,False,2026-03-11 06:51:32.159961
10,39.22,86.08,False,2026-03-11 07:51:32.159961
10,43.14,86.05,False,2026-03-11 08:51:32.159961
10,45.89,86.02,False,2026-03-11 09:51:32.159961
10,49.44,85.97,False,2026-03-11 10:51:32.159961
10,50.41,85.95,False,2026-03-11 11:51:32.159961
10,52.82,85.91,False,2026-03-11 12:51:32.159961
10,56.89,85.89,False,2026-03-11 13:51:32.159961
10,60.73,85.85,False,2026-03-11 14:51:32.159961
10,61.66,85.83,False,2026-03-11 15:51:32.159961
10,63.62,85.82,False,2026-03-11 16:51:32.159961
10,66.38,85.8,False,2026-03-11 17:51:32.159961
10,71.11,85.77,False,2026-03-11 18:51:32.159961
10,75.61,85.73,False,2026-03-11 19:51:32.159961
10,77.5,85.71,False,2026-03-11 20:51:32.159961
10,79.39,85.68,False,2026-03-11 21:51:32.159961
10,81.33,85.66,False,2026-03-11 22:51:32.159961
10,8.0,85.62,False,2026-03-11 23:51:32.159961
10,8.4,85.6,False,2026-03-12 00:51:32.159961
10,8.45,85.57,False,2026-03-12 01:51:32.159961
10,8.53,85.52,False,2026-03-12 02:51:32.159961
10,8.85,85.5,False,2026-03-12 03:51:32.159961
10,9.03,85.49,False,2026-03-12 04:51:32.159961
10,9.15,85.44,False,2026-03-12 05:51:32.159961
10,10.96,85.39,False,2026-03-12 06:51:32.159961
10,11.76,85.35,False,2026-03-12 07:51:32.159961
10,14.81,85.33,False,2026-03-12 08:51:32.159961
10,18.32,85.28,False,2026-03-12 09:51:32.159961
10,21.7,85.24,False,2026-03-12 10:51:32.159961
10,22.65,85.22,False,2026-03-12 11:51:32.159961
10,26.57,85.18,False,2026-03-12 12:51:32.159961
10,31.06,85.13,False,2026-03-12 13:51:32.159961
10,33.6,85.09,False,2026-03-12 14:51:32.159961
10,35.3,85.04,False,2026-03-12 15:51:32.159961
10,36.96,85.02,False,2026-03-12 16:51:32.159961
10,40.08,85.0,False,2026-03-12 17:51:32.159961
10,44.09,84.95,False,2026-03-12 18:51:32.159961
10,46.18,84.92,False,2026-03-12 19:51:32.159961
10,47.9,84.89,False,2026-03-12 20:51:32.159961
10,49.16,84.86,False,2026-03-12 21:51:32.159961
10,50.2,84.83,False,2026-03-12 22:51:32.159961
10,51.22,84.81,False,2026-03-12 23:51:32.159961
10,51.42,84.8,False,2026-03-13 00:51:32.159961
10,51.49,84.76,False,2026-03-13 01:51:32.159961
10,51.57,84.71,False,2026-03-13 02:51:32.159961
10,51.7,84.67,False,2026-03-13 03:51:32.159961
10,51.73,84.63,False,2026-03-13 04:51:32.159961
10,51.87,84.58,False,2026-03-13 05:51:32.159961
10,52.95,84.55,False,2026-03-13 06:51:32.159961
10,54.33,84.51,False,2026-03-13 07:51:32.159961
10,57.6,84.46,False,2026-03-13 08:51:32.159961
10,59.62,84.44,False,2026-03-13 09:51:32.159961
10,64.41,84.41,False,2026-03-13 10:51:32.159961
10,65.36,84.36,False,2026-03-13 11:51:32.159961
10,69.69,84.34,False,2026-03-13 12:51:32.159961
10,72.82,84.32,False,2026-03-13 13:51:32.159961
10,75.2,84.3,False,2026-03-13 14:51:32.159961
10,76.77,84.29,False,2026-03-13 15:51:32.159961
10,77.92,84.25,False,2026-03-13 16:51:32.159961
10,81.04,84.23,False,2026-03-13 17:51:32.159961
10,8.28,84.2,False,2026-03-13 18:51:32.159961
10,10.52,84.18,False,2026-03-13 19:51:32.159961
10,11.95,84.16,False,2026-03-13 20:51:32.159961
10,13.38,84.11,False,2026-03-13 21:51:32.159961
10,14.52,84.07,False,2026-03-13 22:51:32.159961
10,16.05,84.04,False,2026-03-13 23:51:32.159961
10,16.15,84.01,False,2026-03-14 00:51:32.159961
10,16.28,83.98,False,2026-03-14 01:51:32.159961
10,16.65,83.95,False,2026-03-14 02:51:32.159961
10,16.79,83.94,False,2026-03-14 03:51:32.159961
10,17.08,83.92,False,2026-03-14 04:51:32.159961
10,17.44,83.9,False,2026-03-14 05:51:32.159961
10,18.17,83.89,False,2026-03-14 06:51:32.159961
10,19.24,83.88,False,2026-03-14 07:51:32.159961
10,24.2,83.83,False,2026-03-14 08:51:32.159961
10,26.37,83.8,False,2026-03-14 09:51:32.159961
10,30.86,83.76,False,2026-03-14 10:51:32.159961
10,32.74,83.73,False,2026-03-14 11:51:32.159961
10,37.2,83.69,False,2026-03-14 12:51:32.159961
10,41.38,83.66,False,2026-03-14 13:51:32.159961
10,45.65,83.63,False,2026-03-14 14:51:32.159961
10,46.37,83.6,False,2026-03-14 15:51:32.159961
10,47.59,83.55,False,2026-03-14 16:51:32.159961
10,49.62,83.5,False,2026-03-14 17:51:32.159961
10,53.4,83.49,False,2026-03-14 18:51:32.159961
10,58.29,83.47,False,2026-03-14 19:51:32.159961
10,59.22,83.44,False,2026-03-14 20:51:32.159961
10,61.11,83.39,False,2026-03-14 21:51:32.159961
10,61.86,83.38,False,2026-03-14 22:51:32.159961
10,63.84,83.35,False,2026-03-14 23:51:32.159961
10,63.98,83.3,False,2026-03-15 00:51:32.159961
10,64.22,83.27,False,2026-03-15 01:51:32.159961
10,64.7,83.24,False,2026-03-15 02:51:32.159961
10,64.83,83.21,False,2026-03-15 03:51:32.159961
10,65.25,83.18,False,2026-03-15 04:51:32.159961
10,65.53,83.15,False,2026-03-15 05:51:32.159961
10,67.37,83.11,False,2026-03-15 06:51:32.159961
10,69.03,83.06,False,2026-03-15 07:51:32.159961
10,72.47,83.05,False,2026-03-15 08:51:32.159961
10,76.32,83.01,False,2026-03-15 09:51:32.159961
10,80.67,82.99,False,2026-03-15 10:51:32.159961
10,10.6,82.98,False,2026-03-15 11:51:32.159961
10,14.88,82.95,False,2026-03-15 12:51:32.159961
10,19.03,82.91,False,2026-03-15 13:51:32.159961
10,24.02,82.88,False,2026-03-15 14:51:32.159961
10,25.84,82.85,False,2026-03-15 15:51:32.159961
10,26.54,82.82,False,2026-03-15 16:51:32.159961
10,29.81,82.78,False,2026-03-15 17:51:32.159961
10,33.97,82.76,False,2026-03-15 18:51:32.159961
10,36.01,82.72,False,2026-03-15 19:51:32.159961
10,37.39,82.7,False,2026-03-15 20:51:32.159961
10,39.22,82.68,False,2026-03-15 21:51:32.159961
10,40.3,82.64,False,2026-03-15 22:51:32.159961
10,41.48,82.59,False,2026-03-15 23:51:32.159961
10,41.86,82.54,False,2026-03-16 00:51:32.159961
10,42.13,82.51,False,2026-03-16 01:51:32.159961
10,42.47,82.49,False,2026-03-16 02:51:32.159961
10,42.6,82.44,False,2026-03-16 03:51:32.159961
10,42.67,82.41,False,2026-03-16 04:51:32.159961
10,42.74,82.38,False,2026-03-16 05:51:32.159961
10,44.67,82.35,False,2026-03-16 06:51:32.159961
10,45.47,82.33,False,2026-03-16 07:51:32.159961
10,48.91,82.28,False,2026-03-16 08:51:32.159961
10,50.98,82.25,False,2026-03-16 09:51:32.159961
10,54.97,82.21,False,2026-03-16 10:51:32.159961
10,56.27,82.19,False,2026-03-16 11:51:32.159961
10,61.15,82.15,False,2026-03-16 12:51:32.159961
10,64.2,82.13,False,2026-03-16 13:51:32.159961
10,67.67,82.12,False,2026-03-16 14:51:32.159961
10,69.57,82.08,False,2026-03-16 15:51:32.159961
10,71.4,82.07,False,2026-03-16 16:51:32.159961
10,73.78,82.03,False,2026-03-16 17:51:32.159961
10,77.16,82.01,False,2026-03-16 18:51:32.159961
10,79.47,81.98,False,2026-03-16 19:51:32.159961
10,80.85,81.96,False,2026-03-16 20:51:32.159961
10,7.65,81.91,False,2026-03-16 21:51:32.159961
10,8.46,81.87,False,2026-03-16 22:51:32.159961
10,9.57,81.82,False,2026-03-16 23:51:32.159961
10,9.66,81.79,False,2026-03-17 00:51:32.159961
10,9.87,81.76,False,2026-03-17 01:51:32.159961
10,10.12,81.71,False,2026-03-17 02:51:32.159961
10,10.58,81.68,False,2026-03-17 03:51:32.159961
10,10.83,81.67,False,2026-03-17 04:51:32.159961
10,10.98,81.65,False,2026-03-17 05:51:32.159961
10,11.77,81.62,False,2026-03-17 06:51:32.159961
10,12.69,81.59,False,2026-03-17 07:51:32.159961
10,16.96,81.54,False,2026-03-17 08:51:32.159961
10,21.39,81.52,False,2026-03-17 09:51:32.159961
10,25.43,81.48,False,2026-03-17 10:51:32.159961
10,27.34,81.46,False,2026-03-17 11:51:32.159961
10,31.32,81.42,False,2026-03-17 12:51:32.159961
10,34.63,81.38,False,2026-03-17 13:51:32.159961
10,39.28,81.35,False,2026-03-17 14:51:32.159961
10,40.65,81.32,False,2026-03-17 15:51:32.159961
10,41.86,81.29,False,2026-03-17 16:51:32.159961
10,44.18,81.26,False,2026-03-17 17:51:32.159961
10,48.98,81.25,False,2026-03-17 18:51:32.159961
10,52.94,81.22,False,2026-03-17 19:51:32.159961
10,54.74,81.19,False,2026-03-17 20:51:32.159961
10,55.88,81.16,False,2026-03-17 21:51:32.159961
10,56.49,81.14,False,2026-03-17 22:51:32.159961
10,58.46,81.11,False,2026-03-17 23:51:32.159961
10,58.84,81.06,False,2026-03-18 00:51:32.159961
10,59.13,81.04,False,2026-03-18 01:51:32.159961
10,59.28,81.02,False,2026-03-18 02:51:32.159961
10,59.29,81.0,False,2026-03-18 03:51:32.159961
10,59.62,80.99,False,2026-03-18 04:51:32.159961
10,60.1,80.97,False,2026-03-18 05:51:32.159961
10,60.85,80.94,False,2026-03-18 06:51:32.159961
10,62.01,80.92,False,2026-03-18 07:51:32.159961
10,66.8,80.89,False,2026-03-18 08:51:32.159961
10,70.46,80.85,False,2026-03-18 09:51:32.159961
10,73.08,80.81,False,2026-03-18 10:51:32.159961
10,74.77,80.78,False,2026-03-18 11:51:32.159961
10,77.4,80.74,False,2026-03-18 12:51:32.159961
10,81.51,80.71,False,2026-03-18 13:51:32.159961
10,8.25,80.68,False,2026-03-18 14:51:32.159961
10,10.24,80.64,False,2026-03-18 15:51:32.159961
10,10.9,80.61,False,2026-03-18 16:51:32.159961
10,14.79,80.56,False,2026-03-18 17:51:32.159961
10,19.65,80.54,False,2026-03-18 18:51:32.159961
10,24.21,80.5,False,2026-03-18 19:51:32.159961
10,24.74,80.48,False,2026-03-18 20:51:32.159961
10,25.7,80.46,False,2026-03-18 21:51:32.159961
10,26.88,80.42,False,2026-03-18 22:51:32.159961
10,28.21,80.4,False,2026-03-18 23:51:32.159961
10,28.42,80.35,False,2026-03-19 00:51:32.159961
10,28.61,80.31,False,2026-03-19 01:51:32.159961
10,28.92,80.29,False,2026-03-19 02:51:32.159961
10,29.05,80.27,False,2026-03-19 03:51:32.159961
10,29.05,80.25,False,2026-03-19 04:51:32.159961
10,29.49,80.21,False,2026-03-19 05:51:32.159961
10,30.89,80.17,False,2026-03-19 06:51:32.159961
10,32.73,80.14,False,2026-03-19 07:51:32.159961
10,36.22,80.11,False,2026-03-19 08:51:32.159961
10,38.98,80.08,False,2026-03-19 09:51:32.159961
10,41.24,80.06,False,2026-03-19 10:51:32.159961
10,42.77,80.04,False,2026-03-19 11:51:32.159961
10,45.43,80.0,False,2026-03-19 12:51:32.159961
10,49.15,79.97,False,2026-03-19 13:51:32.159961
10,51.83,79.92,False,2026-03-19 14:51:32.159961
10,53.3,79.91,False,2026-03-19 15:51:32.159961
10,54.4,79.86,False,2026-03-19 16:51:32.159961
10,56.42,79.82,False,2026-03-19 17:51:32.159961
10,58.69,79.77,False,2026-03-19 18:51:32.159961
10,61.41,79.75,False,2026-03-19 19:51:32.159961
10,62.73,79.71,False,2026-03-19 20:51:32.159961
10,63.83,79.66,False,2026-03-19 21:51:32.159961
10,65.51,79.62,False,2026-03-19 22:51:32.159961
10,67.12,79.61,False,2026-03-19 23:51:32.159961
10,67.14,79.56,False,2026-03-20 00:51:32.159961
10,67.15,79.52,False,2026-03-20 01:51:32.159961
10,67.43,79.51,False,2026-03-20 02:51:32.159961
10,67.9,79.49,False,2026-03-20 03:51:32.159961
10,68.06,79.47,False,2026-03-20 04:51:32.159961
10,68.28,79.45,False,2026-03-20 05:51:32.159961
10,69.47,79.4,False,2026-03-20 06:51:32.159961
10,70.01,79.39,False,2026-03-20 07:51:32.159961
10,74.44,79.35,False,2026-03-20 08:51:32.159961
10,78.68,79.31,False,2026-03-20 09:51:32.159961
10,81.51,79.29,False,2026-03-20 10:51:32.159961
10,6.14,79.25,False,2026-03-20 11:51:32.159961
10,9.04,79.21,False,2026-03-20 12:51:32.159961
10,11.61,79.18,False,2026-03-20 13:51:32.159961
10,15.24,79.14,False,2026-03-20 14:51:32.159961
10,15.85,79.1,False,2026-03-20 15:51:32.159961
10,17.31,79.08,False,2026-03-20 16:51:32.159961
10,20.75,79.04,False,2026-03-20 17:51:32.159961
10,25.27,79.02,False,2026-03-20 18:51:32.159961
10,27.48,78.98,False,2026-03-20 19:51:32.159961
10,28.98,78.94,False,2026-03-20 20:51:32.159961
10,29.6,78.9,False,2026-03-20 21:51:32.159961
10,30.2,78.85,False,2026-03-20 22:51:32.159961
10,31.61,78.82,False,2026-03-20 23:51:32.159961
10,31.7,78.81,False,2026-03-21 00:51:32.159961
10,31.87,78.78,False,2026-03-21 01:51:32.159961
10,31.93,78.77,False,2026-03-21 02:51:32.159961
10,32.26,78.73,False,2026-03-21 03:51:32.159961
10,32.67,78.71,False,2026-03-21 04:51:32.159961
10,32.98,78.69,False,2026-03-21 05:51:32.159961
10,34.33,78.66,False,2026-03-21 06:51:32.159961
10,35.46,78.62,False,2026-03-21 07:51:32.159961
10,39.01,78.57,False,2026-03-21 08:51:32.159961
10,42.59,78.53,False,2026-03-21 09:51:32.159961
10,45.03,78.52,False,2026-03-21 10:51:32.159961
10,46.12,78.51,False,2026-03-21 11:51:32.159961
10,48.43,78.48,False,2026-03-21 12:51:32.159961
10,52.81,78.46,False,2026-03-21 13:51:32.159961
10,57.27,78.41,False,2026-03-21 14:51:32.159961
10,58.33,78.36,False,2026-03-21 15:51:32.159961
10,59.66,78.33,False,2026-03-21 16:51:32.159961
10,62.08,78.32,False,2026-03-21 17:51:32.159961
10,64.14,78.28,False,2026-03-21 18:51:32.159961
10,67.02,78.25,False,2026-03-21 19:51:32.159961
10,68.89,78.22,False,2026-03-21 20:51:32.159961
10,70.4,78.18,False,2026-03-21 21:51:32.159961
10,71.59,78.16,False,2026-03-21 22:51:32.159961
10,72.86,78.12,False,2026-03-21 23:51:32.159961
10,72.95,78.07,False,2026-03-22 00:51:32.159961
10,73.02,78.05,False,2026-03-22 01:51:32.159961
10,73.03,78.04,False,2026-03-22 02:51:32.159961
10,73.4,78.01,False,2026-03-22 03:51:32.159961
10,73.66,77.97,False,2026-03-22 04:51:32.159961
10,73.92,77.95,False,2026-03-22 05:51:32.159961
10,74.44,77.92,False,2026-03-22 06:51:32.159961
10,75.19,77.89,False,2026-03-22 07:51:32.159961
10,77.47,77.88,False,2026-03-22 08:51:32.159961
10,80.97,77.87,False,2026-03-22 09:51:32.159961
10,10.96,77.85,False,2026-03-22 10:51:32.159961
10,11.83,77.83,False,2026-03-22 11:51:32.159961
10,16.83,77.82,False,2026-03-22 12:51:32.159961
10,18.98,77.8,False,2026-03-22 13:51:32.159961
10,22.79,77.78,False,2026-03-22 14:51:32.159961
10,24.6,77.75,False,2026-03-22 15:51:32.159961
10,26.17,77.7,False,2026-03-22 16:51:32.159961
10,30.23,77.68,False,2026-03-22 17:51:32.159961
10,34.84,77.63,False,2026-03-22 18:51:32.159961
10,38.48,77.61,False,2026-03-22 19:51:32.159961
10,39.72,77.58,False,2026-03-22 20:51:32.159961
10,41.29,77.55,False,2026-03-22 21:51:32.159961
10,42.19,77.5,False,2026-03-22 22:51:32.159961
10,42.95,77.48,False,2026-03-22 23:51:32.159961
10,43.15,77.44,False,2026-03-23 00:51:32.159961
10,43.6,77.43,False,2026-03-23 01:51:32.159961
10,43.69,77.38,False,2026-03-23 02:51:32.159961
10,43.99,77.34,False,2026-03-23 03:51:32.159961
10,44.2,77.3,False,2026-03-23 04:51:32.159961
10,44.56,77.28,False,2026-03-23 05:51:32.159961
10,45.91,77.24,False,2026-03-23 06:51:32.159961
10,47.6,77.21,False,2026-03-23 07:51:32.159961
10,49.87,77.16,False,2026-03-23 08:51:32.159961
10,52.0,77.12,False,2026-03-23 09:51:32.159961
10,56.16,77.11,False,2026-03-23 10:51:32.159961
10,57.11,77.07,False,2026-03-23 11:51:32.159961
10,60.26,77.03,False,2026-03-23 12:51:32.159961
10,64.25,77.01,False,2026-03-23 13:51:32.159961
10,66.84,76.97,False,2026-03-23 14:51:32.159961
10,67.88,76.94,False,2026-03-23 15:51:32.159961
10,69.5,76.89,False,2026-03-23 16:51:32.159961
10,73.2,76.88,False,2026-03-23 17:51:32.159961
10,75.55,76.85,False,2026-03-23 18:51:32.159961
10,78.95,76.83,False,2026-03-23 19:51:32.159961
10,80.53,76.79,False,2026-03-23 20:51:32.159961
10,3.65,76.78,False,2026-03-23 21:51:32.159961
10,4.9,76.77,False,2026-03-23 22:51:32.159961
10,5.54,76.76,False,2026-03-23 23:51:32.159961
10,5.86,76.71,False,2026-03-24 00:51:32.159961
10,6.27,76.69,False,2026-03-24 01:51:32.159961
10,6.4,76.64,False,2026-03-24 02:51:32.159961
10,6.45,76.6,False,2026-03-24 03:51:32.159961
10,6.67,76.56,False,2026-03-24 04:51:32.159961
10,6.69,76.51,False,2026-03-24 05:51:32.159961
10,7.31,76.48,False,2026-03-24 06:51:32.159961
10,8.58,76.44,False,2026-03-24 07:51:32.159961
10,12.01,76.41,False,2026-03-24 08:51:32.159961
10,14.04,76.36,False,2026-03-24 09:51:32.159961
10,17.95,76.33,False,2026-03-24 10:51:32.159961
10,19.89,76.28,False,2026-03-24 11:51:32.159961
10,24.09,76.24,False,2026-03-24 12:51:32.159961
10,28.31,76.23,False,2026-03-24 13:51:32.159961
10,30.63,76.19,False,2026-03-24 14:51:32.159961
10,31.78,76.15,False,2026-03-24 15:51:32.159961
10,33.17,76.1,False,2026-03-24 16:51:32.159961
10,37.23,76.07,False,2026-03-24 17:51:32.159961
10,39.27,76.02,False,2026-03-24 18:51:32.159961
10,42.93,75.99,False,2026-03-24 19:51:32.159961
10,43.94,75.96,False,2026-03-24 20:51:32.159961
10,44.78,75.94,False,2026-03-24 21:51:32.159961
10,46.51,75.92,False,2026-03-24 22:51:32.159961
10,48.06,75.89,False,2026-03-24 23:51:32.159961
10,48.11,75.87,False,2026-03-25 00:51:32.159961
10,48.36,75.84,False,2026-03-25 01:51:32.159961
10,48.57,75.83,False,2026-03-25 02:51:32.159961
10,48.87,75.79,False,2026-03-25 03:51:32.159961
10,49.17,75.75,False,2026-03-25 04:51:32.159961
10,49.51,75.73,False,2026-03-25 05:51:32.159961
10,51.44,75.71,False,2026-03-25 06:51:32.159961
10,52.85,75.69,False,2026-03-25 07:51:32.159961
10,57.69,75.67,False,2026-03-25 08:51:32.159961
10,60.79,75.63,False,2026-03-25 09:51:32.159961
10,63.17,75.6,False,2026-03-25 10:51:32.159961
10,64.1,75.57,False,2026-03-25 11:51:32.159961
10,69.02,75.56,False,2026-03-25 12:51:32.159961
10,71.96,75.52,False,2026-03-25 13:51:32.159961
10,75.61,75.49,False,2026-03-25 14:51:32.159961
10,77.3,75.46,False,2026-03-25 15:51:32.159961
10,79.03,75.41,False,2026-03-25 16:51:32.159961
10,84.03,75.38,False,2026-03-25 17:51:32.159961
10,7.77,75.35,False,2026-03-25 18:51:32.159961
10,11.72,75.33,False,2026-03-25 19:51:32.159961
10,13.47,75.31,False,2026-03-25 20:51:32.159961
10,14.45,75.27,False,2026-03-25 21:51:32.159961
10,15.71,75.25,False,2026-03-25 22:51:32.159961
10,17.46,75.22,False,2026-03-25 23:51:32.159961
10,17.7,75.2,False,2026-03-26 00:51:32.159961
10,17.97,75.17,False,2026-03-26 01:51:32.159961
10,17.98,75.13,False,2026-03-26 02:51:32.159961
10,18.04,75.09,False,2026-03-26 03:51:32.159961
10,18.43,75.05,False,2026-03-26 04:51:32.159961
10,18.44,75.03,False,2026-03-26 05:51:32.159961
10,19.64,75.01,False,2026-03-26 06:51:32.159961
10,20.82,74.98,False,2026-03-26 07:51:32.159961
10,23.21,74.93,False,2026-03-26 08:51:32.159961
10,26.67,74.9,False,2026-03-26 09:51:32.159961
10,29.64,74.87,False,2026-03-26 10:51:32.159961
10,30.64,74.82,False,2026-03-26 11:51:32.159961
10,35.1,74.81,False,2026-03-26 12:51:32.159961
10,39.47,74.78,False,2026-03-26 13:51:32.159961
10,43.75,74.76,False,2026-03-26 14:51:32.159961
10,44.66,74.73,False,2026-03-26 15:51:32.159961
10,46.64,74.7,False,2026-03-26 16:51:32.159961
10,50.75,74.65,False,2026-03-26 17:51:32.159961
10,54.38,74.64,False,2026-03-26 18:51:32.159961
10,58.46,74.63,False,2026-03-26 19:51:32.159961
10,60.45,74.6,False,2026-03-26 20:51:32.159961
10,61.32,74.57,False,2026-03-26 21:51:32.159961
10,63.24,74.55,False,2026-03-26 22:51:32.159961
10,64.9,74.52,False,2026-03-26 23:51:32.159961
10,64.91,74.49,False,2026-03-27 00:51:32.159961
10,65.05,74.47,False,2026-03-27 01:51:32.159961
10,65.49,74.44,False,2026-03-27 02:51:32.159961
10,65.77,74.39,False,2026-03-27 03:51:32.159961
10,65.85,74.38,False,2026-03-27 04:51:32.159961
10,66.11,74.34,False,2026-03-27 05:51:32.159961
10,66.82,74.33,False,2026-03-27 06:51:32.159961
10,68.08,74.3,False,2026-03-27 07:51:32.159961
10,71.29,74.26,False,2026-03-27 08:51:32.159961
10,74.65,74.24,False,2026-03-27 09:51:32.159961
10,78.14,74.22,False,2026-03-27 10:51:32.159961
10,79.5,74.17,False,2026-03-27 11:51:32.159961
10,82.81,74.15,False,2026-03-27 12:51:32.159961
10,9.6,74.11,False,2026-03-27 13:51:32.159961
10,12.15,74.08,False,2026-03-27 14:51:32.159961
10,13.77,74.04,False,2026-03-27 15:51:32.159961
10,14.58,74.01,False,2026-03-27 16:51:32.159961
10,18.4,73.99,False,2026-03-27 17:51:32.159961
10,22.46,73.98,False,2026-03-27 18:51:32.159961
10,24.82,73.96,False,2026-03-27 19:51:32.159961
10,25.47,73.91,False,2026-03-27 20:51:32.159961
10,26.81,73.88,False,2026-03-27 21:51:32.159961
10,27.61,73.83,False,2026-03-27 22:51:32.159961
10,28.54,73.8,False,2026-03-27 23:51:32.159961
10,28.81,73.76,False,2026-03-28 00:51:32.159961
10,28.91,73.75,False,2026-03-28 01:51:32.159961
10,29.0,73.71,False,2026-03-28 02:51:32.159961
10,29.39,73.7,False,2026-03-28 03:51:32.159961
10,29.73,73.68,False,2026-03-28 04:51:32.159961
10,29.77,73.63,False,2026-03-28 05:51:32.159961
10,31.54,73.62,False,2026-03-28 06:51:32.159961
10,33.47,73.58,False,2026-03-28 07:51:32.159961
10,36.57,73.53,False,2026-03-28 08:51:32.159961
10,39.68,73.48,False,2026-03-28 09:51:32.159961
10,42.45,73.46,False,2026-03-28 10:51:32.159961
10,43.61,73.42,False,2026-03-28 11:51:32.159961
10,48.12,73.41,False,2026-03-28 12:51:32.159961
10,52.57,73.38,False,2026-03-28 13:51:32.159961
10,55.71,73.37,False,2026-03-28 14:51:32.159961
10,57.66,73.35,False,2026-03-28 15:51:32.159961
10,58.43,73.33,False,2026-03-28 16:51:32.159961
10,60.76,73.29,False,2026-03-28 17:51:32.159961
10,64.41,73.25,False,2026-03-28 18:51:32.159961
10,68.43,73.22,False,2026-03-28 19:51:32.159961
10,69.39,73.18,False,2026-03-28 20:51:32.159961
10,71.02,73.14,False,2026-03-28 21:51:32.159961
10,72.24,73.11,False,2026-03-28 22:51:32.159961
10,72.85,73.06,False,2026-03-28 23:51:32.159961
10,73.11,73.05,False,2026-03-29 00:51:32.159961
10,73.42,73.0,False,2026-03-29 01:51:32.159961
10,73.76,72.95,False,2026-03-29 02:51:32.159961
10,74.07,72.91,False,2026-03-29 03:51:32.159961
10,74.24,72.9,False,2026-03-29 04:51:32.159961
10,74.59,72.88,False,2026-03-29 05:51:32.159961
10,76.22,72.85,False,2026-03-29 06:51:32.159961
10,77.78,72.83,False,2026-03-29 07:51:32.159961
10,80.15,72.78,False,2026-03-29 08:51:32.159961
10,11.01,72.76,False,2026-03-29 09:51:32.159961
10,15.17,72.72,False,2026-03-29 10:51:32.159961
10,17.07,72.7,False,2026-03-29 11:51:32.159961
10,21.26,72.69,False,2026-03-29 12:51:32.159961
10,25.39,72.65,False,2026-03-29 13:51:32.159961
10,30.28,72.63,False,2026-03-29 14:51:32.159961
10,31.54,72.59,False,2026-03-29 15:51:32.159961
10,32.12,72.58,False,2026-03-29 16:51:32.159961
10,35.31,72.54,False,2026-03-29 17:51:32.159961
10,37.62,72.51,False,2026-03-29 18:51:32.159961
10,40.42,72.5,False,2026-03-29 19:51:32.159961
10,42.01,72.48,False,2026-03-29 20:51:32.159961
10,43.33,72.47,False,2026-03-29 21:51:32.159961
10,44.46,72.43,False,2026-03-29 22:51:32.159961
10,45.69,72.38,False,2026-03-29 23:51:32.159961
10,46.06,72.34,False,2026-03-30 00:51:32.159961
10,46.16,72.29,False,2026-03-30 01:51:32.159961
10,46.38,72.26,False,2026-03-30 02:51:32.159961
10,46.48,72.23,False,2026-03-30 03:51:32.159961
10,46.48,72.22,False,2026-03-30 04:51:32.159961
10,46.65,72.2,False,2026-03-30 05:51:32.159961
10,47.96,72.18,False,2026-03-30 06:51:32.159961
10,48.97,72.16,False,2026-03-30 07:51:32.159961
10,53.02,72.14,False,2026-03-30 08:51:32.159961
10,56.43,72.12,False,2026-03-30 09:51:32.159961
10,59.15,72.11,False,2026-03-30 10:51:32.159961
10,60.52,72.1,False,2026-03-30 11:51:32.159961
10,62.94,72.05,False,2026-03-30 12:51:32.159961
10,66.05,72.01,False,2026-03-30 13:51:32.159961
10,69.54,71.99,False,2026-03-30 14:51:32.159961
10,70.91,71.94,False,2026-03-30 15:51:32.159961
10,72.58,71.92,False,2026-03-30 16:51:32.159961
10,76.99,71.91,False,2026-03-30 17:51:32.159961
10,79.9,71.9,False,2026-03-30 18:51:32.159961
10,82.94,71.88,False,2026-03-30 19:51:32.159961
10,8.41,71.85,False,2026-03-30 20:51:32.159961
10,9.64,71.82,False,2026-03-30 21:51:32.159961
10,10.25,71.79,False,2026-03-30 22:51:32.159961
10,11.8,71.76,False,2026-03-30 23:51:32.159961
10,12.28,71.71,False,2026-03-31 00:51:32.159961
10,12.3,71.68,False,2026-03-31 01:51:32.159961
10,12.49,71.67,False,2026-03-31 02:51:32.159961
10,12.87,71.62,False,2026-03-31 03:51:32.159961
10,12.99,71.61,False,2026-03-31 04:51:32.159961
10,13.02,71.58,False,2026-03-31 05:51:32.159961
10,14.26,71.54,False,2026-03-31 06:51:32.159961
10,15.44,71.5,False,2026-03-31 07:51:32.159961
10,19.96,71.46,False,2026-03-31 08:51:32.159961
10,23.58,71.43,False,2026-03-31 09:51:32.159961
10,26.79,71.39,False,2026-03-31 10:51:32.159961
10,27.45,71.37,False,2026-03-31 11:51:32.159961
10,32.16,71.33,False,2026-03-31 12:51:32.159961
10,35.62,71.28,False,2026-03-31 13:51:32.159961
10,39.48,71.25,False,2026-03-31 14:51:32.159961
10,40.11,71.24,False,2026-03-31 15:51:32.159961
10,41.25,71.19,False,2026-03-31 16:51:32.159961
10,44.15,71.15,False,2026-03-31 17:51:32.159961
10,48.86,71.14,False,2026-03-31 18:51:32.159961
10,52.38,71.11,False,2026-03-31 19:51:32.159961
10,52.94,71.09,False,2026-03-31 20:51:32.159961
10,53.61,71.04,False,2026-03-31 21:51:32.159961
10,54.19,71.02,False,2026-03-31 22:51:32.159961
10,55.93,71.0,False,2026-03-31 23:51:32.159961
10,56.31,70.97,False,2026-04-01 00:51:32.159961
10,56.8,70.93,False,2026-04-01 01:51:32.159961
10,57.01,70.91,False,2026-04-01 02:51:32.159961
10,57.1,70.86,False,2026-04-01 03:51:32.159961
10,57.52,70.84,False,2026-04-01 04:51:32.159961
10,57.79,70.8,False,2026-04-01 05:51:32.159961
10,59.36,70.77,False,2026-04-01 06:51:32.159961
10,60.72,70.74,False,2026-04-01 07:51:32.159961
10,64.83,70.71,False,2026-04-01 08:51:32.159961
10,66.84,70.69,False,2026-04-01 09:51:32.159961
10,69.77,70.66,False,2026-04-01 10:51:32.159961
10,70.76,70.63,False,2026-04-01 11:51:32.159961
10,74.84,70.62,False,2026-04-01 12:51:32.159961
10,77.12,70.57,False,2026-04-01 13:51:32.159961
10,80.36,70.55,False,2026-04-01 14:51:32.159961
10,6.23,70.54,False,2026-04-01 15:51:32.159961
10,7.55,70.51,False,2026-04-01 16:51:32.159961
10,11.73,70.49,False,2026-04-01 17:51:32.159961
10,14.79,70.47,False,2026-04-01 18:51:32.159961
10,17.17,70.44,False,2026-04-01 19:51:32.159961
10,19.17,70.4,False,2026-04-01 20:51:32.159961
10,19.92,70.36,False,2026-04-01 21:51:32.159961
10,21.81,70.34,False,2026-04-01 22:51:32.159961
10,22.32,70.3,False,2026-04-01 23:51:32.159961
10,22.79,70.29,False,2026-04-02 00:51:32.159961
10,23.15,70.27,False,2026-04-02 01:51:32.159961
10,23.38,70.23,False,2026-04-02 02:51:32.159961
10,23.41,70.21,False,2026-04-02 03:51:32.159961
10,23.63,70.19,False,2026-04-02 04:51:32.159961
10,24.02,70.16,False,2026-04-02 05:51:32.159961
10,25.36,70.12,False,2026-04-02 06:51:32.159961
10,26.32,70.08,False,2026-04-02 07:51:32.159961
10,30.67,70.05,False,2026-04-02 08:51:32.159961
10,35.16,70.02,False,2026-04-02 09:51:32.159961
10,39.76,69.98,False,2026-04-02 10:51:32.159961
10,41.26,69.97,False,2026-04-02 11:51:32.159961
10,44.3,69.93,False,2026-04-02 12:51:32.159961
10,47.54,69.9,False,2026-04-02 13:51:32.159961
10,51.33,69.87,False,2026-04-02 14:51:32.159961
10,52.79,69.86,False,2026-04-02 15:51:32.159961
10,54.0,69.84,False,2026-04-02 16:51:32.159961
10,56.27,69.79,False,2026-04-02 17:51:32.159961
10,59.54,69.74,False,2026-04-02 18:51:32.159961
10,64.52,69.72,False,2026-04-02 19:51:32.159961
10,66.06,69.7,False,2026-04-02 20:51:32.159961
10,67.95,69.65,False,2026-04-02 21:51:32.159961
10,68.58,69.63,False,2026-04-02 22:51:32.159961
10,69.52,69.59,False,2026-04-02 23:51:32.159961
10,69.8,69.55,False,2026-04-03 00:51:32.159961
10,70.22,69.54,False,2026-04-03 01:51:32.159961
10,70.55,69.51,False,2026-04-03 02:51:32.159961
10,70.97,69.47,False,2026-04-03 03:51:32.159961
10,71.37,69.43,False,2026-04-03 04:51:32.159961
10,71.86,69.39,False,2026-04-03 05:51:32.159961
10,73.77,69.36,False,2026-04-03 06:51:32.159961
10,75.69,69.32,False,2026-04-03 07:51:32.159961
10,79.55,69.29,False,2026-04-03 08:51:32.159961
10,82.74,69.24,False,2026-04-03 09:51:32.159961
10,9.3,69.21,False,2026-04-03 10:51:32.159961
10,11.17,69.17,False,2026-04-03 11:51:32.159961
10,14.28,69.13,False,2026-04-03 12:51:32.159961
10,17.13,69.12,False,2026-04-03 13:51:32.159961
10,20.71,69.09,False,2026-04-03 14:51:32.159961
10,22.68,69.06,False,2026-04-03 15:51:32.159961
10,23.99,69.04,False,2026-04-03 16:51:32.159961
10,28.75,69.03,False,2026-04-03 17:51:32.159961
10,33.24,68.98,False,2026-04-03 18:51:32.159961
10,37.26,68.95,False,2026-04-03 19:51:32.159961
10,38.58,68.93,False,2026-04-03 20:51:32.159961
10,39.51,68.9,False,2026-04-03 21:51:32.159961
10,40.75,68.89,False,2026-04-03 22:51:32.159961
10,41.87,68.85,False,2026-04-03 23:51:32.159961
10,42.16,68.81,False,2026-04-04 00:51:32.159961
10,42.42,68.78,False,2026-04-04 01:51:32.159961
10,42.85,68.74,False,2026-04-04 02:51:32.159961
10,43.19,68.71,False,2026-04-04 03:51:32.159961
10,43.37,68.66,False,2026-04-04 04:51:32.159961
10,43.6,68.65,False,2026-04-04 05:51:32.159961
10,44.83,68.63,False,2026-04-04 06:51:32.159961
10,45.55,68.61,False,2026-04-04 07:51:32.159961
10,48.5,68.59,False,2026-04-04 08:51:32.159961
10,50.62,68.54,False,2026-04-04 09:51:32.159961
10,53.29,68.51,False,2026-04-04 10:51:32.159961
10,54.27,68.48,False,2026-04-04 11:51:32.159961
10,57.88,68.43,False,2026-04-04 12:51:32.159961
10,62.7,68.42,False,2026-04-04 13:51:32.159961
10,66.3,68.39,False,2026-04-04 14:51:32.159961
10,67.91,68.34,False,2026-04-04 15:51:32.159961
10,69.09,68.3,False,2026-04-04 16:51:32.159961
10,71.84,68.27,False,2026-04-04 17:51:32.159961
10,74.04,68.23,False,2026-04-04 18:51:32.159961
10,78.5,68.21,False,2026-04-04 19:51:32.159961
10,79.17,68.16,False,2026-04-04 20:51:32.159961
10,80.79,68.14,False,2026-04-04 21:51:32.159961
10,5.59,68.11,False,2026-04-04 22:51:32.159961
10,7.34,68.1,False,2026-04-04 23:51:32.159961
10,7.4,68.06,False,2026-04-05 00:51:32.159961
10,7.59,68.02,False,2026-04-05 01:51:32.159961
10,7.7,68.01,False,2026-04-05 02:51:32.159961
10,7.93,67.98,False,2026-04-05 03:51:32.159961
10,8.13,67.95,False,2026-04-05 04:51:32.159961
10,8.53,67.92,False,2026-04-05 05:51:32.159961
10,10.12,67.89,False,2026-04-05 06:51:32.159961
10,11.64,67.87,False,2026-04-05 07:51:32.159961
10,16.49,67.86,False,2026-04-05 08:51:32.159961
10,20.55,67.82,False,2026-04-05 09:51:32.159961
10,22.69,67.81,False,2026-04-05 10:51:32.159961
10,23.48,67.77,False,2026-04-05 11:51:32.159961
10,25.74,67.75,False,2026-04-05 12:51:32.159961
10,27.82,67.72,False,2026-04-05 13:51:32.159961
10,32.37,67.68,False,2026-04-05 14:51:32.159961
10,33.47,67.66,False,2026-04-05 15:51:32.159961
10,34.98,67.64,False,2026-04-05 16:51:32.159961
10,37.42,67.6,False,2026-04-05 17:51:32.159961
10,41.92,67.55,False,2026-04-05 18:51:32.159961
10,45.67,67.51,False,2026-04-05 19:51:32.159961
10,47.06,67.48,False,2026-04-05 20:51:32.159961
10,48.73,67.45,False,2026-04-05 21:51:32.159961
10,49.27,67.41,False,2026-04-05 22:51:32.159961
10,50.07,67.4,False,2026-04-05 23:51:32.159961
10,50.55,67.36,False,2026-04-06 00:51:32.159961
10,50.6,67.32,False,2026-04-06 01:51:32.159961
10,50.82,67.27,False,2026-04-06 02:51:32.159961
10,51.25,67.26,False,2026-04-06 03:51:32.159961
10,51.51,67.24,False,2026-04-06 04:51:32.159961
10,51.69,67.22,False,2026-04-06 05:51:32.159961
10,53.35,67.17,False,2026-04-06 06:51:32.159961
10,54.72,67.14,False,2026-04-06 07:51:32.159961
10,57.33,67.12,False,2026-04-06 08:51:32.159961
10,59.63,67.07,False,2026-04-06 09:51:32.159961
10,62.62,67.02,False,2026-04-06 10:51:32.159961
10,64.62,67.0,False,2026-04-06 11:51:32.159961
10,68.24,66.97,False,2026-04-06 12:51:32.159961
10,71.08,66.95,False,2026-04-06 13:51:32.159961
10,73.95,66.92,False,2026-04-06 14:51:32.159961
10,75.06,66.89,False,2026-04-06 15:51:32.159961
10,76.68,66.86,False,2026-04-06 16:51:32.159961
10,79.18,66.84,False,2026-04-06 17:51:32.159961
10,83.4,66.82,False,2026-04-06 18:51:32.159961
10,11.73,66.81,False,2026-04-06 19:51:32.159961
10,12.77,66.76,False,2026-04-06 20:51:32.159961
10,13.72,66.74,False,2026-04-06 21:51:32.159961
10,15.69,66.69,False,2026-04-06 22:51:32.159961
10,16.26,66.64,False,2026-04-06 23:51:32.159961
10,16.59,66.62,False,2026-04-07 00:51:32.159961
10,16.84,66.59,False,2026-04-07 01:51:32.159961
10,16.91,66.55,False,2026-04-07 02:51:32.159961
10,17.07,66.52,False,2026-04-07 03:51:32.159961
10,17.15,66.49,False,2026-04-07 04:51:32.159961
10,17.57,66.47,False,2026-04-07 05:51:32.159961
10,18.77,66.45,False,2026-04-07 06:51:32.159961
10,20.5,66.43,False,2026-04-07 07:51:32.159961
10,24.48,66.41,False,2026-04-07 08:51:32.159961
10,27.54,66.39,False,2026-04-07 09:51:32.159961
10,29.96,66.34,False,2026-04-07 10:51:32.159961
10,31.83,66.3,False,2026-04-07 11:51:32.159961
10,34.23,66.29,False,2026-04-07 12:51:32.159961
10,37.35,66.26,False,2026-04-07 13:51:32.159961
10,40.16,66.23,False,2026-04-07 14:51:32.159961
10,42.02,66.19,False,2026-04-07 15:51:32.159961
10,43.42,66.17,False,2026-04-07 16:51:32.159961
10,46.67,66.15,False,2026-04-07 17:51:32.159961
10,50.37,66.11,False,2026-04-07 18:51:32.159961
10,52.89,66.09,False,2026-04-07 19:51:32.159961
10,53.47,66.06,False,2026-04-07 20:51:32.159961
10,54.46,66.02,False,2026-04-07 21:51:32.159961
10,56.0,66.01,False,2026-04-07 22:51:32.159961
10,56.51,65.98,False,2026-04-07 23:51:32.159961
10,56.79,65.96,False,2026-04-08 00:51:32.159961
10,57.25,65.91,False,2026-04-08 01:51:32.159961
10,57.55,65.9,False,2026-04-08 02:51:32.159961
10,57.67,65.85,False,2026-04-08 03:51:32.159961
10,58.1,65.82,False,2026-04-08 04:51:32.159961
10,58.53,65.78,False,2026-04-08 05:51:32.159961
10,59.5,65.75,False,2026-04-08 06:51:32.159961
10,60.94,65.74,False,2026-04-08 07:51:32.159961
10,64.75,65.71,False,2026-04-08 08:51:32.159961
10,69.11,65.68,False,2026-04-08 09:51:32.159961
10,71.44,65.66,False,2026-04-08 10:51:32.159961
10,73.33,65.62,False,2026-04-08 11:51:32.159961
10,77.78,65.58,False,2026-04-08 12:51:32.159961
10,81.59,65.54,False,2026-04-08 13:51:32.159961
10,6.56,65.5,False,2026-04-08 14:51:32.159961
10,7.49,65.49,False,2026-04-08 15:51:32.159961
10,8.68,65.47,False,2026-04-08 16:51:32.159961
10,12.05,65.44,False,2026-04-08 17:51:32.159961
10,14.39,65.43,False,2026-04-08 18:51:32.159961
10,18.74,65.39,False,2026-04-08 19:51:32.159961
10,20.62,65.36,False,2026-04-08 20:51:32.159961
10,22.04,65.32,False,2026-04-08 21:51:32.159961
10,22.8,65.28,False,2026-04-08 22:51:32.159961
10,24.19,65.24,False,2026-04-08 23:51:32.159961
10,24.64,65.21,False,2026-04-09 00:51:32.159961
10,24.9,65.16,False,2026-04-09 01:51:32.159961
10,25.18,65.14,False,2026-04-09 02:51:32.159961
10,25.38,65.12,False,2026-04-09 03:51:32.159961
10,25.61,65.11,False,2026-04-09 04:51:32.159961
10,25.69,65.09,False,2026-04-09 05:51:32.159961
10,27.14,65.04,False,2026-04-09 06:51:32.159961
10,29.13,65.01,False,2026-04-09 07:51:32.159961
10,31.82,65.0,False,2026-04-09 08:51:32.159961
10,36.13,64.98,False,2026-04-09 09:51:32.159961
10,38.65,64.96,False,2026-04-09 10:51:32.159961
10,39.34,64.93,False,2026-04-09 11:51:32.159961
10,41.5,64.92,False,2026-04-09 12:51:32.159961
10,44.66,64.87,False,2026-04-09 13:51:32.159961
10,49.39,64.85,False,2026-04-09 14:51:32.159961
10,50.56,64.84,False,2026-04-09 15:51:32.159961
10,51.67,64.81,False,2026-04-09 16:51:32.159961
10,54.49,64.78,False,2026-04-09 17:51:32.159961
10,59.04,64.74,False,2026-04-09 18:51:32.159961
10,63.0,64.72,False,2026-04-09 19:51:32.159961
10,64.94,64.68,False,2026-04-09 20:51:32.159961
10,66.35,64.64,False,2026-04-09 21:51:32.159961
10,67.53,64.59,False,2026-04-09 22:51:32.159961
10,68.1,64.55,False,2026-04-09 23:51:32.159961
10,68.15,64.51,False,2026-04-10 00:51:32.159961
10,68.59,64.47,False,2026-04-10 01:51:32.159961
10,68.92,64.42,False,2026-04-10 02:51:32.159961
10,69.18,64.39,False,2026-04-10 03:51:32.159961
10,69.44,64.36,False,2026-04-10 04:51:32.159961
10,69.74,64.33,False,2026-04-10 05:51:32.159961
10,71.48,64.3,False,2026-04-10 06:51:32.159961
10,73.21,64.27,False,2026-04-10 07:51:32.159961
10,75.25,64.26,False,2026-04-10 08:51:32.159961
10,77.77,64.22,False,2026-04-10 09:51:32.159961
10,80.65,64.18,False,2026-04-10 10:51:32.159961
10,9.88,64.15,False,2026-04-10 11:51:32.159961
10,13.66,64.13,False,2026-04-10 12:51:32.159961
10,15.82,64.1,False,2026-04-10 13:51:32.159961
10,18.93,64.08,False,2026-04-10 14:51:32.159961
10,20.04,64.05,False,2026-04-10 15:51:32.159961
10,21.98,64.01,False,2026-04-10 16:51:32.159961
10,24.48,63.97,False,2026-04-10 17:51:32.159961
10,28.71,63.94,False,2026-04-10 18:51:32.159961
10,30.86,63.92,False,2026-04-10 19:51:32.159961
10,31.52,63.87,False,2026-04-10 20:51:32.159961
10,32.04,63.85,False,2026-04-10 21:51:32.159961
10,34.0,63.82,False,2026-04-10 22:51:32.159961
10,34.62,63.79,False,2026-04-10 23:51:32.159961
10,34.77,63.75,False,2026-04-11 00:51:32.159961
10,34.81,63.71,False,2026-04-11 01:51:32.159961
10,35.27,63.66,False,2026-04-11 02:51:32.159961
10,35.62,63.62,False,2026-04-11 03:51:32.159961
10,35.86,63.57,False,2026-04-11 04:51:32.159961
10,36.34,63.55,False,2026-04-11 05:51:32.159961
10,37.89,63.54,False,2026-04-11 06:51:32.159961
10,39.81,63.53,False,2026-04-11 07:51:32.159961
10,44.79,63.48,False,2026-04-11 08:51:32.159961
10,49.22,63.45,False,2026-04-11 09:51:32.159961
10,51.96,63.42,False,2026-04-11 10:51:32.159961
10,53.34,63.37,False,2026-04-11 11:51:32.159961
10,56.49,63.33,False,2026-04-11 12:51:32.159961
10,59.72,63.3,False,2026-04-11 13:51:32.159961
10,62.36,63.28,False,2026-04-11 14:51:32.159961
10,62.97,63.24,False,2026-04-11 15:51:32.159961
10,63.92,63.2,False,2026-04-11 16:51:32.159961
10,67.07,63.18,False,2026-04-11 17:51:32.159961
10,70.04,63.14,False,2026-04-11 18:51:32.159961
10,72.55,63.1,False,2026-04-11 19:51:32.159961
10,73.89,63.06,False,2026-04-11 20:51:32.159961
10,74.83,63.05,False,2026-04-11 21:51:32.159961
10,75.75,63.03,False,2026-04-11 22:51:32.159961
10,77.1,62.99,False,2026-04-11 23:51:32.159961
10,77.27,62.95,False,2026-04-12 00:51:32.159961
10,77.7,62.91,False,2026-04-12 01:51:32.159961
10,78.08,62.89,False,2026-04-12 02:51:32.159961
10,78.55,62.86,False,2026-04-12 03:51:32.159961
10,78.75,62.83,False,2026-04-12 04:51:32.159961
10,79.07,62.8,False,2026-04-12 05:51:32.159961
10,80.23,62.78,False,2026-04-12 06:51:32.159961
10,5.49,62.77,False,2026-04-12 07:51:32.159961
10,7.63,62.72,False,2026-04-12 08:51:32.159961
10,9.77,62.7,False,2026-04-12 09:51:32.159961
10,12.52,62.65,False,2026-04-12 10:51:32.159961
10,14.0,62.64,False,2026-04-12 11:51:32.159961
10,17.38,62.6,False,2026-04-12 12:51:32.159961
10,20.08,62.57,False,2026-04-12 13:51:32.159961
10,22.92,62.53,False,2026-04-12 14:51:32.159961
10,24.61,62.49,False,2026-04-12 15:51:32.159961
10,25.3,62.46,False,2026-04-12 16:51:32.159961
10,29.51,62.44,False,2026-04-12 17:51:32.159961
10,33.65,62.4,False,2026-04-12 18:51:32.159961
10,38.36,62.37,False,2026-04-12 19:51:32.159961
10,39.73,62.33,False,2026-04-12 20:51:32.159961
10,40.9,62.3,False,2026-04-12 21:51:32.159961
10,41.66,62.26,False,2026-04-12 22:51:32.159961
10,42.9,62.21,False,2026-04-12 23:51:32.159961
10,42.95,62.18,False,2026-04-13 00:51:32.159961
10,43.26,62.13,False,2026-04-13 01:51:32.159961
10,43.53,62.09,False,2026-04-13 02:51:32.159961
10,43.95,62.07,False,2026-04-13 03:51:32.159961
10,44.41,62.06,False,2026-04-13 04:51:32.159961
10,44.58,62.03,False,2026-04-13 05:51:32.159961
10,46.14,61.99,False,2026-04-13 06:51:32.159961
10,47.31,61.98,False,2026-04-13 07:51:32.159961
10,49.82,61.97,False,2026-04-13 08:51:32.159961
10,52.78,61.93,False,2026-04-13 09:51:32.159961
10,56.03,61.91,False,2026-04-13 10:51:32.159961
10,57.03,61.9,False,2026-04-13 11:51:32.159961
10,59.59,61.87,False,2026-04-13 12:51:32.159961
10,62.05,61.84,False,2026-04-13 13:51:32.159961
10,65.63,61.82,False,2026-04-13 14:51:32.159961
10,66.21,61.78,False,2026-04-13 15:51:32.159961
10,67.02,61.74,False,2026-04-13 16:51:32.159961
10,69.68,61.69,False,2026-04-13 17:51:32.159961
10,74.5,61.68,False,2026-04-13 18:51:32.159961
10,79.45,61.64,False,2026-04-13 19:51:32.159961
10,80.36,61.61,False,2026-04-13 20:51:32.159961
10,9.92,61.57,False,2026-04-13 21:51:32.159961
10,10.67,61.54,False,2026-04-13 22:51:32.159961
10,11.95,61.52,False,2026-04-13 23:51:32.159961
10,12.1,61.49,False,2026-04-14 00:51:32.159961
10,12.52,61.47,False,2026-04-14 01:51:32.159961
10,12.59,61.45,False,2026-04-14 02:51:32.159961
10,12.8,61.42,False,2026-04-14 03:51:32.159961
10,12.91,61.4,False,2026-04-14 04:51:32.159961
10,13.04,61.37,False,2026-04-14 05:51:32.159961
10,14.3,61.34,False,2026-04-14 06:51:32.159961
10,15.94,61.3,False,2026-04-14 07:51:32.159961
10,18.22,61.29,False,2026-04-14 08:51:32.159961
10,20.38,61.25,False,2026-04-14 09:51:32.159961
10,24.99,61.23,False,2026-04-14 10:51:32.159961
10,25.96,61.22,False,2026-04-14 11:51:32.159961
10,28.65,61.2,False,2026-04-14 12:51:32.159961
10,32.3,61.17,False,2026-04-14 13:51:32.159961
10,36.22,61.12,False,2026-04-14 14:51:32.159961
10,37.97,61.09,False,2026-04-14 15:51:32.159961
10,38.9,61.05,False,2026-04-14 16:51:32.159961
10,42.28,61.0,False,2026-04-14 17:51:32.159961
10,44.49,60.96,False,2026-04-14 18:51:32.159961
10,49.3,60.91,False,2026-04-14 19:51:32.159961
10,50.43,60.87,False,2026-04-14 20:51:32.159961
10,52.3,60.83,False,2026-04-14 21:51:32.159961
10,53.98,60.81,False,2026-04-14 22:51:32.159961
10,55.79,60.77,False,2026-04-14 23:51:32.159961
10,56.18,60.74,False,2026-04-15 00:51:32.159961
10,56.23,60.69,False,2026-04-15 01:51:32.159961
10,56.52,60.68,False,2026-04-15 02:51:32.159961
10,56.68,60.67,False,2026-04-15 03:51:32.159961
10,56.94,60.64,False,2026-04-15 04:51:32.159961
10,57.28,60.62,False,2026-04-15 05:51:32.159961
10,58.15,60.57,False,2026-04-15 06:51:32.159961
10,58.72,60.55,False,2026-04-15 07:51:32.159961
10,62.69,60.54,False,2026-04-15 08:51:32.159961
10,66.51,60.52,False,2026-04-15 09:51:32.159961
10,71.05,60.5,False,2026-04-15 10:51:32.159961
10,72.71,60.48,False,2026-04-15 11:51:32.159961
10,77.6,60.46,False,2026-04-15 12:51:32.159961
10,79.95,60.43,False,2026-04-15 13:51:32.159961
10,82.07,60.39,False,2026-04-15 14:51:32.159961
10,4.26,60.36,False,2026-04-15 15:51:32.159961
10,4.96,60.34,False,2026-04-15 16:51:32.159961
10,9.69,60.3,False,2026-04-15 17:51:32.159961
10,13.69,60.25,False,2026-04-15 18:51:32.159961
10,16.49,60.21,False,2026-04-15 19:51:32.159961
10,18.27,60.2,False,2026-04-15 20:51:32.159961
10,19.69,60.15,False,2026-04-15 21:51:32.159961
10,21.66,60.11,False,2026-04-15 22:51:32.159961
10,22.67,60.07,False,2026-04-15 23:51:32.159961
10,23.16,60.03,False,2026-04-16 00:51:32.159961
10,23.26,60.01,False,2026-04-16 01:51:32.159961
10,23.41,59.98,False,2026-04-16 02:51:32.159961
10,23.73,59.95,False,2026-04-16 03:51:32.159961
10,24.07,59.93,False,2026-04-16 04:51:32.159961
10,24.18,59.92,False,2026-04-16 05:51:32.159961
10,26.11,59.9,False,2026-04-16 06:51:32.159961
10,27.86,59.88,False,2026-04-16 07:51:32.159961
10,30.28,59.85,False,2026-04-16 08:51:32.159961
10,35.1,59.82,False,2026-04-16 09:51:32.159961
10,38.47,59.79,False,2026-04-16 10:51:32.159961
10,39.5,59.76,False,2026-04-16 11:51:32.159961
10,41.74,59.72,False,2026-04-16 12:51:32.159961
10,45.92,59.68,False,2026-04-16 13:51:32.159961
10,48.89,59.64,False,2026-04-16 14:51:32.159961
10,49.67,59.6,False,2026-04-16 15:51:32.159961
10,51.11,59.56,False,2026-04-16 16:51:32.159961
10,54.48,59.52,False,2026-04-16 17:51:32.159961
10,59.23,59.5,False,2026-04-16 18:51:32.159961
10,61.53,59.46,False,2026-04-16 19:51:32.159961
10,62.94,59.42,False,2026-04-16 20:51:32.159961
10,63.86,59.38,False,2026-04-16 21:51:32.159961
10,65.55,59.34,False,2026-04-16 22:51:32.159961
10,66.75,59.33,False,2026-04-16 23:51:32.159961
10,66.95,59.3,False,2026-04-17 00:51:32.159961
10,67.35,59.28,False,2026-04-17 01:51:32.159961
10,67.75,59.23,False,2026-04-17 02:51:32.159961
10,68.24,59.22,False,2026-04-17 03:51:32.159961
10,68.47,59.19,False,2026-04-17 04:51:32.159961
10,68.7,59.18,False,2026-04-17 05:51:32.159961
10,70.43,59.17,False,2026-04-17 06:51:32.159961
10,71.5,59.13,False,2026-04-17 07:51:32.159961
10,74.58,59.1,False,2026-04-17 08:51:32.159961
10,78.32,59.08,False,2026-04-17 09:51:32.159961
10,82.92,59.07,False,2026-04-17 10:51:32.159961
10,7.51,59.05,False,2026-04-17 11:51:32.159961
10,10.77,59.01,False,2026-04-17 12:51:32.159961
10,15.2,58.97,False,2026-04-17 13:51:32.159961
10,19.48,58.93,False,2026-04-17 14:51:32.159961
10,20.68,58.9,False,2026-04-17 15:51:32.159961
10,22.24,58.86,False,2026-04-17 16:51:32.159961
10,26.87,58.84,False,2026-04-17 17:51:32.159961
10,31.45,58.82,False,2026-04-17 18:51:32.159961
10,34.9,58.79,False,2026-04-17 19:51:32.159961
10,36.17,58.77,False,2026-04-17 20:51:32.159961
10,36.88,58.74,False,2026-04-17 21:51:32.159961
10,38.69,58.69,False,2026-04-17 22:51:32.159961
10,40.34,58.67,False,2026-04-17 23:51:32.159961
10,40.35,58.63,False,2026-04-18 00:51:32.159961
10,40.59,58.61,False,2026-04-18 01:51:32.159961
10,40.71,58.59,False,2026-04-18 02:51:32.159961
10,40.77,58.55,False,2026-04-18 03:51:32.159961
10,41.27,58.53,False,2026-04-18 04:51:32.159961
10,41.44,58.51,False,2026-04-18 05:51:32.159961
10,42.04,58.48,False,2026-04-18 06:51:32.159961
10,43.3,58.47,False,2026-04-18 07:51:32.159961
10,46.31,58.43,False,2026-04-18 08:51:32.159961
10,50.06,58.38,False,2026-04-18 09:51:32.159961
10,53.23,58.33,False,2026-04-18 10:51:32.159961
10,54.28,58.3,False,2026-04-18 11:51:32.159961
10,57.72,58.26,False,2026-04-18 12:51:32.159961
10,61.18,58.22,False,2026-04-18 13:51:32.159961
10,65.27,58.18,False,2026-04-18 14:51:32.159961
10,66.95,58.14,False,2026-04-18 15:51:32.159961
10,68.81,58.12,False,2026-04-18 16:51:32.159961
10,72.01,58.08,False,2026-04-18 17:51:32.159961
10,74.37,58.06,False,2026-04-18 18:51:32.159961
10,77.89,58.03,False,2026-04-18 19:51:32.159961
10,79.7,57.99,False,2026-04-18 20:51:32.159961
10,80.65,57.96,False,2026-04-18 21:51:32.159961
10,7.93,57.92,False,2026-04-18 22:51:32.159961
10,8.5,57.9,False,2026-04-18 23:51:32.159961
10,8.61,57.89,False,2026-04-19 00:51:32.159961
10,9.05,57.86,False,2026-04-19 01:51:32.159961
10,9.23,57.84,False,2026-04-19 02:51:32.159961
10,9.33,57.82,False,2026-04-19 03:51:32.159961
10,9.41,57.8,False,2026-04-19 04:51:32.159961
10,9.45,57.76,False,2026-04-19 05:51:32.159961
10,10.74,57.72,False,2026-04-19 06:51:32.159961
10,12.64,57.69,False,2026-04-19 07:51:32.159961
10,14.75,57.64,False,2026-04-19 08:51:32.159961
10,17.11,57.6,False,2026-04-19 09:51:32.159961
10,20.7,57.56,False,2026-04-19 10:51:32.159961
10,22.08,57.53,False,2026-04-19 11:51:32.159961
10,25.54,57.51,False,2026-04-19 12:51:32.159961
10,30.26,57.5,False,2026-04-19 13:51:32.159961
10,34.36,57.47,False,2026-04-19 14:51:32.159961
10,36.02,57.42,False,2026-04-19 15:51:32.159961
10,37.41,57.4,False,2026-04-19 16:51:32.159961
10,40.83,57.38,False,2026-04-19 17:51:32.159961
10,43.86,57.33,False,2026-04-19 18:51:32.159961
10,46.16,57.31,False,2026-04-19 19:51:32.159961
10,47.73,57.27,False,2026-04-19 20:51:32.159961
10,48.82,57.23,False,2026-04-19 21:51:32.159961
10,49.4,57.21,False,2026-04-19 22:51:32.159961
10,50.95,57.2,False,2026-04-19 23:51:32.159961
10,51.02,57.16,False,2026-04-20 00:51:32.159961
10,51.3,57.14,False,2026-04-20 01:51:32.159961
10,51.54,57.12,False,2026-04-20 02:51:32.159961
10,51.86,57.08,False,2026-04-20 03:51:32.159961
10,52.34,57.07,False,2026-04-20 04:51:32.159961
10,52.53,57.05,False,2026-04-20 05:51:32.159961
10,54.51,57.03,False,2026-04-20 06:51:32.159961
10,55.42,57.0,False,2026-04-20 07:51:32.159961
10,58.58,56.97,False,2026-04-20 08:51:32.159961
10,61.59,56.93,False,2026-04-20 09:51:32.159961
10,65.59,56.89,False,2026-04-20 10:51:32.159961
10,66.74,56.87,False,2026-04-20 11:51:32.159961
10,71.59,56.85,False,2026-04-20 12:51:32.159961
10,76.07,56.82,False,2026-04-20 13:51:32.159961
10,80.09,56.8,False,2026-04-20 14:51:32.159961
10,6.45,56.77,False,2026-04-20 15:51:32.159961
10,7.72,56.76,False,2026-04-20 16:51:32.159961
10,11.91,56.73,False,2026-04-20 17:51:32.159961
10,14.2,56.72,False,2026-04-20 18:51:32.159961
10,17.14,56.71,False,2026-04-20 19:51:32.159961
10,17.88,56.69,False,2026-04-20 20:51:32.159961
10,19.75,56.66,False,2026-04-20 21:51:32.159961
10,21.35,56.63,False,2026-04-20 22:51:32.159961
10,22.89,56.59,False,2026-04-20 23:51:32.159961
10,23.19,56.58,False,2026-04-21 00:51:32.159961
10,23.31,56.56,False,2026-04-21 01:51:32.159961
10,23.77,56.52,False,2026-04-21 02:51:32.159961
10,24.06,56.47,False,2026-04-21 03:51:32.159961
10,24.08,56.46,False,2026-04-21 04:51:32.159961
10,24.54,56.42,False,2026-04-21 05:51:32.159961
10,26.16,56.41,False,2026-04-21 06:51:32.159961
10,28.06,56.37,False,2026-04-21 07:51:32.159961
10,31.35,56.33,False,2026-04-21 08:51:32.159961
10,34.8,56.31,False,2026-04-21 09:51:32.159961
10,37.13,56.26,False,2026-04-21 10:51:32.159961
10,37.8,56.25,False,2026-04-21 11:51:32.159961
10,40.2,56.23,False,2026-04-21 12:51:32.159961
10,43.29,56.2,False,2026-04-21 13:51:32.159961
10,47.75,56.18,False,2026-04-21 14:51:32.159961
10,48.41,56.15,False,2026-04-21 15:51:32.159961
10,50.14,56.11,False,2026-04-21 16:51:32.159961
10,52.31,56.08,False,2026-04-21 17:51:32.159961
10,56.69,56.03,False,2026-04-21 18:51:32.159961
10,61.3,55.98,False,2026-04-21 19:51:32.159961
10,61.88,55.97,False,2026-04-21 20:51:32.159961
10,62.43,55.96,False,2026-04-21 21:51:32.159961
10,63.83,55.93,False,2026-04-21 22:51:32.159961
10,65.51,55.9,False,2026-04-21 23:51:32.159961
10,65.61,55.88,False,2026-04-22 00:51:32.159961
10,65.95,55.84,False,2026-04-22 01:51:32.159961
10,66.26,55.81,False,2026-04-22 02:51:32.159961
10,66.6,55.76,False,2026-04-22 03:51:32.159961
10,67.04,55.73,False,2026-04-22 04:51:32.159961
10,67.24,55.7,False,2026-04-22 05:51:32.159961
10,68.67,55.67,False,2026-04-22 06:51:32.159961
10,69.31,55.63,False,2026-04-22 07:51:32.159961
10,72.4,55.62,False,2026-04-22 08:51:32.159961
10,76.27,55.58,False,2026-04-22 09:51:32.159961
10,78.48,55.55,False,2026-04-22 10:51:32.159961
10,80.12,55.53,False,2026-04-22 11:51:32.159961
10,8.76,55.5,False,2026-04-22 12:51:32.159961
10,13.09,55.49,False,2026-04-22 13:51:32.159961
10,17.0,55.44,False,2026-04-22 14:51:32.159961
10,18.21,55.42,False,2026-04-22 15:51:32.159961
10,18.72,55.39,False,2026-04-22 16:51:32.159961
10,21.49,55.37,False,2026-04-22 17:51:32.159961
10,23.51,55.36,False,2026-04-22 18:51:32.159961
10,27.49,55.31,False,2026-04-22 19:51:32.159961
10,29.18,55.29,False,2026-04-22 20:51:32.159961
10,30.09,55.25,False,2026-04-22 21:51:32.159961
10,30.82,55.23,False,2026-04-22 22:51:32.159961
10,31.65,55.22,False,2026-04-22 23:51:32.159961
10,31.86,55.19,False,2026-04-23 00:51:32.159961
10,32.0,55.17,False,2026-04-23 01:51:32.159961
10,32.21,55.13,False,2026-04-23 02:51:32.159961
10,32.44,55.11,False,2026-04-23 03:51:32.159961
10,32.48,55.1,False,2026-04-23 04:51:32.159961
10,32.65,55.08,False,2026-04-23 05:51:32.159961
10,33.57,55.06,False,2026-04-23 06:51:32.159961
10,34.57,55.01,False,2026-04-23 07:51:32.159961
10,36.7,54.99,False,2026-04-23 08:51:32.159961
10,41.51,54.94,False,2026-04-23 09:51:32.159961
10,45.52,54.92,False,2026-04-23 10:51:32.159961
10,46.43,54.88,False,2026-04-23 11:51:32.159961
10,50.01,54.84,False,2026-04-23 12:51:32.159961
10,53.76,54.82,False,2026-04-23 13:51:32.159961
10,58.23,54.8,False,2026-04-23 14:51:32.159961
10,59.46,54.76,False,2026-04-23 15:51:32.159961
10,60.69,54.72,False,2026-04-23 16:51:32.159961
10,63.87,54.68,False,2026-04-23 17:51:32.159961
10,68.76,54.64,False,2026-04-23 18:51:32.159961
10,73.43,54.61,False,2026-04-23 19:51:32.159961
10,75.09,54.58,False,2026-04-23 20:51:32.159961
10,76.94,54.55,False,2026-04-23 21:51:32.159961
10,78.72,54.51,False,2026-04-23 22:51:32.159961
10,79.65,54.48,False,2026-04-23 23:51:32.159961
10,79.95,54.45,False,2026-04-24 00:51:32.159961
10,80.43,54.44,False,2026-04-24 01:51:32.159961
10,9.7,54.41,False,2026-04-24 02:51:32.159961
10,10.17,54.38,False,2026-04-24 03:51:32.159961
10,10.37,54.35,False,2026-04-24 04:51:32.159961
10,10.74,54.32,False,2026-04-24 05:51:32.159961
10,11.97,54.31,False,2026-04-24 06:51:32.159961
10,13.42,54.26,False,2026-04-24 07:51:32.159961
10,17.68,54.24,False,2026-04-24 08:51:32.159961
10,21.51,54.19,False,2026-04-24 09:51:32.159961
10,24.37,54.16,False,2026-04-24 10:51:32.159961
10,25.02,54.12,False,2026-04-24 11:51:32.159961
10,29.07,54.08,False,2026-04-24 12:51:32.159961
10,31.44,54.05,False,2026-04-24 13:51:32.159961
10,33.47,54.0,False,2026-04-24 14:51:32.159961
10,34.47,53.97,False,2026-04-24 15:51:32.159961
10,35.55,53.93,False,2026-04-24 16:51:32.159961
10,38.16,53.9,False,2026-04-24 17:51:32.159961
10,42.86,53.89,False,2026-04-24 18:51:32.159961
10,45.82,53.84,False,2026-04-24 19:51:32.159961
10,46.72,53.82,False,2026-04-24 20:51:32.159961
10,47.77,53.81,False,2026-04-24 21:51:32.159961
10,48.68,53.78,False,2026-04-24 22:51:32.159961
10,50.34,53.76,False,2026-04-24 23:51:32.159961
10,50.62,53.72,False,2026-04-25 00:51:32.159961
10,50.89,53.69,False,2026-04-25 01:51:32.159961
10,51.32,53.66,False,2026-04-25 02:51:32.159961
10,51.58,53.64,False,2026-04-25 03:51:32.159961
10,51.95,53.61,False,2026-04-25 04:51:32.159961
10,52.37,53.59,False,2026-04-25 05:51:32.159961
10,53.68,53.57,False,2026-04-25 06:51:32.159961
10,55.6,53.55,False,2026-04-25 07:51:32.159961
10,59.1,53.54,False,2026-04-25 08:51:32.159961
10,61.19,53.5,False,2026-04-25 09:51:32.159961
10,65.84,53.46,False,2026-04-25 10:51:32.159961
10,67.36,53.44,False,2026-04-25 11:51:32.159961
10,70.24,53.42,False,2026-04-25 12:51:32.159961
10,74.35,53.4,False,2026-04-25 13:51:32.159961
10,78.79,53.36,False,2026-04-25 14:51:32.159961
10,80.34,53.34,False,2026-04-25 15:51:32.159961
10,9.48,53.29,False,2026-04-25 16:51:32.159961
10,14.3,53.28,False,2026-04-25 17:51:32.159961
10,17.51,53.25,False,2026-04-25 18:51:32.159961
10,21.64,53.2,False,2026-04-25 19:51:32.159961
10,23.06,53.17,False,2026-04-25 20:51:32.159961
10,23.72,53.13,False,2026-04-25 21:51:32.159961
10,24.32,53.11,False,2026-04-25 22:51:32.159961
10,26.15,53.09,False,2026-04-25 23:51:32.159961
10,26.25,53.06,False,2026-04-26 00:51:32.159961
10,26.68,53.05,False,2026-04-26 01:51:32.159961
10,27.01,53.01,False,2026-04-26 02:51:32.159961
10,27.05,52.97,False,2026-04-26 03:51:32.159961
10,27.35,52.92,False,2026-04-26 04:51:32.159961
10,27.41,52.89,False,2026-04-26 05:51:32.159961
10,28.19,52.86,False,2026-04-26 06:51:32.159961
10,29.58,52.83,False,2026-04-26 07:51:32.159961
10,33.03,52.81,False,2026-04-26 08:51:32.159961
10,35.71,52.8,False,2026-04-26 09:51:32.159961
10,39.62,52.78,False,2026-04-26 10:51:32.159961
10,40.7,52.74,False,2026-04-26 11:51:32.159961
10,43.95,52.69,False,2026-04-26 12:51:32.159961
10,47.52,52.67,False,2026-04-26 13:51:32.159961
10,52.05,52.64,False,2026-04-26 14:51:32.159961
10,53.99,52.61,False,2026-04-26 15:51:32.159961
10,54.76,52.59,False,2026-04-26 16:51:32.159961
10,57.18,52.56,False,2026-04-26 17:51:32.159961
10,60.56,52.53,False,2026-04-26 18:51:32.159961
10,64.41,52.48,False,2026-04-26 19:51:32.159961
10,66.12,52.46,False,2026-04-26 20:51:32.159961
10,67.53,52.42,False,2026-04-26 21:51:32.159961
10,68.19,52.39,False,2026-04-26 22:51:32.159961
10,69.65,52.34,False,2026-04-26 23:51:32.159961
10,70.1,52.31,False,2026-04-27 00:51:32.159961
10,70.16,52.28,False,2026-04-27 01:51:32.159961
10,70.39,52.23,False,2026-04-27 02:51:32.159961
10,70.57,52.22,False,2026-04-27 03:51:32.159961
10,71.04,52.18,False,2026-04-27 04:51:32.159961
10,71.11,52.16,False,2026-04-27 05:51:32.159961
10,72.63,52.13,False,2026-04-27 06:51:32.159961
10,74.55,52.11,False,2026-04-27 07:51:32.159961
10,79.19,52.08,False,2026-04-27 08:51:32.159961
10,81.39,52.07,False,2026-04-27 09:51:32.159961
10,11.22,52.02,False,2026-04-27 10:51:32.159961
10,11.98,51.99,False,2026-04-27 11:51:32.159961
10,16.93,51.96,False,2026-04-27 12:51:32.159961
10,19.34,51.93,False,2026-04-27 13:51:32.159961
10,23.43,51.88,False,2026-04-27 14:51:32.159961
10,25.19,51.84,False,2026-04-27 15:51:32.159961
10,26.27,51.82,False,2026-04-27 16:51:32.159961
10,31.04,51.8,False,2026-04-27 17:51:32.159961
10,33.72,51.76,False,2026-04-27 18:51:32.159961
10,37.9,51.72,False,2026-04-27 19:51:32.159961
10,39.47,51.67,False,2026-04-27 20:51:32.159961
10,40.09,51.65,False,2026-04-27 21:51:32.159961
10,41.86,51.63,False,2026-04-27 22:51:32.159961
10,42.42,51.6,False,2026-04-27 23:51:32.159961
10,42.48,51.57,False,2026-04-28 00:51:32.159961
10,42.66,51.55,False,2026-04-28 01:51:32.159961
10,43.13,51.53,False,2026-04-28 02:51:32.159961
10,43.51,51.5,False,2026-04-28 03:51:32.159961
10,43.97,51.47,False,2026-04-28 04:51:32.159961
10,44.24,51.46,False,2026-04-28 05:51:32.159961
10,45.4,51.43,False,2026-04-28 06:51:32.159961
10,47.14,51.39,False,2026-04-28 07:51:32.159961
10,49.33,51.34,False,2026-04-28 08:51:32.159961
10,52.25,51.29,False,2026-04-28 09:51:32.159961
10,56.65,51.27,False,2026-04-28 10:51:32.159961
10,57.79,51.24,False,2026-04-28 11:51:32.159961
10,61.1,51.22,False,2026-04-28 12:51:32.159961
10,64.88,51.19,False,2026-04-28 13:51:32.159961
10,68.13,51.15,False,2026-04-28 14:51:32.159961
10,69.53,51.12,False,2026-04-28 15:51:32.159961
10,71.44,51.08,False,2026-04-28 16:51:32.159961
10,75.64,51.05,False,2026-04-28 17:51:32.159961
10,79.99,51.01,False,2026-04-28 18:51:32.159961
10,83.08,50.99,False,2026-04-28 19:51:32.159961
10,5.37,50.96,False,2026-04-28 20:51:32.159961
10,7.25,50.93,False,2026-04-28 21:51:32.159961
10,8.15,50.89,False,2026-04-28 22:51:32.159961
10,9.61,50.85,False,2026-04-28 23:51:32.159961
10,9.63,50.82,False,2026-04-29 00:51:32.159961
10,9.92,50.78,False,2026-04-29 01:51:32.159961
10,10.14,50.76,False,2026-04-29 02:51:32.159961
10,10.15,50.73,False,2026-04-29 03:51:32.159961
10,10.61,50.71,False,2026-04-29 04:51:32.159961
10,10.87,50.68,False,2026-04-29 05:51:32.159961
10,12.35,50.65,False,2026-04-29 06:51:32.159961
10,12.97,50.61,False,2026-04-29 07:51:32.159961
10,15.48,50.58,False,2026-04-29 08:51:32.159961
10,20.44,50.57,False,2026-04-29 09:51:32.159961
10,24.84,50.52,False,2026-04-29 10:51:32.159961
10,26.41,50.48,False,2026-04-29 11:51:32.159961
10,29.18,50.46,False,2026-04-29 12:51:32.159961
10,31.44,50.43,False,2026-04-29 13:51:32.159961
10,35.84,50.41,False,2026-04-29 14:51:32.159961
10,36.61,50.4,False,2026-04-29 15:51:32.159961
10,38.11,50.38,False,2026-04-29 16:51:32.159961
10,42.51,50.34,False,2026-04-29 17:51:32.159961
10,44.66,50.29,False,2026-04-29 18:51:32.159961
10,48.14,50.26,False,2026-04-29 19:51:32.159961
10,48.96,50.22,False,2026-04-29 20:51:32.159961
10,49.98,50.19,False,2026-04-29 21:51:32.159961
10,51.8,50.18,False,2026-04-29 22:51:32.159961
10,53.5,50.14,False,2026-04-29 23:51:32.159961
10,53.74,50.1,False,2026-04-30 00:51:32.159961
10,54.09,50.08,False,2026-04-30 01:51:32.159961
10,54.31,50.05,False,2026-04-30 02:51:32.159961
10,54.45,50.02,False,2026-04-30 03:51:32.159961
10,54.53,49.99,False,2026-04-30 04:51:32.159961
10,54.92,49.96,False,2026-04-30 05:51:32.159961
10,56.76,49.93,False,2026-04-30 06:51:32.159961
10,58.51,49.9,False,2026-04-30 07:51:32.159961
10,61.66,49.86,False,2026-04-30 08:51:32.159961
10,65.66,49.81,False,2026-04-30 09:51:32.159961
10,67.69,49.79,False,2026-04-30 10:51:32.159961
10,69.68,49.76,False,2026-04-30 11:51:32.159961
10,74.24,49.73,False,2026-04-30 12:51:32.159961
10,76.87,49.71,False,2026-04-30 13:51:32.159961
10,79.81,49.68,False,2026-04-30 14:51:32.159961
10,80.47,49.63,False,2026-04-30 15:51:32.159961
10,7.23,49.59,False,2026-04-30 16:51:32.159961
10,12.13,49.56,False,2026-04-30 17:51:32.159961
10,15.45,49.55,False,2026-04-30 18:51:32.159961
10,19.4,49.53,False,2026-04-30 19:51:32.159961
10,20.92,49.5,False,2026-04-30 20:51:32.159961
10,22.55,49.46,False,2026-04-30 21:51:32.159961
10,24.14,49.44,False,2026-04-30 22:51:32.159961
10,25.39,49.42,False,2026-04-30 23:51:32.159961
10,25.43,49.38,False,2026-05-01 00:51:32.159961
10,25.89,49.37,False,2026-05-01 01:51:32.159961
10,26.0,49.35,False,2026-05-01 02:51:32.159961
10,26.13,49.33,False,2026-05-01 03:51:32.159961
10,26.21,49.3,False,2026-05-01 04:51:32.159961
10,26.23,49.26,False,2026-05-01 05:51:32.159961
10,27.83,49.22,False,2026-05-01 06:51:32.159961
10,29.19,49.2,False,2026-05-01 07:51:32.159961
10,34.01,49.16,False,2026-05-01 08:51:32.159961
10,38.49,49.11,False,2026-05-01 09:51:32.159961
10,43.28,49.07,False,2026-05-01 10:51:32.159961
10,44.88,49.04,False,2026-05-01 11:51:32.159961
10,47.36,49.02,False,2026-05-01 12:51:32.159961
10,50.83,48.97,False,2026-05-01 13:51:32.159961
10,53.68,48.93,False,2026-05-01 14:51:32.159961
10,55.24,48.9,False,2026-05-01 15:51:32.159961
10,55.92,48.89,False,2026-05-01 16:51:32.159961
10,60.86,48.86,False,2026-05-01 17:51:32.159961
10,65.37,48.82,False,2026-05-01 18:51:32.159961
10,68.17,48.78,False,2026-05-01 19:51:32.159961
10,69.15,48.76,False,2026-05-01 20:51:32.159961
10,70.48,48.72,False,2026-05-01 21:51:32.159961
10,71.22,48.7,False,2026-05-01 22:51:32.159961
10,72.84,48.66,False,2026-05-01 23:51:32.159961
10,73.31,48.62,False,2026-05-02 00:51:32.159961
10,73.69,48.6,False,2026-05-02 01:51:32.159961
10,74.18,48.57,False,2026-05-02 02:51:32.159961
10,74.33,48.52,False,2026-05-02 03:51:32.159961
10,74.63,48.51,False,2026-05-02 04:51:32.159961
10,75.04,48.49,False,2026-05-02 05:51:32.159961
10,75.68,48.46,False,2026-05-02 06:51:32.159961
10,77.39,48.42,False,2026-05-02 07:51:32.159961
10,80.98,48.38,False,2026-05-02 08:51:32.159961
10,8.04,48.34,False,2026-05-02 09:51:32.159961
10,11.79,48.33,False,2026-05-02 10:51:32.159961
10,13.2,48.28,False,2026-05-02 11:51:32.159961
10,17.08,48.24,False,2026-05-02 12:51:32.159961
10,20.89,48.22,False,2026-05-02 13:51:32.159961
10,23.4,48.2,False,2026-05-02 14:51:32.159961
10,25.11,48.16,False,2026-05-02 15:51:32.159961
10,26.59,48.13,False,2026-05-02 16:51:32.159961
10,30.49,48.11,False,2026-05-02 17:51:32.159961
10,35.41,48.07,False,2026-05-02 18:51:32.159961
10,38.59,48.03,False,2026-05-02 19:51:32.159961
10,40.0,48.0,False,2026-05-02 20:51:32.159961
10,41.01,47.98,False,2026-05-02 21:51:32.159961
10,42.55,47.97,False,2026-05-02 22:51:32.159961
10,44.0,47.93,False,2026-05-02 23:51:32.159961
10,44.5,47.88,False,2026-05-03 00:51:32.159961
10,44.71,47.85,False,2026-05-03 01:51:32.159961
10,44.96,47.83,False,2026-05-03 02:51:32.159961
10,45.16,47.8,False,2026-05-03 03:51:32.159961
10,45.32,47.78,False,2026-05-03 04:51:32.159961
10,45.81,47.73,False,2026-05-03 05:51:32.159961
10,47.72,47.7,False,2026-05-03 06:51:32.159961
10,49.16,47.67,False,2026-05-03 07:51:32.159961
10,53.34,47.65,False,2026-05-03 08:51:32.159961
10,56.88,47.61,False,2026-05-03 09:51:32.159961
10,61.44,47.59,False,2026-05-03 10:51:32.159961
10,62.68,47.56,False,2026-05-03 11:51:32.159961
10,67.6,47.51,False,2026-05-03 12:51:32.159961
10,71.4,47.48,False,2026-05-03 13:51:32.159961
10,75.13,47.45,False,2026-05-03 14:51:32.159961
10,75.94,47.43,False,2026-05-03 15:51:32.159961
10,76.71,47.38,False,2026-05-03 16:51:32.159961
10,79.28,47.35,False,2026-05-03 17:51:32.159961
10,84.2,47.31,False,2026-05-03 18:51:32.159961
10,6.89,47.29,False,2026-05-03 19:51:32.159961
10,8.53,47.25,False,2026-05-03 20:51:32.159961
10,9.62,47.24,False,2026-05-03 21:51:32.159961
10,11.34,47.22,False,2026-05-03 22:51:32.159961
10,12.03,47.19,False,2026-05-03 23:51:32.159961
10,12.46,47.17,False,2026-05-04 00:51:32.159961
10,12.79,47.16,False,2026-05-04 01:51:32.159961
10,13.26,47.14,False,2026-05-04 02:51:32.159961
10,13.4,47.12,False,2026-05-04 03:51:32.159961
10,13.85,47.1,False,2026-05-04 04:51:32.159961
10,13.87,47.06,False,2026-05-04 05:51:32.159961
10,14.4,47.02,False,2026-05-04 06:51:32.159961
10,16.36,46.98,False,2026-05-04 07:51:32.159961
10,21.16,46.95,False,2026-05-04 08:51:32.159961
10,25.21,46.91,False,2026-05-04 09:51:32.159961
10,28.64,46.9,False,2026-05-04 10:51:32.159961
10,29.39,46.88,False,2026-05-04 11:51:32.159961
10,31.54,46.84,False,2026-05-04 12:51:32.159961
10,35.25,46.8,False,2026-05-04 13:51:32.159961
10,37.98,46.79,False,2026-05-04 14:51:32.159961
10,39.67,46.74,False,2026-05-04 15:51:32.159961
10,40.34,46.72,False,2026-05-04 16:51:32.159961
10,45.13,46.7,False,2026-05-04 17:51:32.159961
10,47.2,46.65,False,2026-05-04 18:51:32.159961
10,49.21,46.61,False,2026-05-04 19:51:32.159961
10,51.18,46.58,False,2026-05-04 20:51:32.159961
10,52.18,46.54,False,2026-05-04 21:51:32.159961
10,53.56,46.51,False,2026-05-04 22:51:32.159961
10,54.71,46.48,False,2026-05-04 23:51:32.159961
10,55.1,46.44,False,2026-05-05 00:51:32.159961
10,55.29,46.42,False,2026-05-05 01:51:32.159961
10,55.43,46.41,False,2026-05-05 02:51:32.159961
10,55.84,46.36,False,2026-05-05 03:51:32.159961
10,56.01,46.34,False,2026-05-05 04:51:32.159961
10,56.27,46.32,False,2026-05-05 05:51:32.159961
10,57.27,46.28,False,2026-05-05 06:51:32.159961
10,58.94,46.26,False,2026-05-05 07:51:32.159961
10,62.29,46.22,False,2026-05-05 08:51:32.159961
10,65.93,46.2,False,2026-05-05 09:51:32.159961
10,67.98,46.18,False,2026-05-05 10:51:32.159961
10,69.24,46.17,False,2026-05-05 11:51:32.159961
10,71.63,46.13,False,2026-05-05 12:51:32.159961
10,76.08,46.12,False,2026-05-05 13:51:32.159961
10,78.93,46.1,False,2026-05-05 14:51:32.159961
10,80.74,46.08,False,2026-05-05 15:51:32.159961
10,5.72,46.04,False,2026-05-05 16:51:32.159961
10,8.08,45.99,False,2026-05-05 17:51:32.159961
10,11.6,45.96,False,2026-05-05 18:51:32.159961
10,14.53,45.93,False,2026-05-05 19:51:32.159961
10,15.15,45.9,False,2026-05-05 20:51:32.159961
10,17.05,45.86,False,2026-05-05 21:51:32.159961
10,17.91,45.84,False,2026-05-05 22:51:32.159961
10,19.06,45.79,False,2026-05-05 23:51:32.159961
10,19.54,45.74,False,2026-05-06 00:51:32.159961
10,19.83,45.73,False,2026-05-06 01:51:32.159961
10,20.15,45.7,False,2026-05-06 02:51:32.159961
10,20.3,45.68,False,2026-05-06 03:51:32.159961
10,20.33,45.63,False,2026-05-06 04:51:32.159961
10,20.66,45.58,False,2026-05-06 05:51:32.159961
10,22.19,45.54,False,2026-05-06 06:51:32.159961
10,23.84,45.49,False,2026-05-06 07:51:32.159961
10,26.92,45.45,False,2026-05-06 08:51:32.159961
10,30.86,45.43,False,2026-05-06 09:51:32.159961
10,34.66,45.39,False,2026-05-06 10:51:32.159961
10,35.21,45.35,False,2026-05-06 11:51:32.159961
10,39.58,45.31,False,2026-05-06 12:51:32.159961
10,44.49,45.27,False,2026-05-06 13:51:32.159961
10,48.71,45.23,False,2026-05-06 14:51:32.159961
10,50.16,45.2,False,2026-05-06 15:51:32.159961
10,51.89,45.17,False,2026-05-06 16:51:32.159961
10,54.48,45.16,False,2026-05-06 17:51:32.159961
10,57.86,45.11,False,2026-05-06 18:51:32.159961
10,60.11,45.08,False,2026-05-06 19:51:32.159961
10,60.86,45.05,False,2026-05-06 20:51:32.159961
10,61.81,45.03,False,2026-05-06 21:51:32.159961
10,62.47,45.01,False,2026-05-06 22:51:32.159961
10,64.05,45.0,False,2026-05-06 23:51:32.159961
10,64.26,44.95,False,2026-05-07 00:51:32.159961
10,64.46,44.92,False,2026-05-07 01:51:32.159961
10,64.8,44.88,False,2026-05-07 02:51:32.159961
10,64.89,44.85,False,2026-05-07 03:51:32.159961
10,65.32,44.8,False,2026-05-07 04:51:32.159961
10,65.64,44.76,False,2026-05-07 05:51:32.159961
10,67.52,44.73,False,2026-05-07 06:51:32.159961
10,69.05,44.7,False,2026-05-07 07:51:32.159961
10,71.91,44.67,False,2026-05-07 08:51:32.159961
10,75.48,44.65,False,2026-05-07 09:51:32.159961
10,77.81,44.62,False,2026-05-07 10:51:32.159961
10,79.6,44.58,False,2026-05-07 11:51:32.159961
10,83.15,44.55,False,2026-05-07 12:51:32.159961
10,9.05,44.54,False,2026-05-07 13:51:32.159961
10,11.91,44.5,False,2026-05-07 14:51:32.159961
10,13.47,44.48,False,2026-05-07 15:51:32.159961
10,14.89,44.46,False,2026-05-07 16:51:32.159961
10,17.26,44.42,False,2026-05-07 17:51:32.159961
10,20.26,44.4,False,2026-05-07 18:51:32.159961
10,22.98,44.35,False,2026-05-07 19:51:32.159961
10,24.08,44.32,False,2026-05-07 20:51:32.159961
